id,title,category,highlight,time,location_venue,location_area,location_lat,location_lng,location_services,preview_text,full_desc,embedding_input
c3738ddb450c83379f3201d3aa0c858f,WE GUIDE YOU: Homo futuris (EN),Guided Tour,False,9. September 2026 15:15 (MESZ) → 16:15,"Ars Electronica Center, Level 0, Guided Tours & Workshops Desk",DANUBE TRIANGLE,48.30962,14.28445,,"As a species that has shaped the Earth, humans have transformed their environment like no other species before. With every new technology, our influence—and our responsibility for ...","As a species that has shaped the Earth, humans have transformed their environment like no other species before. With every new technology, our influence—and our responsibility for the future we are shaping—potentially grows. 

The tour Homo Futuris explores questions such as: How is technology changing what it means to be human? How does it shape the way we live together? What visions of the future guide us? And what role do WE play in all of this?

To mark the 30th anniversary of the Ars Electr","Title: WE GUIDE YOU: Homo futuris (EN). Format: Guided Tour. Area: DANUBE TRIANGLE. Location: Ars Electronica Center, Level 0, Guided Tours & Workshops Desk. Overview: As a species that has shaped the Earth, humans have transformed their environment like no other species before. With every new technology, our influence—and our responsibility for the future we are shaping—potentially grows."
37c38ddb450c80f9beb5c56f547b44de,Neurogaming: Let your mind play,Open Lab,False,11. September 2026 14:00 (MESZ) → 16:00,"Ars Electronica Center, Level -3",DANUBE TRIANGLE,48.30962,14.28445,,"The brain continuously generates, processes and transmits electrical signals that control all bodily functions and shape our perception. This brain activity can be recorded using b...","The brain continuously generates, processes and transmits electrical signals that control all bodily functions and shape our perception. This brain activity can be recorded using brain-computer interfaces and visualized in real time. However, this measurement data can also be used for interactive, game-based formats.

Neurogaming: Let your mind play offers visitors the opportunity to immerse themselves in a virtual gaming world and jointly control a character within it. In the process, certain m","Title: Neurogaming: Let your mind play. Format: Open Lab. Area: DANUBE TRIANGLE. Location: Ars Electronica Center, Level -3. Overview: The brain continuously generates, processes and transmits electrical signals that control all bodily functions and shape our perception. This brain activity can be recorded using brain-computer interfaces and visualized in real time. However, this measurement data can also be used for interactive, game-based formats."
37c38ddb450c80faa9ecfb92da6d07d8,"13 strokes, please!",Open Lab,False,10. September 2026 14:00 (MESZ) → 16:00,"Ars Electronica Center, Level -1",DANUBE TRIANGLE,48.30962,14.28445,,"In this mini-workshop, we show you how to isolate individual colonies from a bacterial culture using the 13-stroke method. Stroke by stroke, a dense micromix on the agar plate is t...","In this mini-workshop, we show you how to isolate individual colonies from a bacterial culture using the 13-stroke method. Stroke by stroke, a dense micromix on the agar plate is transformed into a clean, smeared clone.","Title: 13 strokes, please!. Format: Open Lab. Area: DANUBE TRIANGLE. Location: Ars Electronica Center, Level -1. Overview: In this mini-workshop, we show you how to isolate individual colonies from a bacterial culture using the 13-stroke method. Stroke by stroke, a dense micromix on the agar plate is transformed into a clean, smeared clone."
37c38ddb450c80b6a460c76d6bd0f71d,Hack the Façade,Open Lab,False,10. September 2026 16:30 (MESZ) → 18:30,"Ars Electronica Center, Level 2",DANUBE TRIANGLE,48.30962,14.28445,,"The Ars Electronica Center’s media façade is more than just a brightly lit surface. With a few tricks, it becomes a democratic tool—visible, public and customizable.","The Ars Electronica Center’s media façade is more than just a brightly lit surface. With a few tricks, it becomes a democratic tool—visible, public and customizable.

In this workshop, you will “hack” our digital canvas and turn your ideas into colorful pixels using microcontrollers and code. Instead of spray cans, you will use the façade’s LEDs to project your messages into the urban space. Algorithms become color, the glass becomes a canvas—and suddenly your thoughts shine: temporary, collabor","Title: Hack the Façade. Format: Open Lab. Area: DANUBE TRIANGLE. Location: Ars Electronica Center, Level 2. Overview: The Ars Electronica Center’s media façade is more than just a brightly lit surface. With a few tricks, it becomes a democratic tool—visible, public and customizable."
37d38ddb450c808f988fed9983f5e53e,Alien in the Closet,Performance,False,11. September 2026 17:00 (MESZ) → 17:45,"Ars Electronica Center, Level -1",DANUBE TRIANGLE,48.30962,14.28445,,"A 45-minute open-format performance. A performer outside. A scientist inside. What opens up the space between them? Signs, gestures and materials drift across the field.","A 45-minute open-format performance. A performer outside. A scientist inside. What opens up the space between them? Signs, gestures and materials drift across the field. Separated by the BioLab, an enclosed laboratory space connected through tubes and tools, they carry out a ritualized workflow: microbial probes are prepared, biopolymers produced and microbial explorers placed into cryogenic hibernation. 

At the center, a concealed arkship—a vessel for microbial astronauts—is gradually revealed","Title: Alien in the Closet. Format: Performance. Area: DANUBE TRIANGLE. Location: Ars Electronica Center, Level -1. Overview: A 45-minute open-format performance. A performer outside. A scientist inside. What opens up the space between them? Signs, gestures and materials drift across the field."
38238ddb450c80f8881dccf6abfc5734,"Sonic Saturday: Audible Futures, Silent Decisions",Collection,True,11. September 2026 15:00 (MESZ) → 21:00,Anton Bruckner University,SATELLITE LOCATIONS,48.31121,14.26964,,"Sonic Saturday hosted by Anton Bruckner University features spatial sound concerts, live performances, and audiovisual and sound installations. This year’s edition explores how the...","Since 2016, Anton Bruckner University (ABU) has been hosting the Sonic Saturday as part of the Ars Electronica Festival. The event features spatial sound concerts, live performances, and audiovisual and sound installations. We aim to bring together artists, researchers and an audience interested in electroacoustic music, sonic art, spatial audio and multimedia practices to allow for an informal, in-person exchange of ideas.

Inspired by the festival theme Negotiating Humanity – Future Begins, we","Title: Sonic Saturday: Audible Futures, Silent Decisions. Format: Collection. Area: SATELLITE LOCATIONS. Location: Anton Bruckner University. Overview: Sonic Saturday hosted by Anton Bruckner University features spatial sound concerts, live performances, and audiovisual and sound installations. This year’s edition explores how the future takes form within sonic practices."
38238ddb450c803eb5eacb22c57ab9fd,"Brunch at the Tangible Music Lab, Tabakfabrik Linz",Networking Event,False,12. September 2026 11:00 (MESZ) → 14:00,Tabakfabrik,SATELLITE LOCATIONS,48.31249,14.29942,,The doors of the Tangible Music Lab will be open for those attending this year’s Ars Electronica Festival. Visitors will have the opportunity to explore experimental musical interf...,"The doors of the Tangible Music Lab will be open for those attending this year’s Ars Electronica Festival. Visitors will have the opportunity to explore experimental musical interfaces, interactive instruments and current research projects. If you are interested in visiting us, we will prepare some demos, snacks and drinks on Saturday, September 12th from 11:00 until 14:00 at the Tangible Music Lab location at the Tabakfabrik Linz. 

How to get there: 
Tangible Music Lab - Institute of Media Stu","Title: Brunch at the Tangible Music Lab, Tabakfabrik Linz. Format: Networking Event. Area: SATELLITE LOCATIONS. Location: Tabakfabrik. Overview: The doors of the Tangible Music Lab will be open for those attending this year’s Ars Electronica Festival. Visitors will have the opportunity to explore experimental musical interfaces, interactive instruments and current research projects."
38238ddb450c80d4b938e9a519053895,Listening Room,Concert,False,11. September 2026 15:00 (MESZ) → 20:00,"Anton Bruckner University, Produktionsstudio",SATELLITE LOCATIONS,48.31121,14.26964,,"The Listening Room at the ABU ProduktionsStudio provides a dedicated space for attentive listening and discovery, showcasing a broad range of contemporary approaches to spatial and...","During the Sonic Saturday, the ABU Produktionsstudio will become the Listening Room. Equipped with a 20.2 loudspeaker array, the space offers visitors the opportunity to experience multichannel electroacoustic works in an immersive listening environment. 
 
Visitors are welcome to enter, leave and move freely throughout the day while exploring 40 fixed-media works selected through the international call for contributions. The Listening Room provides a dedicated space for attentive listening and ","Title: Listening Room. Format: Concert. Area: SATELLITE LOCATIONS. Location: Anton Bruckner University, Produktionsstudio. Overview: The Listening Room at the ABU ProduktionsStudio provides a dedicated space for attentive listening and discovery, showcasing a broad range of contemporary approaches to spatial and electroacoustic composition."
38238ddb450c80bfaa3dddadb25ad1c9,DodekaOTTO Open-Air Listening Experience,Concert,False,11. September 2026 15:00 (MESZ) → 20:00,"Anton Bruckner University, Garden",SATELLITE LOCATIONS,48.31121,14.26964,,"Installed in the garden of the Anton Bruckner University, the DodekaOTTO Listening Experience invites visitors to encounter spatial music in an open-air setting.","Installed in the garden of the Anton Bruckner University, the DodekaOTTO Listening Experience invites visitors to encounter spatial music in an open-air setting. This unique 20-channel sound sculpture, developed by the Tangible Music Lab and OTTOsonics, creates an immersive listening environment that blends with the surrounding landscape.

Throughout the Sonic Saturday, the DodekaOTTO will continuously present a program of multichannel works from the Janáček Academy of Performing Arts (Brno), th","Title: DodekaOTTO Open-Air Listening Experience. Format: Concert. Area: SATELLITE LOCATIONS. Location: Anton Bruckner University, Garden. Overview: Installed in the garden of the Anton Bruckner University, the DodekaOTTO Listening Experience invites visitors to encounter spatial music in an open-air setting."
38238ddb450c80bbb78ff7dcfaca4ecc,UN-ORGANIC (multimedia installation),Project,False,11. September 2026 15:00 (MESZ) → 16:00,"Anton Bruckner University, Studiobühne",SATELLITE LOCATIONS,48.31121,14.26964,,"Drawing upon the four compositions that form Random Check 8, the multimedia installation unfolds as a dynamic field of sound, image and bodily presence.","Drawing upon the four compositions that form Random Check 8, the multimedia installation unfolds as a dynamic field of sound, image and bodily presence. Through choreographic actions and the energy generated by performers and audience alike, it continuously reconfigures the relationships between organic and synthetic forms, inviting participants into a process of transformation, reciprocity and emergence.","Title: UN-ORGANIC (multimedia installation). Format: Project. Area: SATELLITE LOCATIONS. Location: Anton Bruckner University, Studiobühne. Overview: Drawing upon the four compositions that form Random Check 8, the multimedia installation unfolds as a dynamic field of sound, image and bodily presence."
38238ddb450c80d6aa3bf2da6de139d2,Random Check 8 UN-ORGANIC (2026),Collection,False,11. September 2026 15:00 (MESZ) → 20:00,"Anton Bruckner University, Studiobühne",SATELLITE LOCATIONS,48.31121,14.26964,,UN-ORGANIC is the eighth edition of an interdisciplinary artistic project developed since 2019 by the Random Check Media Ensemble (RCME). The project comprises four audiovisual com...,"UN-ORGANIC is the eighth edition of an interdisciplinary artistic project developed since 2019 by the Random Check Media Ensemble (RCME)—a collective of artists affiliated with the Eugeniusz Geppert Academy of Art and Design and the Karol Lipinski Academy of Music in Wrocław along with invited guest collaborators. The project comprises four audiovisual compositions, performative actions and an interactive multimedia installation.  
The central theme of the Random Check 8 project is UN-ORGANIC. T","Title: Random Check 8 UN-ORGANIC (2026). Format: Collection. Area: SATELLITE LOCATIONS. Location: Anton Bruckner University, Studiobühne. Overview: UN-ORGANIC is the eighth edition of an interdisciplinary artistic project developed since 2019 by the Random Check Media Ensemble (RCME). The project comprises four audiovisual compositions, performative actions and an interactive multimedia installation."
38238ddb450c8045bf1ffbe7ab6c0460,The Syntax of Nature and Other Approximate Truths,Concert,False,11. September 2026 16:30 (MESZ) → 17:00,"Anton Bruckner University, Studiobühne",SATELLITE LOCATIONS,48.31121,14.26964,,"The Syntax of Nature and Other Approximate Truths questions the status of truths commonly regarded as natural and universal, exploring a space in which the notions of origin and or...","The Syntax of Nature and Other Approximate Truths questions the status of truths commonly regarded as natural and universal. In a world increasingly shaped by algorithms and computational models, the boundary between discovering and constructing reality becomes ever more blurred. The work oscillates between the organic and the synthetic, the human and the generated, exploring a space in which the notions of origin and originality begin to dissolve. At the same time, it acts as a provocation—an i","Title: The Syntax of Nature and Other Approximate Truths. Format: Concert. Area: SATELLITE LOCATIONS. Location: Anton Bruckner University, Studiobühne. Overview: The Syntax of Nature and Other Approximate Truths questions the status of truths commonly regarded as natural and universal, exploring a space in which the notions of origin and originality begin to dissolve."
38238ddb450c8050a6d0e027af9c3acc,UN-ORGANIC,Concert,False,11. September 2026 16:00 (MESZ) → 16:30,"Anton Bruckner University, Studiobühne",SATELLITE LOCATIONS,48.31121,14.26964,,"The eponymous composition UN-ORGANIC unfolds as an unstable ecology of drifting filaments, luminous spores, vaporous tissues and half-formed organisms.","The eponymous composition UN-ORGANIC unfolds as an unstable ecology of drifting filaments, luminous spores, vaporous tissues and half-formed organisms. Matter hovers between dead and alive: it breathes without permission, leaks, sends signals through membranes and withdraws into shadow. Familiar divisions between organic and inorganic, natural and artificial collapse into a speculative zone of latent life, nonhuman agencies and perception caught in the undergrowth of machines.","Title: UN-ORGANIC. Format: Concert. Area: SATELLITE LOCATIONS. Location: Anton Bruckner University, Studiobühne. Overview: The eponymous composition UN-ORGANIC unfolds as an unstable ecology of drifting filaments, luminous spores, vaporous tissues and half-formed organisms."
38238ddb450c8007a6b9fc0dd8c7c598,NEKRO//MAKINA,Concert,False,11. September 2026 18:30 (MESZ) → 19:00,"Anton Bruckner University, Studiobühne",SATELLITE LOCATIONS,48.31121,14.26964,,"NEKRO//MAKINA is an audiovisual ritual in which death is no longer treated as an ending, but as a state that remains active. Suspended between ritual and machine, it inhabits a pos...","NEKRO//MAKINA is an audiovisual ritual in which death is no longer treated as an ending, but as a state that remains active. Sound and image are bound together within a system that persists beyond collapse, continuously shifting between control and rupture, density and erosion. A fixed audiovisual core provides structure and duration, while live electronic interventions introduce instability, friction and excess. Suspended between ritual and machine, NEKRO//MAKINA inhabits a post-terminal condit","Title: NEKRO//MAKINA. Format: Concert. Area: SATELLITE LOCATIONS. Location: Anton Bruckner University, Studiobühne. Overview: NEKRO//MAKINA is an audiovisual ritual in which death is no longer treated as an ending, but as a state that remains active. Suspended between ritual and machine, it inhabits a post-terminal condition where endings have already occurred, yet the apparatus continues to operate."
38238ddb450c80348ee7f7b13757e5c5,///////////,Concert,False,11. September 2026 19:00 (MESZ) → 19:30,"Anton Bruckner University, Studiobühne",SATELLITE LOCATIONS,48.31121,14.26964,,/////////// is a live audiovisual ritual of transformation and suspension. It emerges from noisy textures and unstable resonances and inhabits a space between continuity and dissol...,"/////////// is a live audiovisual ritual of transformation and suspension.
/////////// emerges from noisy textures and unstable resonances.
/////////// inhabits a space between continuity and dissolution.
/////////// is a site of reciprocity.
/////////// traces fleeting forms that appear, mutate and disappear.
/////////// operates within a constantly reconfiguring field.
/////////// remains unresolved.","Title: ///////////. Format: Concert. Area: SATELLITE LOCATIONS. Location: Anton Bruckner University, Studiobühne. Overview: /////////// is a live audiovisual ritual of transformation and suspension. It emerges from noisy textures and unstable resonances and inhabits a space between continuity and dissolution."
38238ddb450c805ea363dc10366d58f8,Light & Sound Installation: Klang-/Licht STROM,Project,False,11. September 2026 15:00 (MESZ) → 20:00,"Anton Bruckner University, Room 301",SATELLITE LOCATIONS,48.31121,14.26964,,Room 301 is an immersive light and sound installation created specifically for this year’s Sonic Saturday.,"Room 301 is an immersive light and sound installation created specifically for this year’s Sonic Saturday. Delving deep into their ever-expanding collection of sound and light objects, Bengler/Geissl build a site-specific sound/light experience inviting the audience to enter a new layer of their brimming Klang-/Licht STROM universe. Surging streams of sound resonate with drones of amber light. The hiss of crystal white cuts through, hitting all senses. Step in. 
 
On Friday at 17:00, Bengler & G","Title: Light & Sound Installation: Klang-/Licht STROM. Format: Project. Area: SATELLITE LOCATIONS. Location: Anton Bruckner University, Room 301. Overview: Room 301 is an immersive light and sound installation created specifically for this year’s Sonic Saturday."
38238ddb450c80528618dd4d375c272d,MEDIUM SONORUM – Closing Concert,Concert,False,12. September 2026 20:00 (MESZ) → 21:00,"Anton Bruckner University, Sonic Lab",SATELLITE LOCATIONS,48.31121,14.26964,,"MEDIUM SONORUM presents a selection of recent multichannel works. Performed through the impressive Sonic Lab’s 20.4 loudspeaker system, the concert explores contemporary approaches...","MEDIUM SONORUM presents a selection of recent multichannel works chosen from the international call for contributions. Performed through the impressive Sonic Lab’s 20.4 loudspeaker system, the concert explores contemporary approaches to spatial composition in relation to the theme Audible Futures, Silent Decisions. 
 
Program: 
  
Xizan Liu (CN) 
Devour 
 
Devour (2024 / 15:00 min), inspired by the book Monster of God: The Man-Eating Predator in the Jungles of History and the Mind, is an octopho","Title: MEDIUM SONORUM – Closing Concert. Format: Concert. Area: SATELLITE LOCATIONS. Location: Anton Bruckner University, Sonic Lab. Overview: MEDIUM SONORUM presents a selection of recent multichannel works. Performed through the impressive Sonic Lab’s 20.4 loudspeaker system, the concert explores contemporary approaches to spatial composition in relation to the theme Audible Futures, Silent Decisions."
38238ddb450c8045a309e7283496057c,"Post-Digital Instruments Concert – Tangible Music Lab, University of Arts Linz",Concert,False,12. September 2026 17:00 (MESZ) → 18:00,"Anton Bruckner University, Sonic Lab",SATELLITE LOCATIONS,48.31121,14.26964,,The Post-Digital Instruments Concert features a performance for bassoon and electronics by Sandra Muciño and a collaboratively developed composition on instruments with a post-digi...,"Program: 

Sandra Muciño (MX) 
Vultus
Performance for bassoon and electronics  

Behind this mask sounds the voice of Sandra Muciño’s grandmother; a censored and fragmented voice, like that of so many women. Through sound synthesis and real-time control, Muciño transforms this memory into an electronic landscape that engages in dialogue with the bassoon. Reinterpreting these garments of oppression appears as an act of resistance and Muciño’s own emancipation. 
If the trace is memory, this work s","Title: Post-Digital Instruments Concert – Tangible Music Lab, University of Arts Linz. Format: Concert. Area: SATELLITE LOCATIONS. Location: Anton Bruckner University, Sonic Lab. Overview: The Post-Digital Instruments Concert features a performance for bassoon and electronics by Sandra Muciño and a collaboratively developed composition on instruments with a post-digital reference by the Post-Digital Ensemble."
38238ddb450c8043b342e2f206b1f736,"400 Lunas – Music, Dance, Moving Image and Spatial Audio",Concert,False,11. September 2026 20:00 (MESZ) → 21:00,"Anton Bruckner University, Sonic Lab",SATELLITE LOCATIONS,48.31121,14.26964,,"Created by the collective Lluvia de Palos after more than a decade of research, this project proposes a sensory experience that brings together music, movement and image from a non...","This audiovisual performance with live music, dance, moving image and immersive audio explores the limits between body, image and sound. 
Created by the collective Lluvia de Palos after more than a decade of research, this project proposes a sensory experience that brings together music, movement and image from a non-hegemonic perspective inspired by Mesoamerican thought. 
A scenic laboratory where the body thinks, remembers and acts: dance as a political gesture and a form of knowledge. The pie","Title: 400 Lunas – Music, Dance, Moving Image and Spatial Audio. Format: Concert. Area: SATELLITE LOCATIONS. Location: Anton Bruckner University, Sonic Lab. Overview: Created by the collective Lluvia de Palos after more than a decade of research, this project proposes a sensory experience that brings together music, movement and image from a non-hegemonic perspective inspired by Mesoamerican thought."
37b38ddb450c81b4b8dee4ffff865d52,MEET THE ARTIST: Capital Dream,Meet the Artist,False,10. September 2026 12:00 (MESZ) → 13:00,Linz City Space,Linz,,,,"Join us for a guided tour of the exhibition Capital Dream, followed by a get-together with the WRO Art Center team and all the artists participating in the show.","This is a guided tour of Capital Dream, a curated group exhibition. Rather than archiving, the exhibition constructs a perspective on media art that redefines image, experience and technology. It brings together works exploring neural networks and celestial bodies, still life and living plants, the authentic self and GPT-2, as well as tensions between the desire to create and the need for control. The tour is followed by a get-together with the WRO Art Center team and all participating artists.","Title: MEET THE ARTIST: Capital Dream. Format: Meet the Artist. Area: Linz. Location: Linz City Space. Overview: Join us for a guided tour of the exhibition Capital Dream, followed by a get-together with the WRO Art Center team and all the artists participating in the show."
38438ddb450c80bf90daebfed8347fba,Award Ceremony u19—create your world,Award Ceremony,True,12. September 2026 14:00 (MESZ) → 16:00,"JKU MED Campus, Teaching Building (LEH), Level 0, Lecture Hall 1",MED CAMPUS,48.30272,14.30387,,"At the Award Ceremony, the winning projects of the u19—create your world category of the Prix Ars Electronica will be presented, and this year’s prize winners will receive their aw...","The Award Ceremony brings together this year’s winners of the Prix Ars Electronica in the u19—create your world category. Host Conny Lee presents the 23 projects selected by the https://ars.electronica.art/prix/en/juries/jury2026/#u19createyourworld, while the young artists receive their awards and share brief insights into the ideas behind their projects.
The competition invites young creatives and critical thinkers to share their ideas and projects for the world of tomorrow—across the fields o","Title: Award Ceremony u19—create your world. Format: Award Ceremony. Area: MED CAMPUS. Location: JKU MED Campus, Teaching Building (LEH), Level 0, Lecture Hall 1. Overview: At the Award Ceremony, the winning projects of the u19—create your world category of the Prix Ars Electronica will be presented, and this year’s prize winners will receive their awards!"
38438ddb450c80eaa3d9f25264ac733c,Retrotopia – Wenn Vergangenheit Zukunft bestimmt: Herausforderungen für Bildung und Demokratie,Symposium,False,9. September 2026 10:30 (MESZ) → 17:30,"JKU MED Campus, Teaching Building (LEH), Level 0, Lecture Hall 1",MED CAMPUS,48.30272,14.30387,,"This year’s Symposium Perspectives on Political Education, held as part of the Ars Electronica Festival, addresses topics such as tolerance, democratic rights and social responsibi...","This year’s Symposium Perspectives on Political Education, held as part of the Ars Electronica Festival, addresses topics such as tolerance, democratic rights and social responsibility.

Across many areas of society, we are witnessing regressive developments. Hard-won progress and rights are increasingly being called into question. At the same time, extreme and in some cases anti-democratic ideologies are gaining influence. More and more often, groups of people are being pushed to the margins of","Title: Retrotopia – Wenn Vergangenheit Zukunft bestimmt: Herausforderungen für Bildung und Demokratie. Format: Symposium. Area: MED CAMPUS. Location: JKU MED Campus, Teaching Building (LEH), Level 0, Lecture Hall 1. Overview: This year’s Symposium Perspectives on Political Education, held as part of the Ars Electronica Festival, addresses topics such as tolerance, democratic rights and social responsibility."
38838ddb450c80049ff9d604c744fe53,Play the Façade,Project,False,8. September 2026 20:00 (MESZ) → 21:00,"Ars Electronica Center, Façade",DANUBE TRIANGLE,48.30988,14.28476,,"Ars Electronica Futurelab’s Play the Façade transforms the Ars Electronica Center into an interactive audiovisual stage within the Linz skyline. Using the local Wi-Fi, visitors can...","Ars Electronica Futurelab’s Play the Façade transforms the Ars Electronica Center into an interactive audiovisual stage within the Linz skyline. Using the local Wi-Fi, visitors can connect to the building with their own smartphones, play music and control the façade’s more than 40,000 LEDs in real time. The Ars Electronica Center thus becomes an instrument that users can play—and the city a shared, luminous creative space.","Title: Play the Façade. Format: Project. Area: DANUBE TRIANGLE. Location: Ars Electronica Center, Façade. Overview: Ars Electronica Futurelab’s Play the Façade transforms the Ars Electronica Center into an interactive audiovisual stage within the Linz skyline. Using the local Wi-Fi, visitors can connect to the building with their own smartphones, play music and control the façade’s more than 40,000 LEDs in real time. The Ars Electronica Center thus becomes an instrument that users can play—and the city a shared, luminous creative space."
38838ddb450c80958e37c6c678718b2d,Luminous Patterns,Screening,False,8. September 2026 21:00 (MESZ) → 22:00,"Ars Electronica Center, Façade",DANUBE TRIANGLE,48.30988,14.28476,,"As part of the nextcomic festival, students from the MKD – Master School of Communication Design Linz designed the façade of the Ars Electronica Center. With the watchful gaze of l...","As part of the nextcomic festival, students from the MKD – Master School of Communication Design Linz designed the façade of the Ars Electronica Center. With the watchful gaze of large-scale eyes, pulsating data streams, and the question “Am I AI?”, they transformed the museum into an empathetic entity for one hour each evening, inviting passersby to engage with topics such as surveillance, data hunger and digital privacy.

With the question ""Am I AI?"", the façade projection Luminous Patterns ex","Title: Luminous Patterns. Format: Screening. Area: DANUBE TRIANGLE. Location: Ars Electronica Center, Façade. Overview: As part of the nextcomic festival, students from the MKD – Master School of Communication Design Linz designed the façade of the Ars Electronica Center. With the watchful gaze of large-scale eyes, pulsating data streams, and the question “Am I AI?”, they transformed the museum into an empathetic entity for one hour each evening, inviting passersby to engage with topics such as surveillance, data hunger and digital privacy."
38438ddb450c81afb3dccf425c941afc,"Symposium Tech-Bro-Topia. A Dystopian Shift of Politics, Economics and Culture?",Conference,True,11. September 2026 15:00 (MESZ) → 18:50,"Ursulinenhof Linz, Ursulinensaal",OK QUARTER,48.30226,14.29074,,"Tech billionaires promise progress through markets and technology but their visions are anti-democratic, unequal and shaped by a very specific idea of masculinity. This interdiscip...","Tech billionaires like Musk or Thiel promise progress through markets and technology but their visions are anti-democratic, deeply unequal and shaped by a very specific idea of masculinity. This interdisciplinary symposium brings together international experts to ask: whose future is being promoted here and by which means? Confirmed speakers include Alison Winch, Aya Jaff and Arnaud Miranda. Featuring keynotes, Q&A, and a roundtable discussion.","Title: Symposium Tech-Bro-Topia. A Dystopian Shift of Politics, Economics and Culture?. Format: Conference. Area: OK QUARTER. Location: Ursulinenhof Linz, Ursulinensaal. Overview: Tech billionaires promise progress through markets and technology but their visions are anti-democratic, unequal and shaped by a very specific idea of masculinity. This interdisciplinary symposium brings together international experts to ask: whose future is being promoted here and by which means?"
37c38ddb450c80eb81ffe889890cceeb,WE GUIDE YOU: Homo futuris (DE),Guided Tour,False,9. September 2026 11:15 (MESZ) → 12:15,"Ars Electronica Center, Level 0, Guided Tours & Workshops Desk",DANUBE TRIANGLE,48.30962,14.28445,,"As a species that has shaped the Earth, humans have transformed their environment like no other species before. With every new technology, our influence—and our responsibility for ...","As a species that has shaped the Earth, humans have transformed their environment like no other species before. With every new technology, our influence—and our responsibility for the future we are shaping—potentially grows.

The tour Homo Futuris explores questions such as: How is technology changing what it means to be human? How does it shape the way we live together? What visions of the future guide us? And what role do WE play in all of this?

To mark the 30th anniversary of the Ars Electro","Title: WE GUIDE YOU: Homo futuris (DE). Format: Guided Tour. Area: DANUBE TRIANGLE. Location: Ars Electronica Center, Level 0, Guided Tours & Workshops Desk. Overview: As a species that has shaped the Earth, humans have transformed their environment like no other species before. With every new technology, our influence—and our responsibility for the future we are shaping—potentially grows."
39138ddb450c80a4bfd5fd4b7f983eeb,Birthday Party,Experience,False,8. September 2026 19:30 (MESZ) → 23:00,Ars Electronica Center,DANUBE TRIANGLE,48.30962,14.28445,,"On 8th September, we will kick off a new chapter at the Museum of the Future. Join us, be ready for a bunch of surprises and come along for this next step into the future!","We have 30 years of the future behind us. Three decades in which the Ars Electronica Center has introduced thousands of people from all over the world to art and technology, and has played a decisive role in shaping the dialogue about the future. For us, this anniversary is not only a cause for celebration, but also the start of something new – new ideas, new stories and new experiences. On 8 September, we’ll be kicking off a new chapter at the Museum of the Future with a big party. Join us, let","Title: Birthday Party. Format: Experience. Area: DANUBE TRIANGLE. Location: Ars Electronica Center. Overview: On 8th September, we will kick off a new chapter at the Museum of the Future. Join us, be ready for a bunch of surprises and come along for this next step into the future!"
38f38ddb450c80038603cef06ce04a31,Hack the Façade – Stories,Screening,False,10. September 2026 21:00 (MESZ) → 21:30,"Ars Electronica Center, Façade",DANUBE TRIANGLE,48.30988,14.28476,,"The media façade of the Ars Electronica Center is far more than a spectacular, glowing piece of architecture. During the workshop Hack the Façade, it becomes a democratic tool for ...","The media façade of the Ars Electronica Center is far more than a spectacular, glowing piece of architecture. During the workshop Hack the Façade, it becomes a democratic tool for digital participation, open to all festival visitors. On Thursday, September 10th, and Friday, September 11th, from 16:30–18:30, visitors get to program the façade’s LEDs themselves, turning their ideas into glowing pixel images with nothing more than a microcontroller and some code. For these two afternoons, the museu","Title: Hack the Façade – Stories. Format: Screening. Area: DANUBE TRIANGLE. Location: Ars Electronica Center, Façade. Overview: The media façade of the Ars Electronica Center is far more than a spectacular, glowing piece of architecture. During the workshop Hack the Façade, it becomes a democratic tool for digital participation, open to all festival visitors."
39038ddb450c8099a7f9c62e71d7ebbc,Urban Screen Lab,Project,False,9. September 2026 22:00 (MESZ) → 23:00,"Ars Electronica Center, Façade",DANUBE TRIANGLE,48.30988,14.28476,,"As part of this laboratory for digital practice, the media façade of the Ars Electronica Center becomes an experimental field for a young generation of media artists. Under the art...","As part of this laboratory for digital practice, the media façade of the Ars Electronica Center becomes an experimental field for a young generation of media artists. Under the artistic direction of Dawid Liftinger and Karin Balkenhol, six independent works for the iconic façade were created at the Walter-Lübcke-Schule in Wolfhagen, Germany.

The starting point is the building itself as an urban stage—a place where digital images do not just become visible, but actively shape public space. Eleve","Title: Urban Screen Lab. Format: Project. Area: DANUBE TRIANGLE. Location: Ars Electronica Center, Façade. Overview: As part of this laboratory for digital practice, the media façade of the Ars Electronica Center becomes an experimental field for a young generation of media artists. Under the artistic direction of Dawid Liftinger and Karin Balkenhol, six independent works for the iconic façade were created at the Walter-Lübcke-Schule in Wolfhagen, Germany."
39038ddb450c81d3a68ad8b7b43b02a9,SCHWEMMLAND FACTORY-LAB,Open Lab,False,10. September 2026 17:00 (MESZ) → 20:00,Klimaoase Linz-Lustenau,SATELLITE LOCATIONS,48.30503,14.32196,,"To mark the conclusion of the WORK ON BIODIVERSITY Climate Fund project, SCHWEMMLAND and its partners invite visitors to the SCHWEMMLAND FACTORY-LAB at the Climate Oasis Linz-Luste...","Building on the focal themes WORK ON BIODIVERSITY – Biodiversity Strategy for Eastern Linz (September 10th) and Industrial District–Port of Linz – For a Different Approach to Urban Development (September 11th), the association SCHWEMMLAND and partners present a diverse two-day program.

The program opens at the Climate Oasis with a brief introduction to the goals and approaches of WORK ON BIODIVERSITY – Biodiversity Strategy for Eastern Linz, a project funded by the City of Linz Climate Fund. Th","Title: SCHWEMMLAND FACTORY-LAB. Format: Open Lab. Area: SATELLITE LOCATIONS. Location: Klimaoase Linz-Lustenau. Overview: To mark the conclusion of the WORK ON BIODIVERSITY Climate Fund project, SCHWEMMLAND and its partners invite visitors to the SCHWEMMLAND FACTORY-LAB at the Climate Oasis Linz-Lustenau."
39138ddb450c804ab2c6fb6774934b62,Artist Walk Tour: Negotiating Humanity,Guided Tour,True,11. September 2026 16:00 (MESZ) → 17:30,Lentos Kunstmuseum,DANUBE TRIANGLE,48.30863,14.28884,,"Join us for a special guided tour led by Emiko Ogawa, Head of the Prix Ars Electronica. Together with the award recipients, she will lead visitors through the Prize Winners Exhibit...","Join us for a special guided tour led by Emiko Ogawa, Head of the Prix Ars Electronica. Together with the award recipients, she will lead visitors through the Prize Winners Exhibition, offering exclusive insights into the featured works.

Experience the award-winning projects of the Prix Ars Electronica and the STARTS Prize in the company of the artists themselves. Through brief artist talks and informal conversations, you will gain a deeper understanding of their ideas, backgrounds and artistic","Title: Artist Walk Tour: Negotiating Humanity. Format: Guided Tour. Area: DANUBE TRIANGLE. Location: Lentos Kunstmuseum. Overview: Join us for a special guided tour led by Emiko Ogawa, Head of the Prix Ars Electronica. Together with the award recipients, she will lead visitors through the Prize Winners Exhibition, offering exclusive insights into the featured works."
39238ddb450c81fabebcd9f6e35041ec,KunstUni Campus Exhibition Guided Tour,Guided Tour,True,10. September 2026 17:00 (MESZ) → 17:50,"University of Arts Linz, Hauptplatz 6 (East Building), Campus Welcome Desk",DANUBE TRIANGLE,48.30676,14.28626,,"Join us for a guided tour of the Art and Design University of Linz campus. 
We will explore the university’s main exhibition spaces and discover over 250 artworks by students, arti...","Join us for a guided tour of the Art and Design University of Linz campus.
Starting at the installation in the main square, you will explore the university’s main buildings and discover over 250 artworks by students, artists and international partner universities. 

The tour begins at 17:00 at Linz’s Hauptplatz (Hauptplatz 6, Infopoint), from Wednesday to Saturday, and is available in German or English. The tour lasts about 50 minutes. Free admission.","Title: KunstUni Campus Exhibition Guided Tour. Format: Guided Tour. Area: DANUBE TRIANGLE. Location: University of Arts Linz, Hauptplatz 6 (East Building), Campus Welcome Desk. Overview: Join us for a guided tour of the Art and Design University of Linz campus. 
We will explore the university’s main exhibition spaces and discover over 250 artworks by students, artists and international partner universities."
39838ddb450c80948176e6172575df9c,RIECS Summit: Designing the Future of Citizen Science Infrastructure,Workshop,False,11. September 2026 10:00 (MESZ) → 18:00,"JKU MED Campus, Administration Building (ADM), JKU medLOFT (9th floor)",MED CAMPUS,48.30274,14.30288,,"The RIECS-Concept Summit brings together experts, external associates and project partners at the mid-point of the RIECS-Concept journey to work on designing the future of citizen ...","The RIECS-Concept Summit brings together experts, external associates and project partners at the mid-point of the RIECS-Concept journey to work on designing the future of citizen science infrastructure. Together, we will reflect on what has been built so far, consider what comes next and mark the transition from the first phase into the project's second and final phase.

Over the two days, we will run a mix of formats designed to spark active, contextualised and productive discussions between c","Title: RIECS Summit: Designing the Future of Citizen Science Infrastructure. Format: Workshop. Area: MED CAMPUS. Location: JKU MED Campus, Administration Building (ADM), JKU medLOFT (9th floor). Overview: The RIECS-Concept Summit brings together experts, external associates and project partners at the mid-point of the RIECS-Concept journey to work on designing the future of citizen science infrastructure. Together, we'll reflect on what has been built so far, consider what comes next, and mark the transition from the first phase into the project's second and final phase."
39c38ddb450c80e3a453f8cc8e4c3753,LINZ AG Nachklangwolke,Concert,False,12. September 2026 21:30 (MESZ) → 23:00,Donaupark,SATELLITE LOCATIONS,48.30963,14.29095,,"Dance music in a style all its own. An open genre crossover of dance, dub and techno-inflected grooves, drawing on club sounds from around the world. Repetitive, hypnotic, driving—...","Dance music in a style all its own. An open genre crossover of dance, dub and techno-inflected grooves, drawing on club sounds from around the world. Repetitive, hypnotic, driving—made for sweaty dancefloors and long nights.
Live, four musicians—drums, bass, synthesizer, guitar, and brass—merge into a powerful unit, where band and electronics form a dense, collective sound. Hybrid productions meet high-energy live performances. No faces, no stars: the censor-bar glasses are both statement and tr","Title: LINZ AG Nachklangwolke. Format: Concert. Area: SATELLITE LOCATIONS. Location: Donaupark. Overview: Dance music in a style all its own. An open genre crossover of dance, dub and techno-inflected grooves, drawing on club sounds from around the world. Repetitive, hypnotic, driving—made for sweaty dancefloors and long nights."
39c38ddb450c8007a6d2e256faa2edc9,ATTheENDLinz—Linzer Klangwolke 26,Concert,True,12. September 2026 20:30 (MESZ) → 21:30,Donaupark,SATELLITE LOCATIONS,48.30963,14.29095,,"Linzer Klangwolke 26 sees itself as an artistic reflection on pressing questions of our time: society, environment, war, peace. Its starting point is a radical, fictional premise: ...","ATTheENDLinz is a poetic-musical and at the same time experimental experience that engages with the city of Linz—a sensory experience of sound, space, empathy, fear, confidence and hope. Music and performative staging are used to create a collective experience: what happens in a city when its order begins to falter? Between orchestral force and intimate moments, a field of tension unfolds that deliberately allows for extremes: beauty and destruction, memory and vision, hope and abyss. The Klangw","Title: ATTheENDLinz—Linzer Klangwolke 26. Format: Concert. Area: SATELLITE LOCATIONS. Location: Donaupark. Overview: Linzer Klangwolke 26 sees itself as an artistic reflection on pressing questions of our time: society, environment, war, peace. Its starting point is a radical, fictional premise: an imagined downfall as the spark for a new beginning. A project about sound, the city and what remains."
39c38ddb450c808e8579db789c15d23d,Welcome address,Lecture & Talk,False,11. September 2026 15:00 (MESZ) → 15:10,"Ursulinenhof Linz, Ursulinensaal",OK QUARTER,48.30226,14.29074,,"Sarah Kriesche, Doris Weichselbaumer and Stephan Pühringer will open this conference with introductory remarks on the project and their main questions.","Sarah Kriesche, Doris Weichselbaumer and Stephan Pühringer will open this conference with introductory remarks on the project and their main questions.","Title: Welcome address. Format: Lecture & Talk. Area: OK QUARTER. Location: Ursulinenhof Linz, Ursulinensaal. Overview: Sarah Kriesche, Doris Weichselbaumer and Stephan Pühringer will open this conference with introductory remarks on the project and their main questions."
39c38ddb450c80ecbaa6d9879d685a7b,On Broligarchy,Keynote,False,11. September 2026 15:10 (MESZ) → 15:50,"Ursulinenhof Linz, Ursulinensaal",OK QUARTER,48.30226,14.29074,,"In the first keynote, Aya Jaff dissects the rise of a new tech elite—founders who present themselves as rebels, but rule like kings.","In the first keynote, Aya Jaff dissects the rise of a new tech elite—founders who present themselves as rebels, but rule like kings. Drawing from her own experience in the startup world, she traces how innovation became a smokescreen for power consolidation, data extraction and economic inequality.","Title: On Broligarchy. Format: Keynote. Area: OK QUARTER. Location: Ursulinenhof Linz, Ursulinensaal. Overview: In the first keynote, Aya Jaff dissects the rise of a new tech elite—founders who present themselves as rebels, but rule like kings."
39c38ddb450c80ee829afdbad8110e40,The Tech-Elite and the new Fascism,Lecture & Talk,False,11. September 2026 15:50 (MESZ) → 16:30,"Ursulinenhof Linz, Ursulinensaal",OK QUARTER,48.30226,14.29074,,"In the second keynote Rainer Mühlhoff will deliver an in-depth analysis of the ideologies underpinning the contemporary tech-elite, in a fireside-chat exchange with Sarah Kriesche.","In the second keynote Rainer Mühlhoff will deliver an in-depth analysis of the ideologies underpinning the contemporary tech-elite, in a fireside-chat exchange with Sarah Kriesche. He will discuss the threat of a new fascism emerging from the interaction of AI-ideology and the New Right. He will also illuminate the dynamics between AI, power and inequality and their significance for the structural dynamics of contemporary capitalism.","Title: The Tech-Elite and the new Fascism. Format: Lecture & Talk. Area: OK QUARTER. Location: Ursulinenhof Linz, Ursulinensaal. Overview: In the second keynote Rainer Mühlhoff will deliver an in-depth analysis of the ideologies underpinning the contemporary tech-elite, in a fireside-chat exchange with Sarah Kriesche."
39c38ddb450c80329f00f61c3443fa03,The New Patriarchs of Digital Capitalism,Keynote,False,11. September 2026 16:40 (MESZ) → 17:20,"Ursulinenhof Linz, Ursulinensaal",OK QUARTER,48.30226,14.29074,,"In this keynote, Alison Winch delivers an analysis of the gendered and racialized power dynamics underlying the rise and rule of the tech bros of silicon valley.","In this keynote, Alison Winch delivers an analysis of the gendered and racialized power dynamics underlying the rise and rule of the tech bros of Silicon Valley. The talk offers a critique of the billionaire founders of US West Coast tech companies, addressing their collective power, influence and ideology, their group dynamics and the role they play in the wider socio-cultural and political formations of digital capitalism.","Title: The New Patriarchs of Digital Capitalism. Format: Keynote. Area: OK QUARTER. Location: Ursulinenhof Linz, Ursulinensaal. Overview: In this keynote, Alison Winch delivers an analysis of the gendered and racialized power dynamics underlying the rise and rule of the tech bros of silicon valley."
39c38ddb450c80e0a8b3ea747d2b746a,Roundtable Discussion,Panel Discussion,False,11. September 2026 18:00 (MESZ) → 18:50,"Ursulinenhof Linz, Ursulinensaal",OK QUARTER,48.30226,14.29074,,All keynote speakers will join a roundtable discussion moderated by Sarah Kriesche.,"All keynote speakers will join a roundtable discussion moderated by Sarah Kriesche.
There will be questions posed to the panelists, prepared by the organizers. Secondly, during the workshop, the audience can submit questions digitally (via QR-Code), some of which will be selected for the Roundtable discussion.","Title: Roundtable Discussion. Format: Panel Discussion. Area: OK QUARTER. Location: Ursulinenhof Linz, Ursulinensaal. Overview: All keynote speakers will join a roundtable discussion moderated by Sarah Kriesche."
37b38ddb450c81e7b77eed14187e07b0,Musikmaschine in concert,Concert,True,10. September 2026 16:00 (MESZ) → 16:30,Linz City Space,Linz,,,,The Musikmaschine is used by artists as an interactive instrument and performance platform. Unique sound experiences are created by combining traditional musical material with digi...,"The performance explores how traditional musical material can be transformed through interaction with the Musikmaschine. Audiences experience performers combining the machine’s mechanical sounds and melodies with live electronics, synthesizers and ambient soundscapes. Rooted in the history of music-making technologies, the project examines new forms of musical expression that connect cultural heritage with contemporary electronic performance practices.",Title: Musikmaschine in concert. Format: Concert. Area: Linz. Location: Linz City Space. Overview: The Musikmaschine is used by artists as an interactive instrument and performance platform. Unique sound experiences are created by combining traditional musical material with digital technologies.
39538ddb450c81ecad69ff3d8d67cdda,MEET THE SCIENTIST: ASTER+S > ART ^ GENETICS,Meet the Artist,False,12. September 2026 11:00 (MESZ) → 12:00,Linz City Space,Linz,,,,"How can we imagine the present and future of genetics through art? This exhibition translates invisible scientific territories into artistic, critical and sensitive experiences. It...","The top Spanish scientist Professor Guillermo Antiñolo Gil and some emergent interdisciplinary creative teams will inspire visitors about the present and future of genetics. The professor will explain some scientific cartographies of life: healthcare big data, gene editing, clinical bioinformatics, hereditary cancer, reproductive genomics and real-world data. And the artists will introduce how they have translated these invisible territories into artistic, critical and sensitive experiences.","Title: MEET THE SCIENTIST: ASTER+S > ART ^ GENETICS. Format: Meet the Artist. Area: Linz. Location: Linz City Space. Overview: How can we imagine the present and future of genetics through art? This exhibition translates invisible scientific territories into artistic, critical and sensitive experiences. It also incorporates a gender dimension, recovering essential figures in the history of genetics."
39e38ddb450c8021bd37fbfda2a07f16,Opening Remarks,Lecture & Talk,False,9. September 2026 12:00 (MESZ) → 12:10,"Ursulinenhof Linz, Ursulinensaal",OK QUARTER,48.30226,14.29074,,"Stage host Vanessa Hannesschläger opens the day with a brief introduction to the programme, its key topics and the speakers joining the first day of the Theme Symposium.","Stage host Vanessa Hannesschläger opens the day with a brief introduction to the programme, its key topics and the speakers joining the first day of the Theme Symposium.","Title: Opening Remarks. Format: Lecture & Talk. Area: OK QUARTER. Location: Ursulinenhof Linz, Ursulinensaal. Overview: Stage host Vanessa Hannesschläger opens the day with a brief introduction to the programme, its key topics and the speakers joining the first day of the Theme Symposium."
39e38ddb450c8008901cf2ff42901a96,Democracy in the Age of Digital Polarization,Keynote,False,9. September 2026 12:10 (MESZ) → 12:50,"Ursulinenhof Linz, Ursulinensaal",OK QUARTER,48.30226,14.29074,,"In Isaac Asimov’s 1955 story Franchise, future America is still a democracy, but a strange one: parties and candidates campaign for office but citizens have been freed of the burde...","In Isaac Asimov’s 1955 story Franchise, future America is still a democracy, but a strange one: parties and candidates campaign for office but citizens have been freed of the burden of voting. A supercomputer, gently named Multivac, can very nearly compute how every American would vote. And on the election day the machine selects the single citizen who will be the Voter of the Year. He is not asked whom he prefers. He is asked how he feels about the price of eggs and other ordinary questions. Af","Title: Democracy in the Age of Digital Polarization. Format: Keynote. Area: OK QUARTER. Location: Ursulinenhof Linz, Ursulinensaal. Overview: In Isaac Asimov’s 1955 story Franchise, future America is still a democracy, but a strange one: parties and candidates campaign for office but citizens have been freed of the burden of voting. A supercomputer, gently named Multivac, can very nearly compute how every American would vote."
39e38ddb450c8007891fcde9a06e286a,"From Outrage to Influence: How Psychology, Creators and Platforms Shape Political Debate",Panel Discussion,False,9. September 2026 12:50 (MESZ) → 13:50,"Ursulinenhof Linz, Ursulinensaal",OK QUARTER,48.30226,14.29074,,Why does outrage spread so easily online—and how does it turn into political influence? This conversation brings together psychological insights and a closer look at the growing in...,"Why does outrage spread so easily online—and how does it turn into political influence? This conversation brings together psychological insights and a closer look at the growing influence of social media creators in shaping political debate.

Jon Roozenbeek explores the psychological and social mechanisms that make people respond to conflict, outrage and group identities, and how digital environments can amplify these tendencies. He looks at why polarization persists and what happens when human ","Title: From Outrage to Influence: How Psychology, Creators and Platforms Shape Political Debate. Format: Panel Discussion. Area: OK QUARTER. Location: Ursulinenhof Linz, Ursulinensaal. Overview: Why does outrage spread so easily online—and how does it turn into political influence? This conversation brings together psychological insights and a closer look at the growing influence of social media creators in shaping political debate."
39e38ddb450c8072882ac0e7bda641b7,Weaponized Information - Disinformation as a Geopolitical Tool,Panel Discussion,False,9. September 2026 14:10 (MESZ) → 15:00,"Ursulinenhof Linz, Ursulinensaal",OK QUARTER,48.30226,14.29074,,"Disinformation is no longer simply a problem of false information. It has become a tool of geopolitical influence—used to exploit existing tensions, shape public narratives and und...","Disinformation is no longer simply a problem of false information. It has become a tool of geopolitical influence—used to exploit existing tensions, shape public narratives and undermine trust in democratic institutions. As AI makes it easier to produce and distribute convincing content at scale, the information space itself is becoming a field of conflict.

This panel brings together perspectives from security and geopolitical analysis, investigative journalism and the practical fight against i","Title: Weaponized Information - Disinformation as a Geopolitical Tool. Format: Panel Discussion. Area: OK QUARTER. Location: Ursulinenhof Linz, Ursulinensaal. Overview: Disinformation is no longer simply a problem of false information. It has become a tool of geopolitical influence—used to exploit existing tensions, shape public narratives and undermine trust in democratic institutions."
39e38ddb450c81dba105e4ee1ac2b004,National Gallery Dreaming,Project,False,9. September 2026 15:00 (MESZ) → 18:00,"Ars Electronica Center, Level -1, Seminar Room",DANUBE TRIANGLE,48.30962,14.28445,,"What if the National Gallery collection could dream? This AI-driven installation journeys through 2,400 artworks, uncovering unexpected connections between paintings, artists and i...","What if the National Gallery collection could dream? This Al-driven installation journeys through over 2,400 artworks, uncovering unexpected connections between paintings, artists and ideas. Shaped by visitor voices, it transforms collection data into a living map of discovery. National Gallery Dreaming is an Al-powered interactive installation that explores the hidden relationships within the National Gallery, London’s collection. Developed in collaboration with digital agency Numiko as part of","Title: National Gallery Dreaming. Format: Project. Area: DANUBE TRIANGLE. Location: Ars Electronica Center, Level -1, Seminar Room. Overview: What if the National Gallery collection could dream? This AI-driven installation journeys through 2,400 artworks, uncovering unexpected connections between paintings, artists and ideas. Shaped by visitor voices, it transforms collection data into a living map of discovery."
39e38ddb450c80feba27d9e95aca0206,Weaponizing Confusion,Workshop,False,9. September 2026 15:00 (MESZ) → 15:30,"Ursulinenhof Linz, Ursulinensaal",OK QUARTER,48.30226,14.29074,,Fact-checkers Christina Schwaha and Stefan Rathmanner (APA) show how disinformation campaigns operate on social media and what each of us can do to stop their spread.,"In this workshop, Christina Schwaha and Stefan Rathmanner from the fact-checking team of the Austria Presse Agentur (APA) discuss how various actors attempt to manipulate public opinion through disinformation on social media, and how fact-checkers themselves become targets of these actors. Using concrete examples, they highlight the methods behind various campaigns and explain what each of us can do to avoid spreading this content further.","Title: Weaponizing Confusion. Format: Workshop. Area: OK QUARTER. Location: Ursulinenhof Linz, Ursulinensaal. Overview: Fact-checkers Christina Schwaha and Stefan Rathmanner (APA) show how disinformation campaigns operate on social media and what each of us can do to stop their spread."
39e38ddb450c80bba772f6aef0523f69,"Designing for Peace: Technology, Trust and the Future of How We Live Together",Keynote,False,9. September 2026 15:30 (MESZ) → 16:00,"Ursulinenhof Linz, Ursulinensaal",OK QUARTER,48.30226,14.29074,,"Every day, we hear about AI getting better at doing human tasks. But are those capabilities making us humans better or worse at living together in peace? This keynote will point to...","Every day, we hear about AI getting better at doing human tasks. But are those capabilities making us humans better or worse at living together in peace?
What if we evaluated AI through a different lens: its effect on our capacity to coexist? Our ability to navigate disagreement. To live with diversity and difference. To build relationships grounded in trust, dignity and belonging.
This keynote will point to emerging evidence and a fast-moving frontier of experimentation by technologists and pea","Title: Designing for Peace: Technology, Trust and the Future of How We Live Together. Format: Keynote. Area: OK QUARTER. Location: Ursulinenhof Linz, Ursulinensaal. Overview: Every day, we hear about AI getting better at doing human tasks. But are those capabilities making us humans better or worse at living together in peace? This keynote will point to emerging evidence and a fast-moving frontier of experimentation by technologists and peacebuilders across the world."
39e38ddb450c8090af5ecc0acad9db17,Designing the Digital Public: Building Spaces for Democratic Negotiation,Panel Discussion,False,9. September 2026 16:00 (MESZ) → 17:00,"Ursulinenhof Linz, Ursulinensaal",OK QUARTER,48.30226,14.29074,,What if we stopped asking how democracy can adapt to the digital spaces we already have—and started designing those spaces with democracy in mind?,"What if we stopped asking how democracy can adapt to the digital spaces we already have—and started designing those spaces with democracy in mind?

The final session of the conference turns from diagnosis to possibility, inviting the speakers to imagine the digital institutions and public spaces of the future. If digital environments have become places where we meet, exchange ideas, form opinions and negotiate social conflicts, they also need to support the democratic processes that make living ","Title: Designing the Digital Public: Building Spaces for Democratic Negotiation. Format: Panel Discussion. Area: OK QUARTER. Location: Ursulinenhof Linz, Ursulinensaal. Overview: What if we stopped asking how democracy can adapt to the digital spaces we already have—and started designing those spaces with democracy in mind?"
39e38ddb450c80f49144c6abade7c1d9,Team Tech or Team Human?,Lecture & Talk,False,11. September 2026 17:20 (MESZ) → 18:00,"Ursulinenhof Linz, Ursulinensaal",OK QUARTER,48.30226,14.29074,,How did we get from the possibilities of the early cyber utopias to the catastrophising fantasies of the tech-bros—and how can we reactivate a commitment to the interdependent ”Tea...,"While tech-billionaires publicly celebrate their ”techno-optimism” (Andreessen), they secretly prepare for the possible consequences of their disruptive actions. In face of scenarios like climate collapse or civil wars they seek safety in private luxury bunkers, space colonies or in uploading their minds to the cloud; pursuing private exit-strategies rather than using their vast resources to make the world a better place. How did we get from the possibilities of the early cyber utopias to the ca","Title: Team Tech or Team Human?. Format: Lecture & Talk. Area: OK QUARTER. Location: Ursulinenhof Linz, Ursulinensaal. Overview: How did we get from the possibilities of the early cyber utopias to the catastrophising fantasies of the tech-bros—and how can we reactivate a commitment to the interdependent ”Team Human”? Rushkoff will take on these and other questions as the final keynote in a fireside chat with Sarah Kriesche."
39e38ddb450c8044a5b8f76d2418da14,Patterns of Dehumanization,Conference,False,12. September 2026 13:00 (MESZ) → 15:30,"Ursulinenhof Linz, Ursulinensaal",OK QUARTER,48.30226,14.29074,,"Dehumanization rarely begins with violence. It begins with language, with images, with enemy stereotypes in everyday life. This conference program asks how patterns of dehumanizati...","Dehumanization rarely begins with violence. It begins with language, with images, with enemy stereotypes in everyday life. Antisemitism is one of the oldest patterns of this kind, and in the digital space it is simultaneously taking on new, accelerated forms: algorithms amplify outrage and enemy images, antisemitic narratives spread globally and instantly, old stereotypes resurface in new digital forms and threats born online increasingly spill into physical, everyday life. When words become wea","Title: Patterns of Dehumanization. Format: Conference. Area: OK QUARTER. Location: Ursulinenhof Linz, Ursulinensaal. Overview: Dehumanization rarely begins with violence. It begins with language, with images, with enemy stereotypes in everyday life. This conference program asks how patterns of dehumanization work, and what art, culture and institutions can set against them."
39f38ddb450c813194bfccfae0cc78c5,B10d13$3L-LLM as a performative installation,Performance,False,9. September 2026 13:00 (MESZ) → 16:00,"Francisco Carolinum, Park",OK QUARTER,48.3058,14.29332,,B10d13$3L-LLM is a performative installation that reveals the often-hidden costs of Artificial Intelligence.,"B10d13$3L-LLM is a performative installation by Gökay Atabek—developed in collaboration with Jan Zuiderveld and Ritsert Mans—that shows the often-hidden costs of Artificial Intelligence. The work uses a slow, “little language model” AI agent that runs on a single microcomputer powered by DIY biodiesel. In a darkly humorous way, it reveals the materiality, energy consumption and infrastructural limits of AI.","Title: B10d13$3L-LLM as a performative installation. Format: Performance. Area: OK QUARTER. Location: Francisco Carolinum, Park. Overview: B10d13$3L-LLM is a performative installation that reveals the often-hidden costs of Artificial Intelligence."
37a38ddb450c814198dec1eee5c1f025,Ra Asensi’s [Meta]morphe,Performance,False,12. September 2026 17:00 (MESZ) → 17:45,Francisco Carolinum,OK QUARTER,48.30603,14.29371,,"Ra Asensi's alter ego asfàltica emerges from industrial ruins and travels through water. Aqueous and earthy, aerial and electric, hyperdense líquid-y, their performance will combin...","Ra Asensi’s [Meta]morphe explores transformations in postindustrial sites. Their alter ego asfàltica emerges from industrial ruins and travels through water. Aqueous and earthy, aerial and electric, hyperdense líquid-y, their performance and installation will combine electric poetry, touch and sound. The work will engage with physical, ecological and mediated aspects of the Danube.","Title: Ra Asensi’s [Meta]morphe. Format: Performance. Area: OK QUARTER. Location: Francisco Carolinum. Overview: Ra Asensi's alter ego asfàltica emerges from industrial ruins and travels through water. Aqueous and earthy, aerial and electric, hyperdense líquid-y, their performance will combine electric poetry, touch and sound."
39f38ddb450c818b88d6cc6267264a26,The Sound of the Day: A Communal Sound Gathering with elekhlekha (อีเหละเขละขละ),Performance,True,11. September 2026 14:00 (MESZ) → 14:45,"Francisco Carolinum, Level 2",OK QUARTER,48.30603,14.29371,,"In this performance, elekhlekha (อีเหละเขละขละ) bring their Network Gong Ensemble Archive to life through homemade gongs, found objects and an interactive sound world rooted in Sou...","In this performance, elekhlekha (อีเหละเขละขละ) invites audiences to a communal participatory sound-making, activating their Network Gong Ensemble Archive—an interactive website, homemade gongs and found objects. Rooted in Southeast Asian oral and musical traditions threatened by displacement, the project asks whether sound and story can be archived without losing their living, relational meaning. Visitors of all ages are welcome to play, listen and add their own voice to the ensemble.","Title: The Sound of the Day: A Communal Sound Gathering with elekhlekha (อีเหละเขละขละ). Format: Performance. Area: OK QUARTER. Location: Francisco Carolinum, Level 2. Overview: In this performance, elekhlekha (อีเหละเขละขละ) bring their Network Gong Ensemble Archive to life through homemade gongs, found objects and an interactive sound world rooted in Southeast Asian tradition—a communal, participatory sound-making and listening experience for all ages."
37a38ddb450c81ed964bc3188d264644,Test_Lab: Incompleteness as Reorientation,Meet the Artist,False,11. September 2026 15:00 (MESZ) → 16:00,"Francisco Carolinum, Level 2",OK QUARTER,48.30603,14.29371,,"A live event with the artists Sondi, Ra Asensi and Gokay Atabek , as well as V2_’s  Florian Weigl. Test_Lab: Incompleteness as Reorientation is part of V2_’s public event series th...","A live event with the artists Sondi, Ra Asensi and Gokay Atabek , as well as V2_’s Boris Debackere and Florian Weigl. Test_Lab: Incompleteness as Reorientation is part of V2_’s public event series that offers an informal space for presenting, testing and discussing artistic research and development.","Title: Test_Lab: Incompleteness as Reorientation. Format: Meet the Artist. Area: OK QUARTER. Location: Francisco Carolinum, Level 2. Overview: A live event with the artists Sondi, Ra Asensi and Gokay Atabek , as well as V2_’s  Florian Weigl. Test_Lab: Incompleteness as Reorientation is part of V2_’s public event series that offers an informal space for presenting, testing and discussing artistic research and development."
38238ddb450c80ee8786d87f7e9c8fc4,EMAP Get Together,Networking Event,False,12. September 2026 16:00 (MESZ) → 18:00,"OK Linz, OK-DECK",OK QUARTER,48.30286,14.29061,,"The European Media Art Platform EMAP Extended invites artists, curators and partners to a Get Together.","The European Media Art Platform EMAP Extended invites artists, curators and partners to a Get Together. The event brings together members of the 16-organization consortium behind EMAP’s residency program, and offers an opportunity to meet former and current artists in residence as well as partners and to discuss developments in the fields of media art, bioart and robotic art across Europe.","Title: EMAP Get Together. Format: Networking Event. Area: OK QUARTER. Location: OK Linz, OK-DECK. Overview: The European Media Art Platform EMAP Extended invites artists, curators and partners to a Get Together."
39f38ddb450c80e99c24e062da148da2,Negotiating with Water,Conference,True,13. September 2026 11:00 (MESZ) → 15:00,"Ursulinenhof Linz, Ursulinensaal",OK QUARTER,48.30226,14.29074,,"Negotiating with Water is a conference programme dedicated to our water imaginaries, and their legal and geopolitical realities and possibilities. The day examines our fraught rela...","Negotiating with Water is a conference programme dedicated to our water imaginaries, and their legal and geopolitical realities and possibilities. The day frames water as a symptom of the socio-political context and a witness to different forms of human activities. Through the gaze of capital, water is a resource, a commodity we negotiate the rights to; at the same time, water carries traces of military, logistic or commercial activity.  
Current water imaginaries have led to our thirsty, expans","Title: Negotiating with Water. Format: Conference. Area: OK QUARTER. Location: Ursulinenhof Linz, Ursulinensaal. Overview: Negotiating with Water is a conference programme dedicated to our water imaginaries, and their legal and geopolitical realities and possibilities. The day examines our fraught relation to water that has led to the multiple crises of our time, and suggests its rerouting towards a more fluid one in which we continuously negotiate with others, most importantly, with water itself."
39f38ddb450c80439b73fdbac4651c29,Welcome Words,Intro Session,False,13. September 2026 11:00 (MESZ) → 11:05,"Ursulinenhof Linz, Ursulinensaal",OK QUARTER,48.30226,14.29074,,Curator Ana-Maria Carabelea gives a brief introduction to the topic and the day's program.,Curator Ana-Maria Carabelea gives a brief introduction to the topic and the day's program.,"Title: Welcome Words. Format: Intro Session. Area: OK QUARTER. Location: Ursulinenhof Linz, Ursulinensaal. Overview: Curator Ana-Maria Carabelea gives a brief introduction to the topic and the day's program."
39f38ddb450c8041854ec259733437a0,Water through a Legal Lens: From Private Commodity to the Heritage of Mankind,Lecture & Talk,False,13. September 2026 11:35 (MESZ) → 12:05,"Ursulinenhof Linz, Ursulinensaal",OK QUARTER,48.30226,14.29074,,"Stefano Burchi's talk unpacks the evolving legal conceptions of (fresh)water, from water as a private commodity to water as public property regulated by nation-states through natio...","Stefano Burchi's talk unpacks the evolving legal conceptions of (fresh)water, from water as a private commodity to water as public property regulated by nation-states through national water laws, all the way to the water of boundary rivers, lakes and aquifers framed in treaties and agreements between multiple nation-states. These legal conceptions illustrate how nation-states and, more broadly, humans and societies relate to water.

Against this backdrop, the talk raises questions about the poss","Title: Water through a Legal Lens: From Private Commodity to the Heritage of Mankind. Format: Lecture & Talk. Area: OK QUARTER. Location: Ursulinenhof Linz, Ursulinensaal. Overview: Stefano Burchi's talk unpacks the evolving legal conceptions of (fresh)water, from water as a private commodity to water as public property regulated by nation-states through national water laws, all the way to the water of boundary rivers, lakes and aquifers framed in treaties and agreements between multiple nation-states."
39f38ddb450c80ffa6e5eabb322014c2,Art for the Hydrocommons,Panel Discussion,False,13. September 2026 13:45 (MESZ) → 14:15,"Ursulinenhof Linz, Ursulinensaal",OK QUARTER,48.30226,14.29074,,"Bringing together artists Laura Colmenares Guerra and Seila Fernández Arconada, the discussion unpacks how the notion of the hydrocommons is activated in artistic practices both to...","The hydrocommons is the complex set of connections and permeations between human and non-human bodies of water. It does away with the illusory separation between the two and invites a reimaging of their relations outside capitalist or colonial frames that, in attempts to master, manage, engineer and contain this force of nature, position humanity in opposition to it. Bringing together artists Laura Colmenares Guerra and Seila Fernández Arconada, whose work currently focuses on the Amazon River a","Title: Art for the Hydrocommons. Format: Panel Discussion. Area: OK QUARTER. Location: Ursulinenhof Linz, Ursulinensaal. Overview: Bringing together artists Laura Colmenares Guerra and Seila Fernández Arconada, the discussion unpacks how the notion of the hydrocommons is activated in artistic practices both to question existing water imaginaries and reimagine hydro-social relations."
39f38ddb450c800f8a4ce0734192a4ea,"The Flows of Law, Technology and Empire Through Water and History",Keynote,False,13. September 2026 14:15 (MESZ) → 15:00,"Ursulinenhof Linz, Ursulinensaal",OK QUARTER,48.30226,14.29074,,The lecture will highlight how the entwinement of law and technology in the imperialist project plays out across bodies of water.,"The lecture will highlight how the entwinement of law and technology in the imperialist project plays out across bodies of water. Drawing on examples from different regions across the world, the lecture will provide insights into how colonialism and neocolonialism use law and technology as distinct techniques for the control and domination of waters and peoples.","Title: The Flows of Law, Technology and Empire Through Water and History. Format: Keynote. Area: OK QUARTER. Location: Ursulinenhof Linz, Ursulinensaal. Overview: The lecture will highlight how the entwinement of law and technology in the imperialist project plays out across bodies of water."
39f38ddb450c80dc9532c7ceba0f8b23,Fluid Media,Panel Discussion,False,13. September 2026 12:30 (MESZ) → 13:15,"Ursulinenhof Linz, Ursulinensaal",OK QUARTER,48.30226,14.29074,,This panel introduces another possible understanding of water and asks how might treating water as a medium—that carries messages about hydro social relations—change those relation...,"Water both sustains life on the planet and threatens it by exceeding human control. These contradictory perceptions produce different relations to aquatic environments. This panel introduces another possible understanding of water and asks how might treating water as a medium—that carries messages about hydro social relations—change those relations? As a site of military, logistic, industrial or commercial activities, water senses, records, stores and transmits information. This panel discussion","Title: Fluid Media. Format: Panel Discussion. Area: OK QUARTER. Location: Ursulinenhof Linz, Ursulinensaal. Overview: This panel introduces another possible understanding of water and asks how might treating water as a medium—that carries messages about hydro social relations—change those relations?"
0ad38ddb450c8270822a01d8ad81733d,HandsOn: Neuro-Bionics,Experience,False,9. September 2026 11:45 (MESZ) → 12:15,"Ars Electronica Center, Level -3",DANUBE TRIANGLE,48.30962,14.28445,,"There is a worm in our robot! At least its brain—because a worm’s nervous system can already be “copied” into a machine. But even the human brain, with all the data it produces, ca...","There is a worm in our robot! At least its brain—because a worm’s nervous system can already be “copied” into a machine. But even the human brain, with all the data it produces, can already be read and interpreted well by using EEG and brain/computer interfaces, and can even control things outside the body.","Title: HandsOn: Neuro-Bionics. Format: Experience. Area: DANUBE TRIANGLE. Location: Ars Electronica Center, Level -3. Overview: There is a worm in our robot! At least its brain—because a worm’s nervous system can already be “copied” into a machine. But even the human brain, with all the data it produces, can already be read and interpreted well by using EEG and brain/computer interfaces, and can even control things outside the body."
39138ddb450c80ad865afe26c0a44540,Town Hall Meeting: ArtScience X ArsBiologica,Networking Event,False,9. September 2026 14:00 (MESZ) → 15:00,"OK Linz, voestalpine OPEN SPACE",OK QUARTER,48.30286,14.29061,,"What actually happens in the space between an artist and a scientist? Beyond what gets produced, how does the encounter change both sides? This session explores how bringing artist...","What actually happens in the space between an artist and a scientist? Beyond what gets produced, how does the encounter change both sides? This session explores how bringing artistic and scientific methodologies into genuine dialogue can transform public engagement, reframe scientific inquiry and seed long-term ecological awareness. This Town Hall meeting builds on the Ars Biologica residencies of the České Budějovice – European Capital of Culture 2028 and its partners Ars Electronica’s and TBA2","Title: Town Hall Meeting: ArtScience X ArsBiologica. Format: Networking Event. Area: OK QUARTER. Location: OK Linz, voestalpine OPEN SPACE. Overview: What actually happens in the space between an artist and a scientist? Beyond what gets produced, how does the encounter change both sides? This session explores how bringing artistic and scientific methodologies into genuine dialogue can transform public engagement, reframe scientific inquiry and seed long-term ecological awareness."
3a038ddb450c802baff1c23e87712439,Futurelab Networking: Feminist Tools for the Future,Networking Event,False,11. September 2026 17:45 (MESZ) → 18:30,"Ars Electronica Center, Level -3, Open Futurelab",DANUBE TRIANGLE,48.30962,14.28445,,"How do we create change together? Join an open conversation exploring feminist tools, practices, and ways of working that help navigate complexity, build trust, and turn ideas into...","What practices help us collaborate when uncertainty, complexity and diverse perspectives become the norm? 
Feminist Tools for the Future is an open gathering for researchers, artists, designers, technologists and practitioners of all genders and fields to exchange experiences, share methods that work, and build new connections across disciplines. We look forward to seeing new faces and reconnecting with participants from last year's event! We invite you to connect, learn from each other and expl","Title: Futurelab Networking: Feminist Tools for the Future. Format: Networking Event. Area: DANUBE TRIANGLE. Location: Ars Electronica Center, Level -3, Open Futurelab. Overview: How do we create change together? Join an open conversation exploring feminist tools, practices, and ways of working that help navigate complexity, build trust, and turn ideas into action—across disciplines, roles, and identities."
39138ddb450c80a198bbd22e698dd3cc,Town Hall Meeting: How to partner with the Ars Electronica Festival?,Networking Event,False,13. September 2026 12:30 (MESZ) → 13:30,"OK Linz, voestalpine OPEN SPACE",OK QUARTER,48.30286,14.29061,,"Curious about what it takes to become part of Ars Electronica? This session opens the door to new ideas, unexpected encounters, and the start of future collaborations.","Ever wondered how to partner with the Ars Electronica Festival?At this open networking session, you’ll meet the people behind the festival and hear first-hand how collaborations take shape. Whether you’re representing a cultural, scientific or educational institution, a company, or working as an individual artist—this is the place to ask questions, explore opportunities, and make your first connections. From presenting projects to building long-term partnerships, we’re here to exchange ideas and","Title: Town Hall Meeting: How to partner with the Ars Electronica Festival?. Format: Networking Event. Area: OK QUARTER. Location: OK Linz, voestalpine OPEN SPACE. Overview: Curious about what it takes to become part of Ars Electronica? This session opens the door to new ideas, unexpected encounters, and the start of future collaborations."
39138ddb450c8073b753e773e921f840,Town Hall Meeting: Prix Ars Electronica 2026 Trend & Insight,Networking Event,True,13. September 2026 14:00 (MESZ) → 15:00,"OK Linz, voestalpine OPEN SPACE",OK QUARTER,48.30286,14.29061,,How to collaborate with Prix Ars Electronica? Ars Electronica staff will answer your questions about the various collaboration opportunities with Prix Ars Electronica. Let’s discus...,How to collaborate with Prix Ars Electronica? Would you like to host an exhibition of award-winning works in your city? Invite award winners to conduct workshops? Apply insights from the winning works to your own field of expertise? Or use past works from the Ars Electronica Archive for educational purposes? Ars Electronica staff will answer your questions about the various collaboration opportunities with Prix Ars Electronica. Let’s discuss the possibilities for the future.,"Title: Town Hall Meeting: Prix Ars Electronica 2026 Trend & Insight. Format: Networking Event. Area: OK QUARTER. Location: OK Linz, voestalpine OPEN SPACE. Overview: How to collaborate with Prix Ars Electronica? Ars Electronica staff will answer your questions about the various collaboration opportunities with Prix Ars Electronica. Let’s discuss the possibilities for the future."
39138ddb450c807396f7f8fbd3d93f63,Town Hall Meeting: Citizen Science,Networking Event,False,12. September 2026 10:00 (MESZ) → 11:00,"OK Linz, voestalpine OPEN SPACE",OK QUARTER,48.30286,14.29061,,"For this Town Hall Meeting, we are inviting our partner institutions involved in current EU-funded Citizen Science projects as well as professionals from a wide range of institutio...","In recent years, hundreds of citizen science projects have proven capable of delivering top quality research. There is now a real opportunity, and a pressing need, to build a dedicated Research Infrastructure for citizen science. This is the driving vision behind the RIECS-Concept project: society itself can be understood as a research infrastructure. Citizens are already actively contributing to science, through their intellectual efforts, local knowledge or through their own tools and resource","Title: Town Hall Meeting: Citizen Science. Format: Networking Event. Area: OK QUARTER. Location: OK Linz, voestalpine OPEN SPACE. Overview: For this Town Hall Meeting, we are inviting our partner institutions involved in current EU-funded Citizen Science projects as well as professionals from a wide range of institutions, citizens, stakeholders and representatives of grassroots, bottom-up and community-driven research."
3a338ddb450c8063bd12ee537b93e522,AI for Social Impact – Negotiating Humanity in Times of Crisis,Conference,True,11. September 2026 10:00 (MESZ) → 14:00,"Ursulinenhof Linz, Ursulinensaal",OK QUARTER,48.30226,14.29074,,"Initiated in collaboration with CARE Austria, this conference explores how Artificial Intelligence can contribute to addressing humanitarian, social and environmental challenges. A...","Initiated in collaboration with CARE Austria, this conference explores how Artificial Intelligence can contribute to addressing humanitarian, social, and environmental challenges. Marking CARE Austria’s 80th anniversary, it builds on the momentum of the inaugural AI for Social Impact Award, presented this year as part of the Prix Ars Electronica, and extends its central question into a broader public conversation: how can AI be developed and deployed to strengthen humanitarian action in a rapidl","Title: AI for Social Impact – Negotiating Humanity in Times of Crisis. Format: Conference. Area: OK QUARTER. Location: Ursulinenhof Linz, Ursulinensaal. Overview: Initiated in collaboration with CARE Austria, this conference explores how Artificial Intelligence can contribute to addressing humanitarian, social and environmental challenges. Against the backdrop of growing crises, it highlights initiatives that use AI to improve access to healthcare, education, information, humanitarian services and food security, while strengthening the agency of vulnerable communities."
3a338ddb450c802b8b18ef6d7ce8177e,Opening Remarks,Lecture & Talk,False,11. September 2026 10:00 (MESZ) → 10:15,"Ursulinenhof Linz, Ursulinensaal",OK QUARTER,48.30226,14.29074,,"Andrea Barschdorf-Hager, CEO of CARE Austria and Gerfried Stocker, Artistic Director of Ars Electronica, open the day by reflecting on the collaboration between the two organizatio...","Andrea Barschdorf-Hager, CEO of CARE Austria and Gerfried Stocker, Artistic Director of Ars Electronica, open the day by reflecting on the collaboration between the two organizations and the shared questions that bring the worlds of humanitarian action, art, technology and innovation together.

Connecting to this year’s Ars Electronica Festival theme, NEGOTIATING HUMANITY they introduce the central questions of the day: How is our understanding of humanity changing in an age increasingly shaped ","Title: Opening Remarks. Format: Lecture & Talk. Area: OK QUARTER. Location: Ursulinenhof Linz, Ursulinensaal. Overview: Andrea Barschdorf-Hager, CEO of CARE Austria and Gerfried Stocker, Artistic Director of Ars Electronica, open the day by reflecting on the collaboration between the two organizations and the shared questions that bring the worlds of humanitarian action, art, technology and innovation together."
3a338ddb450c80e7bf78dde1f3e8cbaf,Opening Keynote,Keynote,False,11. September 2026 10:15 (MESZ) → 10:45,"Ursulinenhof Linz, Ursulinensaal",OK QUARTER,48.30226,14.29074,,Hito Steyerl’s opening keynote sets the conceptual framework for AI for Social Impact – Negotiating Humanity in Times of Crisis.,"Hito Steyerl’s opening keynote sets the conceptual framework for AI for Social Impact – Negotiating Humanity in Times of Crisis. Drawing on her artistic and theoretical practice, she examines the shifting relationships between technology, power, human experience and collective agency. Connecting her critical engagement with digital technologies to questions of participation and social responsibility, she explores how AI is reshaping our understanding of humanity and what new forms of solidarity ","Title: Opening Keynote. Format: Keynote. Area: OK QUARTER. Location: Ursulinenhof Linz, Ursulinensaal. Overview: Hito Steyerl’s opening keynote sets the conceptual framework for AI for Social Impact – Negotiating Humanity in Times of Crisis."
3a338ddb450c8027ae20ed2bcf3149a9,"One in seven: Austria 1946, Uganda 2026—who gets to be a person in a crisis?",Keynote,False,11. September 2026 10:45 (MESZ) → 11:05,"Ursulinenhof Linz, Ursulinensaal",OK QUARTER,48.30226,14.29074,,"This keynote explores how visibility, data and global attention shape our understanding of humanitarian crises and asks what this means as Artificial Intelligence becomes increasin...","Not all crises are seen equally—and neither are the people living through them. This keynote explores how visibility, data and global attention shape our understanding of humanitarian crises and asks what this means as Artificial Intelligence becomes increasingly influential in humanitarian and social impact work.

Beginning with the history of the CARE Package in post-war Austria, the keynote connects past and present experiences of crisis and reflects on the agency of those affected. Drawing o","Title: One in seven: Austria 1946, Uganda 2026—who gets to be a person in a crisis?. Format: Keynote. Area: OK QUARTER. Location: Ursulinenhof Linz, Ursulinensaal. Overview: This keynote explores how visibility, data and global attention shape our understanding of humanitarian crises and asks what this means as Artificial Intelligence becomes increasingly influential in humanitarian and social impact work."
3a338ddb450c808caaf3d5f38b4fdb73,Who Shapes the Future?,Lecture & Talk,False,11. September 2026 11:05 (MESZ) → 11:45,"Ursulinenhof Linz, Ursulinensaal",OK QUARTER,48.30226,14.29074,,Who gets to shape the future of Artificial Intelligence—and whose voices risk being left out?,"Who gets to shape the future of Artificial Intelligence—and whose voices risk being left out?

Bringing together perspectives from technology and humanitarian practice, this conversation explores how AI can be developed in ways that are equitable, inclusive and accountable. Archana Prasad, founder of http://gooey.ai/, brings the perspective of a technologist and entrepreneur working at the intersection of AI and social impact, while Jerry Tuan, CEO of CARE USA, contributes insights from global h","Title: Who Shapes the Future?. Format: Lecture & Talk. Area: OK QUARTER. Location: Ursulinenhof Linz, Ursulinensaal. Overview: Who gets to shape the future of Artificial Intelligence—and whose voices risk being left out?"
3a338ddb450c80719142d6035b0c3e9b,AI for Social Impact Award: Insights from the Jury & Introduction to the Initiative,Lecture & Talk,False,11. September 2026 11:45 (MESZ) → 11:55,"Ursulinenhof Linz, Ursulinensaal",OK QUARTER,48.30226,14.29074,,"How can Artificial Intelligence contribute to meaningful social change—and what does it take for an AI-driven project to create impact that is not only innovative, but also respons...","How can Artificial Intelligence contribute to meaningful social change—and what does it take for an AI-driven project to create impact that is not only innovative, but also responsible, inclusive and sustainable?

This session introduces the AI for Social Impact Award, its vision, objectives and selection process. The award seeks to recognize initiatives that use AI to address pressing social and humanitarian challenges while placing people, communities and ethical responsibility at the center o","Title: AI for Social Impact Award: Insights from the Jury & Introduction to the Initiative. Format: Lecture & Talk. Area: OK QUARTER. Location: Ursulinenhof Linz, Ursulinensaal. Overview: How can Artificial Intelligence contribute to meaningful social change—and what does it take for an AI-driven project to create impact that is not only innovative, but also responsible, inclusive and sustainable?"
3a338ddb450c805baf61ce7e02fd9073,AI for Social Impact Award: The award winning projects,Lecture & Talk,False,11. September 2026 12:10 (MESZ) → 13:00,"Ursulinenhof Linz, Ursulinensaal",OK QUARTER,48.30226,14.29074,,"What does it look like when Artificial Intelligence is designed not simply to innovate, but to respond to real social and humanitarian needs?","What does it look like when Artificial Intelligence is designed not simply to innovate, but to respond to real social and humanitarian needs?

This session presents the five winning initiatives of the AI for Social Impact Initiative, showcasing projects that combine technological innovation with measurable social impact, ethical design and meaningful engagement with the communities they aim to serve. Spanning education, agriculture, historical justice, migrant health and maternal care, the proje","Title: AI for Social Impact Award: The award winning projects. Format: Lecture & Talk. Area: OK QUARTER. Location: Ursulinenhof Linz, Ursulinensaal. Overview: What does it look like when Artificial Intelligence is designed not simply to innovate, but to respond to real social and humanitarian needs?"
3a338ddb450c80419c52ca6af6074875,Negotiating Humanity,Panel Discussion,False,11. September 2026 13:00 (MESZ) → 13:55,"Ursulinenhof Linz, Ursulinensaal",OK QUARTER,48.30226,14.29074,,"Bringing the symposium to a close, this panel explores what it means to keep humanity at the center of Artificial Intelligence in humanitarian action.","Bringing the symposium to a close, this panel explores what it means to keep humanity at the center of Artificial Intelligence in humanitarian action. It brings together perspectives from AI innovation, humanitarian practice, critical data studies and community-centered implementation to examine both the potential and the tensions that arise when AI is developed and deployed in contexts of vulnerability and crisis.

The discussion features Eniola Benson and Shadi Henchiri, Grand Prize winners of","Title: Negotiating Humanity. Format: Panel Discussion. Area: OK QUARTER. Location: Ursulinenhof Linz, Ursulinensaal. Overview: Bringing the symposium to a close, this panel explores what it means to keep humanity at the center of Artificial Intelligence in humanitarian action."
3a338ddb450c80ac87f0f49bb1d7d535,From AI for Good to AI for Action,Lecture & Talk,False,11. September 2026 13:55 (MESZ) → 14:00,"Ursulinenhof Linz, Ursulinensaal",OK QUARTER,48.30226,14.29074,,The closing remarks summarize the key insights of the symposium and emphasize the transition from dialogue to implementation.,"The closing remarks summarize the key insights of the symposium and emphasize the transition from dialogue to implementation. Andrea Barschdorf-Hager highlights the shared responsibility of institutions, technology developers, artists, humanitarian organizations and communities to transform principles into concrete action and sustained collaboration.","Title: From AI for Good to AI for Action. Format: Lecture & Talk. Area: OK QUARTER. Location: Ursulinenhof Linz, Ursulinensaal. Overview: The closing remarks summarize the key insights of the symposium and emphasize the transition from dialogue to implementation."
3a338ddb450c803e958de06f9706be3a,"Contested Futures – Europe Negotiating Power, Machine, Labour",Conference,True,10. September 2026 10:00 (MESZ) → 16:45,"Ursulinenhof Linz, Ursulinensaal",OK QUARTER,48.30226,14.29074,,"If being human has always been a process of negotiation, then this day asks the following question: How does Europe negotiate its future, when so much of that future is now built i...","If being human has always been a process of negotiation, then this day asks the following question: How does Europe negotiate its future, when so much of that future is now built into the machines, the infrastructures of modern power, underpinning our collective life?

It is not a settled question. It is not a friendly one. The same drive for digital sovereignty can also build public infrastructure held in common—or a militarized arsenal dressed in the aesthetics of a new authoritarianism. The f","Title: Contested Futures – Europe Negotiating Power, Machine, Labour. Format: Conference. Area: OK QUARTER. Location: Ursulinenhof Linz, Ursulinensaal. Overview: If being human has always been a process of negotiation, then this day asks the following question: How does Europe negotiate its future, when so much of that future is now built into the machines, the infrastructures of modern power, underpinning our collective life?"
3a338ddb450c8048a231c049d7b67a38,Ars Electronica Campus Award Ceremony,Networking Event,False,12. September 2026 17:30 (MESZ) → 19:00,"Ursulinenhof Linz, Ursulinensaal",OK QUARTER,48.30226,14.29074,,The Ars Electronica Festival and the University of Arts in Linz are celebrating the third edition of the Ars Electronica Campus Award.,"The third edition of the Ars Electronica Campus Award aims to recognize the most outstanding project presented within this year’s Ars Electronica Campus Exhibition, which highlights not only emerging talents but also the educational institutions that support them. A jury formed of three renowned experts in the field of media arts will inspect the projects and select five Honorary Mentions and one Grand Prize, which includes €2.000 in prize money.

The Ars Electronica Campus Exhibition is a joint","Title: Ars Electronica Campus Award Ceremony. Format: Networking Event. Area: OK QUARTER. Location: Ursulinenhof Linz, Ursulinensaal. Overview: The Ars Electronica Festival and the University of Arts in Linz are celebrating the third edition of the Ars Electronica Campus Award."
3a338ddb450c80f88e3dcdf5761f5e7d,Networking Event Gwangyang – Linz Media Arts Exchange 2026,Networking Event,False,9. September 2026 16:30 (MESZ) → 18:00,"OK Linz, OK-DECK",OK QUARTER,48.30286,14.29061,,"This networking event introduces the third edition of the Gwangyang—Linz Media Arts Exchange, an initiative dedicated to artistic collaboration and knowledge sharing between South ...","This networking event introduces the third edition of the Gwangyang—Linz Media Arts Exchange, an initiative dedicated to artistic collaboration and knowledge sharing between South Korea and Austria. Meet the curators and artists of this program and be part when Korean artist Soh Boram and Austrian artist Heike Waldner-Kaltenbrunner will each receive the grant to exhibit their work in Gwangyang and Linz. The event is open to artists, curators and festival visitors interested in international coll","Title: Networking Event Gwangyang – Linz Media Arts Exchange 2026. Format: Networking Event. Area: OK QUARTER. Location: OK Linz, OK-DECK. Overview: This networking event introduces the third edition of the Gwangyang—Linz Media Arts Exchange, an initiative dedicated to artistic collaboration and knowledge sharing between South Korea and Austria."
3a338ddb450c80a1a55ec9a5594a91a9,Artists’ Reception hosted by the Slovenian Embassy in Austria,Networking Event,False,10. September 2026 12:30 (MESZ) → 14:00,"OK Linz, OK-DECK",OK QUARTER,48.30286,14.29061,,"Ars Electronica Festival, the Slovenian Embassy in Austria, the Slovenian Cultural and Information Centre SKICA Wien and the Municipality of Celje warmly invite artists, curators a...","Ars Electronica Festival, the Slovenian Embassy in Austria, the Slovenian Cultural and Information Centre SKICA Wien and the Municipality of Celje warmly invite artists, curators and culture practicioners to join us for the Artists’ Reception—an opportunity to mingle, connect and exchange with fellow professionals from the field of media arts.

The event will also celebrate the Slovenian artist Robertina Šebjanič who has received an Award of Distinction in the category Interactive Art+ of the Pr","Title: Artists’ Reception hosted by the Slovenian Embassy in Austria. Format: Networking Event. Area: OK QUARTER. Location: OK Linz, OK-DECK. Overview: Ars Electronica Festival, the Slovenian Embassy in Austria, the Slovenian Cultural and Information Centre SKICA Wien and the Municipality of Celje warmly invite artists, curators and culture practicioners to join us for the Artists’ Reception—an opportunity to mingle, connect and exchange with fellow professionals from the field of media arts."
3a338ddb450c80c599dff86fc1090c64,Where Is the Sound Hiding?,Workshop,True,9. September 2026 13:00 (MESZ) → 13:45,C. Bechstein Centrum Linz,OK QUARTER,48.30384,14.29201,,"The C. Bechstein Centrum Linz invites children on a journey into the world of pianos and grand pianos, full of opportunities to discover, explore and try things out for themselves.","The C. Bechstein Centrum Linz invites children on a journey into the world of pianos, full of opportunities to discover, explore and try things out for themselves.
What does the sound of a piano string have in common with the beating wings of a bee? And how many elephants would it take to create the right tension for a piano string? Through playful experiments, children learn how a piece of wood becomes a musical instrument, how piano strings are wound and how sound is ultimately created inside ","Title: Where Is the Sound Hiding?. Format: Workshop. Area: OK QUARTER. Location: C. Bechstein Centrum Linz. Overview: The C. Bechstein Centrum Linz invites children on a journey into the world of pianos and grand pianos, full of opportunities to discover, explore and try things out for themselves."
3a338ddb450c80ad9e5cd0e303c9c33b,Creative Europe Get Together,Networking Event,False,11. September 2026 16:00 (MESZ) → 18:00,"OK Linz, OK-DECK",OK QUARTER,48.30286,14.29061,,"Ars Electronica and Creative Europe Desk Austria will once again be hosting the Creative Europe Get Together, an event that brings together European partners from across a variety ...","Ars Electronica and Creative Europe Desk Austria will once again be hosting the Creative Europe Get Together, an event that brings together European partners from across a variety of sectors in a friendly environment, where attendees can meet and share perspectives. As the EU’s flagship program supporting the cultural, creative and audiovisual sectors, Creative Europe has promoted numerous meaningful programs, such as MEDIA, with a focus on the film industry—and this year we will be celebrating ","Title: Creative Europe Get Together. Format: Networking Event. Area: OK QUARTER. Location: OK Linz, OK-DECK. Overview: Ars Electronica and Creative Europe Desk Austria will once again be hosting the Creative Europe Get Together, an event that brings together European partners from across a variety of sectors in a friendly environment, where attendees can meet and share perspectives."
3a338ddb450c8075a20fd7cb71e93b30,Networking Event hosted by the Creative Industries Fund NL,Networking Event,False,11. September 2026 13:00 (MESZ) → 15:00,"OK Linz, OK-DECK",OK QUARTER,48.30286,14.29061,,"The Creative Industries Fund NL, CIIIC and Ars Electronica Festival warmly invite you to this networking gathering, where you will have the opportunity to get to know more about fi...","The Creative Industries Fund NL, CIIIC and Ars Electronica Festival warmly invite you to this networking gathering, where you will have the opportunity to get to know more about five consortia dedicated to artistic and design research for immersive experiences consisting of makers, producers, cultural institutions and researchers.

This event will offer a closer look at the ongoing multi-annual activity programmes of the consortia, while creating space to meet potential European partners working","Title: Networking Event hosted by the Creative Industries Fund NL. Format: Networking Event. Area: OK QUARTER. Location: OK Linz, OK-DECK. Overview: The Creative Industries Fund NL, CIIIC and Ars Electronica Festival warmly invite you to this networking gathering, where you will have the opportunity to get to know more about five consortia dedicated to artistic and design research for immersive experiences consisting of makers, producers, cultural institutions and researchers."
3a238ddb450c8181b372cef14fb5fd53,Reality Screenshot,Performance,True,11. September 2026 13:00 (MESZ) → 14:00,"Main Square Linz, Hauptplatz 11",SATELLITE LOCATIONS,,,,"Reality Screenshot is a hybrid evolution of [ The Frame ], blending street theater and data visualization. Created by Eléctrico 28 and Domestic Data Streamers, it unfolds as a “Hum...","Reality Screenshot is a hybrid performance based on [ The Frame ], reinterpreted through Domestic Data Streamers’ data visualization approach. The event presents a “Human Artificial Intelligence” made of flesh and bones, which observes and interprets everyday habits, curiosities and social tensions in public space. Blending street theater and data visualization, it invites audiences to reflect on perception while turning the city into a living stage for emotion, participation and discovery.","Title: Reality Screenshot. Format: Performance. Area: SATELLITE LOCATIONS. Location: Main Square Linz, Hauptplatz 11. Overview: Reality Screenshot is a hybrid evolution of [ The Frame ], blending street theater and data visualization. Created by Eléctrico 28 and Domestic Data Streamers, it unfolds as a “Human Artificial Intelligence” interpreting the constant present of public space, revealing what often goes unnoticed."
39138ddb450c80b39c11c0f58a6f5bd1,The Next Chapter: Lessons Learned and Futures Beyond S+T+ARTS,Networking Event,False,11. September 2026 12:00 (MESZ) → 13:00,"OK Linz, voestalpine OPEN SPACE",OK QUARTER,48.30286,14.29061,,"Following the launch of the “Science + Technology + Arts: Lessons Learned from a Decade of Transdisciplinary Innovation” publication, we invite STARTS partners, participating organ...","This year marks the conclusion of the European Commission’s STARTS (Science, Technology and the Arts) initiative, a key pillar of European innovation policy for the past decade. Through hundreds of residencies and cross-sector collaborations, STARTS has demonstrated the value of bringing artists, scientists, technologists, industry and cultural institutions together to tackle complex societal challenges.

Following the launch of the Science + Technology + Arts: Lessons Learned from a Decade of T","Title: The Next Chapter: Lessons Learned and Futures Beyond S+T+ARTS. Format: Networking Event. Area: OK QUARTER. Location: OK Linz, voestalpine OPEN SPACE. Overview: Following the launch of the “Science + Technology + Arts: Lessons Learned from a Decade of Transdisciplinary Innovation” publication, we invite STARTS partners, participating organizations and the wider art-science-technology community to reflect on the program’s legacy."
39838ddb450c80b8a881d78d3458b576,Never In Our Image – Gun Destruction Opera,Performance,True,12. September 2026 21:45 (MESZ) → 22:45,Stadtwerkstatt,DANUBE TRIANGLE,48.3101,14.28461,,"As part of STWST84x12 HAUNTED, one act of the three-part Queer Gun Destruction Opera Never In Our Image will be performed.","As part of STWST84x12 HAUNTED, one act of the three-part Queer Gun Destruction Opera Never In Our Image will be performed. Here, weapons are sawed apart, cut up and melted down. Instruments are then cast from these destroyed weapons, sound sculptures are created as part of a process of reclaiming weapons and musical scores are composed. Through the transformation of metal and sound, as well as the staging with a queer community, the fundamental question is posed: What if metal never wanted to be","Title: Never In Our Image – Gun Destruction Opera. Format: Performance. Area: DANUBE TRIANGLE. Location: Stadtwerkstatt. Overview: As part of STWST84x12 HAUNTED, one act of the three-part Queer Gun Destruction Opera Never In Our Image will be performed."
39c38ddb450c80c295b7edef2533d8eb,Expert Tour Negotiating Beyond Humanity: Masha Zolotova (EN),Guided Tour,True,13. September 2026 11:30 (MESZ) → 13:00,"OK Platz, WE GUIDE YOU Meeting Point",OK QUARTER,48.30231,14.29098,,"As the Ars Electronica Festival 2026 explores new ways of negotiating our place in an interconnected world, the Negotiating Beyond Humanity exhibition invites us to shift our atten...","As the Ars Electronica Festival 2026 explores new ways of negotiating our place in an interconnected world, the Negotiating Beyond Humanity exhibition invites us to shift our attention beyond the human. Together with Masha Zolotova, co-curator of this exhibition, we embark on a journey of discovery: How can artistic practices help us attune to more-than-human perspectives and rethink coexistence, care and agency through encounters with diverse forms of life, knowledge and sensory experiences?","Title: Expert Tour Negotiating Beyond Humanity: Masha Zolotova (EN). Format: Guided Tour. Area: OK QUARTER. Location: OK Platz, WE GUIDE YOU Meeting Point. Overview: As the Ars Electronica Festival 2026 explores new ways of negotiating our place in an interconnected world, the Negotiating Beyond Humanity exhibition invites us to shift our attention beyond the human."
39d38ddb450c81878459e5d6e6336984,Urban Metamorphosis. Sketches of Tomorrow.,Experience,False,13. September 2026 13:30 (MESZ) → 14:00,"Ars Electronica Center, Level 0, Deep Space 8K",DANUBE TRIANGLE,48.30962,14.28445,,What if climate adaptation could give us the cities we want to live in? Explore immersive before-and-after scenarios that reveal how urban landscapes can evolve. Discover how susta...,"The project explores how climate adaptation can transform existing urban spaces into places that support human well-being, biodiversity and a higher quality of life. It shows how cities can be reimagined when climate action is understood not as a limitation, but as an opportunity for creating more vibrant and resilient environments.

Selected public spaces were captured with a 360-degree 3D camera to preserve their unique characteristics.  These real places were transformed through 3D modelling,","Title: Urban Metamorphosis. Sketches of Tomorrow.. Format: Experience. Area: DANUBE TRIANGLE. Location: Ars Electronica Center, Level 0, Deep Space 8K. Overview: What if climate adaptation could give us the cities we want to live in? Explore immersive before-and-after scenarios that reveal how urban landscapes can evolve. Discover how sustainable design can improve everyday life and create more liveable futures."
3a338ddb450c80dc9c4eefd462906fe7,Keys Beyond Boundaries,Concert,True,9. September 2026 15:00 (MESZ) → 19:00,C. Bechstein Centrum Linz,OK QUARTER,48.30384,14.29201,,"Electronics meets improvized piano; dance, film and poetry at the C. Bechstein Piano Gallery. Featuring performances by Milan Conić and collaborators, the program explores new enco...","Electronics meets improvised piano; dance, film, poetry and more.
From the performative film El Cultivo de la Mente with live piano accompaniment to the Linz-based electronic music acts The Unsettled and Tomá Ivanov, this year’s program at the C. Bechstein Piano Centrum Linz brings together a wide range of artistic expressions. Live improvised piano serves as the common thread, merging film, dance, spoken word, electronic music, contemporary soundscapes and immersive audiovisual experiences.","Title: Keys Beyond Boundaries. Format: Concert. Area: OK QUARTER. Location: C. Bechstein Centrum Linz. Overview: Electronics meets improvized piano; dance, film and poetry at the C. Bechstein Piano Gallery. Featuring performances by Milan Conić and collaborators, the program explores new encounters between acoustic and electronic sound."
3a338ddb450c80b88eb8e146faecdb5b,Minimal Music Highlights by Maki Namekawa,Concert,True,10. September 2026 17:00 (MESZ) → 17:35,C. Bechstein Centrum Linz,OK QUARTER,48.30384,14.29201,,"Japanese pianist Maki Namekawa, internationally acclaimed for her outstanding interpretations of both the classical and contemporary repertoire, presents a contemporary programme a...","Maki Namekawa is one of the leading pianists of our time. The Japanese artist has earned an international reputation for her outstanding interpretations of both the classical and contemporary repertoire. She has enjoyed a particularly close relationship with the Ars Electronica Festival in Linz for many years, where she regularly appears with innovative programs and interdisciplinary projects. At the C. Bechstein Centrum Linz, Maki Namekawa will perform in two concerts. While celebrated as a cla","Title: Minimal Music Highlights by Maki Namekawa. Format: Concert. Area: OK QUARTER. Location: C. Bechstein Centrum Linz. Overview: Japanese pianist Maki Namekawa, internationally acclaimed for her outstanding interpretations of both the classical and contemporary repertoire, presents a contemporary programme at the C. Bechstein Centrum Linz."
37b38ddb450c815a9cc0ebed8dfd2628,Minute Paintings / Pictures of an Exhibition,Experience,False,11. September 2026 10:30 (MESZ) → 11:30,"Ars Electronica Center, Level 0, Deep Space 8K",DANUBE TRIANGLE,48.30962,14.28445,,"Users encounter seven blank, framed canvases presented in the Petersburg style on the wall, which they can paint together one after the other using various techniques. These techni...","At the beginning of Minute Paintings / Pictures of an Exhibition, users encounter seven blank, framed canvases presented in the Petersburg style on the wall, which they can paint one after the other using various techniques. These techniques are inspired by the works of different artists. Users can create two painted versions of each canvas and then choose the more interesting one. The finished exhibition can be saved, and users can also view the most recently created exhibitions in a slideshow.","Title: Minute Paintings / Pictures of an Exhibition. Format: Experience. Area: DANUBE TRIANGLE. Location: Ars Electronica Center, Level 0, Deep Space 8K. Overview: Users encounter seven blank, framed canvases presented in the Petersburg style on the wall, which they can paint together one after the other using various techniques. These techniques are inspired by the works of different artists. This is the latest work in Gerhard Funk’s ”Cooperative Aesthetics” series."
3a438ddb450c8064afbaf2f7cd324cbd,Deep Space Selection,Experience,False,11. September 2026 10:00 (MESZ) → 10:30,"Ars Electronica Center, Level 0, Deep Space 8K",DANUBE TRIANGLE,48.30962,14.28445,,"At Deep Space Selection, we present several times a day a changing selection from our diverse program, which we’ve been continuously developing since 2009. Visitors can look forwar...","At Deep Space Selection, we present several times a day a changing selection from our diverse program, which we’ve been continuously developing since 2009. Visitors can look forward to exciting stories and immersive experiences spanning media art, science and technology.","Title: Deep Space Selection. Format: Experience. Area: DANUBE TRIANGLE. Location: Ars Electronica Center, Level 0, Deep Space 8K. Overview: At Deep Space Selection, we present several times a day a changing selection from our diverse program, which we’ve been continuously developing since 2009. Visitors can look forward to exciting stories and immersive experiences spanning media art, science and technology."
39038ddb450c805f97a1c108437ce7d8,Unbreakable Ukraine,Experience,False,13. September 2026 10:30 (MESZ) → 11:00,"Ars Electronica Center, Level 0, Deep Space 8K",DANUBE TRIANGLE,48.30962,14.28445,,"Unbreakable Ukraine is an immersive exhibition born to safeguard Ukraine’s cultural heritage, now under constant threat from war.","Unbreakable Ukraine is an immersive exhibition born to safeguard Ukraine’s cultural heritage, now under constant threat from war.
Through high-resolution 3D scans, cinematic animation and emotional spatial storytelling, visitors are brought into direct encounter with some of Ukraine’s most significant landmarks—Saint Sophia in Kyiv, Saint George in Lviv, the Library of Chernihiv, the Opera House of Odesa, Karazin University in Kharkiv—sites scarred by conflict and under serious threat, documente","Title: Unbreakable Ukraine. Format: Experience. Area: DANUBE TRIANGLE. Location: Ars Electronica Center, Level 0, Deep Space 8K. Overview: Unbreakable Ukraine is an immersive exhibition born to safeguard Ukraine’s cultural heritage, now under constant threat from war."
39538ddb450c80cf95b7ca71aea39e0a,Lost Legends,Experience,False,11. September 2026 16:00 (MESZ) → 16:30,"Ars Electronica Center, Level 0, Deep Space 8K",DANUBE TRIANGLE,48.30962,14.28445,,"Using highly detailed 3D models created from fossils and specimens in the collections of the Natural History Museum Vienna, this experience combines scientific evidence with immers...","Life on Earth has produced an astonishing diversity of creatures, each adapted to its own place and time. Many of these remarkable animals have vanished, leaving behind only fossils, preserved specimens and fragments of evidence. Using highly detailed 3D models created from fossils and extant specimens in the collections of the Natural History Museum Vienna, this experience combines scientific evidence with immersive visualization to bring these lost legends back to life. This journey follows th","Title: Lost Legends. Format: Experience. Area: DANUBE TRIANGLE. Location: Ars Electronica Center, Level 0, Deep Space 8K. Overview: Using highly detailed 3D models created from fossils and specimens in the collections of the Natural History Museum Vienna, this experience combines scientific evidence with immersive visualization to bring these lost legends back to life."
39038ddb450c808583ede17db20b07cf,Laguna Obscura,Experience,False,9. September 2026 18:30 (MESZ) → 19:00,"Ars Electronica Center, Level 0, Deep Space 8K",DANUBE TRIANGLE,48.30962,14.28445,,"Inspired by the magic lantern and phantasmagoria, Laguna Obscura explores the origins of immersion within the Venetian imaginary.","Inspired by the magic lantern and phantasmagoria, Laguna Obscura explores the origins of immersion within the Venetian imaginary.  
Turning the lagoon into a symbolic membrane, the work unfolds as a living archive where archival fragments emerge as fleeting illusions suspended between presence and absence. Laguna Obscura reactivates historical traces as hauntological presences, exploring immersion as a threshold where memory, vision and imagination converge.","Title: Laguna Obscura. Format: Experience. Area: DANUBE TRIANGLE. Location: Ars Electronica Center, Level 0, Deep Space 8K. Overview: Inspired by the magic lantern and phantasmagoria, Laguna Obscura explores the origins of immersion within the Venetian imaginary."
38238ddb450c815fa272d74c73cd62e0,A Sky of Infinite Wishes,Screening,False,11. September 2026 16:30 (MESZ) → 17:00,"Ars Electronica Center, Level 0, Deep Space 8K",DANUBE TRIANGLE,48.30962,14.28445,,"An evolving panoramic dusk sky is filled with auspicious signs drawn from East Asian tradition, which are generated endlessly and overwritten by one another until the sky buckles u...","This is the world premiere of the newest artwork from Sputniko!, commissioned by Julius Baer Bank in collaboration with Ars Electronica. In this installation, an evolving panoramic dusk sky overflows with signs and symbols of good fortune drawn from East Asian tradition, inviting us to question the dissolving boundary between authenticity and fabrication in an age of AI-generated worlds.","Title: A Sky of Infinite Wishes. Format: Screening. Area: DANUBE TRIANGLE. Location: Ars Electronica Center, Level 0, Deep Space 8K. Overview: An evolving panoramic dusk sky is filled with auspicious signs drawn from East Asian tradition, which are generated endlessly and overwritten by one another until the sky buckles under their excess. Once rare omens seldomly read in the heavens, the work questions whether a blessing reproduced infinitely can still hold meaning."
3a038ddb450c8171a61dc48994551e49,"Next Singularity, the Intelligence of Life",Lecture & Talk,False,10. September 2026 12:30 (MESZ) → 13:00,"Ars Electronica Center, Level 0, Deep Space 8K",DANUBE TRIANGLE,48.30962,14.28445,,AI will become increasingly intelligent. But the future still depends on the intelligence of life itself.,"For nearly 50 years, artist Yoichiro Kawaguchi has utilized his original “Growth Model” to explore biological forms and evolution through computer-generated art, blending natural mathematics with advanced technology. His work, drawing inspiration from the Cambrian explosion, argues that AI should be a creative partner for discovering human singularity rather than a tool for producing standardized, mediocre content.","Title: Next Singularity, the Intelligence of Life. Format: Lecture & Talk. Area: DANUBE TRIANGLE. Location: Ars Electronica Center, Level 0, Deep Space 8K. Overview: AI will become increasingly intelligent. But the future still depends on the intelligence of life itself."
38d38ddb450c81b1b50cff759475496a,MERGING VISIONS,Experience,False,10. September 2026 15:00 (MESZ) → 15:30,"Ars Electronica Center, Level 0, Deep Space 8K",DANUBE TRIANGLE,48.30962,14.28445,,"MERGING VISIONS is an immersive journey through the Salzburg Festival. Expanding the urban digital twin into a medium for storytelling, it reveals the site’s geological, ecological...","MERGING VISIONS is an immersive experience that expands the urban digital twin into a medium for storytelling and worldbuilding, exploring the Salzburg Festival site. Through three chapters, visitors journey across scales and time, exploring the site’s geological, cultural and ecological dimensions. Layered visualizations bring ecological processes, more-than-human relationships and intangible cultural qualities into urban representation.","Title: MERGING VISIONS. Format: Experience. Area: DANUBE TRIANGLE. Location: Ars Electronica Center, Level 0, Deep Space 8K. Overview: MERGING VISIONS is an immersive journey through the Salzburg Festival. Expanding the urban digital twin into a medium for storytelling, it reveals the site’s geological, ecological, and cultural dimensions, exploring relationships between cities, culture and natural systems."
39038ddb450c8017aa13f8d29d50a69a,Quantum Zoom – The First Chapter,Experience,False,9. September 2026 14:30 (MESZ) → 15:00,"Ars Electronica Center, Level 0, Deep Space 8K",DANUBE TRIANGLE,48.30962,14.28445,,"Quantum Zoom is a 3D stereoscopic immersive experience, where audiences will step into a vast, evolving system of nested realities. As they move deeper—from the visible world into ...","Quantum Zoom is a 3D stereoscopic immersive experience developed for Deep Space 8K in cooperation with Ars Electronica, DESY, BOKU University and IQOQI Vienna, where audiences will step into a vast, evolving system of nested realities. As they move deeper—from the visible world into microscopic and quantum domains—they will witness the flow of information as it self-organizes into different structures of reality. This culminates in a revelation: the entire system operates like a living quantum s","Title: Quantum Zoom – The First Chapter. Format: Experience. Area: DANUBE TRIANGLE. Location: Ars Electronica Center, Level 0, Deep Space 8K. Overview: Quantum Zoom is a 3D stereoscopic immersive experience, where audiences will step into a vast, evolving system of nested realities. As they move deeper—from the visible world into microscopic and quantum domains—they will witness the flow of information as it self-organizes into different structures of reality"
38f38ddb450c81ac9b50d75577230360,A Quarter Century of Processing,Performance,False,10. September 2026 16:00 (MESZ) → 16:30,"Ars Electronica Center, Level 0, Deep Space 8K",DANUBE TRIANGLE,48.30962,14.28445,,"Processing turns 25 this year. Join us to celebrate the past, present and future of Processing—as software, design philosophy, pedagogical approach and global creative community.","Processing turns 25 this year. Join us to celebrate the past, present and future of Processing—as software, design philosophy, pedagogical approach and global creative community. Reflect on a quarter century of open-source innovation and discover how Processing has empowered a generation of artists, educators and tool builders, while continuing to shape new forms of creative expression, learning and technological experimentations.","Title: A Quarter Century of Processing. Format: Performance. Area: DANUBE TRIANGLE. Location: Ars Electronica Center, Level 0, Deep Space 8K. Overview: Processing turns 25 this year. Join us to celebrate the past, present and future of Processing—as software, design philosophy, pedagogical approach and global creative community."
38f38ddb450c81f7850ff2844e7bccd6,Perpetual Records,Screening,False,11. September 2026 11:30 (MESZ) → 12:00,"Ars Electronica Center, Level 0, Deep Space 8K",DANUBE TRIANGLE,48.30962,14.28445,,"Perpetual Records transports visitors into an immersive and ever-evolving crystalline universe that mesmerises and inspires. Drawing inspiration from the Akashic Records, a metaphy...","Perpetual Records is a large-scale immersive experience that invites audiences into a poetic dimension inspired by the Akashic Records—a metaphysical archive of all human experiences. Through generative visuals and sacred geometry patterns created with facial data, the work explores themes of collective consciousness. The screening offers a cinematic journey into crystalline fractal worlds, reflecting on how technology can foster self‑awareness in an increasingly fragmented world.","Title: Perpetual Records. Format: Screening. Area: DANUBE TRIANGLE. Location: Ars Electronica Center, Level 0, Deep Space 8K. Overview: Perpetual Records transports visitors into an immersive and ever-evolving crystalline universe that mesmerises and inspires. Drawing inspiration from the Akashic Records, a metaphysical archive of all human experiences, Perpetual Records brings spirituality to life through advanced data processing technology."
39238ddb450c814ea5f9f798db70295c,The Last Judgement Triptych by Hieronymus Bosch,Experience,False,11. September 2026 12:30 (MESZ) → 13:00,"Ars Electronica Center, Level 0, Deep Space 8K",DANUBE TRIANGLE,48.30962,14.28445,,Hieronymus Bosch’s The Last Judgement Triptych is one of the great masterpieces of fine arts history. This presentation guides you through the figure-rich visual world of the 500-y...,"Hieronymus Bosch’s The Last Judgement Triptych is one of the most prominent works in the Paintings Gallery of Vienna’s Academy and is part of Austria’s cultural heritage. Its bizarre visual world, populated by devils and demons, offers insight into late medieval thought and has lost none of its fascination to this day.
The religious imagery serves as a moral admonition and includes depictions of the Last Judgment with the canon of the Seven Deadly Sins, scenes from the story of Creation and Hell","Title: The Last Judgement Triptych by Hieronymus Bosch. Format: Experience. Area: DANUBE TRIANGLE. Location: Ars Electronica Center, Level 0, Deep Space 8K. Overview: Hieronymus Bosch’s The Last Judgement Triptych is one of the great masterpieces of fine arts history. This presentation guides you through the figure-rich visual world of the 500-year-old painting and the gigapixel reveals the tiniest details that are barely visible to the naked eye on the original."
38438ddb450c81c2afdaddd9e3b72fa7,Interactive Brosch – Red Dinosaurs,Experience,False,12. September 2026 15:00 (MESZ) → 15:30,"Ars Electronica Center, Level 0, Deep Space 8K",DANUBE TRIANGLE,48.30962,14.28445,,"Interactive Brosch presents Klemens Brosch’s unfinished masterpiece Red Dinosaurs as a gigapixel artwork, an abstract animated film and an interactive world. Blending art archives,...","This event explores how Klemens Brosch’s unfinished late work Red Dinosaurs can be reinterpreted and recontextualized through new technologies. Visitors encounter a gigapixel reproduction of the painting, an abstract animation and an interactive installation based on the artwork. The project investigates how art archives can become living spaces for dialogue, bringing historical works back into public discourse and creating new connections between cultural heritage and contemporary society.","Title: Interactive Brosch – Red Dinosaurs. Format: Experience. Area: DANUBE TRIANGLE. Location: Ars Electronica Center, Level 0, Deep Space 8K. Overview: Interactive Brosch presents Klemens Brosch’s unfinished masterpiece Red Dinosaurs as a gigapixel artwork, an abstract animated film and an interactive world. Blending art archives, storytelling and media art, the project invites visitors to explore and experience cultural heritage in new ways."
39738ddb450c80d58e91c6e9de64cc5e,Agentic Systems in Immersive Spaces,Experience,False,11. September 2026 15:30 (MESZ) → 16:00,"Ars Electronica Center, Level 0, Deep Space 8K",DANUBE TRIANGLE,48.30962,14.28445,,"The Deep Space Session welcomes a special guest—albeit not a human one. At its centre is an agent-based AI system that functions as an intelligent assistant. Through this agent, vi...","What if Deep Space could do more than simply display content—what if it could perceive what is happening within it and respond? In Agentic Systems in Immersive Spaces, an AI-based agent system becomes a partner to both guide and audience. As the guide tells stories, provides context, and leads visitors through projects by Ars Electronica Solutions, the agent responds to questions and situations, retrieves content, and makes unexpected connections. The presentation thus becomes a dialogue between","Title: Agentic Systems in Immersive Spaces. Format: Experience. Area: DANUBE TRIANGLE. Location: Ars Electronica Center, Level 0, Deep Space 8K. Overview: The Deep Space Session welcomes a special guest—albeit not a human one. At its centre is an agent-based AI system that functions as an intelligent assistant. Through this agent, visitors gain a behind-the-scenes perspective on the projects and activities of Ars Electronica Solutions—not through a traditional presentation, but through an interactive, dialogue-based experience."
39738ddb450c809eb1ebc30a82ee8213,Deep Space Community,Experience,False,11. September 2026 18:30 (MESZ) → 19:30,"Ars Electronica Center, Level 0, Deep Space 8K",DANUBE TRIANGLE,48.30962,14.28445,,This session showcases the continuously growing global Deep Space community and its increasing diversity. Partners from a network spanning more than eight countries across three co...,"What began in Linz now connects Deep Space locations in more than eight countries across three continents. In this session, partners from the international network take the audience on a journey through their spaces. In a series of concise insights, they present new openings, applications, stories, and performances—from interactive science communication to artistic and nature-based experiences.
Every Deep Space is unique, shaped by its local context, its audience, and the creative vision of the ","Title: Deep Space Community. Format: Experience. Area: DANUBE TRIANGLE. Location: Ars Electronica Center, Level 0, Deep Space 8K. Overview: This session showcases the continuously growing global Deep Space community and its increasing diversity. Partners from a network spanning more than eight countries across three continents present different formats and demonstrate how Deep Space can be used and adapted to a wide range of contexts."
39138ddb450c813894d6c80a2d176bcd,[not] breaking the cycle,Performance,False,10. September 2026 19:00 (MESZ) → 19:30,"Ars Electronica Center, Level 0, Deep Space 8K",DANUBE TRIANGLE,48.30962,14.28445,,"An exploration of the way we move through different cyclical phases, from order to chaos back to order again. Trying to find the answers to questions, such as: How do things intera...","An exploration of the way we move through different cyclical phases, from order to chaos back to order again. Trying to find the answers to questions, such as: How do things interact when they attract? How can our perceptions be distorted and how do they change upon observation? In finding answers, we return to the start—learning from scratch. Ultimately, the point is not to break the cycle, but find movements with(in) it.","Title: [not] breaking the cycle. Format: Performance. Area: DANUBE TRIANGLE. Location: Ars Electronica Center, Level 0, Deep Space 8K. Overview: An exploration of the way we move through different cyclical phases, from order to chaos back to order again. Trying to find the answers to questions, such as: How do things interact when they attract each other? How can what we perceive be distorted? How do things change when they are observed?"
38e38ddb450c8108937ace74543497c8,Inner Radiance,Performance,False,10. September 2026 20:00 (MESZ) → 20:30,"Ars Electronica Center, Level 0, Deep Space 8K",DANUBE TRIANGLE,48.30962,14.28445,,How can excavating the unseen layers of the human organism permit us to better internalize our human commonalities and connections? This approaches such inquiry through performance...,"How can we perceive worlds lying hidden within us, and how can excavating the unseen of the human organism help us better internalize our commonalities? This is investigated here via live ultrasound—generating 3D volumes of dancers whose interiors expand into the immersive environment of Deep Space; choreographically performing within their interior selves—representationally and abstractly—to engage with medical technology beyond its diagnostic contexts and surface visual biases.","Title: Inner Radiance. Format: Performance. Area: DANUBE TRIANGLE. Location: Ars Electronica Center, Level 0, Deep Space 8K. Overview: How can excavating the unseen layers of the human organism permit us to better internalize our human commonalities and connections? This approaches such inquiry through performance in which live ultrasound is used to generate interior volumes within which the dancers interact in self explorations."
39d38ddb450c8148aa6de01eede743e2,Samsara of Blossom: Resonance,Performance,False,9. September 2026 19:30 (MESZ) → 20:00,"Ars Electronica Center, Level 0, Deep Space 8K",DANUBE TRIANGLE,48.30962,14.28445,,"Samsara of Blossom: Resonance is the first collaboration between Jajack Movement and media artists Razieh Kooshki & Vahid Qaderi. Rooted in Korean traditional dance, the work merge...","Samsara of Blossom: Resonance explores how movement rooted in Korean traditional dance can be reimagined through media art. In the first collaboration between Jajack Movement and media artists Razieh Kooshki & Vahid Qaderi, performers interact with an evolving visual landscape that responds to breath, rhythm and motion. The work connects Korean cultural heritage with contemporary digital practice, revealing new forms of resonance between body, technology and perception.","Title: Samsara of Blossom: Resonance. Format: Performance. Area: DANUBE TRIANGLE. Location: Ars Electronica Center, Level 0, Deep Space 8K. Overview: Samsara of Blossom: Resonance is the first collaboration between Jajack Movement and media artists Razieh Kooshki & Vahid Qaderi. Rooted in Korean traditional dance, the work merges body and media art to reveal the unseen aesthetics of breath, rhythm and motion."
3a338ddb450c8193b667deec448c483f,Live-programming Deep Space 8K with vvvv,Lecture & Talk,False,9. September 2026 11:00 (MESZ) → 11:30,"Ars Electronica Center, Level 0, Deep Space 8K",DANUBE TRIANGLE,48.30962,14.28445,,In this session we will show what it looks and feels like to live-program Deep Space 8K by going through a series of demos and examples exploring specific features in vvvv and Deep...,"vvvv is a visual live-programming environment suited to large-scale interactive installations, making it ideal for Ars Electronica’s Deep Space 8K, with its dual 16×9 metre stereoscopic screens, real-time floor tracking and immersive potential. This session demonstrates live-programming Deep Space 8K through demos exploring key features of vvvv and the space, offering artists a starting point for developing their own interactive works.","Title: Live-programming Deep Space 8K with vvvv. Format: Lecture & Talk. Area: DANUBE TRIANGLE. Location: Ars Electronica Center, Level 0, Deep Space 8K. Overview: In this session we will show what it looks and feels like to live-program Deep Space 8K by going through a series of demos and examples exploring specific features in vvvv and Deep Space 8K, offering a starting point for artists to develop their own interactive works for the space."
38e38ddb450c8121bdead6947c2afd1a,Onassis ONX Showcase,Screening,False,10. September 2026 16:30 (MESZ) → 17:30,"Ars Electronica Center, Level 0, Deep Space 8K",DANUBE TRIANGLE,48.30962,14.28445,,"Spanning video, game engine renderings and textile-based digital landscapes, the Onassis ONX showcase of moving image works reflects on community, ecology, the residue of procedura...","Onassis ONX presents a selection of four moving image works including Explorers by Gabriel Barcia-Colombo, INTERSTITIAL MAINTENANCE by Peter Burr, Wahoo Blast by Eirini Linardaki and Forager: Spore to Forest Floor by Winslow Porter and Elie Zananiri. Spanning video, game engine renderings and textile-based digital landscapes, the program reflects on community, ecology, the residue of procedural worlds and other systems shaping contemporary life.","Title: Onassis ONX Showcase. Format: Screening. Area: DANUBE TRIANGLE. Location: Ars Electronica Center, Level 0, Deep Space 8K. Overview: Spanning video, game engine renderings and textile-based digital landscapes, the Onassis ONX showcase of moving image works reflects on community, ecology, the residue of procedural worlds and other systems shaping contemporary life."
38838ddb450c819696cee9062eab9dae,Faust 2023 revised,Experience,False,12. September 2026 12:30 (MESZ) → 13:00,"Ars Electronica Center, Level 0, Deep Space 8K",DANUBE TRIANGLE,48.30962,14.28445,,"In 2023, the Ars Electronica Futurelab and Salzburg Festival virtually reconstructed the monumental “Faust City“ from Max Reinhardt’s iconic production of Faust (1933). Now a revis...","In 2023, to mark Max Reinhardt’s 150th birthday, the Ars Electronica Futurelab—in collaboration with the Salzburg Festival—virtually reconstructed Clemens Holzmeister’s monumental “Faust City” from Reinhardt’s legendary production of Faust (1933). Using materials from the Festival archive, Faust VR was then created . In 2026, a revised version of the Virtual Reality experience will be presented at the X-Reality-Lab in Salzburg, supplemented by insights into its creation at Deep Space 8K.","Title: Faust 2023 revised. Format: Experience. Area: DANUBE TRIANGLE. Location: Ars Electronica Center, Level 0, Deep Space 8K. Overview: In 2023, the Ars Electronica Futurelab and Salzburg Festival virtually reconstructed the monumental “Faust City“ from Max Reinhardt’s iconic production of Faust (1933). Now a revised version is presented in Salzburg— the team gives insights into its creation at Deep Space 8K."
39138ddb450c8052b084f91f1275b2d2,Artist Walk Tour: Negotiating Humanity,Guided Tour,False,12. September 2026 16:00 (MESZ) → 17:30,Lentos Kunstmuseum,DANUBE TRIANGLE,48.30863,14.28884,,"Join us for a special guided tour led by Emiko Ogawa, Head of the Prix Ars Electronica. Together with the award recipients, she will lead visitors through the Prize Winners Exhibit...","Join us for a special guided tour led by Emiko Ogawa, Head of the Prix Ars Electronica. Together with the award recipients, she will lead visitors through the Prize Winners Exhibition, offering exclusive insights into the featured works.
Experience the award-winning projects of the Prix Ars Electronica and the S+T+ARTS Prize in the company of the artists themselves. Through brief artist talks and informal conversations, you will gain a deeper understanding of their ideas, backgrounds and artisti","Title: Artist Walk Tour: Negotiating Humanity. Format: Guided Tour. Area: DANUBE TRIANGLE. Location: Lentos Kunstmuseum. Overview: Join us for a special guided tour led by Emiko Ogawa, Head of the Prix Ars Electronica. Together with the award recipients, she will lead visitors through the Prize Winners Exhibition, offering exclusive insights into the featured works."
39938ddb450c80ef8414c66523c31119,Prix Ars Electronica Insight,Screening,False,9. September 2026 15:00 (MESZ) → 16:00,"JKU MED Campus, Laboratory Building (LAB), Level 1, JKU medSPACE",MED CAMPUS,48.30254,14.30337,,"This program brings together six works that capture the spirit of this year’s Prix Ars Electronica jury discussions. Five of them received awards, standing out for their artistic i...","This program brings together six works that capture the spirit of this year’s Prix Ars Electronica jury discussions. Five of them received awards, standing out for their artistic intelligence, critical insight and political urgency.
The program opens with two works that place dialogue at their center. Exhibition³ is an anaglyphic 3D animation in which painter Sabine Hertig and animation artist Dirk Koy engage in an artistic dialogue within a virtual exhibition space, exploring new possibilities ","Title: Prix Ars Electronica Insight. Format: Screening. Area: MED CAMPUS. Location: JKU MED Campus, Laboratory Building (LAB), Level 1, JKU medSPACE. Overview: This program brings together six works that capture the spirit of this year’s Prix Ars Electronica jury discussions. Five of them received awards, standing out for their artistic intelligence, critical insight and political urgency."
38e38ddb450c81ef8cbaeac975be213d,Why The Met Is Advancing Cultural Heritage Digitization: A Spotlight on Its Collaboration with Japan’s NHK,Lecture & Talk,False,12. September 2026 16:00 (MESZ) → 16:30,"Ars Electronica Center, Level 0, Deep Space 8K",DANUBE TRIANGLE,48.30962,14.28445,,"The Met and NHK will discuss the future of digital cultural heritage, highlighting the history of The Met’s Imaging Department, new 3D and Augmented Reality/Virtual Reality initiat...","In this presentation The Metropolitan Museum of Art (The Met) and the Japanese Public Broadcaster NHK will discuss the future of digital cultural heritage. The Met will introduce the 120-year history of its Imaging Department, as well as new initiatives around 3D scanning, and Augmented Reality/Virtual Reality. The Met and NHK will then focus in detail on a recent collaborative digitization project of key collection highlights, and the possibilities unlocked by the two teams coming together.","Title: Why The Met Is Advancing Cultural Heritage Digitization: A Spotlight on Its Collaboration with Japan’s NHK. Format: Lecture & Talk. Area: DANUBE TRIANGLE. Location: Ars Electronica Center, Level 0, Deep Space 8K. Overview: The Met and NHK will discuss the future of digital cultural heritage, highlighting the history of The Met’s Imaging Department, new 3D and Augmented Reality/Virtual Reality initiatives, and their recent joint digitization project showcasing key collection highlights and its new possibilities."
3a438ddb450c815b86c2fdf215c03054,Tell Me About It,Experience,True,13. September 2026 14:00 (MESZ) → 15:00,Theater Phönix,SATELLITE LOCATIONS,48.29122,14.29697,,"A typically relaxed atmosphere fills the Medusa Bar, a popular hangout at Turnton’s harbor, on a hot September evening in 2047, until news suddenly begins to spread...","Since 2017, Time’s Up has been researching, developing and building Turnton2047, bringing it to life through immersive environments. At its heart is a transformed economy that prioritizes the wellbeing of people and the planet while challenging existing concentrations of wealth and power. It also explores the potential of marine regeneration to restore damaged ecosystems.
Developed in collaboration with Theater Phönix, this immersive audio experience invites audiences into the everyday lives of ","Title: Tell Me About It. Format: Experience. Area: SATELLITE LOCATIONS. Location: Theater Phönix. Overview: A typically relaxed atmosphere fills the Medusa Bar, a popular hangout at Turnton’s harbor, on a hot September evening in 2047, until news suddenly begins to spread..."
3a438ddb450c8093b831d6c2812fe11a,Dissonant Stereoscopy,Experience,False,9. September 2026 13:30 (MESZ) → 14:00,"Ars Electronica Center, Level 0, Deep Space 8K",DANUBE TRIANGLE,48.30962,14.28445,,"Alisa Martynova’s residency at the Ars Electronica Futurelab in 2026 explores perception, consciousness and the unstable nature of truth through an immersive projection environment...","Alisa Martynova’s residency at the Ars Electronica Futurelab in 2026 explores perception, consciousness and the unstable nature of truth through an immersive projection environment developed for Deep Space 8K. Drawing from studies on binocular rivalry, entropy and the default neural network, this work examines how the brain constructs reality from fragmented and ambiguous visual information. Dissonant Stereoscopy places the audience within sensory thresholds where the visual system attempts to d","Title: Dissonant Stereoscopy. Format: Experience. Area: DANUBE TRIANGLE. Location: Ars Electronica Center, Level 0, Deep Space 8K. Overview: Alisa Martynova’s residency at the Ars Electronica Futurelab in 2026 explores perception, consciousness and the unstable nature of truth through an immersive projection environment developed for Deep Space 8K."
3a438ddb450c805690e5fbeddb09084a,Playtime,Experience,False,13. September 2026 11:00 (MESZ) → 11:30,"Ars Electronica Center, Level 0, Deep Space 8K",DANUBE TRIANGLE,48.30962,14.28445,,Students enrolled in the degree program Time-based and Interactive Media Art at the University of Arts Linz have developed interactive games tailored specifically to the needs and ...,"Students enrolled in the degree program Time-based and Interactive Media Art at the University of Arts Linz have developed interactive games tailored specifically to the needs and interests of our youngest visitors. Colorful, action-packed and super fun—here, children can actively engage in imaginative worlds and experience digital technologies in a playful way.","Title: Playtime. Format: Experience. Area: DANUBE TRIANGLE. Location: Ars Electronica Center, Level 0, Deep Space 8K. Overview: Students enrolled in the degree program Time-based and Interactive Media Art at the University of Arts Linz have developed interactive games tailored specifically to the needs and interests of our youngest visitors. Colorful, action-packed and super fun—here, children can actively engage in imaginative worlds and experience digital technologies in a playful way."
cac38ddb450c8308900581cf0003eb4d,Ars Electronica Solutions Tour (EN),Guided Tour,False,11. September 2026 14:15 (MESZ) → 14:45,"Ars Electronica Center, Level 0, Guided Tours & Workshops Desk",DANUBE TRIANGLE,48.30962,14.28445,,During this tour we offer personal insights into our ways of working and the development of the exhibition.,"During this tour of the Ars Electronica Solutions showcase, we offer personal insights into our ways of working and the development of the exhibition. We show how innovative concepts emerge from initial ideas, questions and technological possibilities and how they are transformed into immersive experiences through creative processes, interdisciplinary collaboration and the use of cutting-edge technologies. Visitors will discover how content, data and complex interrelationships can become interac","Title: Ars Electronica Solutions Tour (EN). Format: Guided Tour. Area: DANUBE TRIANGLE. Location: Ars Electronica Center, Level 0, Guided Tours & Workshops Desk. Overview: During this tour we offer personal insights into our ways of working and the development of the exhibition."
3a038ddb450c81119129c97b5ed0b6c6,Hello Words! Behind the Prototype: How Ideas Become Experiences,Open Lab,False,12. September 2026 13:00 (MESZ) → 13:30,"Ars Electronica Center, Level -3, Open Futurelab",DANUBE TRIANGLE,48.30962,14.28445,,"How do ideas become experiences? Meet the team behind Hello Worlds! and discover how artistic research, experimental R&D and the long-term collaboration between the Ars Electronica...","From the first concepts and prototypes to exhibition architecture and visitor experiences, explore how ideas are tested, iterated and transformed into something people can experience—and contribute to.

Following selected Hello Worlds! tours, meet the people behind the prototypes and artworks and gain an inside look at what usually remains invisible: the research, experiments, technologies, design decisions and collaborative processes behind the works. This is your opportunity to ask questions a","Title: Hello Words! Behind the Prototype: How Ideas Become Experiences. Format: Open Lab. Area: DANUBE TRIANGLE. Location: Ars Electronica Center, Level -3, Open Futurelab. Overview: How do ideas become experiences? Meet the team behind Hello Worlds! and discover how artistic research, experimental R&D and the long-term collaboration between the Ars Electronica Futurelab and Toyota Motor Corporation’s Advanced R&D and Engineering Company became an interactive exhibition."
3a038ddb450c8105a8b0eb17c4d0ebb3,Hello Worlds! Behind the Artworks:  No Bird & Algorithms in Reflection,Open Lab,False,12. September 2026 17:00 (MESZ) → 17:30,"Ars Electronica Center, Level -3, Open Futurelab",DANUBE TRIANGLE,48.30962,14.28445,,How do we live together in a changing world? Meet the artists behind No Bird and Algorithms in Reflection and discover how these artworks came into being—from the first idea and ex...,"Following selected Hello Worlds! tours, meet the artists behind No Bird and Algorithms in Reflection. Gain an inside look at the ideas, artistic research, experiments and design decisions behind the works, and explore how they reflect on coexistence, shared habitats, ecological change and life in a world shared by humans, other species and increasingly autonomous technologies. No slides—just artworks, people and conversation.","Title: Hello Worlds! Behind the Artworks:  No Bird & Algorithms in Reflection. Format: Open Lab. Area: DANUBE TRIANGLE. Location: Ars Electronica Center, Level -3, Open Futurelab. Overview: How do we live together in a changing world? Meet the artists behind No Bird and Algorithms in Reflection and discover how these artworks came into being—from the first idea and experiments to the final installation—and how they explore coexistence in a shared world."
3a038ddb450c81e6a270ff829f0cf542,Hello Worlds! Behind the Prototype / Artwork: Deep Mirror & Algorithms in Reflection,Open Lab,False,9. September 2026 17:00 (MESZ) → 17:30,"Ars Electronica Center, Level -3, Open Futurelab",DANUBE TRIANGLE,48.30962,14.28445,,What happens when AI holds up a mirror to us? Meet the creators behind Deep Mirror and Algorithms in Reflection and discover how these works came into being—from the first ideas an...,"Explore how AI interprets people, and how those interpretations shape the way we understand ourselves.

Following selected Hello Worlds! tours, meet the people behind the prototypes and artworks and gain an inside look at what usually remains invisible: the research, experiments, technologies, design decisions and collaborative processes behind the works. This is your opportunity to ask questions and talk directly with the researchers, artists, designers, and developers.","Title: Hello Worlds! Behind the Prototype / Artwork: Deep Mirror & Algorithms in Reflection. Format: Open Lab. Area: DANUBE TRIANGLE. Location: Ars Electronica Center, Level -3, Open Futurelab. Overview: What happens when AI holds up a mirror to us? Meet the creators behind Deep Mirror and Algorithms in Reflection and discover how these works came into being—from the first ideas and research to the technologies and design decisions behind them."
3a038ddb450c8170834ad2726a4eb549,Hello Worlds! Behind the Prototype: Amplify Me – Visions,Open Lab,False,10. September 2026 13:00 (MESZ) → 13:30,"Ars Electronica Center, Level -3, Open Futurelab",DANUBE TRIANGLE,48.30962,14.28445,,"What happens when technologies become part of our bodies, clothes, and everyday lives? Meet the team behind the Amplify Me –Visions prototype, developed by Ars Electronica Futurela...","What happens when technologies no longer stay in our pockets, but become part of our bodies, clothes, and everyday lives? Discover how Amplify Me – Visions combines speculative concepts with experimental prototypes to explore mobility, human augmentation, and what we might become. Developed together with Toyota Motor Corporation’s Advanced Design Division, these visions draw on expertise in automotive UX and industrial design to imagine new relationships between people, technology and movement.
","Title: Hello Worlds! Behind the Prototype: Amplify Me – Visions. Format: Open Lab. Area: DANUBE TRIANGLE. Location: Ars Electronica Center, Level -3, Open Futurelab. Overview: What happens when technologies become part of our bodies, clothes, and everyday lives? Meet the team behind the Amplify Me –Visions prototype, developed by Ars Electronica Futurelab and Toyota Motor Corporation’s Advanced Design Division as part of the new Hello Worlds! exhibition."
3a038ddb450c811db32ce1a1977aabb4,Hello Worlds! Behind the Prototype: Hello Worlds! System,Open Lab,True,9. September 2026 13:00 (MESZ) → 13:30,"Ars Electronica Center, Level -3, Open Futurelab",DANUBE TRIANGLE,48.30962,14.28445,,"Ever wondered how an AI-enabled exhibition actually works? This is your chance to ask. Meet the team behind the Hello Worlds! platform and explore the ideas, technologies, and desi...","Whether you're curious about the technology, the research, the design process, or the collaboration itself—ask us anything.
Following selected Hello Worlds! tours, meet the people behind the prototype and get an inside look at what usually remains invisible: the research, experiments, technologies, design decisions and collaborative processes that shaped the experience at the Ars Electronica Center. No slides—just prototypes, people and conversation.","Title: Hello Worlds! Behind the Prototype: Hello Worlds! System. Format: Open Lab. Area: DANUBE TRIANGLE. Location: Ars Electronica Center, Level -3, Open Futurelab. Overview: Ever wondered how an AI-enabled exhibition actually works? This is your chance to ask. Meet the team behind the Hello Worlds! platform and explore the ideas, technologies, and design decisions of the adaptive AI system, participation, transparency and personalized visitor experiences."
3a038ddb450c81118843d6f3d09d2a5a,Hello Worlds! Behind the Prototype: Hybrid Thinking,Open Lab,False,10. September 2026 17:00 (MESZ) → 17:30,"Ars Electronica Center, Level -3, Open Futurelab",DANUBE TRIANGLE,48.30962,14.28445,,"Can AI help us think rather than simply provide answers? Discover how Hybrid Thinking combined voice cloning, prompting, conversational AI and bone-conduction audio to create an un...","Explore if AI can help us think rather than simply providing answers with Futurelab’s Hybrid Thinking prototype in the Hello Worlds! exhibition.

Following selected Hello Worlds! tours, meet the people behind the prototypes and artworks and gain an inside look at what usually remains invisible: the research, experiments, technologies, design decisions and collaborative processes behind the works. This is your opportunity to ask questions and talk directly with the researchers, artists, designers","Title: Hello Worlds! Behind the Prototype: Hybrid Thinking. Format: Open Lab. Area: DANUBE TRIANGLE. Location: Ars Electronica Center, Level -3, Open Futurelab. Overview: Can AI help us think rather than simply provide answers? Discover how Hybrid Thinking combined voice cloning, prompting, conversational AI and bone-conduction audio to create an uncanny experience that supports reflection instead of automation."
3a038ddb450c815b93c4e2cc25c7e8a0,Hello Worlds! Behind the Prototype: Interbeing Lab (Corpus Corax & Conversations Beyond the Ordinary),Open Lab,False,11. September 2026 17:00 (MESZ) → 17:30,"Ars Electronica Center, Level -3, Open Futurelab",DANUBE TRIANGLE,48.30962,14.28445,,"Meet the artists and researchers behind the artworks in the Interbeing Lab and discuss how conversations beyond the human are imagined, designed and built—and what they reveal abou...","Why do we try to talk to everyday objects—and why do we seek conversations with AI and ravens? Following selected Hello Worlds! tours, meet the people responsible for the prototypes and explore the research, technologies and design decisions behind the works. Ask questions and talk directly with the researchers, artists, designers and developers. No slides—just prototypes, people and conversation.","Title: Hello Worlds! Behind the Prototype: Interbeing Lab (Corpus Corax & Conversations Beyond the Ordinary). Format: Open Lab. Area: DANUBE TRIANGLE. Location: Ars Electronica Center, Level -3, Open Futurelab. Overview: Meet the artists and researchers behind the artworks in the Interbeing Lab and discuss how conversations beyond the human are imagined, designed and built—and what they reveal about our relationships with more-than-human worlds."
3a038ddb450c81999163f10a54cdcaa0,Hello Worlds! Behind the Prototype: Resonance Loom,Open Lab,False,11. September 2026 13:00 (MESZ) → 13:30,"Ars Electronica Center, Level -3, Open Futurelab",DANUBE TRIANGLE,48.30962,14.28445,,What do weaving and AI have in common? Explore this question together with the Ars Electronica Futurelab team behind the Resonance Loom in the new Hello Worlds! exhibition and plat...,"What do weaving and AI have in common? Meet the team behind the Resonance Loom and discuss how textile traditions, digital fabrication, human resonance and generative AI share a common language of patterns, instructions and algorithms. Through demonstrations and conversation, discover how centuries-old craft continues to inspire AI—and how AI, in turn, opens up new possibilities for textile thinking and crafting resonance.

Following selected Hello Worlds! tours, meet the people behind the proto","Title: Hello Worlds! Behind the Prototype: Resonance Loom. Format: Open Lab. Area: DANUBE TRIANGLE. Location: Ars Electronica Center, Level -3, Open Futurelab. Overview: What do weaving and AI have in common? Explore this question together with the Ars Electronica Futurelab team behind the Resonance Loom in the new Hello Worlds! exhibition and platform in the Ars Electronica Center."
56638ddb450c830c9e7281cf5b59a977,Hello Worlds! Futurelab Tour (EN),Guided Tour,False,9. September 2026 16:15 (MESZ) → 16:45,"Ars Electronica Center, Level 0, Guided Tours & Workshops Desk",DANUBE TRIANGLE,48.30962,14.28445,,"Explore Hello Worlds! together with the people behind the project. Researchers, artists, designers, developers, and collaboration partners guide you through the exhibition, sharing...","Explore Hello Worlds! together with the people behind the project. Researchers, artists, designers, developers, and collaboration partners guide you through the exhibition, sharing the ideas, technologies and research behind the works—and, if you like, continue the conversation afterwards.

Hello Worlds! is the public outcome of the Future Humanity Project, an experimental research collaboration between Ars Electronica Futurelab and Toyota Motor Corporation’s Advanced R&D and Engineering Company","Title: Hello Worlds! Futurelab Tour (EN). Format: Guided Tour. Area: DANUBE TRIANGLE. Location: Ars Electronica Center, Level 0, Guided Tours & Workshops Desk. Overview: Explore Hello Worlds! together with the people behind the project. Researchers, artists, designers, developers, and collaboration partners guide you through the exhibition, sharing the ideas, technologies and research behind the works—and, if you like, continue the conversation afterwards."
3a338ddb450c8015916fddd390a45faf,Agentic Systems as a New Form of Dialogue,Deep Dive,False,10. September 2026 14:15 (MESZ) → 14:55,"Ars Electronica Center, Level 0, Guided Tours & Workshops Desk",DANUBE TRIANGLE,48.30962,14.28445,,"Agentic systems can be far more than mere information brokers. We demonstrate how new interfaces, the visualization of digital agents and lifelike forms of communication create a d...","Agentic systems can be much more than mere information providers: they engage in dialogue with people, respond to individual interests and at the same time draw attention to topics and realms of knowledge that may not yet be visible within a particular context. Using the agentic systems in the Ars Electronica Solutions showcase as an example, we explore how new interfaces, the visualization of digital agents and lifelike forms of communication create a dynamic, dialogical approach to knowledge—a","Title: Agentic Systems as a New Form of Dialogue. Format: Deep Dive. Area: DANUBE TRIANGLE. Location: Ars Electronica Center, Level 0, Guided Tours & Workshops Desk. Overview: Agentic systems can be far more than mere information brokers. We demonstrate how new interfaces, the visualization of digital agents and lifelike forms of communication create a dialogical, dynamic approach to knowledge."
3a438ddb450c81a98c57ea43822ff5f1,MEET THE ARTIST: Plant Blindness,Meet the Artist,False,10. September 2026 15:00 (MESZ) → 15:30,Linz City Space,Linz,,,,"Winner of the HKDI Student Talent Award (2025), this piece reimagines native Hong Kong flowers through advanced digital technologies, exploring the tension between permanence and t...","This presentation explores how technology shapes perception of urban nature. Reimagining certain Hong Kong flowers, such as frangipani, jacaranda and purple azalea, through immersive algorithmic visuals, it introduces evolving digital ecosystems between organic growth and digital permanence. Rooted in Hong Kong’s dense urban ecology, the artists offer global audiences new perspectives on biodiversity, environmental awareness and how art and technology can deepen attention to overlooked nature in","Title: MEET THE ARTIST: Plant Blindness. Format: Meet the Artist. Area: Linz. Location: Linz City Space. Overview: Winner of the HKDI Student Talent Award (2025), this piece reimagines native Hong Kong flowers through advanced digital technologies, exploring the tension between permanence and transcience."
3a338ddb450c80d68298e184dddcad9c,Empathetic Interfaces and New Forms of Knowledge Transfer,Deep Dive,False,12. September 2026 16:15 (MESZ) → 16:55,"Ars Electronica Center, Level 0, Guided Tours & Workshops Desk",DANUBE TRIANGLE,48.30962,14.28445,,"How can interfaces and interaction models be designed to make knowledge not only accessible, but also emotionally and sensorially tangible? This deep dive offers insights into the ...","How can interfaces and interaction models be designed to make knowledge not only accessible, but also emotionally and sensorially tangible? This deep dive offers insights into the development process—from initial concept and the design of communication channels and interactions to technical implementation. Using the Ars Electronica Solutions – A Glimpse Behind the Scenes as an example, it demonstrates how empathic technologies emerge and how innovative forms of communication can open up new ways","Title: Empathetic Interfaces and New Forms of Knowledge Transfer. Format: Deep Dive. Area: DANUBE TRIANGLE. Location: Ars Electronica Center, Level 0, Guided Tours & Workshops Desk. Overview: How can interfaces and interaction models be designed to make knowledge not only accessible, but also emotionally and sensorially tangible? This deep dive offers insights into the development process, from initial concept to technical implementation."
3a038ddb450c81a082addecc3a0f5031,Hello Worlds! Futurelab Tour (DE),Guided Tour,False,9. September 2026 12:15 (MESZ) → 12:45,"Ars Electronica Center, Level 0, Guided Tours & Workshops Desk",DANUBE TRIANGLE,48.30962,14.28445,,"Explore Hello Worlds! together with the people behind the project. Researchers, artists, designers, developers and collaboration partners guide you through the exhibition, sharing ...","Hello Worlds! is a new exhibition at the Ars Electronica Center and the public outcome of the Future Humanity Project, an experimental research collaboration between Ars Electronica Futurelab and Toyota Motor Corporation’s Advanced R&D and Engineering Company.
Hello Worlds! is an open platform where artistic prototypes, interactive installations and visitor participation become part of an ongoing exploration of what it means to be human in an age of embodied AI.","Title: Hello Worlds! Futurelab Tour (DE). Format: Guided Tour. Area: DANUBE TRIANGLE. Location: Ars Electronica Center, Level 0, Guided Tours & Workshops Desk. Overview: Explore Hello Worlds! together with the people behind the project. Researchers, artists, designers, developers and collaboration partners guide you through the exhibition, sharing the ideas, technologies and research behind the works—and, if you like, continue the conversation afterwards."
39938ddb450c8079978eee12b2bd374e,Ghost Stories: Negotiating Between Worlds,Screening,False,9. September 2026 14:00 (MESZ) → 14:45,"JKU MED Campus, Laboratory Building (LAB), Level 1, JKU medSPACE",MED CAMPUS,48.30254,14.30337,,The five works in this program tell unusual ghost stories in which the boundaries between worlds become permeable and negotiation remains open.,"When we negotiate, we keep spaces open rather than close them through certainty or persuasion. We resist closure and remain with ambiguity. We dwell on the threshold. In such in-between spaces, where what is at stake refuses to be settled, ghosts appear. They return because something remains unresolved. They carry memories, histories and desires that continue to seek recognition. They animate absences and make visible what usually escapes perception. They inhabit thresholds where categories blur","Title: Ghost Stories: Negotiating Between Worlds. Format: Screening. Area: MED CAMPUS. Location: JKU MED Campus, Laboratory Building (LAB), Level 1, JKU medSPACE. Overview: The five works in this program tell unusual ghost stories in which the boundaries between worlds become permeable and negotiation remains open."
38438ddb450c81019a2fd35026208863,Young Animations,Screening,False,13. September 2026 12:00 (MESZ) → 12:45,"JKU MED Campus, Laboratory Building (LAB), Level 1, JKU medSPACE",MED CAMPUS,48.30254,14.30337,,"As part of the Prix Animation Art Screening, Young Animations is presenting a selection of short films by young artists up to the age of 19.","As part of the Prix Animation Art Screening, Young Animations presents a selection of short films by young artists up to age of 19 that were submitted to the Prix Ars Electronica in the u19—create your world category and to the <19 Shape your world! competition organized by our Hungarian partner organization C3.

The film program will be presented at medSPACE on the MED Campus, alongside other films selected for the https://ars.electronica.art/negotiatinghumanity/en/view/PrixArsElectronicaAnimat","Title: Young Animations. Format: Screening. Area: MED CAMPUS. Location: JKU MED Campus, Laboratory Building (LAB), Level 1, JKU medSPACE. Overview: As part of the Prix Animation Art Screening, Young Animations is presenting a selection of short films by young artists up to the age of 19."
39e38ddb450c8158b115e6161a27d623,Practicing Impact: When Reality Talks Back,Networking Event,False,9. September 2026 10:30 (MESZ) → 11:30,"OK Linz, voestalpine OPEN SPACE",OK QUARTER,48.30286,14.29061,,Ideas are easy. The real work begins when they meet reality—and other people. Join the Ars Electronica Futurelab and various collaborators for an open Town Hall exploring what it t...,"The Ars Electronica Futurelab explores the future by building it—together with companies, institutions, researchers, artists, designers and the public. This Town Hall brings together collaborators who turn ideas into reality. When existing formats no longer fit, we invent new ones. Rather than presenting success stories, we share the realities of experimentation, negotiation and practice—because impact is not an idea. It is something you create by doing.","Title: Practicing Impact: When Reality Talks Back. Format: Networking Event. Area: OK QUARTER. Location: OK Linz, voestalpine OPEN SPACE. Overview: Ideas are easy. The real work begins when they meet reality—and other people. Join the Ars Electronica Futurelab and various collaborators for an open Town Hall exploring what it takes to turn ideas into reality, and what reality teaches us in return."
39f38ddb450c813eb76bc02ea17bdca3,SynTact: Guided Exploration & Discussion,Open Lab,False,9. September 2026 15:15 (MESZ) → 15:45,"Ars Electronica Center, Level -3, Open Futurelab",DANUBE TRIANGLE,48.30962,14.28445,,"Explore SynTact, an interactive installation imagining future forms of collaboration beyond the human. Experience the installation together with the artists and researchers behind ...","SynTact explores how future teams might extend beyond humans to include plants, robotic systems, and other forms of intelligence and life. Through touch as a shared mode of communication, the installation investigates new forms of more-than-human collaboration. This Guided Exploration invites visitors to experience SynTact together with artists and researchers, combining a live interaction with the installation and an open discussion around the ideas, questions, and processes behind the work.","Title: SynTact: Guided Exploration & Discussion. Format: Open Lab. Area: DANUBE TRIANGLE. Location: Ars Electronica Center, Level -3, Open Futurelab. Overview: Explore SynTact, an interactive installation imagining future forms of collaboration beyond the human. Experience the installation together with the artists and researchers behind the project, and engage in a conversation about communication, collaboration, and care across species and technologies."
39938ddb450c806d854ff84c6958c049,Austrian Panorama,Screening,False,11. September 2026 11:00 (MESZ) → 12:00,"JKU MED Campus, Laboratory Building (LAB), Level 1, JKU medSPACE",MED CAMPUS,48.30254,14.30337,,"Austrian Panorama presents a selection of the most compelling Austrian works submitted to the Prix Ars Electronica 2026 in the New Animation Art category. Following the screening, ...","Austrian Panorama presents a selection of the most compelling Austrian works submitted to the Prix Ars Electronica 2026 in the New Animation Art category. Following the screening, participating filmmakers and artists will join the audience for a Q&A to discuss their works and creative processes.

mouse.mp4, Jana Welte (AT), Laura-Christina Palmetshofer (AT), Pia Putz (AT), Rosa Ressi & Ramona Kranzl (AT), 8:52 min
Mouse.mp4 is a hybrid short film exploring the meaninglessness of existence in dig","Title: Austrian Panorama. Format: Screening. Area: MED CAMPUS. Location: JKU MED Campus, Laboratory Building (LAB), Level 1, JKU medSPACE. Overview: Austrian Panorama presents a selection of the most compelling Austrian works submitted to the Prix Ars Electronica 2026 in the New Animation Art category. Following the screening, participating filmmakers and artists will join the audience for a Q&A."
39e38ddb450c815d8dd8ea481fb6dcce,Who Decides the Music?,Workshop,False,13. September 2026 10:00 (MESZ) → 12:00,"Ursulinenhof Linz, Gewölbesaal",OK QUARTER,48.30226,14.29074,,Who decides the music when machines generate endless sound on demand? Read a scene to music and hear that same moment take on three different directions. Then see how CORPUS lets t...,"This workshop asks who decides the music when machines generate endless sound on demand, which is as much a cultural question as it is an artistic one. Participants read a scene to music and then hear that same moment take on three different directions by using Soundbook, a tool built by Mathis Nitschke’s EU co-funded CORPUS project at Sofilab. He then demonstrates how contributing musicians actually co-own this corpus of music as opposed to simply supplying it. Filmmakers, game designers and mu","Title: Who Decides the Music?. Format: Workshop. Area: OK QUARTER. Location: Ursulinenhof Linz, Gewölbesaal. Overview: Who decides the music when machines generate endless sound on demand? Read a scene to music and hear that same moment take on three different directions. Then see how CORPUS lets the musicians who make the music have co-ownership over it. Filmmakers, game designers and musicians can all take part."
39738ddb450c81a9a4d8f12333452e5b,Basic Income for Artists – Ireland as a Model,Workshop,True,10. September 2026 13:30 (MESZ) → 15:30,"Ursulinenhof Linz, Gewölbesaal",OK QUARTER,48.30226,14.29074,,"After a successful pilot program, Ireland has implemented a UBI for artists. This basic security allows artists to create art with greater freedom and independence from commercial ...","After a successful pilot program, Ireland has implemented a Universal Basic Income (UBI) for artists. This basic security allows creators to work with greater freedom and independence from commercial considerations. Featuring firsthand insights from Ireland, this session will discuss how to build on the experience. Then, after a brief introduction to UBI in general, it will take a look at the economic conditions of artists in Austria and open the floor to an audience discussion.","Title: Basic Income for Artists – Ireland as a Model. Format: Workshop. Area: OK QUARTER. Location: Ursulinenhof Linz, Gewölbesaal. Overview: After a successful pilot program, Ireland has implemented a UBI for artists. This basic security allows artists to create art with greater freedom and independence from commercial considerations. With firsthand insights from Ireland, this session will discuss how to build on the experience."
39e38ddb450c8110b1f6d0ebd709d8b3,A Furry Engineer!,Workshop,False,10. September 2026 11:00 (MESZ) → 13:00,"Ursulinenhof Linz, Gewölbesaal",OK QUARTER,48.30226,14.29074,,"In a playful creative futuring and scenario-building lab, participants will collectively map out the Linz Danubian ecosphere over the next 25 years. At the center of attention will...","What can we learn from the transformative powers of the beaver? In this workshop, participants will experiment with creative futuring and forecasting methods to generate nuanced, multi-species scenarios that reframe the beaver from a passive wild animal to an active, technical and cultural stakeholder in landscape design and restoration. A guided process will unleash their imagination to co-create speculative worlds, culminating in a historical, yet tangible retrospective from the year 2051.","Title: A Furry Engineer!. Format: Workshop. Area: OK QUARTER. Location: Ursulinenhof Linz, Gewölbesaal. Overview: In a playful creative futuring and scenario-building lab, participants will collectively map out the Linz Danubian ecosphere over the next 25 years. At the center of attention will be a special furry inhabitant—the beaver—playing the part of a primary cultural, political and technical protagonist."
39e38ddb450c816c8432e7e6ef61cfe9,"Media Art Practice: collaborate, conserve, context and intentionality",Workshop,False,11. September 2026 11:00 (MESZ) → 13:00,"Ursulinenhof Linz, Gewölbesaal",OK QUARTER,48.30226,14.29074,,"The NEWART Foundation, cordially invites artists, practitioners, academics and historians to attend this participatory workshop to discuss key questions on collaboration, conservat...","This event by NEWART foundation, in collaboration with Encyclopedia of New Media Art, Volume II, Artist and Practice editor Paul Thomas, will create a documented alternative discussion focusing on artists' perspective on the sustainability of media art practice. To achieve this, we have invited five significant artists to facilitate discussion new media projects. This short provocation is presented to help create a dynamic community discussion with the goal of generating ideas for sustainable me","Title: Media Art Practice: collaborate, conserve, context and intentionality. Format: Workshop. Area: OK QUARTER. Location: Ursulinenhof Linz, Gewölbesaal. Overview: The NEWART Foundation, cordially invites artists, practitioners, academics and historians to attend this participatory workshop to discuss key questions on collaboration, conservation, context and intentionality from artists' perspective on the sustainability of media art practice."
38f38ddb450c8163a6bdc48188c053a1,Olfactory Biome: The Smell is the Message!,Workshop,True,11. September 2026 13:30 (MESZ) → 15:30,"Ursulinenhof Linz, Gewölbesaal",OK QUARTER,48.30226,14.29074,,Create your own fragrance for the Olfactory Biome installation by using pheromone-like compounds and scent molecules that attract and repel. Make a fragrance that expresses your mo...,"Create your own fragrance for the Olfactory Biome installation by using pheromone-like compounds and scent molecules that function as either attractants or repellents. By combining scents that subtly convey social signals, you can produce olfactory messages that express both yourself and your current mood.

After blending your fragrance for the first 30 minutes, you will then be guided through the olfactory installation. Experience how invisible chemical signals shape our social interactions, pe","Title: Olfactory Biome: The Smell is the Message!. Format: Workshop. Area: OK QUARTER. Location: Ursulinenhof Linz, Gewölbesaal. Overview: Create your own fragrance for the Olfactory Biome installation by using pheromone-like compounds and scent molecules that attract and repel. Make a fragrance that expresses your mood and experience how chemical signals shape social interactions and our sense of distance."
3a338ddb450c8152b070dba10c23ca88,Soiled,Workshop,False,12. September 2026 11:00 (MESZ) → 13:00,"Ursulinenhof Linz, Gewölbesaal",OK QUARTER,48.30226,14.29074,,"Guided by science and curiosity, this workshop will provide a sensory exploration of the vast forms of life that exist in soil in order to spark gratitude and compassion. Participa...","Is soil alive? Investigating this seemingly simple question, this workshop will enable participants to discover life in the dark ground below. Evolving from scientists who experimentally search for signs of life in soil, participants will embody various forms of soiled life and artistically express their present and immanent reality. Bridging these worlds, the workshop will provide scientific and creative materials so that the complex relevance of soil can be encountered from individual angles.","Title: Soiled. Format: Workshop. Area: OK QUARTER. Location: Ursulinenhof Linz, Gewölbesaal. Overview: Guided by science and curiosity, this workshop will provide a sensory exploration of the vast forms of life that exist in soil in order to spark gratitude and compassion. Participants will evolve from being scientists discovering otherly beings to the soiled life itself creating and residing within the Earth’s fragile skin."
3a038ddb450c81f9bdbddec916b1cdbd,The Virus Stories We Carry,Workshop,True,12. September 2026 13:30 (MESZ) → 15:30,"Ursulinenhof Linz, Gewölbesaal",OK QUARTER,48.30226,14.29074,,"What if we could meet viruses on a human scale? This hands-on workshop invites participants to encounter viruses through touch, embodiment and collective making.","What if we could meet viruses on a human scale? This hands-on workshop invites participants to encounter viruses through touch, embodiment and collective making. Participants exchange virus stories, engage with materials from contemporary virology and create life-sized virus forms. Through artistic exploration and dialogue, they reflect on their relationships with viruses, urban ecologies and shared futures. Each participant leaves with a photographic portrait of their handmade virus.","Title: The Virus Stories We Carry. Format: Workshop. Area: OK QUARTER. Location: Ursulinenhof Linz, Gewölbesaal. Overview: What if we could meet viruses on a human scale? This hands-on workshop invites participants to encounter viruses through touch, embodiment and collective making."
39d38ddb450c816e99baddbfaebe5e60,Whose Future Are You Building?,Workshop,False,13. September 2026 12:30 (MESZ) → 14:30,"Ursulinenhof Linz, Gewölbesaal",OK QUARTER,48.30226,14.29074,,"Bring one real project, prototype, artwork or research question and examine it through the perspectives of technology, arts and humanities. Using TAH Prism, prompt cards and a visu...","The workshop asks what futures your project helps to build—and whose values, needs and agency it supports. TAH brings together Technology, Arts and Humanities: systems and feasibility, imagination and experience, values and social context. Using the AI-enabled TAH Prism, prompt cards and a visual canvas, participants uncover blind spots, reframe one real project, identify a responsible next step and gain a reusable transdisciplinary method developed within the Erasmus+ TransInnovate project.","Title: Whose Future Are You Building?. Format: Workshop. Area: OK QUARTER. Location: Ursulinenhof Linz, Gewölbesaal. Overview: Bring one real project, prototype, artwork or research question and examine it through the perspectives of technology, arts and humanities. Using TAH Prism, prompt cards and a visual canvas, participants uncover hidden assumptions, reframe their work and identify one specific next step."
39e38ddb450c8161ae08e55f1c7b5b31,Water Whisperer,Workshop,True,13. September 2026 15:30 (MESZ) → 17:30,bb15,SATELLITE LOCATIONS,48.3004,14.28513,,"Water Whisperer is an immersive participatory AI workshop where participants converse with the spirits of Danube, rain, snow, fog, groundwater and wastewater. Rather than providing...","Water Whisperer is an immersive participatory AI installation where visitors converse with the Danube, rain, snow, fog, groundwater and wastewater as living voices with their own interests played by AI agents. Rather than acting as an answer machine, AI facilitates collective dialogue, encouraging participants to negotiate different ecological perspectives and recognize themselves not as managers of water, but as part of an interconnected water cycle.","Title: Water Whisperer. Format: Workshop. Area: SATELLITE LOCATIONS. Location: bb15. Overview: Water Whisperer is an immersive participatory AI workshop where participants converse with the spirits of Danube, rain, snow, fog, groundwater and wastewater. Rather than providing answers, AI fosters collective dialogue and invites participants to see themselves as part of a shared water ecology"
3a438ddb450c804bb060d823a2db6a47,Expert Tour: Meet the Features Partners,Guided Tour,False,9. September 2026 15:00 (MESZ) → 16:30,Francisco Carolinum,OK QUARTER,48.30603,14.29371,,The Ars Electronica Features Exhibition showcases a carefully curated selection of international projects at the intersection of art and technology.,"The Ars Electronica Features Exhibition showcases a carefully curated selection of international projects at the intersection of art and technology. Sixteen partners explore what it means to act, decide and make meaning at a moment when the boundaries between human intention, algorithmic process and biological life have become difficult to locate. Christl Baur, Head of the Ars Electronica Festival and Program Director, provides an insight into the collaborations behind the exhibition and introdu",Title: Expert Tour: Meet the Features Partners. Format: Guided Tour. Area: OK QUARTER. Location: Francisco Carolinum. Overview: The Ars Electronica Features Exhibition showcases a carefully curated selection of international projects at the intersection of art and technology.
3a438ddb450c811fb8c1df1111e31f4b,Bubble Talk: AI-Guided Exhibition Tour,Guided Tour,True,9. September 2026 13:00 (MESZ) → 15:00,"Ars Electronica Center, Level 1, Connected Earth",DANUBE TRIANGLE,48.30962,14.28445,,"Join an experimental AI-guided exhibition tour with Bubble Talk. Participants create a personalized museum guide based on their interests, discover unexpected connections between a...","This experience invites participants to test Bubble Talk, an experimental AI-guided exhibition tour. Bubble Talk creates personalized tours based on visitors’ interests while introducing unexpected connections to unfamiliar artworks. Participants explore the Connected Earth exhibition in the Ars Electronica Center, share feedback and contribute to research on how AI can help museums foster curiosity, learning and dialogue beyond personal information bubbles.","Title: Bubble Talk: AI-Guided Exhibition Tour. Format: Guided Tour. Area: DANUBE TRIANGLE. Location: Ars Electronica Center, Level 1, Connected Earth. Overview: Join an experimental AI-guided exhibition tour with Bubble Talk. Participants create a personalized museum guide based on their interests, discover unexpected connections between artworks, and help shape the future of adaptive exhibition experiences through their feedback."
39138ddb450c803a8818e559249f1bc3,Expert Tour: Christl Baur (DE),Guided Tour,True,12. September 2026 11:00 (MESZ) → 12:30,Lentos Kunstmuseum,DANUBE TRIANGLE,48.30863,14.28884,,"Join Christl Baur, Head of the Ars Electronica Festival and Program Director, as she takes you on a guided tour through the theme exhibition Negotiating Humanity.","Join Christl Baur, Head of the Ars Electronica Festival and Program Director, as she takes you on a guided tour through the theme exhibition Negotiating Humanity. She shares insights into this year’s award-winning works and explores how art can become an infrastructure of negotiation, showing how the topics of the six works on view shape the discussion around this year’s festival theme.","Title: Expert Tour: Christl Baur (DE). Format: Guided Tour. Area: DANUBE TRIANGLE. Location: Lentos Kunstmuseum. Overview: Join Christl Baur, Head of the Ars Electronica Festival and Program Director, as she takes you on a guided tour through the theme exhibition Negotiating Humanity."
ae438ddb450c83c1998981764e7f6f81,Layers of Time: City Tour meets Media Arts (DE),Guided Tour,True,12. September 2026 10:00 (MESZ) → 11:30,"OK Platz, WE GUIDE YOU Meeting Point",OK QUARTER,48.30231,14.29098,,"Discover how Linz’s historic buildings became today’s festival venues. Each stop begins with the site’s history and architectural significance before we introduce the artworks, cre...","Discover Linz through the lens of Ars Electronica. This tour explores the historic festival venues, revealing their architectural and cultural significance—from monasteries and schools to museums. Wolfram Starczewski, city guide in Linz, together with Ars Electronica Festival Guides, creates a dialogue between the locations of the festival, their (historical) meaning and the artworks presented in the venues.","Title: Layers of Time: City Tour meets Media Arts (DE). Format: Guided Tour. Area: OK QUARTER. Location: OK Platz, WE GUIDE YOU Meeting Point. Overview: Discover how Linz’s historic buildings became today’s festival venues. Each stop begins with the site’s history and architectural significance before we introduce the artworks, creating a dialogue between past, present and future."
3a038ddb450c81968a8adf47639794a6,Layers of Time: City Tour meets Media Arts (EN),Guided Tour,False,11. September 2026 17:30 (MESZ) → 19:00,"OK Platz, WE GUIDE YOU Meeting Point",OK QUARTER,48.30231,14.29098,,"Discover how Linz's historic buildings became today's festival venues. Each stop begins with the site's history and architectural significance before we introduce the artworks, cre...","Discover Linz through the lens of Ars Electronica. This tour explores the historic festival venues, revealing their architectural and cultural significance—from monasteries and schools to museums. Wolfram Starczewski, city guide in Linz, together with Ars Electronica Festival Guides, creates a dialogue between the locations of the festival, their (historical) meaning and the artworks presented in the venues.","Title: Layers of Time: City Tour meets Media Arts (EN). Format: Guided Tour. Area: OK QUARTER. Location: OK Platz, WE GUIDE YOU Meeting Point. Overview: Discover how Linz's historic buildings became today's festival venues. Each stop begins with the site's history and architectural significance before we introduce the artworks, creating a dialogue between past, present and future."
3a338ddb450c8137b49bf90134b4640e,KEPLER SALON EXTRA EXTERN: SHOW ME YOUR FACE,Lecture & Talk,True,13. September 2026 12:00 (MESZ) → 13:30,"JKU MED Campus, Administration Building (ADM), JKU medLOFT (9th floor)",MED CAMPUS,48.30274,14.30288,,"Between genotype and phenotype unfolds a lifelong process of becoming. KEPLER SALON EXTRA EXTERN brings together contemporary genomics, AI and art to open new perspectives on ident...","KEPLER SALON EXTRA EXTERN explores the interplay between genetics, experience and identity, questioning deterministic views of human behavior, particularly violence. A two-channel video installation using AI, moving images, text and the sonification of genomic data makes the phenotype tangible as a process of becoming between biological potential and lived experience. The discussion features Johannes Pröll, Mika Kavdanska and Dilmana Yordanova with host Cornelia Lehner.","Title: KEPLER SALON EXTRA EXTERN: SHOW ME YOUR FACE. Format: Lecture & Talk. Area: MED CAMPUS. Location: JKU MED Campus, Administration Building (ADM), JKU medLOFT (9th floor). Overview: Between genotype and phenotype unfolds a lifelong process of becoming. KEPLER SALON EXTRA EXTERN brings together contemporary genomics, AI and art to open new perspectives on identity, human behavior and violence in particular."
91438ddb450c83eca2140150915dd53b,Spotlight Tour FESTIVAL WALK: Negotiating the Real (DE/Austrian Sign Language),Guided Tour,False,13. September 2026 10:00 (MESZ) → 11:30,"OK Platz, WE GUIDE YOU Meeting Point",OK QUARTER,48.30231,14.29098,,"How do we negotiate reality? How does community form, both among us humans and with other living beings? What systems of belief shape the conflicts we face in this process and what...","How do we negotiate reality? How does community form, both among us humans and with other living beings? What systems of belief shape the conflicts we face in this process and what role does technology play? This guided tour takes you on a journey along the FESTIVAL WALK through the heart of Linz visiting a school, a museum, a hospital and several churches, connecting infrastructures of our daily life with artistic projects.","Title: Spotlight Tour FESTIVAL WALK: Negotiating the Real (DE/Austrian Sign Language). Format: Guided Tour. Area: OK QUARTER. Location: OK Platz, WE GUIDE YOU Meeting Point. Overview: How do we negotiate reality? How does community form, both among us humans and with other living beings? What systems of belief shape the conflicts we face in this process and what role does technology play?"
3a338ddb450c80698910f64de93e6eb5,Ars Electronica Solutions Tour (DE),Guided Tour,False,10. September 2026 10:15 (MESZ) → 10:45,"Ars Electronica Center, Level 0, Guided Tours & Workshops Desk",DANUBE TRIANGLE,48.30962,14.28445,,"On this tour, we offer a personal look into our working methods and how the Ars Electronica Solutions exhibition came together.","During this tour of the Ars Electronica Solutions showcase, we offer personal insights into our ways of working and the development of the exhibition. We show how innovative concepts emerge from initial ideas, questions and technological possibilities and how they are transformed into immersive experiences through creative processes, interdisciplinary collaboration and the use of cutting-edge technologies. Visitors will discover how content, data and complex interrelationships can become interac","Title: Ars Electronica Solutions Tour (DE). Format: Guided Tour. Area: DANUBE TRIANGLE. Location: Ars Electronica Center, Level 0, Guided Tours & Workshops Desk. Overview: On this tour, we offer a personal look into our working methods and how the Ars Electronica Solutions exhibition came together."
3a438ddb450c81d9b7b8fa811d7474e1,Anatomy for Everyone,Experience,True,11. September 2026 18:00 (MESZ) → 19:00,"JKU MED Campus, Laboratory Building (LAB), Level 1, JKU medSPACE",MED CAMPUS,48.30254,14.30337,,"Discover the human body in immersive 3D. Guided by JKU professor Franz Fellner, Anatomy for Everyone reveals organs, muscles, bones and blood vessels through stunning virtual anato...","Anatomy for Everyone invites audiences to explore the human body in an immersive virtual anatomy theater. Led by JKU Professor Franz Fellner, giant 3D visualizations generated from CT and MRI data reveal organs, muscles, vessels and bones in remarkable detail. Visitors experience the body layer by layer, discovering how immersive visualization and cinematic rendering are transforming medicine, medical education and scientific communication while making complex anatomy accessible to everyone.","Title: Anatomy for Everyone. Format: Experience. Area: MED CAMPUS. Location: JKU MED Campus, Laboratory Building (LAB), Level 1, JKU medSPACE. Overview: Discover the human body in immersive 3D. Guided by JKU professor Franz Fellner, Anatomy for Everyone reveals organs, muscles, bones and blood vessels through stunning virtual anatomy, showcasing how advanced imaging technologies are transforming the way we explore the human body."
3a438ddb450c81fc8cc3c1523e2d1cd1,How to create a monotype,Workshop,False,11. September 2026 14:00 (MESZ) → 18:00,"Ursulinenhof Linz, ZÜLOW Gruppe",OK QUARTER,48.30243,14.29032,,Discover the art of monotype printmaking in this event hosted by the Zülow-Gruppe. Learn about a printmaking technique that has fascinated artists for centuries.,"The monotype printmaking technique is demonstrated in this workshop. Believed to have been invented by Giovanni Benedetto Castiglione in the 17th century, it has since become a popular medium for artists seeking to create unique and highly expressive works. Monotype encourages spontaneity and experimentation, fostering creativity, flexibility and an openness to unexpected results.","Title: How to create a monotype. Format: Workshop. Area: OK QUARTER. Location: Ursulinenhof Linz, ZÜLOW Gruppe. Overview: Discover the art of monotype printmaking in this event hosted by the Zülow-Gruppe. Learn about a printmaking technique that has fascinated artists for centuries."
39138ddb450c805b8e4edc2207c55387,Town Hall Meeting: Art & Culture as Innovation Drivers in AI Infrastructures,Networking Event,False,9. September 2026 17:00 (MESZ) → 18:00,"OK Linz, voestalpine OPEN SPACE",OK QUARTER,48.30286,14.29061,,"This Town Hall brings together artists, HPC operators and cultural institutions for an open exchange on how artistic practice can become a recognized driver of innovation within AI...","As Europe builds out its network of AI factories and High Performance Computing (HPC) centers, a critical question remains largely unaddressed: What role can artists and cultural organizations play in shaping these infrastructures—not as end-users, but as genuine innovation partners?
This Town Hall brings together artists, HPC operators and cultural institutions for an open exchange on how artistic practice can become a recognized driver of innovation within AI networks. Artists working at the f","Title: Town Hall Meeting: Art & Culture as Innovation Drivers in AI Infrastructures. Format: Networking Event. Area: OK QUARTER. Location: OK Linz, voestalpine OPEN SPACE. Overview: This Town Hall brings together artists, HPC operators and cultural institutions for an open exchange on how artistic practice can become a recognized driver of innovation within AI networks."
39138ddb450c804abf9fc043ea1c25a0,Soil Rendezvous,Networking Event,False,10. September 2026 15:00 (MESZ) → 16:00,"OK Linz, voestalpine OPEN SPACE",OK QUARTER,48.30286,14.29061,,"Connect across disciplines, exchange ideas and explore artistic approaches to soil literacy and ecological transition. Expand your network, contribute to a growing community of cha...","Connect across disciplines, exchange ideas, get inspired by artistic methodologies and help cultivate a growing community around soil literacy and ecological transition. You are invited to take this opportunity to expand your network and contribute to a growing community of change-makers, exploring soil as both climate infrastructure and cultural commons. Plant the seeds for future collaboration!","Title: Soil Rendezvous. Format: Networking Event. Area: OK QUARTER. Location: OK Linz, voestalpine OPEN SPACE. Overview: Connect across disciplines, exchange ideas and explore artistic approaches to soil literacy and ecological transition. Expand your network, contribute to a growing community of change-makers and discover soil as both climate infrastructure and a cultural commons. Plant seeds for future collaboration!"
39038ddb450c81749ca5c8947f44f2a4,ECOfem Media Art Stammtisch,Networking Event,True,10. September 2026 17:00 (MESZ) → 18:00,"OK Linz, voestalpine OPEN SPACE",OK QUARTER,48.30286,14.29061,,"We warmly invite women and gender-conscious media artists, researchers and practitioners to explore how the ethics of care can shape more just and sustainable futures for our plane...","How can female media artists explore nature, ecofeminism, body politics and inclusive futures? How might gender equality and power shape the future of artistic and scientific practices? How can personal experiences from digital artists who work with scientists contribute to environmental stewardship and climate justice? This event will encourage an in-depth public conversation about ecology, outdated political paradigms and contribute to a deeper conversation about the kind of future we wish to ","Title: ECOfem Media Art Stammtisch. Format: Networking Event. Area: OK QUARTER. Location: OK Linz, voestalpine OPEN SPACE. Overview: We warmly invite women and gender-conscious media artists, researchers and practitioners to explore how the ethics of care can shape more just and sustainable futures for our planet. Let us share experiences, exchange ideas and collectively envision pathways toward ecological and social change."
39038ddb450c8158b6a3fd10f4d4ff0d,Seeds of the Unthinkable,Workshop,True,12. September 2026 12:00 (MESZ) → 14:00,Main Square Linz,DANUBE TRIANGLE,48.30549,14.28668,,"Researchers from INVI and University of Copenhagen show you how to use AI to imagine new futures for our food and health systems, from what lives in our soils today to what will la...","Seeds of the Unthinkable is a world-building game which protests the failure of imagination that keeps broken food systems going. Developed by the Institute for Wicked Problems (INVI) and the University of Copenhagen, the game moves through three acts covering what lives in our soils, how soil health connects to human health and what we will eat in 2050. Visitors encounter AI-generated images rooted in both research and science fiction, and will guess which prompts created them, write postcards ","Title: Seeds of the Unthinkable. Format: Workshop. Area: DANUBE TRIANGLE. Location: Main Square Linz. Overview: Researchers from INVI and University of Copenhagen show you how to use AI to imagine new futures for our food and health systems, from what lives in our soils today to what will land on our plate in 2050. Decode AI-generated images, make your own visions come to life and help expand the collective imagination!"
3a538ddb450c8042a6e2c78244bdcd22,Performances at Main Square,Performance,False,9. September 2026 14:15 (MESZ) → 14:45,Main Square Linz,DANUBE TRIANGLE,48.30549,14.28668,,"The Flood the Zone with Courage program presents a series of interventions, each lasting no more than seven minutes. Through diverse artistic approaches, these interventions reimag...","The Flood the Zone with Courage program presents a series of interventions, each lasting no more than seven minutes. Through diverse artistic approaches, these interventions reimagine protest, exploring the many forms it can take and inviting audiences into concentrated moments of action that continuously shift in both form and intensity. This year’s program explores many of the challenges that shape our everyday lives. Some interventions respond to the climate crisis and explore how technologic","Title: Performances at Main Square. Format: Performance. Area: DANUBE TRIANGLE. Location: Main Square Linz. Overview: The Flood the Zone with Courage program presents a series of interventions, each lasting no more than seven minutes. Through diverse artistic approaches, these interventions reimagine protest, exploring the many forms it can take and inviting audiences into concentrated moments of action."
3a338ddb450c80549ac9f4a2889cedfc,"NaturArchy: Curating Across Art, Science, Policymaking",Networking Event,True,11. September 2026 16:30 (MESZ) → 17:30,"OK Linz, voestalpine OPEN SPACE",OK QUARTER,48.30286,14.29061,,"How do we meaningfully curate across art, science and policymaking? Drawing on examples from the NaturArchy project we invite participants to discuss their own experiences and prac...","This Town Hall event presents NaturArchy as a case study for working across art, science and policymaking. Drawing on the recent publication and the 14 art-science-policy projects it documents, this event provides a space for participants to share their own projects and reflect on how these practices affect decision-making processes. Discussions will reflect on curatorial practices, science-for-policy, governance and transdisciplinarity.","Title: NaturArchy: Curating Across Art, Science, Policymaking. Format: Networking Event. Area: OK QUARTER. Location: OK Linz, voestalpine OPEN SPACE. Overview: How do we meaningfully curate across art, science and policymaking? Drawing on examples from the NaturArchy project we invite participants to discuss their own experiences and practices at the art-science-policy nexus."
39938ddb450c80de8d88e975adbe98e3,Deer Hunter,Screening,True,12. September 2026 16:30 (MESZ) → 17:20,"JKU MED Campus, Laboratory Building (LAB), Level 1, JKU medSPACE",MED CAMPUS,48.30254,14.30337,,"In Deer Hunter, Herzog intertwines archival footage, family home videos and AI-generated imagery to reflect on masculinity, migration, family and identity.","Join Andrew Herzog for a screening of his award-winning film Deer Hunter. The event consists of a 30-minute screening followed by a 15-minute conversation. In Deer Hunter, Herzog intertwines archival footage, family home videos and AI-generated imagery to reflect on masculinity, migration, family and identity.  
 
Moving between Italy and the United States, the film traces the artist's family history while questioning how personal memory, national mythology and technological image-making shape o","Title: Deer Hunter. Format: Screening. Area: MED CAMPUS. Location: JKU MED Campus, Laboratory Building (LAB), Level 1, JKU medSPACE. Overview: In Deer Hunter, Herzog intertwines archival footage, family home videos and AI-generated imagery to reflect on masculinity, migration, family and identity."
39938ddb450c801e9f63e32bd6137963,Spray and Pray,Screening,False,11. September 2026 14:00 (MESZ) → 14:35,"JKU MED Campus, Laboratory Building (LAB), Level 1, JKU medSPACE",MED CAMPUS,48.30254,14.30337,,"Join Veneta Androva for a screening of her new film Spray and Pray, recipient of an Honorary Mention in the Prix Ars Electronica 2026. The screening is followed by a conversation w...","Join Veneta Androva for a screening of her new film Spray and Pray, recipient of an Honorary Mention in the Prix Ars Electronica 2026. The screening is followed by a conversation with the artist.  
 
Spray and Pray is a speculative animated documentary examining monetized disinformation infrastructures known as mushroom websites—networks of automatically generated news sites designed to launder propaganda and generate advertising revenue. Developed through long-term research, the film explores t","Title: Spray and Pray. Format: Screening. Area: MED CAMPUS. Location: JKU MED Campus, Laboratory Building (LAB), Level 1, JKU medSPACE. Overview: Join Veneta Androva for a screening of her new film Spray and Pray, recipient of an Honorary Mention in the Prix Ars Electronica 2026. The screening is followed by a conversation with the artist."
39938ddb450c805fa16bc26f87c6891d,AI’s Silent Omissions,Screening,False,10. September 2026 12:30 (MESZ) → 13:30,"JKU MED Campus, Laboratory Building (LAB), Level 1, JKU medSPACE",MED CAMPUS,48.30254,14.30337,,"Join Nozomu Kubota for a screening of his documentary AI’s Silent Omissions, recipient of an Honorary Mention in the Prix Ars Electronica 2026, Digital Humanity category.","Join Nozomu Kubota for a screening of his documentary AI’s Silent Omissions, recipient of an Honorary Mention in the Prix Ars Electronica 2026, Digital Humanity category. The event consists of a 30-minute screening followed by a 15-minute conversation. 
 
AI’s Silent Omissions is a documentary that examines the structural exclusion embedded in contemporary image-generation technologies, where only bodies defined as ""normal"" are reproduced while others are systematically erased. Centering on peop","Title: AI’s Silent Omissions. Format: Screening. Area: MED CAMPUS. Location: JKU MED Campus, Laboratory Building (LAB), Level 1, JKU medSPACE. Overview: Join Nozomu Kubota for a screening of his documentary AI’s Silent Omissions, recipient of an Honorary Mention in the Prix Ars Electronica 2026, Digital Humanity category."
39938ddb450c806bbd83eea681586950,Data Workers’ Inquiry,Screening,True,13. September 2026 11:00 (MESZ) → 12:00,"JKU MED Campus, Laboratory Building (LAB), Level 1, JKU medSPACE",MED CAMPUS,48.30254,14.30337,,"Join Milagros Miceli for a presentation of Data Workers’ Inquiry, recipient of the Award of Distinction in the Prix Ars Electronica 2026, Digital Humanity category.","Join Milagros Miceli for a presentation of Data Workers’ Inquiry, recipient of the Award of Distinction in the Prix Ars Electronica 2026, Digital Humanity category. The event consists of a 30-minute presentation, followed by a 15-minute conversation. 
 
Data Workers’ Inquiry (DWI) is a global, radically participatory research initiative that puts the people who build AI at the center of the conversation about it. The project invites data workers involved in data annotation, content moderation an","Title: Data Workers’ Inquiry. Format: Screening. Area: MED CAMPUS. Location: JKU MED Campus, Laboratory Building (LAB), Level 1, JKU medSPACE. Overview: Join Milagros Miceli for a presentation of Data Workers’ Inquiry, recipient of the Award of Distinction in the Prix Ars Electronica 2026, Digital Humanity category."
39938ddb450c80edb03ee42e81cb38f7,The Innocence of Unknowing,Performance,False,12. September 2026 18:00 (MESZ) → 18:45,"JKU MED Campus, Teaching Building (LEH), Level 0, Lecture Hall 1",MED CAMPUS,48.30272,14.30387,,"Join Ryat Yezbick for a live performance of The Innocence of Unknowing, recipient of an Honorary Mention in the Prix Ars Electronica 2026, New Animation Art category.","Join Ryat Yezbick for a live performance of The Innocence of Unknowing, recipient of an Honorary Mention in the Prix Ars Electronica 2026, New Animation Art category.

The project investigates how mass shootings are mediated, staged and normalized through broadcast news. At its center is a custom-built AI Humanities Scholar developed by Ryat Yezbick and Milo Talwan—an original machine learning system capable of editing, indexing and analyzing every second of footage within an archive of more tha","Title: The Innocence of Unknowing. Format: Performance. Area: MED CAMPUS. Location: JKU MED Campus, Teaching Building (LEH), Level 0, Lecture Hall 1. Overview: Join Ryat Yezbick for a live performance of The Innocence of Unknowing, recipient of an Honorary Mention in the Prix Ars Electronica 2026, New Animation Art category."
39938ddb450c809faaf0f2ae80d986e5,Border Tuner | Sintonizador Fronterizo,Lecture & Talk,True,11. September 2026 16:00 (MESZ) → 17:30,"JKU MED Campus, Laboratory Building (LAB), Level 1, JKU medSPACE",MED CAMPUS,48.30254,14.30337,,"Join Rafael Lozano-Hemmer for a lecture on Border Tuner, followed by a screening of the documentary and a presentation of the accompanying publication.","Join Rafael Lozano-Hemmer for a lecture on Border Tuner, followed by a screening of the documentary and a presentation of the accompanying publication. Together, they offer an in-depth look at the conception and legacy of this large-scale participatory artwork. 
 
Border Tuner connected the sister cities of El Paso, Texas, and Ciudad Juárez, Chihuahua, through powerful searchlights that opened live channels for direct communication across the U.S.–Mexico border. Created at a time of intensified ","Title: Border Tuner | Sintonizador Fronterizo. Format: Lecture & Talk. Area: MED CAMPUS. Location: JKU MED Campus, Laboratory Building (LAB), Level 1, JKU medSPACE. Overview: Join Rafael Lozano-Hemmer for a lecture on Border Tuner, followed by a screening of the documentary and a presentation of the accompanying publication."
39938ddb450c80b289f1fef9e6c5184d,The Game Was Rigged from the Start,Screening,False,12. September 2026 15:00 (MESZ) → 16:00,"JKU MED Campus, Laboratory Building (LAB), Level 1, JKU medSPACE",MED CAMPUS,48.30254,14.30337,,Join 2girls1comp for a Meet the Artist session exploring how video game modding can be used as a subversive artistic practice.,"Join 2girls1comp for a Meet the Artist session exploring how video game modding can be used as a subversive artistic practice. Together, the three works reveal how modding can become a form of critical intervention: by altering rules, animations and glitches within a commercial game, 2girls1comp exposes the ideologies embedded in its systems and opens up possibilities for imagining them differently.
 
Dancing Plague is an adaptation of the world-famous open-world computer game Grand Theft Auto V","Title: The Game Was Rigged from the Start. Format: Screening. Area: MED CAMPUS. Location: JKU MED Campus, Laboratory Building (LAB), Level 1, JKU medSPACE. Overview: Join 2girls1comp for a Meet the Artist session exploring how video game modding can be used as a subversive artistic practice."
39938ddb450c80f49c55d81e4d0dc25b,Best Student Animations from HSLU,Screening,False,11. September 2026 12:30 (MESZ) → 13:30,"JKU MED Campus, Laboratory Building (LAB), Level 1, JKU medSPACE",MED CAMPUS,48.30254,14.30337,,"This screening presents a selection of 13 student films from the Animation program at Lucerne School of Design, Film and Art (HSLU), one of the world’s leading institutions for ani...","This screening presents a selection of 13 student films from the Animation program at Lucerne School of Design, Film and Art (HSLU), one of the world’s leading institutions for animation education. Traditionally committed to the artistic auteur film, the Animation study program fosters a holistic understanding of the medium and offers students a highly individualized education across all areas of the discipline, encompassing both artistic auteur filmmaking and applied animation projects.","Title: Best Student Animations from HSLU. Format: Screening. Area: MED CAMPUS. Location: JKU MED Campus, Laboratory Building (LAB), Level 1, JKU medSPACE. Overview: This screening presents a selection of 13 student films from the Animation program at Lucerne School of Design, Film and Art (HSLU), one of the world’s leading institutions for animation education."
39c38ddb450c80c191e5cf14f3c88e3d,"Die Böden der Linzer Donau – einst, heute & in Zukunft",Guided Tour,False,10. September 2026 12:00 (MESZ) → 13:30,Klimaoase Linz-Lustenau,SATELLITE LOCATIONS,48.30503,14.32196,,"The Soil Walk leads into the industrial heart of Linz, to the Klimaoase (Climate Oasis) of the Verein Schwemmland.","The Soil Walk leads into the industrial heart of Linz, to the Klimaoase (Climate Oasis) of the Verein Schwemmland. At the more than 550-year-old Hollaberer estate—the last farming and fishing homestead in Linz—you’ll learn about the cultural and natural history of Lustenau. The focus is on conveying what the Linz alluvial soils have done (and can still do) for climate, nature and environmental protection on a local level. The tour also offers a visionary look at the potential of the Danube soils","Title: Die Böden der Linzer Donau – einst, heute & in Zukunft. Format: Guided Tour. Area: SATELLITE LOCATIONS. Location: Klimaoase Linz-Lustenau. Overview: The Soil Walk leads into the industrial heart of Linz, to the Klimaoase (Climate Oasis) of the Verein Schwemmland."
3a538ddb450c81fb9082cea8161fdb76,Robertina Šebjanič – Journal from the TARA expedition vessel: Echoes of the Abyss,Lecture & Talk,True,11. September 2026 14:00 (MESZ) → 14:30,"Catholic Private University Linz, Courtyard",OK QUARTER,48.30338,14.29179,,"Echoes of the Abyss explores the hidden legacy of chemical weapons dumped in the ocean. Based on the artist’s Baltic Sea research, the talk examines how artistic practice reveals e...","Echoes of the Abyss addresses the overlooked issue of chemical weapons dumped on the ocean floor. These remnants of past conflicts threaten biodiversity, alter water chemistry and act as environmental time bombs. Based on research conducted during the artist’s expedition with the Tara Ocean Foundation in the Baltic Sea, the talk hosted by researchers from the Catholic Private University Linz explores the intersection of artistic research, marine science, history and ecological destruction.","Title: Robertina Šebjanič – Journal from the TARA expedition vessel: Echoes of the Abyss. Format: Lecture & Talk. Area: OK QUARTER. Location: Catholic Private University Linz, Courtyard. Overview: Echoes of the Abyss explores the hidden legacy of chemical weapons dumped in the ocean. Based on the artist’s Baltic Sea research, the talk examines how artistic practice reveals ecological threats and creates new perspectives on the links between science, history and environmental destruction."
3a638ddb450c816496a2dc366302aef5,fem(with)me,Workshop,False,11. September 2026 11:00 (MESZ) → 13:00,Linz City Space,Linz,,,,"Meet Black Pearl, protagonist of the Extended Reality work OYA, for a hands-on Ballroom workshop. Dive into European Runway—an expressive, feminine walk of technique, poses and tur...","This workshop explores how femininity can be consciously embodied and made visible as a language of presence, confidence and self-expression. It is led by Black Pearl, protagonist of the Extended Reality work OYA, which traces her journey of becoming—a reflection on release, liberation and returning to the self. After a warm-up and a short introduction to Ballroom culture and its roots in New York, participants practice European Runway: poses, walking, turns and a short battle.","Title: fem(with)me. Format: Workshop. Area: Linz. Location: Linz City Space. Overview: Meet Black Pearl, protagonist of the Extended Reality work OYA, for a hands-on Ballroom workshop. Dive into European Runway—an expressive, feminine walk of technique, poses and turns. Open to all, especially LGBTQIA+ and BIPOC participants, this is a space to celebrate authenticity and self-expression."
39d38ddb450c81b08be0dddee46f5f9d,Character Lab: Digital Companions for a Festival of the Future,Workshop,False,9. September 2026 15:00 (MESZ) → 17:00,"Ursulinenhof Linz, Gewölbesaal",OK QUARTER,48.30226,14.29074,,"In this hands-on workshop, participants create original characters for AI festival guides. We blend analog character work with AI prototyping and test first dialogues to explore wh...","The workshop explores what kind of personality a digital guide should have at a festival like Ars Electronica. Sincere, playful, poetic or critical? Participants create original AI companion characters, then translate them into simple chatbot prototypes and test first conversations. The event connects character creation, storytelling and AI prompting, raising questions about voice, social cues, trust and mediation in future cultural and artistic AI applications.","Title: Character Lab: Digital Companions for a Festival of the Future. Format: Workshop. Area: OK QUARTER. Location: Ursulinenhof Linz, Gewölbesaal. Overview: In this hands-on workshop, participants create original characters for AI festival guides. We blend analog character work with AI prototyping and test first dialogues to explore what kind of companion voice truly fits Ars Electronica."
30038ddb450c8324a91681957a452f56,Endless Possibilities,Experience,False,11. September 2026 17:00 (MESZ) → 18:00,"Ars Electronica Center, Level 0, Deep Space 8K",DANUBE TRIANGLE,48.30962,14.28445,,Members of the global Deep Space Community share insights into their current projects and show how ideas become immersive experiences—from interactive applications and stereoscopic...,"Deep Space is an open platform, and its possibilities grow through the people who create for it. This session brings together members of the global Deep Space Community to present what they are currently developing—from interactive applications and stereoscopic 3D experiences to video productions and entirely new formats.
The projects span science communication, art and cultural heritage, medicine and biology and the future of education. Each offers a different perspective on what immersive spac","Title: Endless Possibilities. Format: Experience. Area: DANUBE TRIANGLE. Location: Ars Electronica Center, Level 0, Deep Space 8K. Overview: Members of the global Deep Space Community share insights into their current projects and show how ideas become immersive experiences—from interactive applications and stereoscopic 3D experiences to entirely new formats."
6e138ddb450c837097dc81e01ec469ea,Science Experience,Experience,False,12. September 2026 10:30 (MESZ) → 11:00,"Ars Electronica Center, Level 0, Deep Space 8K",DANUBE TRIANGLE,48.30962,14.28445,,"Over the course of 30 minutes, we will cover a variety of topics from Earth observation and climate data to planetary defence. Join us for a compact, concrete and live discussion w...","Protect Our Planet and Climate—a Science Experience by Ars Electronica Solutions and the European Space Agency. Over the course of 30 minutes, we will cover a variety of topics from our home planet to planetary defence: Earth observation and climate data reveal our planet’s current state, ESA satellites deliver the facts and the Hera mission provides the platform for an important conversation about how we defend ourselves against asteroids. From awareness to agency,  join us for a compact, concr","Title: Science Experience. Format: Experience. Area: DANUBE TRIANGLE. Location: Ars Electronica Center, Level 0, Deep Space 8K. Overview: Over the course of 30 minutes, we will cover a variety of topics from Earth observation and climate data to planetary defence. Join us for a compact, concrete and live discussion with ESA experts."
3a538ddb450c81f58ae1f5d343fbcee1,Updating the Great Acceleration Charts: New Signals for a Changing World,Networking Event,False,9. September 2026 12:00 (MESZ) → 13:00,"OK Linz, voestalpine OPEN SPACE",OK QUARTER,48.30286,14.29061,,The Great Acceleration charts changed how we sense and feel the planet. Can that change itself become a signal? A hands-on workshop in which participants trace how the charts shape...,"The Great Acceleration charts made planetary change perceptible and in doing so, changed how humans and nonhumans perceive, feel and act. This workshop treats those affects as data. After a brief introduction to the charts, participants work in small groups to trace how the curves ripple through their own lives and organisations and to translate these ripples into candidate signals for an expanded chart set. The results are shown in the Studiotopia exhibition Updating the Great Acceleration Char","Title: Updating the Great Acceleration Charts: New Signals for a Changing World. Format: Networking Event. Area: OK QUARTER. Location: OK Linz, voestalpine OPEN SPACE. Overview: The Great Acceleration charts changed how we sense and feel the planet. Can that change itself become a signal? A hands-on workshop in which participants trace how the charts shape perception, feeling, action and translate those ripples into candidate indicators for an expanded set of curves."
19138ddb450c824ba1fc012899fb469a,Expert Tour FESTIVAL WALK: Elisabeth Falkensteiner (DE),Guided Tour,False,12. September 2026 11:30 (MESZ) → 13:00,"OK Platz, WE GUIDE YOU Meeting Point",OK QUARTER,48.30231,14.29098,,"The FESTIVAL WALK exhibition tour takes visitors to eight different locations around OK Platz in Linz, guided by co-curator Elisabeth Falkensteiner.","Join co-curator of the FESTIVAL WALK Elisabeth Falkensteiner for a guided tour. Along the route, we encounter a polyphonic exhibition parcours that brings together diverse realities and ways of imagining the world. The works on view explore how truth, humanity and community are governed, imagined, simulated and experienced. The tour reveals how the production of truth claims, social norms and collective identities is deeply intertwined with the institutional spaces in which they are negotiated a","Title: Expert Tour FESTIVAL WALK: Elisabeth Falkensteiner (DE). Format: Guided Tour. Area: OK QUARTER. Location: OK Platz, WE GUIDE YOU Meeting Point. Overview: The FESTIVAL WALK exhibition tour takes visitors to eight different locations around OK Platz in Linz, guided by co-curator Elisabeth Falkensteiner."
3a538ddb450c80759ae5c71888dccdf3,Expanded Play Gallery,Conference,False,9. September 2026 10:00 (MESZ) → 11:30,"Ars Electronica Center, Level 3, Sky Loft",DANUBE TRIANGLE,48.30962,14.28445,,The Expanded Play Gallery conference session brings together peer-reviewed short papers on interactive and playful artistic works in the field of Expanded Media.,"The Expanded Play Gallery conference session brings together peer-reviewed short papers on interactive and playful artistic works in the field of Expanded Media. The selected projects explore games, mixed reality, spatial interaction, human-computer interaction and other experimental approaches that combine artistic practice, research and technology to rethink the possibilities of play.

During the session, each author or team will present their work in a 3-minute lightning talk, followed by a d","Title: Expanded Play Gallery. Format: Conference. Area: DANUBE TRIANGLE. Location: Ars Electronica Center, Level 3, Sky Loft. Overview: The Expanded Play Gallery conference session brings together peer-reviewed short papers on interactive and playful artistic works in the field of Expanded Media."
3a538ddb450c809ab2f7fef12a90efd6,Academic Session: Research Track,Conference,False,9. September 2026 16:30 (MESZ) → 18:00,"Ars Electronica Center, Level 3, Sky Loft",DANUBE TRIANGLE,48.30962,14.28445,,The Academic Session: Research Papers presents six contributions selected through the Expanded Conference Open Call.,"The Academic Session: Research Papers presents six contributions selected through the Expanded Conference Open Call. Following a rigorous peer-review process, the Research Papers highlight artistic research, experimental methodologies and critical perspectives on expanded animation and interactive art. Each speaker will give a 15-minute presentation of their work.

16:30-16:45
XR Meets the Performing Arts: LED Wall Laboratories at the Intersection of Theatre and Virtual Production

This paper pr","Title: Academic Session: Research Track. Format: Conference. Area: DANUBE TRIANGLE. Location: Ars Electronica Center, Level 3, Sky Loft. Overview: The Academic Session: Research Papers presents six contributions selected through the Expanded Conference Open Call."
3a538ddb450c81fba4fef0567a849723,Future Screenshots,Workshop,False,11. September 2026 16:00 (MESZ) → 17:30,"Catholic Private University Linz, Linz Diocesan Library",OK QUARTER,48.30384,14.29144,,"What if we could reach into a possible future, unlock a phone and take a screenshot? Together we will draft messages, maps, prompts and posts from worlds that do not yet exist—and ...","Future Screenshots asks: What if we could reach into a possible future, unlock a phone and take a screenshot? In this workshop, audiences draft messages, maps, prompts and posts from worlds that do not yet exist. By mapping, comparing and presenting these everyday digital traces, the workshop explores how our anticipation of change and stability shapes our technological and political imagination—and how the futures people imagine together can become the futures they begin to create.","Title: Future Screenshots. Format: Workshop. Area: OK QUARTER. Location: Catholic Private University Linz, Linz Diocesan Library. Overview: What if we could reach into a possible future, unlock a phone and take a screenshot? Together we will draft messages, maps, prompts and posts from worlds that do not yet exist—and discover how the futures we imagine today is where the future begins."
3a538ddb450c804b8531f6c33e30b8f2,Birds of a Feather: Connecting Media Art Research,Conference,False,10. September 2026 14:30 (MESZ) → 16:00,"Ars Electronica Center, Level 3, Sky Loft",DANUBE TRIANGLE,48.30962,14.28445,,Connecting Media Art Research is a Birds of a Feather session that brings together representatives from leading media art communities and conferences. The session offers a platform...,"Connecting Media Art Research is a Birds of a Feather session that brings together representatives from leading media art communities and conferences. The session offers a platform to introduce their respective initiatives, exchange perspectives on current developments in the field and explore opportunities for future collaboration.  
 
Victoria Szabo (US) introduces the ACM SIGGRAPH Digital Arts Community, Erandi Vergara (MX/CA) presents the International Symposium on Electronic Art, Everardo R","Title: Birds of a Feather: Connecting Media Art Research. Format: Conference. Area: DANUBE TRIANGLE. Location: Ars Electronica Center, Level 3, Sky Loft. Overview: Connecting Media Art Research is a Birds of a Feather session that brings together representatives from leading media art communities and conferences. The session offers a platform to introduce their respective initiatives, exchange perspectives on current developments in the field and explore opportunities for future collaboration."
3a538ddb450c80b7ab10e661e2be058a,Art & Industry Panel,Conference,False,11. September 2026 10:00 (MESZ) → 11:30,"Ars Electronica Center, Level 3, Sky Loft",DANUBE TRIANGLE,48.30962,14.28445,,"Mario von Rickenbach, Simon Christen and Sputniko! explore the intersections of animation, technology and society. From interactive games and Pixar’s character animation to specula...","10:00 - 10:30  16 Years of Interactive Animation
Mario von Rickenbach will give insights into different aspects of his work, including his collaborations at Playables and his latest game Pocket Boss. For 16 years, he has been exploring the field of video games through the lens of interactive animation. He will share insights about the design and development process and the unpredictable reality of releasing his projects on commercial video game distribution channels.

10:30 - 11:00 Pixar Alchemy","Title: Art & Industry Panel. Format: Conference. Area: DANUBE TRIANGLE. Location: Ars Electronica Center, Level 3, Sky Loft. Overview: Mario von Rickenbach, Simon Christen and Sputniko! explore the intersections of animation, technology and society. From interactive games and Pixar’s character animation to speculative design and women’s health, they talk about creative processes, industry experiences and how artistic practices can evolve into meaningful social innovation."
3a538ddb450c809f97e4c5cdd67d1c72,Artist Perspectives: Prix Ars Electronica 2026,Conference,False,11. September 2026 11:30 (MESZ) → 13:00,"Ars Electronica Center, Level 3, Sky Loft",DANUBE TRIANGLE,48.30962,14.28445,,"Andrew Herzog, Golden Nica winner, and Honorary Mention recipients Ryat Yezbick and Veneta Androva share insights into their artistic practices, offering a glimpse beyond the works...","11:30 - 12:00 God was my first encounter with surveillance technologies
Ryat Yezbick discusses their interdisciplinary practice spanning experimental documentary, performance, archival methods and emerging technologies. Trained in cultural anthropology and studio art, Yezbick explores how technologies shape perception, memory and social life. Their work examines surveillance as both technological infrastructure and a system of belief that influences collective memory and the politics of witnessi","Title: Artist Perspectives: Prix Ars Electronica 2026. Format: Conference. Area: DANUBE TRIANGLE. Location: Ars Electronica Center, Level 3, Sky Loft. Overview: Andrew Herzog, Golden Nica winner, and Honorary Mention recipients Ryat Yezbick and Veneta Androva share insights into their artistic practices, offering a glimpse beyond the works recognized in the New Animation Art category of Prix Ars Electronica 2026."
3a538ddb450c800fa7f9d18c353cc43f,ASIFA Austria Forum: Current Perspectives,Conference,False,11. September 2026 14:30 (MESZ) → 16:00,"Ars Electronica Center, Level 3, Sky Loft",DANUBE TRIANGLE,48.30962,14.28445,,"ASIFA Austria Forum: Current Perspectives brings together artists 2girls1comp, Claudia Larcher and Hisko Hulsing to discuss contemporary animation practices, exploring game hacking...","14:30 - 15:00 The Game Was Rigged From the Start
2girls1comp shares an insight into their practice in the form of a lecture performance. While navigating the world of Grand Theft Auto V, one of the best selling video games in history, they will showcase how they hack, change and reclaim the software of popular AAA computer games.

15:00 - 15:30 No applause, no life, no pain.
Claudia Larcher presents two of her films, both on view in her solo exhibition No applause, no life, no pain. at the Franc","Title: ASIFA Austria Forum: Current Perspectives. Format: Conference. Area: DANUBE TRIANGLE. Location: Ars Electronica Center, Level 3, Sky Loft. Overview: ASIFA Austria Forum: Current Perspectives brings together artists 2girls1comp, Claudia Larcher and Hisko Hulsing to discuss contemporary animation practices, exploring game hacking, ecological mourning, generative AI, political storytelling and new approaches to image-making."
3a538ddb450c80c7bf1fc731ad102b48,Keynote Session: Research through Design at the Intersection of HCI and Games,Conference,False,11. September 2026 16:30 (MESZ) → 18:00,"Ars Electronica Center, Level 3, Sky Loft",DANUBE TRIANGLE,48.30962,14.28445,,Katherine Isbister draws upon case studies from her research practice that illustrate the strengths of designer-based approaches and values in the creation of innovative directions...,"Katherine Isbister draws upon case studies from her research practice that illustrate the strengths of designer-based approaches and values in the creation of innovative directions for the future of our everyday lives with technology. Examples include social wearables that leave us vulnerable, haptic robots to help children manage their emotions and VR meeting spaces with fanciful tools that take more from the world of games than the world of business conference rooms. Isbister will note some ke","Title: Keynote Session: Research through Design at the Intersection of HCI and Games. Format: Conference. Area: DANUBE TRIANGLE. Location: Ars Electronica Center, Level 3, Sky Loft. Overview: Katherine Isbister draws upon case studies from her research practice that illustrate the strengths of designer-based approaches and values in the creation of innovative directions for the future of our everyday lives with technology."
3a538ddb450c80778f8cc9b28ab53f58,Academic Session: Art Track #1 Archive,Conference,False,9. September 2026 11:30 (MESZ) → 13:00,"Ars Electronica Center, Level 3, Sky Loft",DANUBE TRIANGLE,48.30962,14.28445,,The Academic Session #1 Art Track: Archive presents five contributions from the Expanded Conference Open Call that explore how digital and immersive technologies can engage with ar...,"The Academic Session #1 Art Track: Archive presents five contributions from the Expanded Conference Open Call that explore how digital and immersive technologies can engage with archives, cultural heritage, memory and histories in transformation.

11:30 - 11:45
Lineage Canvas: Productive Friction in Born-Digital Heritage

What does it mean to generate something with cultural meaning when the source has its own history, restrictions and conditions for use? Lineage Canvas is a browser-based genera","Title: Academic Session: Art Track #1 Archive. Format: Conference. Area: DANUBE TRIANGLE. Location: Ars Electronica Center, Level 3, Sky Loft. Overview: The Academic Session #1 Art Track: Archive presents five contributions from the Expanded Conference Open Call that explore how digital and immersive technologies can engage with archives, cultural heritage, memory and histories in transformation."
3a538ddb450c80a6b695d41d488e335e,Academic Session: Art Track #2 Authorship,Conference,False,9. September 2026 14:30 (MESZ) → 16:00,"Ars Electronica Center, Level 3, Sky Loft",DANUBE TRIANGLE,48.30962,14.28445,,"The Academic Session #2 Art Track: Authorship presents five contributions from the Expanded Conference Open Call that explore authorship, agency and creative control in expanded an...","The Academic Session #2 Art Track: Authorship presents five contributions from the Expanded Conference Open Call that explore authorship, agency and creative control in expanded animation and interactive art.

14:30–14:45
sent(i)ence: A Performance-Game on Tarot-Steered Language Models and the Ambiguous First Person
When ChatGPT says “I”, what does it mean? sent(i)ence stages this question as an immersive performance-game in which two participants and a large language model collaboratively const","Title: Academic Session: Art Track #2 Authorship. Format: Conference. Area: DANUBE TRIANGLE. Location: Ars Electronica Center, Level 3, Sky Loft. Overview: The Academic Session #2 Art Track: Authorship presents five contributions from the Expanded Conference Open Call that explore authorship, agency and creative control in expanded animation and interactive art."
3a538ddb450c80318373ca7ff0564cbd,Academic Session: Art Track #3 Control,Conference,False,10. September 2026 10:00 (MESZ) → 11:30,"Ars Electronica Center, Level 3, Sky Loft",DANUBE TRIANGLE,48.30962,14.28445,,"The Academic Session #3 Art Track: Control presents five Art Papers from the Expanded Conference Open Call that examine how control is negotiated between humans, technologies, mate...","The Academic Session #3 Art Track: Control presents five Art Papers from the Expanded Conference Open Call that examine how control is negotiated between humans, technologies, materials and environments in expanded animation and interactive art.

10:00–10:15
Siphon and Overflow A Curatorial Methodology for Art–Technology Dialogue: A Practice-Based Reflection from the China (Hangzhou) Art and Technology Biennale, Symbiotic Cosmos (2025)
This presentation proposes “siphon and overflow” as a curato","Title: Academic Session: Art Track #3 Control. Format: Conference. Area: DANUBE TRIANGLE. Location: Ars Electronica Center, Level 3, Sky Loft. Overview: The Academic Session #3 Art Track: Control presents five Art Papers from the Expanded Conference Open Call that examine how control is negotiated between humans, technologies, materials and environments in expanded animation and interactive art."
3a538ddb450c80edbdd3cfc288449470,Academic Session: Art Track #4 Embodiment,Conference,False,10. September 2026 11:30 (MESZ) → 13:00,"Ars Electronica Center, Level 3, Sky Loft",DANUBE TRIANGLE,48.30962,14.28445,,"The Academic Session #4 Art Track: Embodiment presents five contributions from the Expanded Conference Open Call that explore embodied interaction, perception and the relationship ...","The Academic Session #4 Art Track: Embodiment presents five contributions from the Expanded Conference Open Call that explore embodied interaction, perception and the relationship between human bodies and emerging technologies in expanded animation and interactive art.

11:30–11:45
Wolf and Tahr: Designing Mixed Reality Dance Performances for Expanded Theatre
This presentation introduces Wolf and Tahr, a mixed reality dance performance developed as a practice-based research project through cross","Title: Academic Session: Art Track #4 Embodiment. Format: Conference. Area: DANUBE TRIANGLE. Location: Ars Electronica Center, Level 3, Sky Loft. Overview: The Academic Session #4 Art Track: Embodiment presents five contributions from the Expanded Conference Open Call that explore embodied interaction, perception and the relationship between human bodies and emerging technologies in expanded animation and interactive art."
3a538ddb450c80018090ef01a712b557,Academic Session: Art Track #5 More-than-Human,Conference,False,10. September 2026 16:30 (MESZ) → 18:00,"Ars Electronica Center, Level 3, Sky Loft",DANUBE TRIANGLE,48.30962,14.28445,,The Academic Session #5 Art Track: More-than-Human presents five Art Papers from the Expanded Conference Open Call that explore multispecies relations and more-than-human perspecti...,"The Academic Session #5 Art Track: More-than-Human presents five Art Papers from the Expanded Conference Open Call that explore multispecies relations and more-than-human perspectives through emerging technologies and artistic practices.

16:30–16:45
Falling Silent: Relational Listening, Mourning, and Multispecies Attunement To Coral Reefs Through Speculative Instrument Co-Making
This presentation shares a participatory workshop on listening to and re-mapping coral reef soundscapes through co-cr","Title: Academic Session: Art Track #5 More-than-Human. Format: Conference. Area: DANUBE TRIANGLE. Location: Ars Electronica Center, Level 3, Sky Loft. Overview: The Academic Session #5 Art Track: More-than-Human presents five Art Papers from the Expanded Conference Open Call that explore multispecies relations and more-than-human perspectives through emerging technologies and artistic practices."
3a638ddb450c80028db7dcee1a0c4b8a,Interplayful Environments Part I,Experience,True,9. September 2026 15:30 (MESZ) → 16:30,"Ars Electronica Center, Level 0, Deep Space 8K",DANUBE TRIANGLE,48.30962,14.28445,,"A key research focus of the Time-Based and Interactive Media Art Department is the playful interaction of humans, sensors and high-resolution projection. The resulting interactive ...","A major area of research within the Time-based and Interactive Media Art Department is the playful exploration of interactions between humans, sensors and a high-resolution projection system. The result is a wide range of applications and artworks that invite the audience to experiment and interact, as well as live performances in collaboration with dancers and other performers. These recent works will be presented in Deep Space 8K of the Ars Electronica Center and in Studio 1 at Hauptplatz 8 as","Title: Interplayful Environments Part I. Format: Experience. Area: DANUBE TRIANGLE. Location: Ars Electronica Center, Level 0, Deep Space 8K. Overview: A key research focus of the Time-Based and Interactive Media Art Department is the playful interaction of humans, sensors and high-resolution projection. The resulting interactive artworks and live performances will be shown in Deep Space 8K and Studio 1 at Hauptplatz 8 as part of the University of Arts Linz Campus exhibition."
3a638ddb450c809bb042c0274048fa66,Interplayful Environments Part II,Experience,True,9. September 2026 17:00 (MESZ) → 18:00,"Ars Electronica Center, Level 0, Deep Space 8K",DANUBE TRIANGLE,48.30962,14.28445,,"A key research focus of the Time-based and Interactive Media Art Department is the playful interaction of humans, sensors and high-resolution projection. The resulting interactive ...","A major area of research within the Time-based and Interactive Media Art Department is the playful exploration of interactions between humans, sensors and a high-resolution projection system. The result is a wide range of applications and artworks that invite the audience to experiment and interact, as well as live performances in collaboration with dancers and other performers. These recent works will be presented in Deep Space 8K of the Ars Electronica Center and in Studio 1 at Hauptplatz 8 as","Title: Interplayful Environments Part II. Format: Experience. Area: DANUBE TRIANGLE. Location: Ars Electronica Center, Level 0, Deep Space 8K. Overview: A key research focus of the Time-based and Interactive Media Art Department is the playful interaction of humans, sensors and high-resolution projection. The resulting interactive artworks and live performances will be shown in Deep Space 8K and Studio 1 at Hauptplatz 8 as part of the University of Arts Linz Campus exhibition."
3a638ddb450c80598289ed89b4a874ad,Interplayful Environments Part III,Experience,True,10. September 2026 11:00 (MESZ) → 12:00,"Ars Electronica Center, Level 0, Deep Space 8K",DANUBE TRIANGLE,48.30962,14.28445,,"A key research focus of the Time-based and Interactive Media Art Department is the playful interaction of humans, sensors and high-resolution projection. The resulting interactive ...","A major area of research within the Time-based and Interactive Media Art Department is the playful exploration of interactions between humans, sensors and a high-resolution projection system. The result is a wide range of applications and artworks that invite the audience to experiment and interact, as well as live performances in collaboration with dancers and other performers. These recent works will be presented in Deep Space 8K of the Ars Electronica Center and in Studio 1 at Hauptplatz 8 as","Title: Interplayful Environments Part III. Format: Experience. Area: DANUBE TRIANGLE. Location: Ars Electronica Center, Level 0, Deep Space 8K. Overview: A key research focus of the Time-based and Interactive Media Art Department is the playful interaction of humans, sensors and high-resolution projection. The resulting interactive artworks and live performances will be shown in Deep Space 8K and Studio 1 at Hauptplatz 8 as part of the University of Arts Linz Campus exhibition."
3a538ddb450c81539ebcfafd0173fea9,Wicked Mirror: Negotiating Ourselves,Lecture & Talk,True,11. September 2026 11:30 (MESZ) → 12:00,"Catholic Private University Linz, Courtyard",OK QUARTER,48.30338,14.29179,,"Wicked Mirror confronts visitors with an AI-generated version of themselves that argues the opposite position. Together with the artists, researchers of the Catholic Private Univer...","Wicked Mirror transforms public debate into an encounter with one’s AI-generated double. A photorealistic clone adopts the visitor’s face, voice and arguments—only to challenge them. In conversation with the artists, researchers of the Catholic Private University Linz explore how AI reshapes identity, empathy and democratic dialogue. From the perspectives of art history and theology, they ask how aesthetic experience can foster reflection, disagreement and new ways of negotiating what it means t","Title: Wicked Mirror: Negotiating Ourselves. Format: Lecture & Talk. Area: OK QUARTER. Location: Catholic Private University Linz, Courtyard. Overview: Wicked Mirror confronts visitors with an AI-generated version of themselves that argues the opposite position. Together with the artists, researchers of the Catholic Private University Linz discuss how AI transforms identity, empathy and democratic dialogue—and what it means to negotiate with ourselves in the age of Artificial Intelligence."
39138ddb450c808b8311f9051f5d5332,Deep Space Cities: Shared Immersive Futures,Networking Event,False,11. September 2026 10:30 (MESZ) → 11:30,"OK Linz, voestalpine OPEN SPACE",OK QUARTER,48.30286,14.29061,,"Deep Space Cities explores how immersive spaces can become shared infrastructure for culture, science education and exchange—rooted in local identities and connected through an int...","Deep Space can be more than an immersive venue. Within a city, it can become shared infrastructure for culture, science, education, tourism and public exchange.
This networking event brings together international and local members of the Deep Space community, Deep Space operators, city representatives and experts in urban development and tourism. Participants exchange experiences and explore how immersive spaces can respond to local needs, connect institutions and communities, and create new opp","Title: Deep Space Cities: Shared Immersive Futures. Format: Networking Event. Area: OK QUARTER. Location: OK Linz, voestalpine OPEN SPACE. Overview: Deep Space Cities explores how immersive spaces can become shared infrastructure for culture, science education and exchange—rooted in local identities and connected through an international network."
3a538ddb450c815ab48dcf98c8f1f5bb,Expert Tour FESTIVAL WALK: Elisabeth Falkensteiner (EN),Guided Tour,True,10. September 2026 15:30 (MESZ) → 17:00,"OK Platz, WE GUIDE YOU Meeting Point",OK QUARTER,48.30231,14.29098,,"The FESTIVAL WALK exhibition tour takes visitors to eight different locations around OK Platz in Linz, guided by co-curator Elisabeth Falkensteiner.","Join co-curator of the FESTIVAL WALK Elisabeth Falkensteiner for a guided tour. Along the tour, we encounter a polyphonic exhibition parcours that brings together diverse realities and ways of imagining the world. The works on view explore how truth, humanity and community are governed, imagined, simulated and experienced. The tour reveals how the production of truth claims, social norms and collective identities is deeply intertwined with the institutional spaces in which they are negotiated an","Title: Expert Tour FESTIVAL WALK: Elisabeth Falkensteiner (EN). Format: Guided Tour. Area: OK QUARTER. Location: OK Platz, WE GUIDE YOU Meeting Point. Overview: The FESTIVAL WALK exhibition tour takes visitors to eight different locations around OK Platz in Linz, guided by co-curator Elisabeth Falkensteiner."
39138ddb450c808eaca9df1ef92f215b,Expert Tour: Emiko Ogawa (EN),Guided Tour,True,13. September 2026 10:00 (MESZ) → 11:30,Lentos Kunstmuseum,DANUBE TRIANGLE,48.30863,14.28884,,"Curator and Head of Prix Ars Electronica, Emiko Ogawa, will guide us through the exhibition Negotiating Humanity in Lentos Kunstmuseum Linz.","Curator and Head of Prix Ars Electronica, Emiko Ogawa, will guide us through the exhibition Negotiating Humanity in Lentos Kunstmuseum Linz. This exhibition showcases the award-winning projects of this year’s Prix Ars Electronica and STARTS Prize. These six works set the overall thematic tone for the festival and its many exhibitions. Join the guided tour to engage in a dialogue with the people who help shape the festival.","Title: Expert Tour: Emiko Ogawa (EN). Format: Guided Tour. Area: DANUBE TRIANGLE. Location: Lentos Kunstmuseum. Overview: Curator and Head of Prix Ars Electronica, Emiko Ogawa, will guide us through the exhibition Negotiating Humanity in Lentos Kunstmuseum Linz."
d0f38ddb450c830db8b8816298fd921d,Artist Walk Tour: Negotiating Beyond Humanity,Guided Tour,False,10. September 2026 14:00 (MESZ) → 15:30,"OK Platz, WE GUIDE YOU Meeting Point",OK QUARTER,48.30231,14.29098,,"Bringing together artistic and scientific perspectives, this artist-guided tour explores smell, vibration, colour and microbial exchange as ways of sensing and relating across spec...","Much of life unfolds through forms of perception and communication that remain beyond immediate human experience. Bringing together artistic and scientific perspectives, this artist-guided tour explores smell, vibration, colour and microbial exchange as ways of sensing and relating across species. It invites participants to consider how expanding perception can open new understandings of coexistence and ecological interdependence.","Title: Artist Walk Tour: Negotiating Beyond Humanity. Format: Guided Tour. Area: OK QUARTER. Location: OK Platz, WE GUIDE YOU Meeting Point. Overview: Bringing together artistic and scientific perspectives, this artist-guided tour explores smell, vibration, colour and microbial exchange as ways of sensing and relating across species."
40838ddb450c82f0904c8102b2498028,Expert Tour FESTIVAL WALK: Christl Baur (DE),Guided Tour,False,13. September 2026 11:00 (MESZ) → 12:30,"OK Platz, WE GUIDE YOU Meeting Point",OK QUARTER,48.30231,14.29098,,"Christl Baur, Head of the Ars Electronica Festival and Program Director, takes you on a tour along the FESTIVAL WALK. Together, you explore the thematical threads of the exhibition...","The exhibition Negotiating the Real – The Desire to Believe asks which systems of belief and worldviews underpin our social order—and, in turn, shape our understanding of what it means to be human. Christl Baur, Head of the Ars Electronica Festival and Program Director, takes you on a tour along the FESTIVAL WALK. Together, you explore the thematical threads of the exhibition across its different venues in the heart of Linz.","Title: Expert Tour FESTIVAL WALK: Christl Baur (DE). Format: Guided Tour. Area: OK QUARTER. Location: OK Platz, WE GUIDE YOU Meeting Point. Overview: Christl Baur, Head of the Ars Electronica Festival and Program Director, takes you on a tour along the FESTIVAL WALK. Together, you explore the thematical threads of the exhibition across its different venues in the heart of Linz."
3a538ddb450c8152bf30ee7910c366dd,Futurelab Networking: Art Science Research,Networking Event,False,10. September 2026 17:30 (MESZ) → 18:15,"Ars Electronica Center, Level -3, Open Futurelab",DANUBE TRIANGLE,48.30962,14.28445,,"Join us in the Futurelab Lounge for a gathering on Art Science Research: Connect with practitioners reframing complex social and scientific issues, share your current projects and ...","For anyone navigating the evolving landscape of Art Science Research, join us in the Futurelab Lounge at Open Futurelab. Let’s step beyond the academic buzzwords to decode the real future of this field: where the funding is moving to, which institutions and industries are reframing themselves to facilitate collaboration, and how education is adapting. Connect with practitioners reframing complex social and scientific issues, share projects and meet collaborators. Bring big questions, and an open","Title: Futurelab Networking: Art Science Research. Format: Networking Event. Area: DANUBE TRIANGLE. Location: Ars Electronica Center, Level -3, Open Futurelab. Overview: Join us in the Futurelab Lounge for a gathering on Art Science Research: Connect with practitioners reframing complex social and scientific issues, share your current projects and meet potential collaborators."
3a638ddb450c8131a483d737de892f46,Deep Dive & Discussion – Creativity Matters,Deep Dive,False,10. September 2026 11:00 (MESZ) → 13:00,Linz City Space,Linz,,,,"Explore how creativity drives innovation and creates regional impact. Join a guided tour of the exhibition Creativity Matters, part of the Interreg project KreATivita&InovaCZe, fol...","How is the impact of the creative sector defined? How can it be evaluated? What role does creativity play in regional innovation ecosystems? Florian Wiencek (LIT Open Innovation Center at JKU Linz) guides visitors through the exhibition Creativity Matters, developed within the Interreg project KreATivita&InovaCZe, showcasing projects from South Bohemia and Upper Austria. Together with representatives of the featured projects (e.g. Responsive Spaces, Tp3 Architekten, Scoolpt), he discusses the im","Title: Deep Dive & Discussion – Creativity Matters. Format: Deep Dive. Area: Linz. Location: Linz City Space. Overview: Explore how creativity drives innovation and creates regional impact. Join a guided tour of the exhibition Creativity Matters, part of the Interreg project KreATivita&InovaCZe, followed by a discussion with representatives of the featured projects (e.g. Responsive Spaces, Tp3 Architekten, Scoolpt)."
3a538ddb450c80c2a39be7d7fc616ec4,Open Futurelab Tour (DE),Guided Tour,False,9. September 2026 14:15 (MESZ) → 15:15,"Ars Electronica Center, Level 0, Guided Tours & Workshops Desk",DANUBE TRIANGLE,48.30962,14.28445,,"In this guided tour, you experience prototypes, installations and the new exhibition Hello Worlds! by the artistic R&D laboratory and atelier Ars Electronica Futurelab.","At the Ars Electronica Futurelab, Ars Electronica’s artistic R&D laboratory and atelier, we believe that the future does not simply arrive: It emerges through dialogue and our actions in the present.
Join our guided tour to experience our latest prototypes at the Open Futurelab and the exhibition Hello Worlds! Here, art and science become methods for exploration, and collaboration a condition through which futures take shape.","Title: Open Futurelab Tour (DE). Format: Guided Tour. Area: DANUBE TRIANGLE. Location: Ars Electronica Center, Level 0, Guided Tours & Workshops Desk. Overview: In this guided tour, you experience prototypes, installations and the new exhibition Hello Worlds! by the artistic R&D laboratory and atelier Ars Electronica Futurelab."
57838ddb450c836199a1014a64eadb52,Open Futurelab Tour (EN),Guided Tour,False,9. September 2026 10:15 (MESZ) → 11:15,"Ars Electronica Center, Level 0, Guided Tours & Workshops Desk",DANUBE TRIANGLE,48.30962,14.28445,,"In this guided tour, you experience prototypes, installations and the new exhibition Hello Worlds! by the artistic R&D laboratory and atelier Ars Electronica Futurelab.","At the Ars Electronica Futurelab, Ars Electronica’s artistic R&D laboratory and atelier, we believe that the future does not simply arrive: It emerges through dialogue and our actions in the present.
Join our guided tour to experience our latest prototypes at the Open Futurelab and the exhibition Hello Worlds! Here, art and science become methods for exploration, and collaboration a condition through which futures take shape.","Title: Open Futurelab Tour (EN). Format: Guided Tour. Area: DANUBE TRIANGLE. Location: Ars Electronica Center, Level 0, Guided Tours & Workshops Desk. Overview: In this guided tour, you experience prototypes, installations and the new exhibition Hello Worlds! by the artistic R&D laboratory and atelier Ars Electronica Futurelab."
9cf38ddb450c823aae1d01c98286819a,DAS Trail Workshop for Youngsters,Workshop,False,9. September 2026 15:30 (MESZ) → 17:00,"Ars Electronica Center, Level -3, Open Futurelab",DANUBE TRIANGLE,48.30962,14.28445,,"DAS Trail is a fieldwork program in which participants explore local areas through observation, dialogue and 3D scanning. In this workshop for kids and teens, families walk along a...","DAS Trail is a fieldwork program developed as part of the Data Art & Science Project. In this workshop for kids and teens, you will learn about the local area through data collection. Together with other families, you will walk along specially curated trails in Linz and explore the city from a new perspective through observation, Gaussian Splatting 3D scanning of your discoveries and engaging in dialogue with others.","Title: DAS Trail Workshop for Youngsters. Format: Workshop. Area: DANUBE TRIANGLE. Location: Ars Electronica Center, Level -3, Open Futurelab. Overview: DAS Trail is a fieldwork program in which participants explore local areas through observation, dialogue and 3D scanning. In this workshop for kids and teens, families walk along a special trail in Linz and learn to explore the area from a new perspective."
39c38ddb450c805ab52ddb607d9a503a,Artist Walk Tour: Negotiating Beyond Humanity,Guided Tour,False,11. September 2026 14:00 (MESZ) → 15:30,"OK Platz, WE GUIDE YOU Meeting Point",OK QUARTER,48.30231,14.29098,,"This artist-guided tour explores how artistic research can deepen our understanding of these hidden ecologies, revealing soil as a living system rather than a passive resource.","Beneath our feet, soil sustains complex relationships that connect microorganisms, fungi, plants and countless other forms of life. This artist-guided tour explores how artistic research can deepen our understanding of these hidden ecologies, revealing soil as a living system rather than a passive resource. From microbial processes to changing landscapes, it invites new ways of sensing, knowing and caring for the ground that supports us.","Title: Artist Walk Tour: Negotiating Beyond Humanity. Format: Guided Tour. Area: OK QUARTER. Location: OK Platz, WE GUIDE YOU Meeting Point. Overview: This artist-guided tour explores how artistic research can deepen our understanding of these hidden ecologies, revealing soil as a living system rather than a passive resource."
3a638ddb450c813b8a8bdc46e991c994,JKU medFOCUS Tour,Guided Tour,True,12. September 2026 14:45 (MESZ) → 16:30,"JKU MED Campus, Administration Building (ADM), Infodesk",MED CAMPUS,48.30274,14.30288,"Accreditation Pick-Up, Program Info, Ticket Pick-Up","The Faculty of Medicine of JKU Linz invites visitors to an exclusive behind-the-scenes tour of Kepler University Hospital. Discover cutting-edge medical technologies, meet experts ...","Hosted by the Faculty of Medicine of Johannes Kepler University Linz, this exclusive tour offers behind-the-scenes access to the state-of-the-art medical laboratories at Kepler University Hospital. Visitors explore the cardiac catheterization lab, dermatology with advanced 3D melanoma skin scanning and the 3D printing lab while meeting experts on site. The event showcases the cutting-edge technologies that are driving innovation in research, diagnosis and patient care.","Title: JKU medFOCUS Tour. Format: Guided Tour. Area: MED CAMPUS. Location: JKU MED Campus, Administration Building (ADM), Infodesk. Overview: The Faculty of Medicine of JKU Linz invites visitors to an exclusive behind-the-scenes tour of Kepler University Hospital. Discover cutting-edge medical technologies, meet experts and explore the cardiac catheterization lab, 3D melanoma skin scanner and 3D printing lab."
3a638ddb450c81aaa4eccd92b3ea9676,Best-of 3D JKU medSPACE,Experience,True,10. September 2026 11:00 (MESZ) → 12:00,"JKU MED Campus, Laboratory Building (LAB), Level 1, JKU medSPACE",MED CAMPUS,48.30254,14.30337,,"Visitors are invited to experience current developments in medicine, teaching and research first-hand at JKU medSPACE, where JKU university clinics and institutes present virtual a...","At JKU medSPACE, visitors are invited to experience current developments in medicine, teaching and research first-hand. JKU university clinics and institutes present virtual anatomy and demonstrate how 3D operations open up new perspectives on the heart, brain, abdomen, shoulder and eye. The program shows how digital technologies can expand our understanding of the human body, medical education and research. A special highlight on September 12: the live broadcast of a heart surgery into JKU medS","Title: Best-of 3D JKU medSPACE. Format: Experience. Area: MED CAMPUS. Location: JKU MED Campus, Laboratory Building (LAB), Level 1, JKU medSPACE. Overview: Visitors are invited to experience current developments in medicine, teaching and research first-hand at JKU medSPACE, where JKU university clinics and institutes present virtual anatomy and offer new perspectives in 3D operations on the heart, brain, abdomen, shoulder and eye."
80538ddb450c8275b78a81401628c626,Listen To Each Oida: JALEN MESS,Performance,False,10. September 2026 19:00 (MESZ) → 20:00,Main Square Linz,DANUBE TRIANGLE,48.30549,14.28668,,"With a broad spectrum of music genres, including house, techno, psytrance, breaks, tekno, hard dance and drum’n’bass, Jalen Mess captivates her audience with colorful, diverse and ...","FM4, the Austrian public broadcaster ORF's radio station for young audiences, connects social discourse with pop culture. Music at the close of each of the two festival days carries the themes discussed throughout the day—democracy, courage, the culture of conflict—into a pop-cultural format: music has historically been a central medium of protest, and here it is both reflected upon and celebrated. The main square thus remains an open space of encounter into the evening, where social dialogue an","Title: Listen To Each Oida: JALEN MESS. Format: Performance. Area: DANUBE TRIANGLE. Location: Main Square Linz. Overview: With a broad spectrum of music genres, including house, techno, psytrance, breaks, tekno, hard dance and drum’n’bass, Jalen Mess captivates her audience with colorful, diverse and exhilarating sets."
3a538ddb450c80748bbbe77c402c3135,Listen To Each Oida: Dalia Ahmed,Performance,False,12. September 2026 19:00 (MESZ) → 20:00,Main Square Linz,DANUBE TRIANGLE,48.30549,14.28668,,"FM4, the Austrian public broadcaster ORF’s radio station for young audiences, connects social discourse with pop culture. Music at the close of each of the two festival days carrie...","FM4, the Austrian public broadcaster ORF’s radio station for young audiences, connects social discourse with pop culture. Music at the close of each of the two festival days carries the themes discussed throughout the day—democracy, courage, the culture of conflict—into a pop-cultural format: music has historically been a central medium of protest, and here it is both reflected upon and celebrated. The main square thus remains an open space of encounter into the evening, where social dialogue an","Title: Listen To Each Oida: Dalia Ahmed. Format: Performance. Area: DANUBE TRIANGLE. Location: Main Square Linz. Overview: FM4, the Austrian public broadcaster ORF’s radio station for young audiences, connects social discourse with pop culture. Music at the close of each of the two festival days carries the themes discussed throughout the day—democracy, courage and the culture of conflict."
cf038ddb450c82c0b4ea812edd385234,JKU Art & Science Tour (DE),Guided Tour,False,12. September 2026 11:00 (MESZ) → 12:00,"JKU MED Campus, Administration Building (ADM), Infodesk",MED CAMPUS,48.30274,14.30288,"Accreditation Pick-Up, Program Info, Ticket Pick-Up","Embark on a journey through the JKU MED Campus and discover one of the festival’s most inspiring hubs. From research to artistic exploration, the tour reveals where science, creati...","The guided tour leads through the JKU MED Campus, where art, science and public discourse meet. Along the way, it features JKU projects, including the exhibition of the Linz Institute of Technology (LIT), projects by the ArtxScience School for Transformation and highlights from the Faculty of Medicine at JKU Linz. The tour explores how curiosity connects research, creativity and society, offering glimpses into possible futures.","Title: JKU Art & Science Tour (DE). Format: Guided Tour. Area: MED CAMPUS. Location: JKU MED Campus, Administration Building (ADM), Infodesk. Overview: Embark on a journey through the JKU MED Campus and discover one of the festival’s most inspiring hubs. From research to artistic exploration, the tour reveals where science, creativity and future visions converge through JKU projects exploring the dialogue between art, technology and society."
34a38ddb450c804da116ed5f38dd5186,Ars Electronica Nightline,Concert,True,11. September 2026 23:00 (MESZ) → 12. September 2026 4:00 (MESZ),Posthof Linz,SATELLITE LOCATIONS,48.3117,14.31151,,"The Ars Electronica Nightline 2026 transforms Posthof Linz into a pulsating space of sonic experimentation, physical expression and political intensity. With a line-up of live acts...","What happens when negotiation is not conducted through words, but through bodies, frequencies and collective presence? At a time when words become weapons and language grows harsher, the Nightline creates a counter-model: a physical, shared space where different perspectives do not inevitably harden into irreconcilable opposites, but can meet and engage with one another. Ars Electronica Nightline 2026 at Posthof Linz does not seek to provide an answer—it turns the question itself into an experie","Title: Ars Electronica Nightline. Format: Concert. Area: SATELLITE LOCATIONS. Location: Posthof Linz. Overview: The Ars Electronica Nightline 2026 transforms Posthof Linz into a pulsating space of sonic experimentation, physical expression and political intensity. With a line-up of live acts, audiovisual performances and electrifying DJ sets, the night becomes a shared space of experience, a place where different perspectives do not inevitably harden into irreconcilable opposites, but can meet and enter into dialogue with one another."
3a638ddb450c80f8b35efeb57b787f35,"Who Heals Tomorrow? AI, Medicine and the Future of Decision-Making",Panel Discussion,False,10. September 2026 14:30 (MESZ) → 16:00,"JKU MED Campus, Laboratory Building (LAB), Level 1, JKU medSPACE",MED CAMPUS,48.30254,14.30337,,"In a fishbowl format, experts from the fields of medicine, AI research and law will discuss the opportunities and risks of AI in healthcare with patient representatives and a live ...","Will AI replace doctors in the future? Who is liable when incorrect decisions are made? And what does health data without borders actually mean? In a fishbowl format, experts from the fields of medicine, AI research and law will discuss the opportunities, risks and societal consequences of AI in healthcare together with patient representatives and a live audience. The discussion will outline the enormous possibilities of AI use in medicine, but also address questions of responsibility, patient s","Title: Who Heals Tomorrow? AI, Medicine and the Future of Decision-Making. Format: Panel Discussion. Area: MED CAMPUS. Location: JKU MED Campus, Laboratory Building (LAB), Level 1, JKU medSPACE. Overview: In a fishbowl format, experts from the fields of medicine, AI research and law will discuss the opportunities and risks of AI in healthcare with patient representatives and a live audience—exploring ways in which innovation, responsibility and safety can all be brought together through smart data governance."
3a638ddb450c80c79a92f94042551085,Futurelab Night,Experience,True,12. September 2026 20:00 (MESZ) → 23:00,Ars Electronica Center,DANUBE TRIANGLE,48.30962,14.28445,,"This year, Futurelab Night takes on a new form: instead of a fixed stage programme, visitors are invited to freely explore pop-up interventions, performances, demos and conversatio...","At this year’s Futurelab Night, we celebrate not only the opening of our new exhibition Hello Worlds! but also 30 years of Ars Electronica Futurelab. The long-standing tradition of Futurelab Night as a festival highlight takes on a new form: exploring uncharted territories by transforming multiple floors of the Ars Electronica Center into a shared stage for encounters, exchange and discovery. Through pop-up interventions, performances, demos and conversations, visitors are invited to move throug","Title: Futurelab Night. Format: Experience. Area: DANUBE TRIANGLE. Location: Ars Electronica Center. Overview: This year, Futurelab Night takes on a new form: instead of a fixed stage programme, visitors are invited to freely explore pop-up interventions, performances, demos and conversations across Open Futurelab, Hello Worlds! and Deep Space 8K—and experience how futures begin today."
39f38ddb450c814ea5ede5f08849b7a1,FARCE,Concert,False,11. September 2026 23:00 (MESZ) → 23:30,Posthof Linz,SATELLITE LOCATIONS,48.3117,14.31151,,"FARCE is Vienna-based producer, songwriter and performer Veronika König. Blending club music with experimental structures through her genre-defying avant-pop, she has performed at ...","FARCE is the project of Vienna-based producer, songwriter, and performer Veronika König. FARCE brings together club music, avant-pop and experimental electronics in a high-energy set that moves between driving dancefloor moments, unexpected turns and unconventional sounds. Combining electronic production, vocals and a love for crossing genres, FARCE creates a space where experimentation and emotion meet. Rooted in Vienna’s independent music scene, FARCE’s work connects pop, club culture and elec","Title: FARCE. Format: Concert. Area: SATELLITE LOCATIONS. Location: Posthof Linz. Overview: FARCE is Vienna-based producer, songwriter and performer Veronika König. Blending club music with experimental structures through her genre-defying avant-pop, she has performed at festivals including Primavera Sound and Popfest Wien, while also working as a producer with a wide range of artists."
3a538ddb450c8017a27cf49cbaabc515,Artist Q&A with Joseph Herscher,Meet the Artist,False,9. September 2026 14:00 (MESZ) → 15:00,Linz City Space,Linz,,,,"Meet Joseph Herscher, the artist behind Joseph’s Machines—elaborate chain-reaction contraptions that turn everyday objects into unlikely collaborators.","Meet Joseph Herscher, the artist behind Joseph’s Machines—elaborate chain-reaction contraptions that turn everyday objects into unlikely collaborators. In this Q&A session, Herscher talks about the ideas, engineering and endless trial-and-error behind his machines—and what draws him, again and again, to the most complicated way of doing the simplest things.","Title: Artist Q&A with Joseph Herscher. Format: Meet the Artist. Area: Linz. Location: Linz City Space. Overview: Meet Joseph Herscher, the artist behind Joseph’s Machines—elaborate chain-reaction contraptions that turn everyday objects into unlikely collaborators."
38f38ddb450c81a1a087ce63ca360c9b,Living Matter,Concert,False,11. September 2026 23:35 (MESZ) → 12. September 2026 0:15 (MESZ),Posthof Linz,SATELLITE LOCATIONS,48.3117,14.31151,,Swiss drummer and electronic artist Arthur Hnatek joins visual artist Sophie Le Meillour to transform acoustic drums into a real-time audiovisual system.,"Swiss drummer, composer and electronic artist Arthur Hnatek joins transmedia visual artist Sophie Le Meillour for an immersive live A/V performance where acoustic drums become the driving force of a living audiovisual system. Each gesture shapes evolving sound and reactive visuals in real time, transforming rhythm into light, texture and space. Every performance unfolds through improvisation, making each presentation unique.",Title: Living Matter. Format: Concert. Area: SATELLITE LOCATIONS. Location: Posthof Linz. Overview: Swiss drummer and electronic artist Arthur Hnatek joins visual artist Sophie Le Meillour to transform acoustic drums into a real-time audiovisual system.
3a038ddb450c81b68e84e2a3c0ad3e62,Owelle (live visuals by Structurals),Performance,False,12. September 2026 1:10 (MESZ) → 1:55,Posthof Linz,SATELLITE LOCATIONS,48.3117,14.31151,,"Owelle’s live explores how sound, light and fiction reshape space and identity. Their hardware-based live performance merges with Structurals’ real-time visuals and light scenograp...","Owelle explores the relationship between identity, corporate culture and transformation through an immersive audiovisual performance. Audiences experience Owelle’s hardware-based live electronics, processed vocals and club-driven rhythms alongside Structurals’ real-time generative visuals and light scenography. Together, sound, light and narrative reshape the stage into a fictional corporate world where performance and space become inseparable.","Title: Owelle (live visuals by Structurals). Format: Performance. Area: SATELLITE LOCATIONS. Location: Posthof Linz. Overview: Owelle’s live explores how sound, light and fiction reshape space and identity. Their hardware-based live performance merges with Structurals’ real-time visuals and light scenography, creating an immersive corporate fiction where music, image and narrative converge."
39638ddb450c8136a5b3d7f406bd92d3,Yao Bobby x Simon Grab,Concert,False,12. September 2026 0:20 (MESZ) → 1:05,Posthof Linz,SATELLITE LOCATIONS,48.3117,14.31151,,Experimental HipHop with a sound system vibe—a raw and high energy sound battle! Togolese rapper Yao Bobby fires his razor-sharp rhymes into a dark world of electronic bass and bea...,"Pan-African rap and noise sound system music.

The Togolese Rapper and political activist Yao Bobby collaborates with Swiss noisemaker Simon Grab. A very raw and unique form of live experimental hip hop—freeform rap and noise.

Each bring a totally singular style and attitude to create a kind of next generation free form rap, noise and synthetic rhythm concoction coaxed out of improvised feedback signals and dynamic microphone control. Yao's lyrics (in his mother tongue Ewé, French and also part",Title: Yao Bobby x Simon Grab. Format: Concert. Area: SATELLITE LOCATIONS. Location: Posthof Linz. Overview: Experimental HipHop with a sound system vibe—a raw and high energy sound battle! Togolese rapper Yao Bobby fires his razor-sharp rhymes into a dark world of electronic bass and beat pulsations by Swiss madman Simon Grab. Freeform Rap and Noise with a dubby punk attitude.
38f38ddb450c81a1bc5eeafe2b4faed6,ZOBAYDA,Concert,False,12. September 2026 2:50 (MESZ) → 4:00,Posthof Linz,SATELLITE LOCATIONS,48.3117,14.31151,,"ZOBAYDA is an Egyptian DJ and multidisciplinary artist based in Amsterdam. Guided by rhythm andpercussion, her sets center energy and the tradition of bringing people together. She...","ZOBAYDA is an Egyptian DJ and multidisciplinary artist based in Amsterdam. Guided by rhythm andpercussion, her sets center energy and the tradition of bringing people together. She blends sounds from the Global South and its diaspora with a disregard for strict genre boundaries. Her practice extends to photography, audio-visual direction, archiving and cultural programming. Exploring storytelling, memory and sound as tools for gathering, reflection and resistance.","Title: ZOBAYDA. Format: Concert. Area: SATELLITE LOCATIONS. Location: Posthof Linz. Overview: ZOBAYDA is an Egyptian DJ and multidisciplinary artist based in Amsterdam. Guided by rhythm andpercussion, her sets center energy and the tradition of bringing people together. She blends sounds from the Global South and its diaspora with a disregard for strict genre boundaries."
39238ddb450c814d959bcb7e64564979,AI and Property Relations: Who Owns Our Collective Knowledge?,Workshop,False,10. September 2026 12:00 (MESZ) → 14:00,Main Square Linz,DANUBE TRIANGLE,48.30549,14.28668,,LLMs have been trained on all of humankind’s collective knowledge. Should we demand that all these models be released as Open Source/Weights? Will this help to remove some of the p...,"LLMs have been trained on the collective knowledge of humankind. While small copyright violations can land individuals in legal trouble, tech companies are seemingly permitted to train models on hundreds of terabytes of data. Should we demand public ownership of AI models—as Open Source or Open Weights?
This discussion will explore artists’ perspectives and examine how public ownership might help limit the power of tech oligarchs. The session will involve direct input from various artists themse","Title: AI and Property Relations: Who Owns Our Collective Knowledge?. Format: Workshop. Area: DANUBE TRIANGLE. Location: Main Square Linz. Overview: LLMs have been trained on all of humankind’s collective knowledge. Should we demand that all these models be released as Open Source/Weights? Will this help to remove some of the power from the hands of the tech oligarchs? Given that artists have even more stake in this, what is their perspective?"
39838ddb450c8184ae86d7537dbc71f8,Hadra Rave,Concert,False,9. September 2026 19:15 (MESZ) → 19:45,St. Mary’s Cathedral,SATELLITE LOCATIONS,48.30043,14.28618,,Hadra Rave is a collaboration between Viennese music producer and artist Seba Kayan and Syrian oud player and composer Orwa Saleh. Rooted in the Sufi Hadra ritual of collective tra...,"Hadra Rave emerges from the artistic encounter between Viennese music producer and artist Seba Kayan and Syrian oud player and composer Orwa Saleh, both established internationally through their solo practices. The project explores how diasporic sound cultures, ritual traditions and contemporary electronic music can create new forms of collective experience.

Combining Seba Kayan’s electronic sound research with Orwa Saleh’s expressive oud playing and improvisation, the project creates a dialogu","Title: Hadra Rave. Format: Concert. Area: SATELLITE LOCATIONS. Location: St. Mary’s Cathedral. Overview: Hadra Rave is a collaboration between Viennese music producer and artist Seba Kayan and Syrian oud player and composer Orwa Saleh. Rooted in the Sufi Hadra ritual of collective trance, they merge electronic rhythms, traditional instruments and sound research into a hybrid sonic experience."
39138ddb450c81549688e8455fea68f2,Join the Rhythm! Samba Percussion Performance and Interactive Drumming Workshop,Workshop,True,12. September 2026 17:00 (MESZ) → 18:00,Main Square Linz,DANUBE TRIANGLE,48.30549,14.28668,,"Here performance meets participation: AttacSambaSisters fill public spaces with powerful samba rhythms, then invite audiences to pick up a drum, learn the basics and explore how co...","AttacSambaSisters is a women’s and LGBTQ+ inclusive samba drumming group that brings energy, joy and visibility to public demonstrations and community events. Through Brazilian samba rhythms, the performance highlights feminist, queer, climate and social justice causes, using music as a form of peaceful protest and collective expression. This dynamic drumming performance and interactive workshop invites audiences to participate, transforming public space into a vibrant arena of solidarity and en","Title: Join the Rhythm! Samba Percussion Performance and Interactive Drumming Workshop. Format: Workshop. Area: DANUBE TRIANGLE. Location: Main Square Linz. Overview: Here performance meets participation: AttacSambaSisters fill public spaces with powerful samba rhythms, then invite audiences to pick up a drum, learn the basics and explore how collective music-making can strengthen a sense of community, joy and activism."
39138ddb450c81098377d9843efc9e87,Holy Echo: Clair de Lune,Concert,False,9. September 2026 23:20 (MESZ) → 23:40,St. Mary’s Cathedral,SATELLITE LOCATIONS,48.30043,14.28618,,"Spatial performance at St. Mary’s Cathedral: evala’s sound dissolves the architecture into a fluid, otherworldly realm. Featuring guest coloratura soprano Ayako Tanaka. This concer...","Holy Echo is new sound installation created for St. Mary’s Cathedral. It proposes that a space becomes sacred when human perception is reorganized through an extraordinary acoustic field.

In this performance, evala uses the Holy Echo spatial sound system to dissolve the cathedral’s architecture, transforming it into a fluid, otherworldly realm that transcends time and place. Features coloratura soprano Ayako Tanaka as special guest. Her voice is processed by evala in real-time, immersing the au","Title: Holy Echo: Clair de Lune. Format: Concert. Area: SATELLITE LOCATIONS. Location: St. Mary’s Cathedral. Overview: Spatial performance at St. Mary’s Cathedral: evala’s sound dissolves the architecture into a fluid, otherworldly realm. Featuring guest coloratura soprano Ayako Tanaka. This concert is dedicated to the late Isao Tomita, a lifelong explorer of spatial music."
39138ddb450c81659f40da3fce7bfa86,Mapping the Profits with War,Workshop,False,9. September 2026 12:00 (MESZ) → 14:00,Main Square Linz,DANUBE TRIANGLE,48.30549,14.28668,,"Using interactive methods, participants will jointly visualize and discuss the actors who profit from war. This workshop invites us to draw connections between those who benefit fr...","This workshop outlines who it is that profits from war and geopolitical crises. Through an interactive, participatory format, the audience draws connections between banks, the arms industry, AI and fossil corporations, authoritarian regimes and the far-right, turning the (public) space into a shared mapping exercise. Participants will be able to create protest banners by visualizing those connections and numbers.","Title: Mapping the Profits with War. Format: Workshop. Area: DANUBE TRIANGLE. Location: Main Square Linz. Overview: Using interactive methods, participants will jointly visualize and discuss the actors who profit from war. This workshop invites us to draw connections between those who benefit from current global crises—from the banks, the arms industry, AI and fossil fuel corporations to authoritarian regimes."
39138ddb450c81c29dfde66337ae2140,Militarisation Myth-Buster Training,Workshop,True,11. September 2026 12:30 (MESZ) → 14:00,Main Square Linz,DANUBE TRIANGLE,48.30549,14.28668,,"How do we respond to the accusation that advocating for peace in times of geopolitical power struggles is naive or idealistic? In this workshop, participants will practice well-rea...","Peace and anti-militarization advocates are often dismissed as being naive or even accused of providing tacit support for authoritarian regimes. This workshop equips participants with solid arguments and talking points to counter such accusations. After a short introduction to various common attack lines, participants practice debate and dialogue skills in either pairs or small groups. The group is then presented with the option to test these arguments out in real conversations in a public space","Title: Militarisation Myth-Buster Training. Format: Workshop. Area: DANUBE TRIANGLE. Location: Main Square Linz. Overview: How do we respond to the accusation that advocating for peace in times of geopolitical power struggles is naive or idealistic? In this workshop, participants will practice well-reasoned counterarguments, discussion skills and learn how to engage in dialogue."
39738ddb450c816cbe90ff06d00c0f76,The Art of Protest: Painting Banners That Matter,Workshop,False,11. September 2026 18:00 (MESZ) → 19:30,Main Square Linz,DANUBE TRIANGLE,48.30549,14.28668,,"How do a few bold words on fabric shift public opinion? Join Attac acitivists for a short intro on protest slogans, then team up to paint your own banners — with a feminist focus, ...","Ever wondered how a few bold words on fabric can shift public opinion? Join Attac activists for a hands-on workshop exploring the power of protest slogans! We shall kick off with a short intro on the politics of banners and share examples of messages that made real impact. Then, grab your paint and team up to design banners with a feminist focus—or craft your own message. All voices welcome, as long as they stand against discrimination.","Title: The Art of Protest: Painting Banners That Matter. Format: Workshop. Area: DANUBE TRIANGLE. Location: Main Square Linz. Overview: How do a few bold words on fabric shift public opinion? Join Attac acitivists for a short intro on protest slogans, then team up to paint your own banners — with a feminist focus, or your own message. All welcome, as long as it stands against discrimination. Let's paint, protest, be heard!"
39638ddb450c8134a334f8dd3f82a9b1,KRRRA,Concert,False,9. September 2026 19:55 (MESZ) → 20:25,St. Mary’s Cathedral,SATELLITE LOCATIONS,48.30043,14.28618,,"NENDA is an actress and musician from the Austrian Tyrolean Alps, who is known from series such as The Rising and Belgravia. Her single Mixed Feelings topped the FM4 annual charts ...","NENDA is an actress and musician from the Austrian Tyrolean Alps. As an actor, she is known from series such as The Rising (Sky) and Belgravia: The Next Chapter (MGM+, Amazon). As a musician, NENDA has won several awards for her self-produced music videos, and her debut single Mixed Feelings topped the FM4 annual charts in 2021. In her debut album KRRRA (Autumn 2025), she continues to explore topics such as identity and other socio-political issues.","Title: KRRRA. Format: Concert. Area: SATELLITE LOCATIONS. Location: St. Mary’s Cathedral. Overview: NENDA is an actress and musician from the Austrian Tyrolean Alps, who is known from series such as The Rising and Belgravia. Her single Mixed Feelings topped the FM4 annual charts in 2021. In her debut album KRRRA, she continues to explore topics such as identity and other socio-political issues."
39738ddb450c81088b6fe52306e932ad,The Elon Musk Antagonist,Performance,True,11. September 2026 17:30 (MESZ) → 17:45,Main Square Linz,DANUBE TRIANGLE,48.30549,14.28668,,"Elon Musk wielded a chainsaw against public services, social and environmental rights. Attac flips it: Within the participative performances people can oppose the power of billiona...","This participatory performance flips the script: instead of destroying the welfare state like Elon Musk & Co., audience volunteers smash the privileges of tech oligarchs and the super-rich. Cardboard boxes labeled “corporate lobbying”, “privatized healthcare”, “rearmament funding” and more sit on a table, awaiting a symbolic wooden “chainsaw”. Volunteers step up, choose a target and demolish it—followed by an interview on their intention, sparking a debate about the politics behind the gesture.","Title: The Elon Musk Antagonist. Format: Performance. Area: DANUBE TRIANGLE. Location: Main Square Linz. Overview: Elon Musk wielded a chainsaw against public services, social and environmental rights. Attac flips it: Within the participative performances people can oppose the power of billionaires, tech oligarchs and the ultra-rich. Come and watch how power gets dismantled and alternatives built."
39538ddb450c817dabbefa5d7d9003fe,Worship,Performance,False,9. September 2026 22:55 (MESZ) → 23:15,St. Mary’s Cathedral,SATELLITE LOCATIONS,48.30043,14.28618,,"An exclusive excerpt from Worship, the new dance work by Drew Jacoby with TANZ LINZ, premiering on 26 September 2026 as part of the double bill Divine Matter at the Musiktheater Li...","The performance presents an exclusive excerpt from Worship, a new contemporary dance work by Drew Jacoby with the 16 dancers of TANZ LINZ. Exploring ritual, devotion and collective experience beyond religion, it draws on archetypal figures and the idea of the “Divine Feminine”. In the unique setting of St. Mary’s Cathedral, movement, sound and architecture merge into an immersive experience, offering a first glimpse of the upcoming world premiere Divine Matter, a double bill by TANZ LINZ, premie","Title: Worship. Format: Performance. Area: SATELLITE LOCATIONS. Location: St. Mary’s Cathedral. Overview: An exclusive excerpt from Worship, the new dance work by Drew Jacoby with TANZ LINZ, premiering on 26 September 2026 as part of the double bill Divine Matter at the Musiktheater Linz."
3a538ddb450c80f8b76fe2886c7d527f,Glitch & Leak: Overflowing Bodies in Public Space at Domgasse,Performance,False,11. September 2026 16:00 (MESZ) → 22:00,FIFTITU%,DANUBE TRIANGLE,48.30523,14.2877,,"Glitch & Leak is an invitation to open up a space together: a space of disruption, permeability, collective imagination and transformation. It uses disruption and leakage to collec...","Glitch & Leak is an invitation to open up a space together: a space of disruption, permeability, collective imagination and transformation. The glitch is not an error in the system, but a strategy of resistance—a way of interrupting established patterns and creating openings for other possibilities.
These patterns are also embedded in public space. Public space is never neutral. It is shaped by social, political and economic power relations, which determine who can access it, how it can be used ","Title: Glitch & Leak: Overflowing Bodies in Public Space at Domgasse. Format: Performance. Area: DANUBE TRIANGLE. Location: FIFTITU%. Overview: Glitch & Leak is an invitation to open up a space together: a space of disruption, permeability, collective imagination and transformation. It uses disruption and leakage to collectively imagine how public space could be transformed."
3a538ddb450c80c78ec0e85aaafc3f8b,Glitch & Leak: Overflowing Bodies in Public Space at Main Square,Performance,False,11. September 2026 19:30 (MESZ) → 20:00,Main Square Linz,DANUBE TRIANGLE,48.30549,14.28668,,"Glitch & Leak is an invitation to open up a space together: a space of disruption, permeability, collective imagination and transformation. It uses disruption and leakage to collec...","Glitch & Leak is an invitation to open up a space together: a space of disruption, permeability, collective imagination and transformation. The glitch is not an error in the system, but a strategy of resistance—a way of interrupting established patterns and creating openings for other possibilities.
These patterns are also embedded in public space. Public space is never neutral. It is shaped by social, political and economic power relations, which determine who can access it, how it can be used ","Title: Glitch & Leak: Overflowing Bodies in Public Space at Main Square. Format: Performance. Area: DANUBE TRIANGLE. Location: Main Square Linz. Overview: Glitch & Leak is an invitation to open up a space together: a space of disruption, permeability, collective imagination and transformation. It uses disruption and leakage to collectively imagine how public space could be transformed."
3a638ddb450c80528557d1a662ba1cab,Polaris,Concert,False,11. September 2026 18:30 (MESZ) → 22:30,Posthof Linz,SATELLITE LOCATIONS,48.3117,14.31151,,"Polaris, the latest Pianographique production by Maki Namekawa and Cori O'Lan, offers a distinctive take on the music of Philip Glass.","Polaris, the latest Pianographique production by Maki Namekawa and Cori O'Lan, offers a distinctive take on the music of Philip Glass, whose compositions have become, for many, a timeless soundtrack of our present moment. Drawing on piano arrangements by Philip Glass himself as well as by Michael Riesman, Maki Namekawa has curated a unique program for this evening, one that speaks directly to the festival’s theme.","Title: Polaris. Format: Concert. Area: SATELLITE LOCATIONS. Location: Posthof Linz. Overview: Polaris, the latest Pianographique production by Maki Namekawa and Cori O'Lan, offers a distinctive take on the music of Philip Glass."
38e38ddb450c81aea359dd3a888c0ed5,Destituent Laughing Choir,Performance,False,9. September 2026 16:00 (MESZ) → 17:20,"Ars Electronica Center, Maindeck",DANUBE TRIANGLE,48.30996,14.28474,,"Destituent Laughing Choir is a radically horizontal, “join-as-you-come” performance structured around a core group of trained members, which invites the everyday public to organica...","This project uses collective, public laughter as a tactical, non-verbal strategy to confront and disrupt existing power structures, acting as a raw detonator against societal apathy and filling the public space with a disorienting cacophony of irony, joy and profound systemic discomfort. It is structured as a horizontal and open performance around a core group of trained members, inviting the everyday public to organically merge into a massive, contagious feedback loop that renders the mechanics","Title: Destituent Laughing Choir. Format: Performance. Area: DANUBE TRIANGLE. Location: Ars Electronica Center, Maindeck. Overview: Destituent Laughing Choir is a radically horizontal, “join-as-you-come” performance structured around a core group of trained members, which invites the everyday public to organically merge into a massive, contagious feedback loop that renders the mechanics of authority completely inoperative."
39f38ddb450c8186a77cd25d8dde0373,Negotiating Democracy at the OpenDemocracyLab,Workshop,True,9. September 2026 18:30 (MESZ) → 20:00,Main Square Linz,DANUBE TRIANGLE,48.30549,14.28668,,"Our democracies and constitutions rest on foundations that were originally laid in a very different world. In this participatory workshop, IG Demokratie invites participants to exp...","Our democracies and constitutions rest on foundations that were originally laid in a very different world. As societies confront multiple, interconnected crises, many are asking whether our political systems are still equipped to meet today’s challenges. In this participatory workshop, IG Demokratie invites participants to explore the roots of the current crisis of democracy. What lies at its core? Political parties? Patriarchal structures? Escalating techno-capitalism? Or something else entirel","Title: Negotiating Democracy at the OpenDemocracyLab. Format: Workshop. Area: DANUBE TRIANGLE. Location: Main Square Linz. Overview: Our democracies and constitutions rest on foundations that were originally laid in a very different world. In this participatory workshop, IG Demokratie invites participants to explore the roots of the current crisis of democracy."
39038ddb450c81dc8de9f95a702c1077,Addressing Tomorrow,Workshop,False,9. September 2026 15:00 (MESZ) → 17:30,Main Square Linz,DANUBE TRIANGLE,48.30549,14.28668,,"This workshop invites participants to transform their visions of the future into illustrated postcards. Together with Calle Libre, the workshop explores sustainability, community a...","As part of the Ars Electronica Festival, Calle Libre Street Art Festival and Austrian Post invite visitors to participate in the Addressing Tomorrow Postcard Illustration Workshop.
For generations, postcards have connected people by carrying memories, messages and ideas across places and time. Inspired by the theme Addressing Tomorrow, this workshop transforms the traditional postcard into a creative medium for imagining and communicating personal visions of a better future.
Guided by the Calle ","Title: Addressing Tomorrow. Format: Workshop. Area: DANUBE TRIANGLE. Location: Main Square Linz. Overview: This workshop invites participants to transform their visions of the future into illustrated postcards. Together with Calle Libre, the workshop explores sustainability, community and urban futures through drawing, creating a collective exhibition of hopeful messages for tomorrow."
37b38ddb450c81eb8e17e85680e8f00e,Post Compost – Forest Reset,Performance,False,11. September 2026 17:45 (MESZ) → 18:00,Main Square Linz,DANUBE TRIANGLE,48.30549,14.28668,,"Monocultures and drought weaken European forests, enabling bark beetles to reshape entire landscapes. This artistic research project explores decaying and emerging habitats through...","The ecological consequences of large-scale monocultures are becoming increasingly evident in European forests. The project centers on a large freestanding billboard installed in public space. Over the course of the festival, large-format posters are added successively to its surface, gradually transforming the image and revealing the project’s research process as a public, time-based intervention.","Title: Post Compost – Forest Reset. Format: Performance. Area: DANUBE TRIANGLE. Location: Main Square Linz. Overview: Monocultures and drought weaken European forests, enabling bark beetles to reshape entire landscapes. This artistic research project explores decaying and emerging habitats through a continuously evolving series of large-format posters installed on a public billboard."
3a538ddb450c804dbad4ee79b9e55359,Networking: Art Thinking,Networking Event,True,11. September 2026 13:30 (MESZ) → 14:15,"Ars Electronica Center, Level -3, Open Futurelab",DANUBE TRIANGLE,48.30962,14.28445,,"This informal gathering is an invitation to explore what Art Thinking means in practice, to exchange ideas and connect with others interested in shaping the futures.","How can we apply art for innovation and a better future society? Ars Electronica’s Art Thinking is a creative mindset shaping our approach to these futures—and what’s more, it is a highly customizable step-by-step process to transform visions into tangible prototypes that invite public dialog about these futures. The Art Thinking method serves as a starting point for numerous projects, bridging artistic work from the vast Ars Electronica network with creative questions that are essential, challe","Title: Networking: Art Thinking. Format: Networking Event. Area: DANUBE TRIANGLE. Location: Ars Electronica Center, Level -3, Open Futurelab. Overview: This informal gathering is an invitation to explore what Art Thinking means in practice, to exchange ideas and connect with others interested in shaping the futures."
3a638ddb450c8027a9d1d0de7f175fdf,mozXR: Empowering Creative Minds in XR,Panel Discussion,False,12. September 2026 15:15 (MESZ) → 16:15,"Ars Electronica Center, Level -3, Open Futurelab",DANUBE TRIANGLE,48.30962,14.28445,,"Join the developers, artists and researchers behind the project as they share insights into MozXR’s development, its potential for creative practice and new possibilities for creat...","MozXR is an open-source framework for creating interactive and immersive XR experiences in 2D and 3D. Developed by Mozarteum University Salzburg and Ars Electronica Futurelab, its purpose is to reduce technical complexity so artists can focus on their concepts and creative ideas. Join the developers, artists and researchers behind the project as they share insights into MozXR’s development, its potential for creative practice and new possibilities for creating immersive experiences.","Title: mozXR: Empowering Creative Minds in XR. Format: Panel Discussion. Area: DANUBE TRIANGLE. Location: Ars Electronica Center, Level -3, Open Futurelab. Overview: Join the developers, artists and researchers behind the project as they share insights into MozXR’s development, its potential for creative practice and new possibilities for creating immersive experiences."
39538ddb450c804487b4d97d74b94fc8,Spotlight Tour FESTIVAL WALK: Negotiating the Real (EN),Guided Tour,False,9. September 2026 13:00 (MESZ) → 14:30,"OK Platz, WE GUIDE YOU Meeting Point",OK QUARTER,48.30231,14.29098,,"How do we negotiate reality? How does community form, both among us humans and with other living beings? What systems of belief shape the conflicts we face in this process and what...","How do we negotiate reality? How does community form, both among us humans and with other living beings? What systems of belief shape the conflicts we face in this process and what role does technology play? This guided tour takes you on a journey along the FESTIVAL WALK through the heart of Linz visiting a school, a museum, a hospital and several churches, connecting infrastructures of our daily life with artistic projects.","Title: Spotlight Tour FESTIVAL WALK: Negotiating the Real (EN). Format: Guided Tour. Area: OK QUARTER. Location: OK Platz, WE GUIDE YOU Meeting Point. Overview: How do we negotiate reality? How does community form, both among us humans and with other living beings? What systems of belief shape the conflicts we face in this process and what role does technology play?"
39538ddb450c804cb40efcf4008dd0f2,Spotlight Tour FESTIVAL WALK: Negotiating the Real (DE),Guided Tour,False,9. September 2026 17:00 (MESZ) → 18:30,"OK Platz, WE GUIDE YOU Meeting Point",OK QUARTER,48.30231,14.29098,,"How do we negotiate reality? How does community form, both among us humans and with other living beings? What systems of belief shape the conflicts we face in this process and what...","How do we negotiate reality? How does community form, both among us humans and with other living beings? What systems of belief shape the conflicts we face in this process and what role does technology play? This guided tour takes you on a journey along the FESTIVAL WALK through the heart of Linz visiting a school, a museum, a hospital and several churches, connecting infrastructures of our daily life with artistic projects.","Title: Spotlight Tour FESTIVAL WALK: Negotiating the Real (DE). Format: Guided Tour. Area: OK QUARTER. Location: OK Platz, WE GUIDE YOU Meeting Point. Overview: How do we negotiate reality? How does community form, both among us humans and with other living beings? What systems of belief shape the conflicts we face in this process and what role does technology play?"
39838ddb450c8078b25ddadd9162b41b,Spotlight Tour: Negotiating Humanity (EN),Guided Tour,False,9. September 2026 12:30 (MESZ) → 14:00,Lentos Kunstmuseum,DANUBE TRIANGLE,48.30863,14.28884,,What can we negotiate when it comes to humanity? What must remain non-negotiable? How do we engage with conflicts on an individual and collective level? And what role does art play...,"What can we negotiate when it comes to humanity? What must remain non-negotiable? How do we engage with conflicts on an individual and collective level? And what role does art play in this process?

In our daily guided tours, we will be looking for answers to those questions in dialogue with you. This guided tour takes you through the exhibition Negotiating Humanity at Lentos Kunstmuseum, presenting six award-winning projects from the Prix Ars Electronica and STARTS Prize.",Title: Spotlight Tour: Negotiating Humanity (EN). Format: Guided Tour. Area: DANUBE TRIANGLE. Location: Lentos Kunstmuseum. Overview: What can we negotiate when it comes to humanity? What must remain non-negotiable? How do we engage with conflicts on an individual and collective level? And what role does art play in this process?
39838ddb450c807fb3a9d19e3cefc7ea,Spotlight Tour: Negotiating Humanity (DE),Guided Tour,False,9. September 2026 14:30 (MESZ) → 16:00,Lentos Kunstmuseum,DANUBE TRIANGLE,48.30863,14.28884,,Wie verhandeln wir die Menschheit? Was darf nicht verhandelbar sein? Wie gehen wir auf individueller und kollektiver Ebene mit Konflikten um? Und welche Rolle spielt die Kunst in d...,"What can we negotiate when it comes to humanity? What must remain non-negotiable? How do we engage with conflicts on an individual and collective level? And what role does art play in this process?

In our daily guided tours, we will be looking for answers to those questions in dialogue with you. This guided tour takes you through the exhibition Negotiating Humanity at Lentos Kunstmuseum, presenting six award-winning projects from the Prix Ars Electronica and STARTS Prize.",Title: Spotlight Tour: Negotiating Humanity (DE). Format: Guided Tour. Area: DANUBE TRIANGLE. Location: Lentos Kunstmuseum. Overview: Wie verhandeln wir die Menschheit? Was darf nicht verhandelbar sein? Wie gehen wir auf individueller und kollektiver Ebene mit Konflikten um? Und welche Rolle spielt die Kunst in diesem Prozess?
39138ddb450c809d8d81dd85268614f5,Intro Session: Negotiating Humanity,Guided Tour,False,9. September 2026 10:30 (MESZ) → 18:00,Lentos Kunstmuseum,DANUBE TRIANGLE,48.30863,14.28884,,You don’t know where to start? Come join one of our Intro Sessions. Our art educators offer you in-depth insights into selected projects from the festival’s most important exhibiti...,"You don’t know where to start? Come join one of our Intro Sessions. Our art educators offer you in-depth insights into selected projects from the festival’s most important exhibitions. Whether you’re curious, critical or at the very beginning of your festival visit, these sessions are the perfect introduction to learning about how art, technology and society intersect.

The sessions take about 10 minutes. No registration needed. First come, first served. The sessions take place regularly on dema",Title: Intro Session: Negotiating Humanity. Format: Guided Tour. Area: DANUBE TRIANGLE. Location: Lentos Kunstmuseum. Overview: You don’t know where to start? Come join one of our Intro Sessions. Our art educators offer you in-depth insights into selected projects from the festival’s most important exhibitions.
46538ddb450c82f09844019031627a02,Intro Session: Negotiating Beyond Humanity,Guided Tour,False,9. September 2026 10:30 (MESZ) → 18:30,"Ursulinenhof Linz, Attic",OK QUARTER,48.30226,14.29074,,You don’t know where to start? Come join one of our Intro Sessions. Our art educators offer you in-depth insights into selected projects from the festival's most important exhibiti...,"You don’t know where to start? Come join one of our Intro Sessions. Our art educators offer you in-depth insights into selected projects from the festival's most important exhibitions. Whether you’re curious, critical, or at the very beginning of your festival visit, these sessions are the perfect way to learn about the intersections of art, technology, and society. 
The sessions take about 10 minutes. No registration needed. First come, first served. The sessions take place regularly on demand ","Title: Intro Session: Negotiating Beyond Humanity. Format: Guided Tour. Area: OK QUARTER. Location: Ursulinenhof Linz, Attic. Overview: You don’t know where to start? Come join one of our Intro Sessions. Our art educators offer you in-depth insights into selected projects from the festival's most important exhibitions."
3a638ddb450c8018a53dcd7313f98207,Intro Session FESTIVAL WALK: Negotiating the Real,Guided Tour,False,9. September 2026 10:00 (MESZ) → 18:30,Priesterseminar,OK QUARTER,48.30258,14.29172,,You don’t know where to start? Come join one of our Intro Sessions for the FESTIVAL WALK. Our art educators offer you in-depth insights into selected projects from the exhibition.,"You don’t know where to start? Come join one of our Intro Sessions for the FESTIVAL WALK. Our art educators offer you in-depth insights into selected projects from the exhibition. 

Whether you’re curious, critical or at the very beginning of your festival visit, these sessions are the perfect way to learn about how art, technology and society intersect. The sessions take about 10 minutes. No registration needed. First come, first served. The sessions take place regularly on demand within the ti",Title: Intro Session FESTIVAL WALK: Negotiating the Real. Format: Guided Tour. Area: OK QUARTER. Location: Priesterseminar. Overview: You don’t know where to start? Come join one of our Intro Sessions for the FESTIVAL WALK. Our art educators offer you in-depth insights into selected projects from the exhibition.
34a38ddb450c8008a8f1f210e52d1fb0,Pre-Opening Walk,Guided Tour,True,8. September 2026 15:00 (MESZ) → 23:00,Lentos Kunstmuseum,DANUBE TRIANGLE,48.30863,14.28884,,"Since 2015, every Ars Electronica has invited visitors to the Pre-Opening Walk on the evening before the official start of the festival—a stroll through Linz’s city center that lea...","It all starts at 3:00 PM at the Lentos Kunstmuseum with a premiere. Hemma Schmutz (Director of the Lentos Kunstmuseum) and Gerfried Stocker (Artistic Director) invite guests to the opening of NEGOTIATING HUMANITY – Award-Winning Works Exhibition, which for the first time brings together the projects of the winners of the Prix Ars Electronica and the European Union’s S+T+ARTS Prize and takes on the festival theme.

At 5:00 PM sharp, Brigitte Hütter (Rector of the University of Arts Linz) and Manu","Title: Pre-Opening Walk. Format: Guided Tour. Area: DANUBE TRIANGLE. Location: Lentos Kunstmuseum. Overview: Since 2015, every Ars Electronica has invited visitors to the Pre-Opening Walk on the evening before the official start of the festival—a stroll through Linz’s city center that leads from one opening to the next. To mark the 30th anniversary of the Ars Electronica Center, this year’s Pre-Opening Walk—free of charge—comes with a rousing birthday party."
39138ddb450c80db926cdd2baf7b37e2,Town Hall Meeting: Conflict Culture,Networking Event,False,12. September 2026 12:30 (MESZ) → 13:30,"OK Linz, voestalpine OPEN SPACE",OK QUARTER,48.30286,14.29061,,"A space to think through what it means when art becomes an infrastructure for negotiation, and what societies lose when the capacity for genuine disagreement disappears.","At the heart of this year’s festival lies the conviction that art can function as an infrastructure for negotiation, not as a place of judgement, but rather as a space for productive discomfort, ambivalence and confrontation. A place in which dissent is not concealed but acknowledged, and in which conflicts are not resolved but made workable. This informal gathering is an invitation to think through what this means in practice. How do societies maintain the capacity for genuine disagreement with","Title: Town Hall Meeting: Conflict Culture. Format: Networking Event. Area: OK QUARTER. Location: OK Linz, voestalpine OPEN SPACE. Overview: A space to think through what it means when art becomes an infrastructure for negotiation, and what societies lose when the capacity for genuine disagreement disappears."
37c38ddb450c81888ba3d3d2e972873b,Studio Sessions,Performance,False,10. September 2026 16:00 (MESZ) → 18:00,"University of Arts Linz, Hauptplatz 8 (West Building), Third Floor",DANUBE TRIANGLE,48.30655,14.28568,,Studio Sessions offer a space for experimental and playful performances at Studio 1 of the University of Arts Linz. The spectrum ranges from complex audiovisual pieces and text and...,"Studio Sessions offer a space for experimental and playful performances at Studio 1 of the University of Arts Linz. The spectrum ranges from complex audiovisual pieces and text and dance performances to instrumental spatial and sound art experiences. Alongside well-established performance formats, unconventional experiments are also part of this series, which has become a popular event within the Ars Electronica Festival and complements the campus exhibition of the Time-Based and Interactive Med","Title: Studio Sessions. Format: Performance. Area: DANUBE TRIANGLE. Location: University of Arts Linz, Hauptplatz 8 (West Building), Third Floor. Overview: Studio Sessions offer a space for experimental and playful performances at Studio 1 of the University of Arts Linz. The spectrum ranges from complex audiovisual pieces and text and dance performances to instrumental spatial and sound art experiences."
38f38ddb450c8075ab37f052b4fd8bd0,New Perspectives on Salzburg,Experience,False,12. September 2026 14:30 (MESZ) → 15:00,"Ars Electronica Center, Level 0, Deep Space 8K",DANUBE TRIANGLE,48.30962,14.28445,,"How can digital technologies open new ways of seeing, understanding, negotiating and collectively experiencing cultural heritage? Salzburg Museum and Ars Electronica Futurelab pres...","The new exhibition venue Orangery Salzburg – Panorama | World Heritage re-contextualizes cultural heritage not as a static archive, but as a space for interactive, shared experience. How can digital technologies open new ways of seeing, understanding, negotiating and collectively experiencing cultural heritage? Salzburg Museum and Ars Electronica Futurelab discuss this through showcasing one of the new interventions. At its core is Johann Michael Sattler’s panoramic view of Salzburg (1825–1829),","Title: New Perspectives on Salzburg. Format: Experience. Area: DANUBE TRIANGLE. Location: Ars Electronica Center, Level 0, Deep Space 8K. Overview: How can digital technologies open new ways of seeing, understanding, negotiating and collectively experiencing cultural heritage? Salzburg Museum and Ars Electronica Futurelab present a Deep Space 8K journey linking Sattler’s historic panorama of Salzburg with a contemporary 360° view of the city."
34a38ddb450c80f3ac9fcf8dd7dff643,Ars Electronica Opening,Concert,True,9. September 2026 19:00 (MESZ) → 23:40,St. Mary’s Cathedral,SATELLITE LOCATIONS,48.30043,14.28618,,"Under the title NEGOTIATING HUMANITY – FUTURE BEGINS, the festival puts fundamental questions about humanity up for negotiation. On the opening night, a clear declaration is made: ...","Under the title NEGOTIATING HUMANITY – FUTURE BEGINS, the festival puts fundamental questions about humanity up for negotiation. On the opening night, a clear declaration is made: a commitment to humanity—more precisely, to the unbreakable humanity found in art and in the shared experience of it. St. Mary’s Cathedral, with its overwhelming spatial and acoustic scale, becomes the resonating chamber for this declaration. Here, the most diverse musical languages and worldviews of the past five cent","Title: Ars Electronica Opening. Format: Concert. Area: SATELLITE LOCATIONS. Location: St. Mary’s Cathedral. Overview: Under the title NEGOTIATING HUMANITY – FUTURE BEGINS, the festival puts fundamental questions about humanity up for negotiation. On the opening night, a clear declaration is made: a commitment to humanity—more precisely, to the unbreakable humanity found in art and in the shared experience of it."
34a38ddb450c80b2a82fd47f29d8ccc4,Big Concert Night 2026,Concert,True,11. September 2026 18:30 (MESZ) → 22:30,Posthof Linz,SATELLITE LOCATIONS,48.3117,14.31151,,"This year, Ars Electronica’s Big Concert Night unfolds as a multimedia Gesamtkunstwerk. Staged across three concert halls, visitors move between strikingly different concerts and p...","Polaris – Music Between the Poles

This year, Ars Electronica’s Big Concert Night unfolds as a multimedia Gesamtkunstwerk. Staged across three concert halls, visitors move between strikingly different concerts and performances, each performed several times throughout the evening so that audiences can experience them in shifting constellations and atmospheres.
Polaris—the pole star and fixed point of this constellation—embodies the festival’s guiding theme: the question of what it fundamentally m","Title: Big Concert Night 2026. Format: Concert. Area: SATELLITE LOCATIONS. Location: Posthof Linz. Overview: This year, Ars Electronica’s Big Concert Night unfolds as a multimedia Gesamtkunstwerk. Staged across three concert halls, visitors move between strikingly different concerts and performances."
3a538ddb450c80e4bc19d778b32f6d74,From Collection to Connection,Panel Discussion,False,12. September 2026 17:30 (MESZ) → 18:30,"Ars Electronica Center, Level -3, Open Futurelab",DANUBE TRIANGLE,48.30962,14.28445,,"How can collections evolve from repositories of history into catalysts for dialogue, participation and innovation? In this discussion we explore how to transform archives into mult...","How can collections evolve from repositories of history into catalysts for dialogue, participation and innovation? Bringing together leaders from museums, foundations, artistic practice and creative technology, From Collection to Connection explores how to transform archives into multimedial experiences. We look  at cultural heritage in motion, where objects, stories and memories begin to move beyond preservation and become invitations to connect, reinterpret and imagine futures together.","Title: From Collection to Connection. Format: Panel Discussion. Area: DANUBE TRIANGLE. Location: Ars Electronica Center, Level -3, Open Futurelab. Overview: How can collections evolve from repositories of history into catalysts for dialogue, participation and innovation? In this discussion we explore how to transform archives into multimedial experiences."
3a538ddb450c80e2ab62c6b9d025fbe4,Beyond Reconstruction: Digital Heritage and Cultural Resilience,Panel Discussion,False,12. September 2026 11:15 (MESZ) → 12:15,"Ars Electronica Center, Level -3, Open Futurelab",DANUBE TRIANGLE,48.30962,14.28445,,"In this discussion, we explore what role technology and art can play in moving from conservation or reconstruction to cultural resilience—taking responsibility when history, and th...","Cultural heritage sites are fragile, from threats like devastating fires to utter destruction by armed conflicts. What role can technology and art play in conservation efforts for world heritage? In this panel discussion between the creators behind Unbreakable Ukraine and Ars Electronica, we even want to go one step further: What role can technology and art play in moving from conservation or reconstruction to cultural resilience? Memory becomes a conscious act of resistance, underlining the imp","Title: Beyond Reconstruction: Digital Heritage and Cultural Resilience. Format: Panel Discussion. Area: DANUBE TRIANGLE. Location: Ars Electronica Center, Level -3, Open Futurelab. Overview: In this discussion, we explore what role technology and art can play in moving from conservation or reconstruction to cultural resilience—taking responsibility when history, and thus our future, is under threat."
3a938ddb450c80e897d8d6cf37cfbf9b,Curator’s Tour with Julia Staudach: “Collection Francisco Carolinum”,Guided Tour,False,9. September 2026 15:30 (MESZ) → 16:00,Francisco Carolinum,OK QUARTER,48.30603,14.29371,,"In this tour, the exhibition’s curator, Julia Staudach, shares insights into the artworks showcased in the Collection Francisco Carolinum and the ideas behind them.","With the Collection Francisco Carolinum, the museum presents its continuously growing collection of blockchain-based art in a comprehensive exhibition for the first time. Since its launch in 2021, the collection has grown to include works on the Ethereum, Tezos and Bitcoin blockchains, offering a window into an artistic field that remains in constant flux. In this tour, the exhibition’s curator, Julia Staudach, shares insights into the artworks and the ideas behind them.","Title: Curator’s Tour with Julia Staudach: “Collection Francisco Carolinum”. Format: Guided Tour. Area: OK QUARTER. Location: Francisco Carolinum. Overview: In this tour, the exhibition’s curator, Julia Staudach, shares insights into the artworks showcased in the Collection Francisco Carolinum and the ideas behind them."
3a938ddb450c80e3a590dbc660da0b89,Artist Tour with Ana María Caballero and Curator Julia Staudach: “READ THE ROOM”,Guided Tour,False,9. September 2026 15:00 (MESZ) → 15:30,Francisco Carolinum,OK QUARTER,48.30603,14.29371,,"In this Artist Tour, artist and poet Ana María Caballero joins curator Julia Staudach to guide visitors through Read the Room, Caballero’s first institutional mid-career retrospect...","In this Artist Tour, artist and poet Ana María Caballero joins curator Julia Staudach to guide visitors through Read the Room, her first institutional mid-career retrospective. The exhibition spans key works in installation, performance, sculpture, choreography, cinematic AI and literature. Together, they offer insight into an artistic practice rooted in a fundamental conviction: language is not a fixed medium, but a living process that unfolds in the interplay of writing and reading.","Title: Artist Tour with Ana María Caballero and Curator Julia Staudach: “READ THE ROOM”. Format: Guided Tour. Area: OK QUARTER. Location: Francisco Carolinum. Overview: In this Artist Tour, artist and poet Ana María Caballero joins curator Julia Staudach to guide visitors through Read the Room, Caballero’s first institutional mid-career retrospective."
3a938ddb450c80afaff4c112dd8e5b3e,Artist Tour with Claudia Larcher and Curator Eva Fischer: “No applause. no life. no pain.“,Guided Tour,False,9. September 2026 16:00 (MESZ) → 17:00,Francisco Carolinum,OK QUARTER,48.30603,14.29371,,"In this guided tour through the exhibition No applause. no life. no pain. at Francisco Carolinum, artist Claudia Larcher joins the curator of the exhibition, Eva Fischer, to explor...","In this guided tour, Claudia Larcher joins the curator of the exhibition, Eva Fischer, to explore how her works in the exhibition No applause. no life. no pain. at Francisco Carolinum unfold a panorama of change: the extinction of species, the erosion of shared cultural spaces and the transformation of our perception in the age of generative AI. In her films, installations and AI-based works, Claudia Larcher connects ecological questions with reflections on the future of cinema and image product","Title: Artist Tour with Claudia Larcher and Curator Eva Fischer: “No applause. no life. no pain.“. Format: Guided Tour. Area: OK QUARTER. Location: Francisco Carolinum. Overview: In this guided tour through the exhibition No applause. no life. no pain. at Francisco Carolinum, artist Claudia Larcher joins the curator of the exhibition, Eva Fischer, to explore how her work unfolds a panorama of change."
3a938ddb450c805a842fed558bb82a98,"Reading the Room: Language, Systems, and Contemporary Art",Lecture & Talk,True,10. September 2026 15:00 (MESZ) → 16:00,Francisco Carolinum,OK QUARTER,48.30603,14.29371,,"Reading the Room: Language, Systems, and Contemporary Art brings together Manuela Naveau, Ana María Caballero, Sergio Fontanella and Alfred Weidinger on a panel moderated by Julia ...","Reading the Room: Language, Systems, and Contemporary Art brings together Manuela Naveau, Ana María Caballero, Sergio Fontanella and Alfred Weidinger on a panel moderated by Julia Staudach. A conversation rooted in Caballero’s first institutional retrospective. Taking the exhibition (and the page) as its point of departure, this panel explores poetry as a contemporary artistic medium, examining language, translation, participation and systems of record-keeping within contemporary new media setti","Title: Reading the Room: Language, Systems, and Contemporary Art. Format: Lecture & Talk. Area: OK QUARTER. Location: Francisco Carolinum. Overview: Reading the Room: Language, Systems, and Contemporary Art brings together Manuela Naveau, Ana María Caballero, Sergio Fontanella and Alfred Weidinger on a panel moderated by Julia Staudach."
3a938ddb450c806a9965d44a7ffe6b58,Patterns & Politics: Book Presentation and Panel,Lecture & Talk,False,9. September 2026 17:00 (MESZ) → 18:00,Francisco Carolinum,OK QUARTER,48.30603,14.29371,,"Patterns & Politics: Book Presentation and Panel brings together Claudia Hart, Andrew Blanton and Anika Meier for a conversation, moderated by curator Julia Staudach, on Hart’s art...","This book presentation and panel brings together Claudia Hart, Andrew Blanton and Anika Meier for a conversation, moderated by curator Julia Staudach, on Hart’s artistic practice and her first museum retrospective. Taking the exhibition Patterns and Politics and the publication as its point of departure, the panel traces Hart’s perspective on technology, visual culture and power, connecting her decades of work with virtual image-making to current debates on AI art.","Title: Patterns & Politics: Book Presentation and Panel. Format: Lecture & Talk. Area: OK QUARTER. Location: Francisco Carolinum. Overview: Patterns & Politics: Book Presentation and Panel brings together Claudia Hart, Andrew Blanton and Anika Meier for a conversation, moderated by curator Julia Staudach, on Hart’s artistic practice and her first museum retrospective."
3a938ddb450c803f97f5e982d365e06c,GRMW Haunted Nightline,Concert,False,11. September 2026 22:00 (MESZ) → 12. September 2026 4:00 (MESZ),Stadtwerkstatt,DANUBE TRIANGLE,48.3101,14.28461,,"Hybrid genres, abstract practices, electronic soundscapes, a ghost train ride featuring living, dead and undead media: musicians, sound artists and performers from Linz and around ...","On Friday, September 11th, and Saturday, September 12th, Stadtwerkstatt will host two nights of: GET READY for haunted nightline!

The GRWM4 HAUNTED NIGHTLINE features hybrid genres, abstract practices, electronic soundscapes, and a ghost train ride with living, dead, and undead media. The program was co-curated by Gabriela Gordillo and STWST.

Musicians, sound artists, and performers from Linz and around the world will haunt the night with vibration-inducing acts, dystopian ambient sounds, ener","Title: GRMW Haunted Nightline. Format: Concert. Area: DANUBE TRIANGLE. Location: Stadtwerkstatt. Overview: Hybrid genres, abstract practices, electronic soundscapes, a ghost train ride featuring living, dead and undead media: musicians, sound artists and performers from Linz and around the world will haunt the night: GET READY for HAUNTED NIGHTLINE!"
39838ddb450c807c9aa8c78aadaa6f43,Haunted Herstory: Herzblutwiese Stadtwerkstatt – Screening at Milieukino,Screening,True,11. September 2026 0:00 (MESZ) → 2:00,Stadtwerkstatt,DANUBE TRIANGLE,48.3101,14.28461,,"The essay film Herzblutwiese Stadtwerkstatt addresses feminism, equal rights and gender equality at the Stadtwerkstatt, the longest-running autonomous art and culture space in the ...","Media art, subculture and fragments and continuities of a tech-oriented feminist history. The essay film Herzblutwiese Stadtwerkstatt addresses feminism, equal rights and gender equality at the Stadtwerkstatt, the longest-running autonomous art and culture space in the city of Linz. In an environment of aesthetic innovation, social revolt, subversive power and artistic-technological developments, the film interweaves text, interviews, artistic productions and archive material from 1979 to the pr","Title: Haunted Herstory: Herzblutwiese Stadtwerkstatt – Screening at Milieukino. Format: Screening. Area: DANUBE TRIANGLE. Location: Stadtwerkstatt. Overview: The essay film Herzblutwiese Stadtwerkstatt addresses feminism, equal rights and gender equality at the Stadtwerkstatt, the longest-running autonomous art and culture space in the city of Linz."
51b38ddb450c82e9986701eddf9baf18,Haunted Herstory: Herzblutwiese Stadtwerkstatt – Movie&Talk,Screening,False,13. September 2026 14:00 (MESZ) → 17:00,Moviemento,OK QUARTER,48.30291,14.29076,,"The essay film Herzblutwiese Stadtwerkstatt addresses feminism, equal rights and gender equality at the Stadtwerkstatt, the longest-running autonomous art and culture space in the ...","Media art, subculture and fragments and continuities of a tech-oriented feminist history. The essay film Herzblutwiese Stadtwerkstatt addresses feminism, equal rights and gender equality at the Stadtwerkstatt, the longest-running autonomous art and culture space in the city of Linz. In an environment of aesthetic innovation, social revolt, subversive power and artistic-technological developments, the film interweaves text, interviews, artistic productions and archive material from 1979 to the pr","Title: Haunted Herstory: Herzblutwiese Stadtwerkstatt – Movie&Talk. Format: Screening. Area: OK QUARTER. Location: Moviemento. Overview: The essay film Herzblutwiese Stadtwerkstatt addresses feminism, equal rights and gender equality at the Stadtwerkstatt, the longest-running autonomous art and culture space in the city of Linz."
3a938ddb450c80648be5d80e602f4a25,Die fliegende Holländerin kehrt zurück,Performance,False,11. September 2026 21:00 (MESZ) → 21:15,"Ars Electronica Center, Maindeck",DANUBE TRIANGLE,48.30996,14.28474,,"With projectors, text, broadcasts, wild gestures and media of all kinds, the milieu cinema is being taken over.","With projectors, text, broadcasts, wild gestures and media of all kind, the milieu cinema is being taken over.","Title: Die fliegende Holländerin kehrt zurück. Format: Performance. Area: DANUBE TRIANGLE. Location: Ars Electronica Center, Maindeck. Overview: With projectors, text, broadcasts, wild gestures and media of all kinds, the milieu cinema is being taken over."
3a938ddb450c800ebb89d1f3f401a41f,Haunted by Repetition,Lecture & Talk,False,10. September 2026 18:00 (MESZ) → 20:00,"Ars Electronica Center, Maindeck",DANUBE TRIANGLE,48.30996,14.28474,,Participatory Reading and Discussion: Bianca Ludewig will read from her book Transmedia Festivals – Audio-Social Communities Between Artistic Experimentation and Economization alon...,"Participatory Reading and Discussion: Bianca Ludewig will read from her book Transmedia Festivals – Audio-Social Communities Between Artistic Experimentation and Economization alongside guests. This will be followed by a discussion with sound artists Anna S. Adelt, Stefan Tiefengraber, and Sashe Urdovski, who are presenting works at STWST.","Title: Haunted by Repetition. Format: Lecture & Talk. Area: DANUBE TRIANGLE. Location: Ars Electronica Center, Maindeck. Overview: Participatory Reading and Discussion: Bianca Ludewig will read from her book Transmedia Festivals – Audio-Social Communities Between Artistic Experimentation and Economization alongside guests. This will be followed by a discussion with sound artists Anna S. Adelt, Stefan Tiefengraber and Sashe Urdovski, who are presenting works at STWST."
39738ddb450c80309d0cc9653b295675,HandsOn: Man x Machine,Experience,False,9. September 2026 10:45 (MESZ) → 11:15,"Ars Electronica Center, Level -1",DANUBE TRIANGLE,48.30962,14.28445,,"How close can robots actually get to us? From prosthetics that replace lost abilities, and exoskeletons that support and strengthen us, to robots that accompany and assist us—this ...","How close can robots actually get to us? From prosthetics that replace lost abilities, and exoskeletons that support and strengthen us, to robots that accompany and assist us—this HandsOn presentation demonstrates robotics as a technology of closeness. Together with the audience, this session will explore the relationship between humans and machines.","Title: HandsOn: Man x Machine. Format: Experience. Area: DANUBE TRIANGLE. Location: Ars Electronica Center, Level -1. Overview: How close can robots actually get to us? From prosthetics that replace lost abilities, and exoskeletons that support and strengthen us, to robots that accompany and assist us—this HandsOn presentation demonstrates robotics as a technology of closeness."
3a638ddb450c813f80b9d442a695ce2d,Sinécdoque: The Prosthetic Self,Lecture & Talk,True,10. September 2026 11:00 (MESZ) → 11:30,"Catholic Private University Linz, Courtyard",OK QUARTER,48.30338,14.29179,,"Berenice Olmedo’s sculptures challenge the idea of the body as complete and self-sufficient. This talk explores embodiment, dependency and transformation through the lens of philos...","Berenice Olmedo’s work challenges the idea of the human body as autonomous and complete. Drawing on disability studies and cyborg theory, her sculptures explore the body as inherently relational, shaped by technologies, care, and interdependence. In dialogue with philosophy, this talk, which is hosted by researchers of the Catholic Private University Linz, examines notions of incompleteness, connection and transformation, asking how prosthetic technologies reshape our understanding of embodiment","Title: Sinécdoque: The Prosthetic Self. Format: Lecture & Talk. Area: OK QUARTER. Location: Catholic Private University Linz, Courtyard. Overview: Berenice Olmedo’s sculptures challenge the idea of the body as complete and self-sufficient. This talk explores embodiment, dependency and transformation through the lens of philosophy and transhumanism, asking how technologies and connections reshape our understanding of what it means to be human."
3a838ddb450c81d39acadf12fbdb148f,Creative Coding Open House (SAT 12.9.),Open Lab,False,12. September 2026 13:00 (MESZ) → 18:00,PopUp Store,DANUBE TRIANGLE,48.30555,14.28739,,"Whether you are a novvvvice or enjoying vvvv professionally, join us for an afternoon of demos. Bring your own patch or just check out what is on display.","Whether you are a novvvvice or enjoying vvvv professionally, join us for an afternoon of demos. Bring your own patch or just check out what is on display. We will be avateering virtual characters, have a laser to play with and maybe even a robot. But most importantly we will be curious to hear your thoughts and questions about vvvv and to share what we know.","Title: Creative Coding Open House (SAT 12.9.). Format: Open Lab. Area: DANUBE TRIANGLE. Location: PopUp Store. Overview: Whether you are a novvvvice or enjoying vvvv professionally, join us for an afternoon of demos. Bring your own patch or just check out what is on display."
3a838ddb450c81f396ddfbb621ddeaa0,Creative Coding Open House (THU 10.9.),Open Lab,False,10. September 2026 13:00 (MESZ) → 18:00,PopUp Store,DANUBE TRIANGLE,48.30555,14.28739,,Let’s get a taste of different creative coding tools and discuss the philosophies behind them. Find out what they have in common and what is unique about them. Bring your own favor...,Let’s get a taste of different creative coding tools and discuss the philosophies behind them. Find out what they have in common and what is unique about them. Bring your own favorite tool and share your experience with it as we build the same artwork in parallel. We will have stations where beginners can taste-test different tools and find what is right for you!,Title: Creative Coding Open House (THU 10.9.). Format: Open Lab. Area: DANUBE TRIANGLE. Location: PopUp Store. Overview: Let’s get a taste of different creative coding tools and discuss the philosophies behind them. Find out what they have in common and what is unique about them. Bring your own favorite tool and share your experience with it as we build the same artwork in parallel.
3a838ddb450c816c85dbd8ba658d933d,Creative Coding Open House (WED 9.9.),Open Lab,False,9. September 2026 13:00 (MESZ) → 18:00,PopUp Store,DANUBE TRIANGLE,48.30555,14.28739,,The Creative Coding Open House starts with a day to meet fellow creative coding tool users and makers (and those who are just curious!). Make new connections and catch up with old ...,The Creative Coding Open House starts with a day to meet fellow creative coding tool users and makers (and those who are just curious!). Make new connections and catch up with old friends. Pitch activities for the coming days at the Open House and help us make this a cozy space to hang out.,Title: Creative Coding Open House (WED 9.9.). Format: Open Lab. Area: DANUBE TRIANGLE. Location: PopUp Store. Overview: The Creative Coding Open House starts with a day to meet fellow creative coding tool users and makers (and those who are just curious!). Make new connections and catch up with old friends. Pitch activities for the coming days at the Open House and help us make this a cozy space to hang out.
3a838ddb450c8145a55bc3a79dfd6046,Creative Coding Open House (FRI 11.9.),Open Lab,False,11. September 2026 13:00 (MESZ) → 18:00,PopUp Store,DANUBE TRIANGLE,48.30555,14.28739,,"Contribute to creative coding by exploring first steps: making tutorials, writing documentation, adding language support and committing code. Gain hands-on experience supporting co...","At the Creative Coding Open House, this lab demystifies how to support open-source software. Designed for all skill levels, the event guides participants through taking their contributing first steps, making great tutorials and improving documentation and language support. Attendees gain practical experience committing code while exploring meaningful ways of supporting communities. This hands-on day empowers everyone to sustain the creative digital tools that they love.","Title: Creative Coding Open House (FRI 11.9.). Format: Open Lab. Area: DANUBE TRIANGLE. Location: PopUp Store. Overview: Contribute to creative coding by exploring first steps: making tutorials, writing documentation, adding language support and committing code. Gain hands-on experience supporting communities and the open-source tools that you rely on."
3a838ddb450c81c59d98ff44c33d4c4b,Creative Coding Open House (SUN 13.9.),Open Lab,False,13. September 2026 13:00 (MESZ) → 18:00,PopUp Store,DANUBE TRIANGLE,48.30555,14.28739,,"Have you ever wanted to try out Processing or p5.js? Join us for a day celebrating 25 years of Processing—a gathering for beginners, experienced users and everyone in between.","Have you ever wanted to try out Processing or p5.js? Join us for a day celebrating 25 years of Processing—a gathering for beginners, experienced users and everyone in between. Come by to see how easily hands, faces and bodies can be tracked with ml5.js and p5.js, explore how Processing can be used to create immersive Deep Space applications, discuss what is next for Processing and p5.js or exchange ideas about using AI tools in your creative practice or teaching.","Title: Creative Coding Open House (SUN 13.9.). Format: Open Lab. Area: DANUBE TRIANGLE. Location: PopUp Store. Overview: Have you ever wanted to try out Processing or p5.js? Join us for a day celebrating 25 years of Processing—a gathering for beginners, experienced users and everyone in between."
3aa38ddb450c81b48fa2f3681fa17fc8,DIE KUNSTSCHAFFENDEN | Meet the Artist: Robert Moser,Meet the Artist,False,12. September 2026 10:00 (MESZ) → 17:00,"Ursulinenhof Linz, DIE KUNSTSCHAFFENDEN",OK QUARTER,48.30243,14.29032,,"Meet artist Robert Moser for a conversation on the exhibition In the Paradise of Painting. Or: On Growth and Refinement, on view at DIE KUNSTSCHAFFENDEN.","Meet artist Robert Moser for a conversation on the exhibition In the Paradise of Painting. Or: On Growth and Refinement, on view at DIE KUNSTSCHAFFENDEN. As high-performance computers increasingly assess human beings by their “market value”, art remains a space for growth and refinement. At its most authentic, it preserves what makes us human. In this light, hand-painted works become an act of resistance. 
The artist will share insights into his practice and reflect on painting as a space for hu","Title: DIE KUNSTSCHAFFENDEN | Meet the Artist: Robert Moser. Format: Meet the Artist. Area: OK QUARTER. Location: Ursulinenhof Linz, DIE KUNSTSCHAFFENDEN. Overview: Meet artist Robert Moser for a conversation on the exhibition In the Paradise of Painting. Or: On Growth and Refinement, on view at DIE KUNSTSCHAFFENDEN."
3a838ddb450c81d09bbae010ab072b83,PULS,Project,False,11. September 2026 18:30 (MESZ) → 22:30,Posthof Linz,SATELLITE LOCATIONS,48.3117,14.31151,,"PULS is an audiovisual installation of eight light-speaker units. It creates an immersive environment where time, space, rhythm and movement feel unstable. Rapid flashes and multid...","PULS explores the boundaries and peculiarities of our perception through the use of sensory extremes. Flashing light, total darkness and brief audiovisual impulses repeating at rates between rhythm and tone will manipulate our sense of time and space. The installation will overwhelm us, create illusions, force us to change perspectives or even bring us to different state of consciousness.","Title: PULS. Format: Project. Area: SATELLITE LOCATIONS. Location: Posthof Linz. Overview: PULS is an audiovisual installation of eight light-speaker units. It creates an immersive environment where time, space, rhythm and movement feel unstable. Rapid flashes and multidirectional sound produce fleeting, distorted impressions of the surrounding architecture."
39538ddb450c8151a165dad2bba851d0,Grassroots Innovators,Networking Event,False,12. September 2026 15:30 (MESZ) → 16:30,"OK Linz, voestalpine OPEN SPACE",OK QUARTER,48.30286,14.29061,,"How do communities turn into engines of innovation? We open up questions from the Rewilding Cultures project: collaborative production, inclusive participation and environmentally ...","How do grassroots communities become engines of innovation? This Town Hall, hosted by Schmiede Hallein, opens up questions from Rewilding Cultures: collaborative production, inclusive participation and sustainable practice. For 20+ years Schmiede has built a “do it with others” culture—trust and curiosity as productive forces. Short intro, then open exchange. No finished answers—just the practices that let responsible innovation happen.","Title: Grassroots Innovators. Format: Networking Event. Area: OK QUARTER. Location: OK Linz, voestalpine OPEN SPACE. Overview: How do communities turn into engines of innovation? We open up questions from the Rewilding Cultures project: collaborative production, inclusive participation and environmentally responsible practice. Schmiede has built a DIWO culture using trust and curiosity as productive forces for open exchange."
39e38ddb450c80ca8ceed46e5723b081,"Negotiating Reality – Conflict Culture,  AI and Democracy in the Digital Public Sphere",Conference,True,9. September 2026 12:00 (MESZ) → 17:00,"Ursulinenhof Linz, Ursulinensaal",OK QUARTER,48.30226,14.29074,,This conference takes Negotiating Humanity as its starting point to explore how democratic discourse can be strengthened in increasingly complex digital information ecosystems.,"Democracy has always depended on places where different perspectives can meet, disagreement can be negotiated and shared futures can be imagined. Today, many of these encounters take place online, in digital spaces shaped by the logics of attention, amplification and emotional engagement. Here, disagreement can easily turn into polarization and fragmentation, while disinformation is increasingly used to deepen social divides, undermine trust and advance geopolitical interests.
This conference ta","Title: Negotiating Reality – Conflict Culture,  AI and Democracy in the Digital Public Sphere. Format: Conference. Area: OK QUARTER. Location: Ursulinenhof Linz, Ursulinensaal. Overview: This conference takes Negotiating Humanity as its starting point to explore how democratic discourse can be strengthened in increasingly complex digital information ecosystems."
39538ddb450c810ba965c4a0e378835c,Creativity as civic infrastructure: CCIs and digital commons,Open Lab,False,9. September 2026 10:00 (MESZ) → 17:00,"JKU MED Campus, Administration Building (ADM), JKU medLOFT (9th floor)",MED CAMPUS,48.30274,14.30288,,"At Ars Electronica Festival in Linz, ekip’s final Policy Lab explores the topic of Creativity as civic infrastructure: CCIs and digital commons, asking how cultural and creative ec...","The event is part of ekip, a Horizon Europe project, funded by the EU. It explores how cultural and creative industries can strengthen Europe’s digital commons as civic infrastructure. Through discussion and exchange, participants will formulate EU-level policy recommendations to support CCIs and their open innovation capacity.","Title: Creativity as civic infrastructure: CCIs and digital commons. Format: Open Lab. Area: MED CAMPUS. Location: JKU MED Campus, Administration Building (ADM), JKU medLOFT (9th floor). Overview: At Ars Electronica Festival in Linz, ekip’s final Policy Lab explores the topic of Creativity as civic infrastructure: CCIs and digital commons, asking how cultural and creative ecosystems can strengthen Europe’s digital commons and support more resilient, inclusive and participatory digital futures."
3a638ddb450c819aa2fec61b194dc0b0,JKU Art & Science Tour (EN),Guided Tour,True,10. September 2026 10:00 (MESZ) → 11:00,"JKU MED Campus, Administration Building (ADM), Infodesk",MED CAMPUS,48.30274,14.30288,"Accreditation Pick-Up, Program Info, Ticket Pick-Up","Embark on a journey through the JKU MED Campus and discover one of the festival’s most inspiring hubs. From research to artistic exploration, the tour reveals where science, creati...","The guided tour leads through the JKU MED Campus, where art, science and public discourse meet. Along the way, it features JKU projects, including the exhibition of the Linz Institute of Technology (LIT), projects by the ArtxScience School for Transformation and highlights from the Faculty of Medicine at JKU Linz. The tour explores how curiosity connects research, creativity and society, offering glimpses into possible futures.","Title: JKU Art & Science Tour (EN). Format: Guided Tour. Area: MED CAMPUS. Location: JKU MED Campus, Administration Building (ADM), Infodesk. Overview: Embark on a journey through the JKU MED Campus and discover one of the festival’s most inspiring hubs. From research to artistic exploration, the tour reveals where science, creativity and future visions converge through JKU projects exploring the dialogue between art, technology and society."
3a438ddb450c80b6bd73ce9df6780e40,Expert Tour FESTIVAL WALK: Christl Baur (EN),Guided Tour,False,11. September 2026 15:00 (MESZ) → 16:30,"OK Platz, WE GUIDE YOU Meeting Point",OK QUARTER,48.30231,14.29098,,"The exhibition Negotiating the Real – The Desire to Believe asks which systems of belief and worldviews underpin our social order—and, in turn, shape our understanding of what it m...","The exhibition Negotiating the Real – The Desire to Believe asks which systems of belief and worldviews underpin our social order—and, in turn, shape our understanding of what it means to be human. Christl Baur, Head of the Ars Electronica Festival and Program Director, takes you on a tour along the FESTIVAL WALK. Together, you explore the thematical threads of the exhibition across its different venues in the heart of Linz.","Title: Expert Tour FESTIVAL WALK: Christl Baur (EN). Format: Guided Tour. Area: OK QUARTER. Location: OK Platz, WE GUIDE YOU Meeting Point. Overview: The exhibition Negotiating the Real – The Desire to Believe asks which systems of belief and worldviews underpin our social order—and, in turn, shape our understanding of what it means to be human."
37c38ddb450c81be8c1ad52abeebe535,DorfTV – Radical Broadcast,Project,False,9. September 2026 16:00 (MESZ) → 17:30,Linz City Space,Linz,,,,"DorfTV – Radical Broadcast transforms the Kunstuni Campus into an experimental television zone somewhere between loss of control, improvisation and grandeur.","DorfTV – Radical Broadcast transforms the Kunstuni Campus into an experimental television zone somewhere between loss of control, improvisation and grandeur. Under this motto, a show emerges that dares to evolve while it is happening: wild live broadcasts, risky decisions, technical experiments and interactions with visitors and artists who are either courageous—or simply careless.
A specially appointed jury evaluates everything in real time: Who is acting bravely? Who is completely overestimati","Title: DorfTV – Radical Broadcast. Format: Project. Area: Linz. Location: Linz City Space. Overview: DorfTV – Radical Broadcast transforms the Kunstuni Campus into an experimental television zone somewhere between loss of control, improvisation and grandeur."
3a638ddb450c8073b3eae2d4ea59810c,drag your world. Youth Exchange Project Presentation,Screening,True,13. September 2026 16:30 (MESZ) → 17:00,"JKU MED Campus, Teaching Building (LEH), Level 0, Lecture Hall 1",MED CAMPUS,48.30272,14.30387,,"On the last day of the festival, the final presentation of the Youth Exchange Project will take place.","On the last day of the festival, the final presentation of the Youth Exchange Project will take place.

For the Youth Exchange Project, young people from different countries come together in Linz for a cultural and artistic exchange in the context of the Ars Electronica Festival. A multifaceted project takes shape during the festival that brings together creatives and socially engaged individuals between 16 and 20 years old.

This year, the group is developing a film in close collaboration with ","Title: drag your world. Youth Exchange Project Presentation. Format: Screening. Area: MED CAMPUS. Location: JKU MED Campus, Teaching Building (LEH), Level 0, Lecture Hall 1. Overview: On the last day of the festival, the final presentation of the Youth Exchange Project will take place."
dec38ddb450c832fb6d901f9e7afa93c,Press Start – RADICAL GAMING Performance,Performance,False,9. September 2026 13:00 (MESZ) → 13:10,"JKU MED Campus, Teaching Building (LEH), Level 0, Lecture Hall 2",MED CAMPUS,48.30272,14.30387,,"Dance and gaming experience merge together in this performance which explores belonging, recognition and the darker sides of online communities.","Press Start is a performance that involves dance, music and spoken word. It explores the challenges faced by a young individual who is pulled into a radical online universe through gaming, where they encounter manipulation, controlling behavior and bullying.","Title: Press Start – RADICAL GAMING Performance. Format: Performance. Area: MED CAMPUS. Location: JKU MED Campus, Teaching Building (LEH), Level 0, Lecture Hall 2. Overview: Dance and gaming experience merge together in this performance which explores belonging, recognition and the darker sides of online communities."
3ab38ddb450c81a9bb4dd9e12f77560e,Genome Sonification,Concert,True,10. September 2026 13:30 (MESZ) → 14:10,Linz City Space,Linz,,,,The genome sonification of the media art installation Show Me Your Face: The Power of Becoming is performed live by Rupert Huber. The project explores how identity emerges through ...,"The genome sonification of this media art installation https://app.notion.com/p/Show-Me-Your-Face-The-Power-of-Becoming-39538ddb450c810e99e9c6be3088c1c8?pvs=21 is performed live by Rupert Huber. Through moving image, text, AI-mediated visual transformation and direct sonification of genomic data, the project explores phenotype as a process of becoming. It invites viewers into a contemplative space where identity unfolds through an ongoing negotiation between inheritance and possibility. Human na","Title: Genome Sonification. Format: Concert. Area: Linz. Location: Linz City Space. Overview: The genome sonification of the media art installation Show Me Your Face: The Power of Becoming is performed live by Rupert Huber. The project explores how identity emerges through the interplay of genes, environment, experience and choice. Human nature is continuously enacted and transformed through a lifetime of translation."
3a738ddb450c802b8dbfe3224df28ed1,Live Cinema Lab,Open Lab,False,9. September 2026 13:00 (MESZ) → 18:00,"JKU MED Campus, Plaza",MED CAMPUS,48.30277,14.30317,,"The Live Cinema Lab invites participants to become part of a filmmaking process. Within an open installation, they experience different departments of filmmaking and their interpla...","The Live Cinema Lab is a participatory film installation that invites participants to actively immerse themselves in the world of filmmaking. The focus is not on the final result, but on the creative process itself: How does a scene emerge? How do decisions, encounters and perspectives shape a story? Participants step into a role and develop a short film scene together with a professional acting partner on site. They experience a glimpse of everyday life on a film set, from preparation and actin","Title: Live Cinema Lab. Format: Open Lab. Area: MED CAMPUS. Location: JKU MED Campus, Plaza. Overview: The Live Cinema Lab invites participants to become part of a filmmaking process. Within an open installation, they experience different departments of filmmaking and their interplay firsthand through experimenting, exploring and collaboratively developing a scene."
3a738ddb450c81698729c804e3fc5c05,Pain: Interconnected with Nature,Workshop,True,11. September 2026 14:00 (MESZ) → 16:00,Linz City Space,Linz,,,,"We attune to the earth’s body alongside our own, exploring how ecological grief and planetary suffering are felt in our nervous systems and affect our sense of belonging. As the wo...","In this workshop, we attune to the earth’s body alongside our own, exploring how environmental loss, ecological grief and planetary suffering are felt in our nervous systems and in our bodies, and how they affect our sense of belonging. Drawing on the concept of inter-being, we expand the notion of pain beyond the individual. When forests burn, species vanish and the world heats up. Where does that solastalgia land in you? Please join us in a practice of listening, dissolving and recognizing our","Title: Pain: Interconnected with Nature. Format: Workshop. Area: Linz. Location: Linz City Space. Overview: We attune to the earth’s body alongside our own, exploring how ecological grief and planetary suffering are felt in our nervous systems and affect our sense of belonging. As the world heats up and changes permanently, where does that solastalgia land in you? Join us in a practice of listening and inter-being."
3ab38ddb450c80bda186fa5ee1388ee6,RISE,Concert,False,9. September 2026 22:25 (MESZ) → 22:30,St. Mary’s Cathedral,SATELLITE LOCATIONS,48.30043,14.28618,,This is the premiere of Crystn Hunt Akron’s new song RISE—a composition that explores ideas of resilience and the process of becoming. It is a journey of rediscovery and reinventio...,"This is the premiere of the artist’s new song RISE—a composition that explores ideas of resilience and the process of becoming. It is a journey of rediscovery and reinvention.
Crystn Hunt Akron gained international attention following a live performance in Cairo, where an early audience interruption sparked a widespread debate on issues of artistic freedom, cultural contexts and the role of experimental sound art within religious spaces. This incident served to highlight the unique capacity of a",Title: RISE. Format: Concert. Area: SATELLITE LOCATIONS. Location: St. Mary’s Cathedral. Overview: This is the premiere of Crystn Hunt Akron’s new song RISE—a composition that explores ideas of resilience and the process of becoming. It is a journey of rediscovery and reinvention.
3a638ddb450c81e4b043cbe71e2d8825,DAS Trail Workshop,Workshop,True,11. September 2026 15:30 (MESZ) → 17:00,"Ars Electronica Center, Level -3, Open Futurelab",DANUBE TRIANGLE,48.30962,14.28445,,"DAS Trail is a fieldwork program in which participants explore local areas through observation, dialogue and 3D scanning. You will walk along a special trail in Linz and learn to e...","DAS Trail is a fieldwork program developed as part of the Data Art & Science Project of Toyota Coniq and Ars Electronica Futurelab. In this workshop, you will learn about the local area through data collection. Together with other participants, you will walk along specially curated trails in Linz and explore the city from a new perspective through observation, Gaussian Splatting 3D scanning of your discoveries and engaging in dialogue with others.","Title: DAS Trail Workshop. Format: Workshop. Area: DANUBE TRIANGLE. Location: Ars Electronica Center, Level -3, Open Futurelab. Overview: DAS Trail is a fieldwork program in which participants explore local areas through observation, dialogue and 3D scanning. You will walk along a special trail in Linz and learn to explore the area from a new perspective."
a9338ddb450c8352822d81a707462bc4,Sound Campus (TUE 8.9.),Project,False,8. September 2026 17:00 (MESZ) → 22:00,"University of Arts Linz, Hauptplatz 6 (East Building), Courtyard",DANUBE TRIANGLE,48.30678,14.28673,,"Sound Campus – Listening Underground explores the movement beneath the surface. It considers the ongoing, divergent processes which are felt but not always seen. To submerge opens ...","Sound Campus – Listening Underground explores the movement beneath the surface. It considers the ongoing, divergent processes which are felt but not always seen. To submerge opens up new modes of attention and multi-sensory listening that change our relation with the surroundings.

17:00    Opening Speech Kunstuni Campus
17:30    Vires by Mahtab Miandehi (LIVE)
18:00    parrots, partout by Lilith Isa & Muri Anda (LIVE)
18:45    Sanna Lu Una by Sanna Lu Una (LIVE)
19:30    cowgirl reverse by Andr","Title: Sound Campus (TUE 8.9.). Format: Project. Area: DANUBE TRIANGLE. Location: University of Arts Linz, Hauptplatz 6 (East Building), Courtyard. Overview: Sound Campus – Listening Underground explores the movement beneath the surface. It considers the ongoing, divergent processes which are felt but not always seen. To submerge opens up new modes of attention and multi-sensory listening that change our relation with the surroundings."
7dc38ddb450c8337bd9081d2a9cd86ce,Sound Campus (WED 9.9.),Project,False,9. September 2026 17:30 (MESZ) → 22:00,"University of Arts Linz, Hauptplatz 6 (East Building), Courtyard",DANUBE TRIANGLE,48.30678,14.28673,,"Sound Campus – Listening Underground explores the movement beneath the surface. It considers the ongoing, divergent processes which are felt but not always seen. To submerge opens ...","Sound Campus – Listening Underground explores the movement beneath the surface. It considers the ongoing, divergent processes which are felt but not always seen. To submerge opens up new modes of attention and multi-sensory listening that change our relation with the surrounding.

17:30    Flow in circle by zlata zhdkv (LIVE)
18:00    Subkutan by Veronika Mayer & Cora Hausch
18:30    Electrosensitivity by Boris Shershenkov (LIVE)
19:00    de-attractor by Hsin-Yuan Ho (AV)
19:30    Artificial Rev","Title: Sound Campus (WED 9.9.). Format: Project. Area: DANUBE TRIANGLE. Location: University of Arts Linz, Hauptplatz 6 (East Building), Courtyard. Overview: Sound Campus – Listening Underground explores the movement beneath the surface. It considers the ongoing, divergent processes which are felt but not always seen. To submerge opens up new modes of attention and multi-sensory listening that change our relation with the surrounding."
d7b38ddb450c8381b5fc811269022252,Sound Campus (THU 10.9.),Project,False,10. September 2026 18:00 (MESZ) → 22:00,"University of Arts Linz, Hauptplatz 6 (East Building), Courtyard",DANUBE TRIANGLE,48.30678,14.28673,,"Sound Campus – Listening Underground, explores the movement beneath the surface. It considers the ongoing, divergent processes which are felt but not always seen. To submerge opens...","18:00    Las Medias Nueves by Łukasz Romero, Juan Castañeda (LIVE)
18:30    Parasomnia by Miguel Francisco (LIVE)
19:00    Meshes by Marija Jociūtė, Moritz Kolmbauer (LIVE)
19:30    Meditative Chaos by DEEP TROATH (LIVE)
20:00    On Forecasting Monsters by Kairos TV by Marie-Andrée Pellerin& St. Welbel
20:30    IN/AFFECTION by Yutong Zhang & Simon Shimizu (AV)
21:00    Face Shift by Rhizomaniacs (DJ)","Title: Sound Campus (THU 10.9.). Format: Project. Area: DANUBE TRIANGLE. Location: University of Arts Linz, Hauptplatz 6 (East Building), Courtyard. Overview: Sound Campus – Listening Underground, explores the movement beneath the surface. It considers the ongoing, divergent processes which are felt but not always seen. To submerge opens up new modes of attention and multi-sensory listening that change our relation with the surrounding."
3ac38ddb450c81358883f5c2b6d4d6d4,Renewable Hydrogen for resilient and emission-free Mobility Systems,Lecture & Talk,False,9. September 2026 12:00 (MESZ) → 12:10,splace,DANUBE TRIANGLE,48.30671,14.28639,,"Resilient mobility requires a sustainable energy source. Renewable hydrogen reduces dependence on fossil fuels and opens up new avenues for decarbonizing transportation, logistics ...","Decarbonizing the transportation sector is one of the key challenges on the path to climate neutrality. As a zero-emission energy source, hydrogen can make a significant contribution to reducing greenhouse gas emissions while also strengthening energy security through the use of domestic, renewable energy sources. It enables the storage and delivery of renewable energy regardless of when and where it is generated.","Title: Renewable Hydrogen for resilient and emission-free Mobility Systems. Format: Lecture & Talk. Area: DANUBE TRIANGLE. Location: splace. Overview: Resilient mobility requires a sustainable energy source. Renewable hydrogen reduces dependence on fossil fuels and opens up new avenues for decarbonizing transportation, logistics and industrial applications."
3ac38ddb450c81f49c3cce9808b7590d,Meet the Artist: Exploring the Art-Research Project ”Echoes of the Abyss” – Revealing the Ocean’s Hidden Histories and Geopolitical Scars,Meet the Artist,False,11. September 2026 11:00 (MESZ) → 11:45,Linz City Space,Linz,,,,This Meet the Artist event with Robertina Šebjanič (artist) and Tina Dolinšek (Projekt Atol) dives into the toxic legacies of geopolitical conflicts reflected through dumped chemic...,"This Meet the Artist event presents Echoes of the Abyss by artist-researcher Robertina Šebjanič and Tina Dolinšek (Projekt Atol), exploring how the toxic legacies of geopolitical conflicts persist in marine environments through dumped chemical munitions and unexploded ordnance. They will introduce the project’s interdisciplinary collaborations between special diving units, marine scientists and artists, revealing the layered processes behind addressing complex ecological and geopolitical histori",Title: Meet the Artist: Exploring the Art-Research Project ”Echoes of the Abyss” – Revealing the Ocean’s Hidden Histories and Geopolitical Scars. Format: Meet the Artist. Area: Linz. Location: Linz City Space. Overview: This Meet the Artist event with Robertina Šebjanič (artist) and Tina Dolinšek (Projekt Atol) dives into the toxic legacies of geopolitical conflicts reflected through dumped chemical munitions and unexploded ordnance in the marine environments.
3ab38ddb450c8198a99dc0b104744b3c,Kunstuni Linz International Universities Seminar (KLIUS),Lecture & Talk,False,10. September 2026 11:00 (MESZ) → 16:00,Linz City Space,Linz,,,,"Join us for KLIUS 2026 at the University of Arts Linz, located in the heart of the city. We invite papers, artworks, research and other scholarly projects exploring artistic expres...","The seminar offers educators, students, artists and researchers a platform to present their work and receive constructive feedback. Held during the Ars Electronica Festival, it provides an ideal space for networking and creative exchange among international guests. You are welcome to submit your work as either a digital presentation (such as slides) or an analog poster.

Participants will be grouped into panels of 3–5, depending on the topics of the presentations.","Title: Kunstuni Linz International Universities Seminar (KLIUS). Format: Lecture & Talk. Area: Linz. Location: Linz City Space. Overview: Join us for KLIUS 2026 at the University of Arts Linz, located in the heart of the city. We invite papers, artworks, research and other scholarly projects exploring artistic expression at the intersection of art, technology and society."
39f38ddb450c81b5a2e1e4b478396502,NE #00: New Embeddings of/for Artistic Intelligence,Workshop,False,9. September 2026 12:30 (MESZ) → 14:30,"Ursulinenhof Linz, Gewölbesaal",OK QUARTER,48.30226,14.29074,,"Leave the room alongside a collaborator you could not have named on arrival. NE #00 embeds a room of artists, scientists, researchers and institutions by what they need, have built...","What forms of Artistic Intelligence become possible when artists, institutions, scientists and technologists organise around shared needs rather than disciplinary boundaries? How can AI support—not determine—those new collaborations? How do we build alternative infrastructures? This embedding event stages the question as an exchange: participants set down what they need, have built, and refuse with AI, cluster where their answers meet and trade concrete offers and requests into a shared ledger.","Title: NE #00: New Embeddings of/for Artistic Intelligence. Format: Workshop. Area: OK QUARTER. Location: Ursulinenhof Linz, Gewölbesaal. Overview: Leave the room alongside a collaborator you could not have named on arrival. NE #00 embeds a room of artists, scientists, researchers and institutions by what they need, have built and refuse with AI—forming new neighbourhoods of Artistic Intelligence."
39e38ddb450c81378393f625df96e919,Fluidity of Images: Surrealist Juxtaposition and Image Mixing in Generative AI,Workshop,False,10. September 2026 16:00 (MESZ) → 18:00,"Ursulinenhof Linz, Gewölbesaal",OK QUARTER,48.30226,14.29074,,"What happens when a machine mixes paintings without any text prompts? Fluidity of Images explores the juxtaposition space between images, where two images combine to reveal a spect...","What happens when a machine mixes paintings without text prompts? Fluidity of Images explores the juxtaposition space between images: the territory between two source works where they combine to different extents to reveal a spectrum of new forms, condensations and compositions. It situates this practice within a broader continuum of procedural and collective artistic practices, where agency is distributed across processes, tools and collaborators.

—
The workshop will be documented through audi","Title: Fluidity of Images: Surrealist Juxtaposition and Image Mixing in Generative AI. Format: Workshop. Area: OK QUARTER. Location: Ursulinenhof Linz, Gewölbesaal. Overview: What happens when a machine mixes paintings without any text prompts? Fluidity of Images explores the juxtaposition space between images, where two images combine to reveal a spectrum of new visual forms, condensations and compositions."
39e38ddb450c8153b14ee79762dcd0dc,DANCING DIALOGUES (with(out) AI) …,Workshop,False,11. September 2026 16:30 (MESZ) → 18:30,"Ursulinenhof Linz, Gewölbesaal",OK QUARTER,48.30226,14.29074,,"What happens when movement becomes a form of dialogue—not only between people, but also between human and machine? In this workshop, we will explore new ways of moving in relation ...","How can individual movement signatures be mapped, recognised and predicted? 
How can a dancing dialogue with the HAMLET Generative AI tools: Dance Style Analysis and Generation Enabler and the Music-to-Movement Enabler lead to new ways of inhabiting and discovering our bodies through movement, of relating to each other and to the tangibly physical and intangible, intuitively intelligible latent spaces into which we are immersed? The workshop invites participants to dance dialogues with(out) AI.
","Title: DANCING DIALOGUES (with(out) AI) …. Format: Workshop. Area: OK QUARTER. Location: Ursulinenhof Linz, Gewölbesaal. Overview: What happens when movement becomes a form of dialogue—not only between people, but also between human and machine? In this workshop, we will explore new ways of moving in relation to ourselves, to each other, to audiences with and without mediation by digitally generated movements and sounds."
3ad38ddb450c80fc9fdcd83bbaef7b4b,El Cultivo de la Mente – Art Film,Concert,False,9. September 2026 15:00 (MESZ) → 16:00,C. Bechstein Centrum Linz,OK QUARTER,48.30384,14.29201,,"El Cultivo de la Mente is a performance film by the artist duo Blüten & Papaya, divided into three acts, with a live performance of the soundtrack by Milan Conic on piano.","El Cultivo de la Mente is a performance film by the artist duo Blüten & Papaya, divided into three acts, with a live performance of the soundtrack by Milan Conic on piano. The film centers on a stranded man who devotes himself to self-imposed tasks in support of nature on a solitary island. It interrogates human logic in relation to natural processes and cycles, as well as humanity’s engagement with its own will. Composer and pianist Milan Conic musically immerses himself in the protagonist’s in","Title: El Cultivo de la Mente – Art Film. Format: Concert. Area: OK QUARTER. Location: C. Bechstein Centrum Linz. Overview: El Cultivo de la Mente is a performance film by the artist duo Blüten & Papaya, divided into three acts, with a live performance of the soundtrack by Milan Conic on piano."
3ad38ddb450c80cc8211fa426095c5d9,TiSHiNA (duo),Concert,False,10. September 2026 16:00 (MESZ) → 17:00,C. Bechstein Centrum Linz,OK QUARTER,48.30384,14.29201,,"TıSHıNA blends soulful pop with modern harmonies, hip-hop grooves and electronic elements—a sound that is at once intimate and captivating.","TıSHıNA blends soulful pop with modern harmonies, hip-hop grooves and electronic elements—a sound that is at once intimate and captivating.

TıSHıNA was founded by Viviane Töbich and Milan Conić, who have been writing songs together since 2020 and formed their band a year later. Since then, they have played numerous concerts on the local scene and built a solid presence there.

The band members’ varied musical and personal backgrounds merge into a sound that invites pause—a blend of calm, soulfu","Title: TiSHiNA (duo). Format: Concert. Area: OK QUARTER. Location: C. Bechstein Centrum Linz. Overview: TıSHıNA blends soulful pop with modern harmonies, hip-hop grooves and electronic elements—a sound that is at once intimate and captivating."
3ad38ddb450c80be8390f23b808b2d3e,Tarlan Eshtiagh,Concert,False,10. September 2026 15:00 (MESZ) → 16:00,C. Bechstein Centrum Linz,OK QUARTER,48.30384,14.29201,,"Tarlan Eshtiagh and Milan Conic are beginning a musical collaboration in Linz. Inspired by traditional Iranian music, they blend electronic sounds with modern arrangements, creatin...","Tarlan Eshtiagh is an Iranian-born musician, vocalist, pianist and arranger. She is currently based in Austria. Beyond jazz and contemporary vocal art, she has deep roots in Persian music, having worked as singer, pianist and arranger. Notably, they rearranged traditional Persian compositions for piano and vocals.

Tarlan Eshtiagh and Milan Conic are beginning a musical collaboration in Linz. Inspired by traditional Iranian music, they blend electronic sounds with modern arrangements, creating a","Title: Tarlan Eshtiagh. Format: Concert. Area: OK QUARTER. Location: C. Bechstein Centrum Linz. Overview: Tarlan Eshtiagh and Milan Conic are beginning a musical collaboration in Linz. Inspired by traditional Iranian music, they blend electronic sounds with modern arrangements, creating a contemporary, intercultural sound."
3ad38ddb450c80988124c82f76e3115f,Te-En Chen,Concert,False,10. September 2026 18:00 (MESZ) → 19:00,C. Bechstein Centrum Linz,OK QUARTER,48.30384,14.29201,,"Combining real-time sound processing with synthesizer performance, Te-En Chen creates immersive sonic dialogues between acoustic instruments and electronic textures in interdiscipl...","Te-En Chen is a composer, synthesist and sound artist based in Linz, Austria. His work bridges classical tradition and experimental practice through live electronics, modular synthesis, multichannel composition and free improvisation. Combining real-time sound processing with synthesizer performance, he creates immersive sonic dialogues between acoustic instruments and electronic textures in interdisciplinary collaborations.

Composer and synthesist Te-En Chen and pianist/composer Milan Conić fi","Title: Te-En Chen. Format: Concert. Area: OK QUARTER. Location: C. Bechstein Centrum Linz. Overview: Combining real-time sound processing with synthesizer performance, Te-En Chen creates immersive sonic dialogues between acoustic instruments and electronic textures in interdisciplinary collaborations."
3ad38ddb450c800ea88bfaff193bd3f5,Tomá Ivanov,Concert,False,11. September 2026 17:00 (MESZ) → 18:00,C. Bechstein Centrum Linz,OK QUARTER,48.30384,14.29201,,"Tomá Ivanov captivates with a reduced, personal sound: dusty low-end warmth, tight percussion and melodic restraint.","Tomá Ivanov, formerly half of the techno live act KOMATON, whose track In Between appeared on Cocoon's Compilation J, went on to explore jazz, live electronics and experimental songwriting as TOMÁ before returning to the club with a reduced, personal sound: dusty low-end warmth, tight percussion and melodic restraint.","Title: Tomá Ivanov. Format: Concert. Area: OK QUARTER. Location: C. Bechstein Centrum Linz. Overview: Tomá Ivanov captivates with a reduced, personal sound: dusty low-end warmth, tight percussion and melodic restraint."
3ad38ddb450c8093a31bd1abc6f2edf5,The Unsettled,Concert,False,11. September 2026 18:00 (MESZ) → 19:00,C. Bechstein Centrum Linz,OK QUARTER,48.30384,14.29201,,"The Unsettled offers an immersive live experience where melodic storytelling meets intricate rhythms, inviting audiences on a journey of emotional connection and new perspectives.","The Unsettled is the duo project of Serbian jazz pianist Milan Conic and Ukrainian producer J San, merging their individual stories of resilience with an eclectic blend of electronic music. Drawing on genres such as House, UK Garage, and New School Breaks, their sound is enriched by Milan's contemporary piano playing, while J San's innovative sound design adds a distinctive edge.
Crafting immersive atmospheres and intricate sonic textures, they transport listeners into evolving, cinematic yet da","Title: The Unsettled. Format: Concert. Area: OK QUARTER. Location: C. Bechstein Centrum Linz. Overview: The Unsettled offers an immersive live experience where melodic storytelling meets intricate rhythms, inviting audiences on a journey of emotional connection and new perspectives."
3ad38ddb450c8009a14ae38967a5304b,Maja Vidic – Free Association Improvisation,Concert,False,12. September 2026 16:00 (MESZ) → 17:00,C. Bechstein Centrum Linz,OK QUARTER,48.30384,14.29201,,"Free Association Improvisation is an interdisciplinary artistic project initiated by Milan Conić, exploring the boundaries between music, movement and spontaneous expression.","Maja Vidic is a Slovenian dancer, choreographer, performer and musician exploring the connection between movement and voice.

Free Association Improvisation is an interdisciplinary artistic project initiated by Milan Conić, exploring the boundaries between music, movement and spontaneous expression.
Rooted in the principle of free association, the project embraces immediacy, intuition and presence—allowing sound, body and visual elements to emerge organically in the moment, without predetermined","Title: Maja Vidic – Free Association Improvisation. Format: Concert. Area: OK QUARTER. Location: C. Bechstein Centrum Linz. Overview: Free Association Improvisation is an interdisciplinary artistic project initiated by Milan Conić, exploring the boundaries between music, movement and spontaneous expression."
3ad38ddb450c80d788f8c0e7128489f3,Milan Conić & Lotte Sandhacker,Concert,False,13. September 2026 16:00 (MESZ) → 17:00,C. Bechstein Centrum Linz,OK QUARTER,48.30384,14.29201,,"What happens when music and poetry meet? Milan Conić and Lotte Sandhacker play with the piano, voice and musical poetry—separately, together and merged as one.","What happens when music and poetry meet? Milan Conić and Lotte Sandhacker play with the piano, voice and musical poetry—separately, together and merged as one.","Title: Milan Conić & Lotte Sandhacker. Format: Concert. Area: OK QUARTER. Location: C. Bechstein Centrum Linz. Overview: What happens when music and poetry meet? Milan Conić and Lotte Sandhacker play with the piano, voice and musical poetry—separately, together and merged as one."
39e38ddb450c81ef89b7df7bfa6d03d3,Prototyping Fictions: Workshop and Screening of Ocean Futurisms,Workshop,True,12. September 2026 16:00 (MESZ) → 18:00,"Ursulinenhof Linz, Gewölbesaal",OK QUARTER,48.30226,14.29074,,"Ocean Futurisms is a series of animated short films, inviting audiences to step into alternative, science-based futures for the ocean. This event includes a screening of the films ...","Ocean Futurisms is a series of animated short films, inviting audiences to step into alternative, science-based futures for the ocean. Designed to be thought-experiments that inspire discussion about real-world change, the films are based on careful research and speculative fiction. This event includes a screening of the films and a hands-on introduction to the world-building approaches behind the project.","Title: Prototyping Fictions: Workshop and Screening of Ocean Futurisms. Format: Workshop. Area: OK QUARTER. Location: Ursulinenhof Linz, Gewölbesaal. Overview: Ocean Futurisms is a series of animated short films, inviting audiences to step into alternative, science-based futures for the ocean. This event includes a screening of the films and a hands-on introduction to the world-building approaches behind the project."
3ae38ddb450c8064a99fd5812df57c06,Little Explorers: Kids’ Tour,Guided Tour,True,13. September 2026 10:30 (MESZ) → 12:00,"OK Platz, WE GUIDE YOU Meeting Point",OK QUARTER,48.30231,14.29098,,"Join us on a playful journey through projects at the intersection of art, technology and society.","Join us on a playful journey through projects at the intersection of art, technology and society. Created for children between the ages of four and ten and their accompanying adults, this special tour along the FESTIVAL WALK invites young participants to explore surprising perspectives on this year’s festival topic.","Title: Little Explorers: Kids’ Tour. Format: Guided Tour. Area: OK QUARTER. Location: OK Platz, WE GUIDE YOU Meeting Point. Overview: Join us on a playful journey through projects at the intersection of art, technology and society."
3ae38ddb450c8027a884e9bced8ddc61,Crafting Futures Lab: Re-membering our Seeds,Workshop,False,9. September 2026 14:00 (MESZ) → 16:00,Linz City Space,Linz,,,,"Seeds are living archives. They carry memories of place, seasons and generations of care. This collective embroidery circle invites participants to stitch seeds into fabric while l...","Seeds are living archives. They carry memories of place, seasons and generations of care. This collective embroidery circle invites participants to stitch seeds into fabric while listening to stories about plants, place-making and seed keeping. Together, we reflect on how knowledge is embedded in materials and practices—and how, like seeds, it is preserved, transformed and passed on.","Title: Crafting Futures Lab: Re-membering our Seeds. Format: Workshop. Area: Linz. Location: Linz City Space. Overview: Seeds are living archives. They carry memories of place, seasons and generations of care. This collective embroidery circle invites participants to stitch seeds into fabric while listening to stories about plants, place-making and seed keeping."
3ae38ddb450c80718228c1d986aaf492,Crafting Futures Lab: Pulling. Weaving. Connecting. Threads,Workshop,True,10. September 2026 11:00 (MESZ) → 13:00,Linz City Space,Linz,,,,"In this workshop we follow a filament’s journey, weaving cables that are both ornament and circuit. Along the way we explore how decoration becomes function, how craft becomes tech...","Gold threads once wrapped saints and sovereigns, while today they carry signals, light and touch. In this workshop we follow a filament’s journey, weaving cables that are both ornament and circuit. Along the way we explore how decoration becomes function, how craft becomes technology, and how pulling a single thread can unravel histories.","Title: Crafting Futures Lab: Pulling. Weaving. Connecting. Threads. Format: Workshop. Area: Linz. Location: Linz City Space. Overview: In this workshop we follow a filament’s journey, weaving cables that are both ornament and circuit. Along the way we explore how decoration becomes function, how craft becomes technology, and how pulling a single thread can unravel histories."
3ae38ddb450c80d2b9bbdfde20cc69cf,Crafting Futures Lab: Crafting Mountains from Dusty Tales,Lecture & Talk,False,10. September 2026 14:00 (MESZ) → 15:00,Linz City Space,Linz,,,,"This session gives insights into the research methods of an experimental, embodied and material-based historiography of design which starts in a Parisian physics laboratory in 1880...","A reading of field notes and laboratory logs on fantastical, mystical, strange and toxic tales of crafted mountains: From crystal growth and lava imitation to mining landfills and heaps of electronic waste—materials scientific research not only works with extracted materials from the undergrounds but is also entangled in the design of new piles of materials. This session gives insights into the research methods of an experimental, embodied and material-based historiography of design which starts","Title: Crafting Futures Lab: Crafting Mountains from Dusty Tales. Format: Lecture & Talk. Area: Linz. Location: Linz City Space. Overview: This session gives insights into the research methods of an experimental, embodied and material-based historiography of design which starts in a Parisian physics laboratory in 1880 and traces fragments in scientific mountain crafts up to today."
3ae38ddb450c80bebeaac30452d9fa0d,Crafting Futures Lab: Unearthing Taste,Workshop,False,10. September 2026 17:00 (MESZ) → 19:00,Linz City Space,Linz,,,,"Some forms of preservation can only be accessed through destruction. Unearthing Taste is a food happening and conversation exploring clay-based food preservation, material knowledg...","Some forms of preservation can only be accessed through destruction. Unearthing Taste is a food happening and conversation exploring clay-based food preservation, material knowledge and the value of impermanence. Together we break open earthen vessels to share regional food, stories and reflections on care, place, memory and resourcefulness.","Title: Crafting Futures Lab: Unearthing Taste. Format: Workshop. Area: Linz. Location: Linz City Space. Overview: Some forms of preservation can only be accessed through destruction. Unearthing Taste is a food happening and conversation exploring clay-based food preservation, material knowledge and the value of impermanence."
3ae38ddb450c80d49d05f26229912792,Crafting Futures Lab: From Textiles to Textures,Workshop,False,11. September 2026 14:00 (MESZ) → 16:00,Linz City Space,Linz,,,,"We understand tools as actors in the making of physical things, but they are also put to use to shape and preserve memory across generations. In this workshop, we explore the unexp...","We understand tools as actors in the making of physical things, but also in shaping and preserving memory across generations. In this workshop, we explore the unexpected connections between pasta-making and textile crafts through the tools used in both practices. By handling familiar tools in unfamiliar ways, we revisit and reconsider their stories through the shaping of dough, bringing them into conversation with our own knowledge, memories and understanding of the everyday.","Title: Crafting Futures Lab: From Textiles to Textures. Format: Workshop. Area: Linz. Location: Linz City Space. Overview: We understand tools as actors in the making of physical things, but they are also put to use to shape and preserve memory across generations. In this workshop, we explore the unexpected connections between pasta-making and textile crafts through their shared use of similar tools."
3ae38ddb450c8028bf38ff2bfa37e5b0,Crafting Futures Aperitif: Liquid Archives,Workshop,False,11. September 2026 17:00 (MESZ) → 19:00,Linz City Space,Linz,,,,Visitors are invited to an aperitif event where they can compose their own drinks and encounter this collection through taste and togetherness.,"Seeds, plants, stones and gold threads form the basis of syrups that translate moments, shared knowledge and experiences from the festival’s workshops, conversations and practices into flavor. Visitors are invited to an aperitif event where they can compose their own drinks and encounter this collection through taste and togetherness.

All welcome. No registration required.",Title: Crafting Futures Aperitif: Liquid Archives. Format: Workshop. Area: Linz. Location: Linz City Space. Overview: Visitors are invited to an aperitif event where they can compose their own drinks and encounter this collection through taste and togetherness.
3ae38ddb450c8087b338c73f6bc1e765,Crafting Futures Lab: Crushing the Rocks,Workshop,False,12. September 2026 14:00 (MESZ) → 16:00,Linz City Space,Linz,,,,The Crushing the Rocks workshop explores the technique of textile printing with mineral pigments obtained from locally found rocks and fragments of old bricks.,"The Crushing the Rocks workshop explores the technique of textile printing with mineral pigments obtained from locally found rocks and fragments of old bricks. Together, we crush, sift, mix and print, following the transformation of a solid material into a fine powder: the pigment. Participants are invited to observe material transformation, reflect on the origin and value of materials and approach the act of making with curiosity and care rather than fixed expectations.",Title: Crafting Futures Lab: Crushing the Rocks. Format: Workshop. Area: Linz. Location: Linz City Space. Overview: The Crushing the Rocks workshop explores the technique of textile printing with mineral pigments obtained from locally found rocks and fragments of old bricks.
3ae38ddb450c811d949ccd0539e3d2a0,"Panel Discussion: Hydrogen and the road ahead: perspectives from Art, Society and BMW",Panel Discussion,False,9. September 2026 14:30 (MESZ) → 15:30,Hotel Schwarzer Bär,SATELLITE LOCATIONS,48.30275,14.28634,,"Hydrogen is more than a technological question. This panel explores what it takes for society to accept new technologies—and how art can help make complex innovation more tangible,...","This panel looks beyond hydrogen as an engineering topic and explores the broader conditions for technological acceptance. With perspectives from art, society and BMW, the discussion examines what hydrogen technology can contribute to future mobility, how trust in new technologies is built and how creative approaches can open up new ways of engaging with innovation.","Title: Panel Discussion: Hydrogen and the road ahead: perspectives from Art, Society and BMW. Format: Panel Discussion. Area: SATELLITE LOCATIONS. Location: Hotel Schwarzer Bär. Overview: Hydrogen is more than a technological question. This panel explores what it takes for society to accept new technologies—and how art can help make complex innovation more tangible, relatable and understandable."
3ad38ddb450c8112af0bc1f863a616a5,Hydrogen at the BMW Group Plant Steyr,Lecture & Talk,False,9. September 2026 13:00 (MESZ) → 13:10,splace,DANUBE TRIANGLE,48.30671,14.28639,,"At BMW Group Plant Steyr, more than 40 years of expertise meet the next generation of hydrogen technology. The team is contributing to the pre-series development of the third-gener...",Integrated development and production at one site: BMW Group Plant Steyr and its development center have over 40 years experience in applying new technologies. We are now contributing to pre-series development of the third-generation fuel cell system and preparing for series production of the hydrogen drivetrain.,"Title: Hydrogen at the BMW Group Plant Steyr. Format: Lecture & Talk. Area: DANUBE TRIANGLE. Location: splace. Overview: At BMW Group Plant Steyr, more than 40 years of expertise meet the next generation of hydrogen technology. The team is contributing to the pre-series development of the third-generation fuel cell system and preparing for series production of the hydrogen drivetrain."
3b138ddb450c8044a758fb3be9981c7a,Opening: Living Archives,Experience,True,12. September 2026 11:00 (MESZ) → 12:00,"Ars Electronica Center, Level 0, Deep Space 8K",DANUBE TRIANGLE,48.30962,14.28445,,"To open the day’s focus on Living Archives, Ars Electronica invites you to a 60-minute opening performance in Deep Space 8K. Following a welcome address, Gerfried Stocker guides th...","To kick off the day’s focus on Living Archives, Ars Electronica invites you to a 60-minute opening performance in Deep Space 8K. Following a welcome address, Gerfried Stocker guides the audience through selected highlights of this year’s festival program as well as standout projects from the previous year. Archives are commonly regarded as places of preservation—orderly repositories of a complete past. Living Archives challenges this notion by proposing a different understanding: archives as dyn","Title: Opening: Living Archives. Format: Experience. Area: DANUBE TRIANGLE. Location: Ars Electronica Center, Level 0, Deep Space 8K. Overview: To open the day’s focus on Living Archives, Ars Electronica invites you to a 60-minute opening performance in Deep Space 8K. Following a welcome address, Gerfried Stocker guides the audience through selected highlights of this year’s festival programme as well as standout projects from the previous year."
2f038ddb450c8366b3ac010417133dce,BMW Hydrogen Strategy (EN),Lecture & Talk,False,9. September 2026 18:00 (MESZ) → 18:10,splace,DANUBE TRIANGLE,48.30671,14.28639,,What role can hydrogen play in tomorrow’s mobility? BMW Group shares its strategy for integrating fuel cell technology into its future vehicle portfolio—highlighting hydrogen as an...,"This Master Class takes the audience behind the scenes of hydrogen fuel cell technology. Using the upcoming BMW iX5 Hydrogen as an example, it explains how a hydrogen vehicle works, how the fuel cell system generates electric power on board and how BMW integrates key components, such as the third-generation fuel cell system and hydrogen tank technology, into the vehicle's architecture.","Title: BMW Hydrogen Strategy (EN). Format: Lecture & Talk. Area: DANUBE TRIANGLE. Location: splace. Overview: What role can hydrogen play in tomorrow’s mobility? BMW Group shares its strategy for integrating fuel cell technology into its future vehicle portfolio—highlighting hydrogen as an important energy carrier, an effective storage medium for renewable energy and a complement to battery-electric mobility."
3ad38ddb450c811bb9ddd38417594800,BMW Hydrogen Strategy (DE),Lecture & Talk,False,9. September 2026 17:00 (MESZ) → 17:10,splace,DANUBE TRIANGLE,48.30671,14.28639,,What role can hydrogen play in tomorrow’s mobility? BMW Group shares its strategy for integrating fuel cell technology into its future vehicle portfolio—highlighting hydrogen as an...,"This Master Class takes the audience behind the scenes of hydrogen fuel cell technology. Using the upcoming BMW iX5 Hydrogen as an example, it explains how a hydrogen vehicle works, how the fuel cell system generates electric power on board and how BMW integrates key components, such as the third-generation fuel cell system and hydrogen tank technology, into the vehicle's architecture.","Title: BMW Hydrogen Strategy (DE). Format: Lecture & Talk. Area: DANUBE TRIANGLE. Location: splace. Overview: What role can hydrogen play in tomorrow’s mobility? BMW Group shares its strategy for integrating fuel cell technology into its future vehicle portfolio—highlighting hydrogen as an important energy carrier, an effective storage medium for renewable energy and a complement to battery-electric mobility."
3af38ddb450c8030aef5ce4d4f0e2953,Prix Ars Electronica Award Ceremony,Award Ceremony,False,10. September 2026 19:30 (MESZ) → 22:00,Design Center Linz,SATELLITE LOCATIONS,48.29901,14.30517,,"On this evening, the focus will lie on art—and with it on the exceptional artists who were awarded the Golden Nica of the Prix Ars Electronica in 2026. In addition, the winners of ...","The Prix Ars Electronica Award Ceremony at the Design Center Linz will be a further highlight of the festival week. On this evening, the focus will lie on art—and with it on the exceptional artists who were awarded the Golden Nica of the Prix Ars Electronica in 2026. In addition, the winners of the S+T+ARTS Prize, the AI for Social Impact Initiative and State of the ART(ist)  will be asked to come on stage.","Title: Prix Ars Electronica Award Ceremony. Format: Award Ceremony. Area: SATELLITE LOCATIONS. Location: Design Center Linz. Overview: On this evening, the focus will lie on art—and with it on the exceptional artists who were awarded the Golden Nica of the Prix Ars Electronica in 2026. In addition, the winners of the S+T+ARTS Prize, the AI for Social Impact Initiative and State of the ART(ist)  will be asked to come on stage."
3ab38ddb450c80538391e8e4db8fb934,Nadia Struiwigh,Concert,False,12. September 2026 2:00 (MESZ) → 2:45,Posthof Linz,SATELLITE LOCATIONS,48.3117,14.31151,,"Drawing upon the Warp school of electronica, Nadia Struiwigh’s sound bridges deep, beatless ambient immersions and kinetic, hardware-driven techno.","Nadia Struiwigh is an accomplished Dutch producer and live artist who operates between Rotterdam and Berlin. Drawing upon the Warp school of electronica, her sound bridges deep, beatless ambient immersions and kinetic, hardware-driven techno. With releases on labels like Dekmantel and CPU, as well as a DJ residency at Tresor, her performances—ranging from intimate listening sessions to open-ended, improvised club sets—express a rich, deeply personal sonic world powered by technical mastery and g","Title: Nadia Struiwigh. Format: Concert. Area: SATELLITE LOCATIONS. Location: Posthof Linz. Overview: Drawing upon the Warp school of electronica, Nadia Struiwigh’s sound bridges deep, beatless ambient immersions and kinetic, hardware-driven techno."
3ab38ddb450c8062a78ce5969d1a635d,Olivier Messiaen “Apparition de l'Église éternelle”,Concert,False,9. September 2026 22:45 (MESZ) → 22:55,St. Mary’s Cathedral,SATELLITE LOCATIONS,48.30043,14.28618,,"With Olivier Messiaen’s Apparition de l'Église éternelle, cathedral organist Gerhard Raab brings a monumental masterpiece of modern organ music to the acoustic space of the St. Mar...","With Olivier Messiaen’s Apparition de l'Église éternelle, cathedral organist Gerhard Raab brings a monumental masterpiece of modern organ music to the acoustic space of the St. Mary’s Cathedral. Literally translating to the ”Apparition of the Eternal Church”, the piece builds over a relentlessly pulsating bass ostinato into a massive, architectural wave of sound—an immersive experience that unleashes the full physical power of the cathedral organ.","Title: Olivier Messiaen “Apparition de l'Église éternelle”. Format: Concert. Area: SATELLITE LOCATIONS. Location: St. Mary’s Cathedral. Overview: With Olivier Messiaen’s Apparition de l'Église éternelle, cathedral organist Gerhard Raab brings a monumental masterpiece of modern organ music to the acoustic space of the St. Mary’s Cathedral."
3b338ddb450c813885a3ffbae99c5d35,Embodied Futures,Networking Event,False,12. September 2026 14:45 (MESZ) → 15:30,"OK Linz, voestalpine OPEN SPACE",OK QUARTER,48.30286,14.29061,,"What if Mixed Reality opened up spaces to test new forms of embodiment, identity and relation? The Town Hall Embodied Futures invites artists, researchers, developers and visitors ...","Embodied Futures asks what happens when Mixed Reality becomes not just a virtual world but a space to test new forms of embodiment, identity and relation. Drawing on the research projects OYA and EVERYBODY DANCE NOW (EDN.ALPHA), the Town Hall brings together voices from art, technology and research—and the audience—for an open exchange. Together they explore how immersive technology can lead deeper into the body, and what new forms of learning, empathy and community might emerge.","Title: Embodied Futures. Format: Networking Event. Area: OK QUARTER. Location: OK Linz, voestalpine OPEN SPACE. Overview: What if Mixed Reality opened up spaces to test new forms of embodiment, identity and relation? The Town Hall Embodied Futures invites artists, researchers, developers and visitors into an open exchange on the future of embodied experience in Mixed Reality—where the body is not shown, but lived."
3b338ddb450c81578464dea3cc8895d6,Extended Reality – An Art Form in Public Space  (on Trinity-Tarot-Garden),Networking Event,False,12. September 2026 13:30 (MESZ) → 14:15,"OK Linz, voestalpine OPEN SPACE",OK QUARTER,48.30286,14.29061,,"How does art change when it enters public space as Extended Reality? Departing from the XR sculpture park Trinity-Tarot-Garden by Ugo Dossi and Stefan Göppel, artists, architects a...","The event asks what changes when art enters public space as Extended Reality. Its starting point is Trinity-Tarot-Garden by Ugo Dossi and Stefan Göppel, a walkable virtual sculpture park of 28 oversized symbols experienced through VR headsets. Artists, architects, curators and the audience discuss how immersive technology reshapes public space, how cultural heritage such as the symbolic world of the Tarot is passed on, and what it means when a work of art no longer needs a building.","Title: Extended Reality – An Art Form in Public Space  (on Trinity-Tarot-Garden). Format: Networking Event. Area: OK QUARTER. Location: OK Linz, voestalpine OPEN SPACE. Overview: How does art change when it enters public space as Extended Reality? Departing from the XR sculpture park Trinity-Tarot-Garden by Ugo Dossi and Stefan Göppel, artists, architects and curators discuss immersive art in public space—with the audience invited to join in."
3b338ddb450c806aa9a8cfda0bec4d2d,ORBIT – A War Series,Experience,False,11. September 2026 18:30 (MESZ) → 22:30,Posthof Linz,SATELLITE LOCATIONS,48.3117,14.31151,,"Orbit: A War Series appeals to the images in our minds: Brigitta Muntendorf’s immersive 3D audio space oratorio is like an electroacoustic series of narratives in which sounds, tex...","The title Orbit: A War Series is a reference to the New York artist Nancy Spero: deeply moved by the photographs of the Vietnam War that were circulating in the media, Spero investigated the links between sexuality, violence and power in The War Series (1966–70). The subject of oppressive power structures revealed in her art is horrifyingly relevant today. Orbit: A War Series appeals to the images in our minds: Brigitta Muntendorf’s immersive 3D audio space oratorio is like an electroacoustic se","Title: ORBIT – A War Series. Format: Experience. Area: SATELLITE LOCATIONS. Location: Posthof Linz. Overview: Orbit: A War Series appeals to the images in our minds: Brigitta Muntendorf’s immersive 3D audio space oratorio is like an electroacoustic series of narratives in which sounds, texts, voices and space become transmitters of power structures. The texts are based on interviews and reports from Afghanistan, Iran, DR Congo, Poland, the U.S. and Asia during the Second World War."
3b338ddb450c818ab4fee7a6ae501faf,STORMO (R),Workshop,False,10. September 2026 10:00 (MESZ) → 13:00,"OK Linz, voestalpine OPEN SPACE",OK QUARTER,48.30286,14.29061,,Who leads when transformation is negotiated together? STORMO is a performative workshop on collective intelligence in which participants embody its relational enablers. Inspired by...,"What enables systemic transformation? STORMO®️ is a workshop on collective intelligence that invites participants to embody the relational enablers essential for ecosystem transformation. Inspired by the behaviour of flocks in nature, it creates a space where listening, collaboration, holding space and shared leadership arise through direct experience. It embodies the processes enabling transformation, as elaborated by the Systemic Narratives research carried out by EIT Culture and Creativity.","Title: STORMO (R). Format: Workshop. Area: OK QUARTER. Location: OK Linz, voestalpine OPEN SPACE. Overview: Who leads when transformation is negotiated together? STORMO is a performative workshop on collective intelligence in which participants embody its relational enablers. Inspired by flocking, acts of listening, holding space and shared leadership become lived practice they carry into their work."
3b538ddb450c802da507e07b18355a55,Jamming with and as Pastagang,Workshop,False,12. September 2026 11:00 (MESZ) → 14:00,"Ars Electronica Center, Maindeck",DANUBE TRIANGLE,48.30996,14.28474,,"Learn to jam with and as Pastagang: At the heart of it is the live coding language Strudel. For visuals, Pastagang tends to use the visual synthesizer language Hydra. Start from th...","Learn to jam with and as Pastagang: At the heart of it is the live coding language Strudel. For visuals, Pastagang tends to use the visual synthesizer language Hydra. Start from the beginning, no experience is needed.","Title: Jamming with and as Pastagang. Format: Workshop. Area: DANUBE TRIANGLE. Location: Ars Electronica Center, Maindeck. Overview: Learn to jam with and as Pastagang: At the heart of it is the live coding language Strudel. For visuals, Pastagang tends to use the visual synthesizer language Hydra. Start from the beginning, no experience is needed."
3b538ddb450c804daa62cab99039577d,For Sun Ra on Saturn (Against Elon on Mars),Experience,False,11. September 2026 18:00 (MESZ) → 21:30,"Ars Electronica Center, Maindeck",DANUBE TRIANGLE,48.30996,14.28474,,"This year, a red-lit area will be visible on the Maindeck in front of the STWST. The red area stands for all manner of dramatic expressions.","This year, a red-lit area will be visible on the Maindeck in front of the STWST. The red area stands for all manner of dramatic expressions. It lies open like a huge, screaming mouth of blood, evoking both the current horrors of the wars plaguing the globe and the structural brutalities of capitalism: Even the concrete screams, to paraphrase Michel Houellebecq. And everything screams—everything that has been torn from life and fed into the current machinery of exploitation—into this new technoca","Title: For Sun Ra on Saturn (Against Elon on Mars). Format: Experience. Area: DANUBE TRIANGLE. Location: Ars Electronica Center, Maindeck. Overview: This year, a red-lit area will be visible on the Maindeck in front of the STWST. The red area stands for all manner of dramatic expressions."
3ad38ddb450c81e9bcafd94adabd3eb1,Future Care,Workshop,False,11. September 2026 15:45 (MESZ) → 16:15,"Ars Electronica Center, Level -3, Open Futurelab",DANUBE TRIANGLE,48.30962,14.28445,,"Explore the future of care and connection in the age of AI and robotics. This open discussion explores how technology is well-being and social connection, participants are invited ...","Explore the future of care in the age of AI and robotics. This open discussion marks the first step in a new research collaboration between Dai Nippon Printing and the Ars Electronica Futurelab. Together, the discussion explores how technology is reshaping well-being and social connection, with a focus on AI and robotics. Participants are invited to help shape the conversation by sharing their visions for the future.","Title: Future Care. Format: Workshop. Area: DANUBE TRIANGLE. Location: Ars Electronica Center, Level -3, Open Futurelab. Overview: Explore the future of care and connection in the age of AI and robotics. This open discussion explores how technology is well-being and social connection, participants are invited to share their vision for the future."
3a038ddb450c815189a3db7931ae4841,Town Hall Meeting: Hello Worlds!,Networking Event,True,11. September 2026 14:30 (MESZ) → 15:30,"OK Linz, voestalpine OPEN SPACE",OK QUARTER,48.30286,14.29061,,"What happens when industry does not stop at developing future technologies, but begins experimenting with how future questions themselves can be explored? And what happens when an ...","The Future Humanity Project is an experimental research collaboration between Ars Electronica Futurelab and Toyota Motor Corporation’s Advanced R&D and Engineering Company. Through artistic research, experimental R&D and public participation, it explores future scenarios around AI and humanity. Hello Worlds! turns this research into a platform where visitors can experience, question and contribute to the research itself. Meet the team and join the conversation.","Title: Town Hall Meeting: Hello Worlds!. Format: Networking Event. Area: OK QUARTER. Location: OK Linz, voestalpine OPEN SPACE. Overview: What happens when industry does not stop at developing future technologies, but begins experimenting with how future questions themselves can be explored? And what happens when an exhibition becomes part of that research rather than simply presenting its results?"
3b838ddb450c80f1a438ea41018d28e6,The Humanity Negotiation Quest,Experience,False,9. September 2026 16:00 (MESZ) → 16:30,OK Platz,OK QUARTER,48.30241,14.29098,"Accreditation Pick-Up, Press Pick-Up, Program Info, Shop, Ticket Pick-Up, Ticket Sales","Guide yourself through the FESTIVAL WALK, win negotiation points, collect hidden treasures. Discover your humanity negotiation profile and get recommendations for what festival pie...","Guide yourself through the FESTIVAL WALK and discover the fascinating history behind the historic and everyday locations around OK QUARTER. Win negotiation points. Negotiate four different negotiation zones, where points can be won for Humanity or for the Other.

Collect hidden treasures. Use your phone to collect the hidden treasures marked by NFC stickers at exhibition locations and catch them all to gain new negotiation powers!

Discover your humanity negotiation profile. Find what drives you","Title: The Humanity Negotiation Quest. Format: Experience. Area: OK QUARTER. Location: OK Platz. Overview: Guide yourself through the FESTIVAL WALK, win negotiation points, collect hidden treasures. Discover your humanity negotiation profile and get recommendations for what festival pieces to see next."
3ba38ddb450c807aaa85f13e25ccf6ba,SoundPark,Concert,False,9. September 2026 18:00 (MESZ) → 19:00,Donaupark,SATELLITE LOCATIONS,48.30963,14.29095,,"As part of Unglaublicher Herbst, Brucknerhaus Linz and Ars Electronica bring back the beloved SoundPark format to the festival stage. Along the route from Lentos to the Brucknerhau...","As part of Unglaublicher Herbst, Brucknerhaus Linz and Ars Electronica bring back the beloved SoundPark format to the festival stage. For years it was a fixture of the Big Concert Night, carried by the powerful audio infrastructure that otherwise powers Linz’s Klangwolke, and it transformed Donaupark into a resonating space for electronic music. Along the route from Lentos to the Brucknerhaus, avant-garde electronic sound experiences were broadcast there at full intensity. This year, that tradit","Title: SoundPark. Format: Concert. Area: SATELLITE LOCATIONS. Location: Donaupark. Overview: As part of Unglaublicher Herbst, Brucknerhaus Linz and Ars Electronica bring back the beloved SoundPark format to the festival stage. Along the route from Lentos to the Brucknerhaus, avant-garde electronic sound experiences will spill into Donaupark at full intensity."
3b038ddb450c8034b7a7c131684e9b26,Performance: Airy,Performance,False,10. September 2026 16:30 (MESZ) → 16:45,"Ars Electronica Center, Level -3, Understanding AI",DANUBE TRIANGLE,48.30962,14.28445,,"Airy asks how we sense what a machine is trying to do when its code stays hidden. Robotic arms pull silk into the air. Two dancers move with it, push back, then adjust. A forest cr...","Airy begins with a question: how can we sense what a machine is trying to do when its code remains hidden? Industrial robotic arms lift and snap a sheet of silk as two dancers move with and against them. A projected forest climbs from ground to open sky. Mist gathers when their timing slips and clears when they find a rhythm again. The dancers of TAO Dance Theater do not explain the machines. Through weight, touch, hesitation and recovery, they test how trust is made and lost between human and m","Title: Performance: Airy. Format: Performance. Area: DANUBE TRIANGLE. Location: Ars Electronica Center, Level -3, Understanding AI. Overview: Airy asks how we sense what a machine is trying to do when its code stays hidden. Robotic arms pull silk into the air. Two dancers move with it, push back, then adjust. A forest crosses the cloth. Mist and storm appear when the rhythm slips. The dancers' response makes the machines easier to read."
3b238ddb450c804ba348d76e96e8e557,"12.5 square meters—space for a car, or…",Project,False,9. September 2026 12:00 (MESZ) → 14:00,C. Bechstein Centrum Linz,OK QUARTER,48.30384,14.29201,,The project started with an empty parking space in the schoolyard and the children’s complaints about the lack of space to move around.,"The project 12,5 Quadratmeter—Platz für ein Auto, oder … (12.5 square meters—space for a car, or…) started with an empty parking space in the schoolyard and the children’s complaints about the lack of space to move around.
This sparked a thought experiment: What could be possible in these 12.5 square meters? After all, it’s not just cars that need space, but also creative ideas for using public space. The students’ visions ranged from a mini-campsite and cozy reading corners to a soccer field. F","Title: 12.5 square meters—space for a car, or…. Format: Project. Area: OK QUARTER. Location: C. Bechstein Centrum Linz. Overview: The project started with an empty parking space in the schoolyard and the children’s complaints about the lack of space to move around."
39f38ddb450c80fd97d8c84172412397,Bruckner Orchester Linz,Concert,False,9. September 2026 21:15 (MESZ) → 21:30,St. Mary’s Cathedral,SATELLITE LOCATIONS,48.30043,14.28618,,"At the Opening of the Ars Electronica Festival 2026, Markus Poschner and the Bruckner Orchester Linz offer three musical responses to the festival topic NEGOTIATING HUMANITY – FUTU...","The question of what it fundamentally means to be human has occupied the thoughtful and searching minds of our species for as long as we can remember. The rapid rise of Artificial Intelligence and digitalization has given this question new urgency, placing it at the heart of the Ars Electronica Festival 2026 under the title NEGOTIATING HUMANITY – FUTURE BEGINS. At its opening, Markus Poschner and the Bruckner Orchester Linz offer three compelling musical responses—the power of which unfold all t","Title: Bruckner Orchester Linz. Format: Concert. Area: SATELLITE LOCATIONS. Location: St. Mary’s Cathedral. Overview: At the Opening of the Ars Electronica Festival 2026, Markus Poschner and the Bruckner Orchester Linz offer three musical responses to the festival topic NEGOTIATING HUMANITY – FUTURE BEGINS."
3aa38ddb450c80b9b5c8ed16f45964a9,Declaring Humanity,Performance,False,9. September 2026 20:25 (MESZ) → 20:45,St. Mary’s Cathedral,SATELLITE LOCATIONS,48.30043,14.28618,,"From the Declaration of Human Rights to declaring humanity. The square in front of St Mary’s Cathedral becomes a place of commitment to human rights. Multilingual, multinational, u...","The multilingual appraoch of the project not only highlights the universal validity of human rights but also reflects the diversity of the citizens of Linz, who are actively involved. In front of St. Mary’s Cathedral, groups of young people from Linz with migrant backgrounds are scattered across the square. They chant parts of the Declaration of Human Rights in their mother tongues. They, along with the audience, become the fierce voice advocating for human rights.","Title: Declaring Humanity. Format: Performance. Area: SATELLITE LOCATIONS. Location: St. Mary’s Cathedral. Overview: From the Declaration of Human Rights to declaring humanity. The square in front of St Mary’s Cathedral becomes a place of commitment to human rights. Multilingual, multinational, universal."
3bb38ddb450c81698f6aeb815a7a866d,36th VVVV Worldwide Meetup,Networking Event,False,12. September 2026 18:00 (MESZ) → 20:00,"Ars Electronica Center, Level 3, Sky Loft",DANUBE TRIANGLE,48.30962,14.28445,,This is the meetup for creatives and developers using the visual programming environment vvvv and its visual language VL. Join us IRL or online for artist presentations and announc...,"The 36th VVVV Worldwide Meetup hosted by the VVVV Community at the Ars Electronica Center in Linz is all about the visual programming environment vvvv gamma and its visual language VL. The meetup is open to everyone via Zoom. Join us IRL or online for artist presentations and announcements in the VVVV Community.
Moderated by Randall Vasquez, Simon Weckert and Amir Bastan.

Supported by Studio Brüll & 3e8.studio.
Feel free to connect with us for the next meetup to show your work and join the conv","Title: 36th VVVV Worldwide Meetup. Format: Networking Event. Area: DANUBE TRIANGLE. Location: Ars Electronica Center, Level 3, Sky Loft. Overview: This is the meetup for creatives and developers using the visual programming environment vvvv and its visual language VL. Join us IRL or online for artist presentations and announcements in the VVVV Community."
3a338ddb450c8099a1fee8b1cb111ae8,Latin American Networking Gathering,Networking Event,False,9. September 2026 17:00 (MESZ) → 18:30,Hauptplatz 23,SATELLITE LOCATIONS,48.30482,14.28678,,"We warmly invite you to a special Latin America networking event—an opportunity for artists, cultural professionals and anyone interested in connecting with the vibrant South Ameri...","We warmly invite you to a special Latin America networking event—an opportunity for artists, cultural professionals and anyone interested in connecting with the vibrant South American creative community at the Ars Electronica Festival.
This informal gathering is co-hosted by Hauptplatz 23 and the Ars Electronica Festival.
We are especially looking forward to welcoming artists and professionals from Chile, Latin America and beyond. We look forward to sharing it with you.","Title: Latin American Networking Gathering. Format: Networking Event. Area: SATELLITE LOCATIONS. Location: Hauptplatz 23. Overview: We warmly invite you to a special Latin America networking event—an opportunity for artists, cultural professionals and anyone interested in connecting with the vibrant South American creative community at the Ars Electronica Festival."
3ba38ddb450c8171ad86db52bab773fc,Negotiating Knowledge: Trust in Science in the Digital Age,Open Lab,False,9. September 2026 16:00 (MESZ) → 17:30,Linz City Space,Linz,,,,"What does it mean to trust science when knowledge is shaped by distributed agencies—researchers, citizens and AI, amplified through digital and social media? This discussion links ...","What does it mean to trust science when knowledge is shaped by distributed agencies—researchers, citizens and AI, amplified through digital and social media? Embedded in Climate Agents, this discussion links trust to transparency and participation. We ask how scientific identities, responsibilities and narratives are negotiated, and how shared confidence in these processes can help us shape the future together. Together, we examine scientific progress as an evolving, formalised process.","Title: Negotiating Knowledge: Trust in Science in the Digital Age. Format: Open Lab. Area: Linz. Location: Linz City Space. Overview: What does it mean to trust science when knowledge is shaped by distributed agencies—researchers, citizens and AI, amplified through digital and social media? This discussion links trust to transparency and participation, asking how scientific identities, responsibilities and narratives are built."
3c038ddb450c802e8639e98971177d72,Welcome to Contested Futures,Intro Session,False,10. September 2026 10:00 (MESZ) → 10:10,"Ursulinenhof Linz, Ursulinensaal",OK QUARTER,48.30226,14.29074,,"Francesca Bria and José Luis de Vicente open the program by naming what is actually being negotiated: not only future technology, but the terms of collective life.","Francesca Bria and José Luis de Vicente open the program by naming what is actually being negotiated: not only future technology, but the terms of collective life. Who has the power to shape the future. Whose labour it runs on. What it costs the planet that has to carry it. Europe is betting on its own sovereignty at the moment when the infrastructures of that future—compute, cloud, models, energy, land—are being built elsewhere and rented back to us. The day's three sessions take each question ","Title: Welcome to Contested Futures. Format: Intro Session. Area: OK QUARTER. Location: Ursulinenhof Linz, Ursulinensaal. Overview: Francesca Bria and José Luis de Vicente open the program by naming what is actually being negotiated: not only future technology, but the terms of collective life."
3c038ddb450c80e9b2e4ee367321d60b,Strategic Autonomy — Quantum Science and the New Non-Alignment,Lecture & Talk,False,10. September 2026 10:10 (MESZ) → 10:40,"Ursulinenhof Linz, Ursulinensaal",OK QUARTER,48.30226,14.29074,,"Quantum is where European scientific strength and European industrial dependency meet most sharply: the research base is world-class, the supply chains, capital and manufacturing a...","Quantum is where European scientific strength and European industrial dependency meet most sharply: the research base is world-class, the supply chains, capital and manufacturing are not. Tommaso Calarco, one of the architects of Europe’s quantum research programme, and Martin Rauchbauer, Austria’s first tech ambassador to Silicon Valley and founder of the Tech Diplomacy Network, ask whether Europe can act as a non-aligned power between the blocs—and what a science, arts and technology diplomacy","Title: Strategic Autonomy — Quantum Science and the New Non-Alignment. Format: Lecture & Talk. Area: OK QUARTER. Location: Ursulinenhof Linz, Ursulinensaal. Overview: Quantum is where European scientific strength and European industrial dependency meet most sharply: the research base is world-class, the supply chains, capital and manufacturing are not."
3c038ddb450c8020a5daca787e1312e2,Epic Fury: The Dark Art of Defense Tech,Keynote,False,10. September 2026 10:40 (MESZ) → 11:00,"Ursulinenhof Linz, Ursulinensaal",OK QUARTER,48.30226,14.29074,,"Defence technology has acquired an aesthetic—sleek, heroic, unmistakably neo-Futurist—and that aesthetic does political work.","Defence technology has acquired an aesthetic—sleek, heroic, unmistakably neo-Futurist—and that aesthetic does political work. Simon Denny, who has spent a decade taking apart the visual languages of extraction, crypto and corporate power, turns to Palantir, Anduril and their European imitators: how militarised AI is made to look both inevitable and desirable, who is flattered by that imagery and what it keeps out of frame.","Title: Epic Fury: The Dark Art of Defense Tech. Format: Keynote. Area: OK QUARTER. Location: Ursulinenhof Linz, Ursulinensaal. Overview: Defence technology has acquired an aesthetic—sleek, heroic, unmistakably neo-Futurist—and that aesthetic does political work."
3c038ddb450c8077ad0dda04c756c6a6,The Authoritarian Stack,Lecture & Talk,False,10. September 2026 11:00 (MESZ) → 11:20,"Ursulinenhof Linz, Ursulinensaal",OK QUARTER,48.30226,14.29074,,"Francesca Bria traces the rise of the authoritarian tech right in Silicon Valley and the alignment now consolidating around it: reactionary ideology, venture capital, defence and g...","Francesca Bria traces the rise of the authoritarian tech right in Silicon Valley and the alignment now consolidating around it: reactionary ideology, venture capital, defence and government contracts and private platforms that have quietly become state infrastructure—cloud, identity, policing, borders. She calls it the Authoritarian Stack and argues that Europe cannot regulate its way out of a dependency it has already accepted. What it needs is an industrial strategy for democratic infrastructu","Title: The Authoritarian Stack. Format: Lecture & Talk. Area: OK QUARTER. Location: Ursulinenhof Linz, Ursulinensaal. Overview: Francesca Bria traces the rise of the authoritarian tech right in Silicon Valley and the alignment now consolidating around it: reactionary ideology, venture capital, defence and government contracts and private platforms that have quietly become state infrastructure—cloud, identity, policing, borders."
3c038ddb450c8043a213d3f9aac68089,Mechanical Kurds,Lecture & Talk,False,10. September 2026 11:20 (MESZ) → 11:40,"Ursulinenhof Linz, Ursulinensaal",OK QUARTER,48.30226,14.29074,,"The performance-lecture follows that circuit between digital labour, computer vision and political violence, and asks what responsible alternatives can be built.","Hito Steyerl, Professor of Emergent Digital Media at the Academy of Fine Arts Munich, won the STARTS Prize ’26 Grand Prize for Artistic Exploration with Mechanical Kurds. The title recalls the eighteenth-century automaton that appeared to play chess by itself while concealing a human operator, and the Amazon platform that later borrowed the name. In Erbil, Kurdish-Syrian refugees label military imagery through crowdsourcing platforms without knowing what it serves. The performance-lecture follow","Title: Mechanical Kurds. Format: Lecture & Talk. Area: OK QUARTER. Location: Ursulinenhof Linz, Ursulinensaal. Overview: The performance-lecture follows that circuit between digital labour, computer vision and political violence, and asks what responsible alternatives can be built."
3c038ddb450c8061bacee5e1730dce4a,Soul or Arsenal?,Panel Discussion,False,10. September 2026 11:40 (MESZ) → 12:20,"Ursulinenhof Linz, Ursulinensaal",OK QUARTER,48.30226,14.29074,,"European autonomy can turn in two directions: a public digital commons, or a militarised arsenal built with public money and held in private hands.","European autonomy can turn in two directions: a public digital commons, or a militarised arsenal built with public money and held in private hands. The morning’s three speakers take the choice head-on, bringing together its political economy, its aesthetics and its geopolitics, and put the practical question to the room: which institutions, investments, imaginaries and alliances would make the first outcome real, and how much time is left to build them.","Title: Soul or Arsenal?. Format: Panel Discussion. Area: OK QUARTER. Location: Ursulinenhof Linz, Ursulinensaal. Overview: European autonomy can turn in two directions: a public digital commons, or a militarised arsenal built with public money and held in private hands."
3c038ddb450c801c9bb5c124d173a99c,The Data Workers’ Inquiry: In Their Own Words,Lecture & Talk,False,10. September 2026 13:30 (MESZ) → 14:00,"Ursulinenhof Linz, Ursulinensaal",OK QUARTER,48.30226,14.29074,,"AI systems rest on work that is deliberately kept out of view: labelling images, filtering violent content, correcting and rating outputs—outsourced to the Global South and precari...","AI systems rest on work that is deliberately kept out of view: labelling images, filtering violent content, correcting and rating outputs—outsourced to the Global South and precarious almost everywhere. Julia Kloiber speaks with Victoria De Napoli, writer, musician and researcher, part of the Data Workers’ Inquiry, who worked as a trainer for a technology company building AI systems and is making a documentary about it. What the work does to the people who do it, and what rights, dignity and org","Title: The Data Workers’ Inquiry: In Their Own Words. Format: Lecture & Talk. Area: OK QUARTER. Location: Ursulinenhof Linz, Ursulinensaal. Overview: AI systems rest on work that is deliberately kept out of view: labelling images, filtering violent content, correcting and rating outputs—outsourced to the Global South and precarious almost everywhere."
3c038ddb450c800cb571fc796e52a599,Eccentric Engineering: Building Otherwise,Keynote,False,10. September 2026 14:00 (MESZ) → 14:20,"Ursulinenhof Linz, Ursulinensaal",OK QUARTER,48.30226,14.29074,,"Her keynote makes the case for eccentric engineering based on minimal computing, good-enough prediction, infrastructure designed for something other than growth and for climate art...","Tega Brain is an artist and environmental engineer who builds working systems rather than critiques: Solar Protocol, a network of volunteer-run solar servers where the sun decides which one serves the internet; Asunder, a fictional artificial environmental manager that proposes what to sacrifice to keep the planet within its limits; tools for refusing and obscuring personal data. Her keynote makes the case for eccentric engineering based on minimal computing, good-enough prediction, infrastructu","Title: Eccentric Engineering: Building Otherwise. Format: Keynote. Area: OK QUARTER. Location: Ursulinenhof Linz, Ursulinensaal. Overview: Her keynote makes the case for eccentric engineering based on minimal computing, good-enough prediction, infrastructure designed for something other than growth and for climate art that points to the agency we still have."
3c038ddb450c80828c04dee3aff39e98,"What Alternatives? Power, Labour, Planet",Panel Discussion,False,10. September 2026 14:20 (MESZ) → 14:50,"Ursulinenhof Linz, Ursulinensaal",OK QUARTER,48.30226,14.29074,,"From diagnosis to alternatives. Data centres are arriving in European regions faster than grids, water systems and planning authorities can absorb them and the public is rarely ask...","From diagnosis to alternatives. Data centres are arriving in European regions faster than grids, water systems and planning authorities can absorb them and the public is rarely asked. This conversation brings together the researchers, campaigners and builders working on the material footprint of AI and on what could be built instead: public and cooperative infrastructure, ecological limits treated as design constraints, global public goods and computing within humanity’s limits rather than beyon","Title: What Alternatives? Power, Labour, Planet. Format: Panel Discussion. Area: OK QUARTER. Location: Ursulinenhof Linz, Ursulinensaal. Overview: From diagnosis to alternatives. Data centres are arriving in European regions faster than grids, water systems and planning authorities can absorb them and the public is rarely asked."
3c038ddb450c809f8ebffd7564771649,The Architecture of Public Truth,Keynote,False,10. September 2026 15:15 (MESZ) → 15:35,"Ursulinenhof Linz, Ursulinensaal",OK QUARTER,48.30226,14.29074,,"Forensic Architecture built a new evidentiary practice, using architecture, modelling and open-source material to hold states and corporations to account where courts and media cou...","Forensic Architecture built a new evidentiary practice, using architecture, modelling and open-source material to hold states and corporations to account where courts and media could not. Eyal Weizman extends the method to the planet itself: the earth as a forensic object that registers pollution, ruin, environmental violence and genocide. The keynote asks what institutions such evidence demands if it is to count, and who is entitled to produce public truth.","Title: The Architecture of Public Truth. Format: Keynote. Area: OK QUARTER. Location: Ursulinenhof Linz, Ursulinensaal. Overview: Forensic Architecture built a new evidentiary practice, using architecture, modelling and open-source material to hold states and corporations to account where courts and media could not."
3c038ddb450c80feaf4fde2b1098acf8,Children of a Modest Star: Governing Beyond the Nation-State,Keynote,False,10. September 2026 15:35 (MESZ) → 15:55,"Ursulinenhof Linz, Ursulinensaal",OK QUARTER,48.30226,14.29074,,"Nils Gilman, co-author of Children of a Modest Star, argues that neither a world government nor the nation-state as we have it can govern climate, pandemics or computation and make...","Planetary problems, national institutions: the mismatch defines the century. Nils Gilman, co-author of Children of a Modest Star, argues that neither a world government nor the nation-state as we have it can govern climate, pandemics or computation and makes the case for multi-scale institutions built to the shape of the problems themselves—a form of planetary politics that does not wait for consensus between states.","Title: Children of a Modest Star: Governing Beyond the Nation-State. Format: Keynote. Area: OK QUARTER. Location: Ursulinenhof Linz, Ursulinensaal. Overview: Nils Gilman, co-author of Children of a Modest Star, argues that neither a world government nor the nation-state as we have it can govern climate, pandemics or computation and makes the case for multi-scale institutions built to the shape of the problems themselves."
3c038ddb450c80b18938ee9b24da9dec,The More-than-Human Laboratory,Lecture & Talk,False,10. September 2026 15:55 (MESZ) → 16:15,"Ursulinenhof Linz, Ursulinensaal",OK QUARTER,48.30226,14.29074,,"Agnes Meyer-Brandis won the STARTS Prize ’26 Grand Prize for Innovative Collaboration with the Office for Tree Migration, a long-term project following how trees and plants move as...","Agnes Meyer-Brandis won the STARTS Prize ’26 Grand Prize for Innovative Collaboration with the Office for Tree Migration, a long-term project following how trees and plants move as climate zones shift: north, uphill into the Californian White Mountains, into the peatlands. Her work sits between scientific research, fieldwork and myth, building experiments that are at once rigorous and wayward. The talk explores what it would mean to observe, shape and develop from a position that is not exclusiv","Title: The More-than-Human Laboratory. Format: Lecture & Talk. Area: OK QUARTER. Location: Ursulinenhof Linz, Ursulinensaal. Overview: Agnes Meyer-Brandis won the STARTS Prize ’26 Grand Prize for Innovative Collaboration with the Office for Tree Migration, a long-term project following how trees and plants move as climate zones shift."
3c038ddb450c800c9cb9c37d6a074d64,Antimonuments,Lecture & Talk,False,10. September 2026 16:15 (MESZ) → 16:35,"Ursulinenhof Linz, Ursulinensaal",OK QUARTER,48.30226,14.29074,,"Surveying his entire body of work, from the early relational architecture pieces to the antimonuments, Rafael Lozano-Hemmer traces a practice concerned with memory, biometrics, par...",For three decades Rafael Lozano-Hemmer has built participatory installations that turn public space into sites of encounter and turn surveillance technology against itself: searchlights over Mexico City’s Zócalo steered by participants online; shadows twenty metres high filled with the portraits of passers-by; rooms that pulse with the recorded heartbeats of everyone who has entered them; biometric systems put to work searching for the disappeared; bridges of light opening live voice channels ac,"Title: Antimonuments. Format: Lecture & Talk. Area: OK QUARTER. Location: Ursulinenhof Linz, Ursulinensaal. Overview: Surveying his entire body of work, from the early relational architecture pieces to the antimonuments, Rafael Lozano-Hemmer traces a practice concerned with memory, biometrics, participation and the politics of who is seen, counted and remembered."
3c038ddb450c80d79faece8f81a628e7,Closing—Coexistence and Possible Futures,Lecture & Talk,False,10. September 2026 16:35 (MESZ) → 16:45,"Ursulinenhof Linz, Ursulinensaal",OK QUARTER,48.30226,14.29074,,The day closes on the question it opened with: what did we negotiate and which futures now feel possible?,The day closes on the question it opened with: what did we negotiate and which futures now feel possible? A short reflection on coexistence across geographical and geopolitical blocs and across the divide between those who build these systems and those who carry their cost—and on what the day leaves to be built as planetary alternatives for humanity.,"Title: Closing—Coexistence and Possible Futures. Format: Lecture & Talk. Area: OK QUARTER. Location: Ursulinenhof Linz, Ursulinensaal. Overview: The day closes on the question it opened with: what did we negotiate and which futures now feel possible?"
37c38ddb450c819cb0f3dab71d34305d,Leonardo LASER Talks Linz – Lab Songs Vol. III: Stardust Paella,Lecture & Talk,False,11. September 2026 11:00 (MESZ) → 20:00,Linz City Space,Linz,,,,"Leonardo LASER is an international program that brings together artists, scientists, academics and the public to share their work and inspire one another through presentations, per...","Leonardo LASER is an international program that brings together artists, scientists, academics and the public to share their work and inspire one another through presentations, performances and discussions.

Our recurring LASER series, Lab Songs, explores evolving cultures of experimentation. Scientific and artistic breakthroughs arise not only from discoveries, but from transformations in practices, methodologies and systems of care. As a result, laboratories are increasingly reimagined as spac","Title: Leonardo LASER Talks Linz – Lab Songs Vol. III: Stardust Paella. Format: Lecture & Talk. Area: Linz. Location: Linz City Space. Overview: Leonardo LASER is an international program that brings together artists, scientists, academics and the public to share their work and inspire one another through presentations, performances and discussions."
db938ddb450c83c4ac538176bf4192dd,Leonardo LASER Talks Linz – Lab Songs Vol. III: Quantum Vermouth,Lecture & Talk,False,12. September 2026 11:00 (MESZ) → 20:00,Linz City Space,Linz,,,,"Leonardo LASER is an international program that brings together artists, scientists, academics and the public to share their work and inspire one another through presentations, per...","Leonardo LASER is an international program that brings together artists, scientists, academics, and the public to share their work and inspire one another through presentations, performances and discussions.

Our recurring LASER series, Lab Songs, explores evolving cultures of experimentation. Scientific and artistic breakthroughs arise not only from discoveries, but from transformations in practices, methodologies and systems of care. As a result, laboratories are increasingly reimagined as spa","Title: Leonardo LASER Talks Linz – Lab Songs Vol. III: Quantum Vermouth. Format: Lecture & Talk. Area: Linz. Location: Linz City Space. Overview: Leonardo LASER is an international program that brings together artists, scientists, academics and the public to share their work and inspire one another through presentations, performances and discussions."
34a38ddb450c80b59fb5e33469d2912b,Negotiating Humanity,Exhibition,True,9. September 2026 10:00 (MESZ) → 18:00,Lentos Kunstmuseum,DANUBE TRIANGLE,48.30863,14.28884,,"Featuring six award-winning works from the Prix Ars Electronica 2026 and the European Commission’s STARTS Prize 2026, this exhibition explores what it means to be human. The divers...","This exhibition presents six works—primarily Golden Nica and Grand Prize winners— selected from the Prix Ars Electronica 2026 (4,329 submissions from 106 countries) and the European Commission’s STARTS Prize 2026 (2,719 submissions from 110 countries).

Each of these works deconstructs and reimagines, with striking necessity, the notion of “humanity” that we have long taken for granted—from diverse perspectives, including bodily perception, the nature of capitalist technology, the new autonomous","Title: Negotiating Humanity. Format: Exhibition. Area: DANUBE TRIANGLE. Location: Lentos Kunstmuseum. Overview: Featuring six award-winning works from the Prix Ars Electronica 2026 and the European Commission’s STARTS Prize 2026, this exhibition explores what it means to be human. The diverse artistic perspectives challenge familiar assumptions and invite visitors to negotiate humanity anew."
34a38ddb450c80e59541c1e2a638adce,FESTIVAL WALK: Negotiating the Real,Exhibition,True,9. September 2026 10:00 (MESZ) → 19:00,OK Platz,OK QUARTER,48.30241,14.29098,"Accreditation Pick-Up, Press Pick-Up, Program Info, Shop, Ticket Pick-Up, Ticket Sales",The exhibition Negotiating the Real – The Desire to Believe explores this year’s festival theme through artworks spread across eight locations throughout Linz. It examines how cert...,"What we see, hear and feel, we interpret as reality. It appears immediate, yet it is already filtered, ordered and interpreted. Reality emerges through the interplay between inner perception and the external world, between individual and collective context. It is never simply a matter of what is real, nor does it exist independently of the frameworks through which we make sense of it. Embedded within collective systems of interpretation, reality dictates what is considered relevant, visible or s","Title: FESTIVAL WALK: Negotiating the Real. Format: Exhibition. Area: OK QUARTER. Location: OK Platz. Overview: The exhibition Negotiating the Real – The Desire to Believe explores this year’s festival theme through artworks spread across eight locations throughout Linz. It examines how certainty is socially produced, investigating which claims to truth compete with one another, which become stabilized and which remain marginalized."
38338ddb450c80b394f8d7c836a5ba35,Negotiating Beyond Humanity,Exhibition,True,9. September 2026 10:00 (MESZ) → 19:00,"Ursulinenhof Linz, Attic",OK QUARTER,48.30226,14.29074,,"While the festival theme NEGOTIATING HUMANITY – FUTURE BEGINS proposes that humanity is not a fixed condition, but an ongoing process of negotiation, Negotiating Beyond Humanity ex...","While the festival theme NEGOTIATING HUMANITY – FUTURE BEGINS proposes that humanity is not a fixed condition, but an ongoing process of negotiation, Negotiating Beyond Humanity expands this horizon by turning towards the more-than-human beings. Grounded in the transdisciplinary exchanges that have unfolded through three years of the Studiotopia residency program, the exhibition contributes to a broader inquiry into the possibilities opened by sustained dialogue between artistic and scientific p","Title: Negotiating Beyond Humanity. Format: Exhibition. Area: OK QUARTER. Location: Ursulinenhof Linz, Attic. Overview: While the festival theme NEGOTIATING HUMANITY – FUTURE BEGINS proposes that humanity is not a fixed condition, but an ongoing process of negotiation, Negotiating Beyond Humanity expands this horizon by turning towards the more-than-human beings."
34a38ddb450c8068a57fe12cc2f48e1a,LIT—Linz Institute of Technology Exhibition,Exhibition,True,9. September 2026 10:00 (MESZ) → 19:00,Linz City Space,Linz,,,,JKU scientists exchange inspiring ideas with locally and internationally renowned artists to create a platform to discuss and experience research at the intersection with art in a ...,"In 2026, Johannes Kepler University Linz (JKU) looks back on sixty years of research, education and social responsibility—and on the claim not just to observe change, but to shape it. The future does not only start tomorrow; it started long ago, in auditoriums and laboratories, in scientific and artistic experiments, in conversations and discussions.
NEGOTIATING HUMANITY – FUTURE BEGINS is therefore more than a festival theme—it is an invitation to understand humankind as an open question. What ",Title: LIT—Linz Institute of Technology Exhibition. Format: Exhibition. Area: Linz. Location: Linz City Space. Overview: JKU scientists exchange inspiring ideas with locally and internationally renowned artists to create a platform to discuss and experience research at the intersection with art in a playful manner.
34a38ddb450c8099aa01fc4acd2346bf,Ars Electronica Campus Exhibition,Exhibition,True,9. September 2026 11:00 (MESZ) → 20:00,University of Arts Linz,DANUBE TRIANGLE,48.30658,14.28573,,"Co-hosted by Ars Electronica and the University of Arts Linz, 45 universities from across the world gather at Ars Electronica Campus Exhibition 2026. Together they create a tempora...","What does it mean to negotiate the future in uncertain times? Universities are supposed to be places where difficult questions are asked, certainties are challenged and new perspectives are put to the test. 
Scholars at Risk documented 395 attacks on scholars and students in 49 countries between July 2024 and June 2025. The Academic Freedom Index 2026 reveals that institutional autonomy at universities in the United States has deteriorated by 50 percent since 2015. Academic freedom is under pres","Title: Ars Electronica Campus Exhibition. Format: Exhibition. Area: DANUBE TRIANGLE. Location: University of Arts Linz. Overview: Co-hosted by Ars Electronica and the University of Arts Linz, 45 universities from across the world gather at Ars Electronica Campus Exhibition 2026. Together they create a temporary, imperfect, necessary space where NEGOTIATING HUMANITY  is not a theme but a practice."
34a38ddb450c80678731f3394eab291f,Ars Electronica Features Exhibition,Exhibition,True,9. September 2026 10:00 (MESZ) → 19:00,Francisco Carolinum,OK QUARTER,48.30603,14.29371,,"The Ars Electronica Features Exhibition brings together 16 partners presenting artistic and research-based perspectives on the relationship between human intention, algorithmic pro...","For decades, Ars Electronica has built a global network of cultural institutions, research centers and universities that share a commitment to exploring the relationship between art, technology and society. The Ars Electronica Features Exhibition highlights selected institutions, forming a platform that brings together these partner institutions from across the world to present their own artistic and research-based perspectives on the festival’s curatorial theme, reflecting the diversity of cont","Title: Ars Electronica Features Exhibition. Format: Exhibition. Area: OK QUARTER. Location: Francisco Carolinum. Overview: The Ars Electronica Features Exhibition brings together 16 partners presenting artistic and research-based perspectives on the relationship between human intention, algorithmic process and biological life under the festival theme NEGOTIATING HUMANITY – FUTURE BEGINS."
38238ddb450c80c9bdc2e6c2b570d674,Hello Worlds!,Exhibition,True,9. September 2026 10:00 (MESZ) → 19:00,"Ars Electronica Center, Level -3, Hello Worlds!",DANUBE TRIANGLE,48.30962,14.28445,,"How is our understanding of being human changing? Through artistic prototypes, interactive installations, and evolving artworks, Hello Worlds! invites visitors to experience, quest...","Artificial Intelligence is increasingly becoming a counterpart in our world. It no longer exists on screens alone, but in robots, vehicles and intelligent systems. It speaks with us, moves through our environments and acts within them. Many abilities once considered uniquely human can now be simulated—or even performed—by AI. We develop and shape these technologies, while they shape us in return. They transform how we perceive, communicate, move, imagine the future and understand ourselves.
Thro","Title: Hello Worlds!. Format: Exhibition. Area: DANUBE TRIANGLE. Location: Ars Electronica Center, Level -3, Hello Worlds!. Overview: How is our understanding of being human changing? Through artistic prototypes, interactive installations, and evolving artworks, Hello Worlds! invites visitors to experience, question and help shape possible futures together. Who will we become? What does it mean to be human?"
34a38ddb450c80cb984ac0ab4598ef15,Ars Electronica Center Exhibitions,Exhibition,False,9. September 2026 10:00 (MESZ) → 19:00,Ars Electronica Center,DANUBE TRIANGLE,48.30962,14.28445,,"Interactive stations, works of art, research projects, large-scale projections and laboratories. The Ars Electronica Center invites you to exciting and inspiring excursions into th...","Interactive stations, works of art, research projects, large-scale projections and laboratories. The Ars Electronica Center invites you to exciting and inspiring excursions into the future fields of Artificial Intelligence and neuroscience, robotics and autonomous mobility, as well as genetic engineering and biotechnology!","Title: Ars Electronica Center Exhibitions. Format: Exhibition. Area: DANUBE TRIANGLE. Location: Ars Electronica Center. Overview: Interactive stations, works of art, research projects, large-scale projections and laboratories. The Ars Electronica Center invites you to exciting and inspiring excursions into the future fields of Artificial Intelligence and neuroscience, robotics and autonomous mobility, as well as genetic engineering and biotechnology!"
34a38ddb450c80eb87d7e2feb36ce9b0,Open Futurelab – Exhibition,Exhibition,False,9. September 2026 10:00 (MESZ) → 19:00,"Ars Electronica Center, Level -3, Open Futurelab",DANUBE TRIANGLE,48.30962,14.28445,,"Open Futurelab makes artistic research visible as it happens: through prototypes, interactive installations and experiments that invite visitors to question, imagine, and actively ...","Open Futurelab once again opens the doors of Ars Electronica’s artistic R&D laboratory and atelier, offering insights into artistic research as an open, collaborative process. At the Ars Electronica Center, visitors encounter the new interactive exhibition Hello Worlds!, alongside research prototypes and installations. 

Together with additional pieces at satellite locations throughout Linz, the works make the Futurelab’s questions, methods and experiments tangible—and invite everyone to take pa","Title: Open Futurelab – Exhibition. Format: Exhibition. Area: DANUBE TRIANGLE. Location: Ars Electronica Center, Level -3, Open Futurelab. Overview: Open Futurelab makes artistic research visible as it happens: through prototypes, interactive installations and experiments that invite visitors to question, imagine, and actively shape possible futures."
38b38ddb450c80778cf6e4873babe278,Ars Electronica Solutions Exhibition,Exhibition,False,9. September 2026 10:00 (MESZ) → 19:00,"Ars Electronica Center, Level -3",DANUBE TRIANGLE,48.30962,14.28445,,What happens behind the scenes at Ars Electronica Solutions? This interactive space for dialogue and experience takes visitors on a journey from the first idea to innovative applic...,"Ars Electronica Solutions is based at the Creative Hub of Tabakfabrik Linz—a renowned European innovation hub where new ideas, interdisciplinary collaboration and forward-looking projects take shape. As a development and implementation partner, Ars Electronica Solutions works with regional and international companies and institutions. Together with its clients, the team develops visions and concepts that are transformed into extraordinary experiential spaces through the interplay of content, des","Title: Ars Electronica Solutions Exhibition. Format: Exhibition. Area: DANUBE TRIANGLE. Location: Ars Electronica Center, Level -3. Overview: What happens behind the scenes at Ars Electronica Solutions? This interactive space for dialogue and experience takes visitors on a journey from the first idea to innovative applications and immersive experiences. Agentic systems accompany them through the exhibition, bringing the processes behind the projects to life."
38438ddb450c815a91aac30837379922,u19—create your world Exhibition,Exhibition,False,9. September 2026 10:00 (MESZ) → 19:00,Linz City Space,Linz,,,,The exhibition showcases the 23 winning projects in the u19—create your world category of the Prix Ars Electronica 2026.,"The exhibition showcases the 23 winning projects in the u19—create your world category of the Prix Ars Electronica 2026.

Since 1998, this competition has invited young creatives and critical thinkers to share their ideas and projects for the world of tomorrow—across the fields of art, technology and society. Participants are free to choose their medium, resulting in a wide range of analog and digital submissions. All works are created by creatives up to 19 years of age, boldly expressing person",Title: u19—create your world Exhibition. Format: Exhibition. Area: Linz. Location: Linz City Space. Overview: The exhibition showcases the 23 winning projects in the u19—create your world category of the Prix Ars Electronica 2026.
34a38ddb450c800f93f1e2e284d718b8,Expanded Play Gallery – Exhibition of Playful Media,Exhibition,False,9. September 2026 11:00 (MESZ) → 19:30,Atelierhaus Salzamt,SATELLITE LOCATIONS,48.30642,14.28343,,"Now in its third edition, the Expanded Play Gallery features a curated selection of interactive works that address a wide range of topics through the medium of play.","Now in its third edition, the Expanded Play Gallery features a curated selection of interactive works that address a wide range of topics through the medium of play. From dynamic shadow worlds inspired by Plato’s Allegory of the Cave, to the sonification of urban data or conversations with an artificial messiah, the exhibition spans a diverse range of artistic positions and technological approaches. Together, the works invite participants to engage directly with the evolving relationships betwee","Title: Expanded Play Gallery – Exhibition of Playful Media. Format: Exhibition. Area: SATELLITE LOCATIONS. Location: Atelierhaus Salzamt. Overview: Now in its third edition, the Expanded Play Gallery features a curated selection of interactive works that address a wide range of topics through the medium of play."
7c938ddb450c82789a648184906bd039,"Cassandra Miller: “City, full of people”",Concert,False,9. September 2026 21:40 (MESZ) → 22:00,St. Mary’s Cathedral,SATELLITE LOCATIONS,48.30043,14.28618,,"The Company of Music, directed by Johannes Hiemetsberger, presents Cassandra Miller’s contemporary choral work City, full of people.","Canssandra Miller’s City, full of people explores atmospheric textures, urban polyphony and the acoustic dynamics of human presence. Every harmonic shift carries weight, reflecting the noise, solitude and shared humanity of a crowded world.

On the same evening, The Company of Music, under the direction of Johannes Hiemetsberger, will also perform Thomas Tallis: Lamentationes Jeremiae I. They approach these works with a transparent, text-sensitive sound—bringing Renaissance mastery and contempor","Title: Cassandra Miller: “City, full of people”. Format: Concert. Area: SATELLITE LOCATIONS. Location: St. Mary’s Cathedral. Overview: The Company of Music, directed by Johannes Hiemetsberger, presents Cassandra Miller’s contemporary choral work City, full of people."
39838ddb450c81ac9ccccbc5f40540a4,Thomas Tallis: “Lamentationes Jeremiae I”,Concert,False,9. September 2026 21:30 (MESZ) → 21:40,St. Mary’s Cathedral,SATELLITE LOCATIONS,48.30043,14.28618,,"The Company of Music, directed by Johannes Hiemetsberger, presents Thomas Tallis’ masterful Renaissance Lamentationes Jeremiae.","Thomas Tallis’ Lamentationes Jeremiae are among the most powerful works of the 16th century. Written for Holy Week, it combines strict compositional craft with remarkable emotional concentration. In carefully shaped vocal lines, Tallis distills grief, loss and consolation with exceptional clarity, creating an intensity that speaks directly across centuries.

On the same evening, The Company of Music, under the direction of Johannes Hiemetsberger, will also perform Canssandra Miller’s City, full ","Title: Thomas Tallis: “Lamentationes Jeremiae I”. Format: Concert. Area: SATELLITE LOCATIONS. Location: St. Mary’s Cathedral. Overview: The Company of Music, directed by Johannes Hiemetsberger, presents Thomas Tallis’ masterful Renaissance Lamentationes Jeremiae."
3c138ddb450c819bbe60d6038c37d4bc,The Danube Continually Shapes the Future,Performance,False,9. September 2026 18:00 (MESZ) → 19:00,Donaupark,SATELLITE LOCATIONS,48.30963,14.29095,,"Wolfgang Dorninger’s music creates a continuous flow, much like the Danube. Drones, soundscapes, neoclassical music and songs blend together in a timeless space, but certain sounds...","Wolfgang Dorninger’s music creates a continuous flow, much like the Danube. Drones, soundscapes, neoclassical music and songs blend together in a timeless space, but certain sounds run throughout the entire piece, connecting all the different musical segments. At the beginning, sounds from two oscillators made from cheap CMOS chips meander out of the speakers. The oscillators are powered by a low voltage (0.25–3 volts); the circuitry is experimental and produces sonic artifacts in “deadBattery” ","Title: The Danube Continually Shapes the Future. Format: Performance. Area: SATELLITE LOCATIONS. Location: Donaupark. Overview: Wolfgang Dorninger’s music creates a continuous flow, much like the Danube. Drones, soundscapes, neoclassical music and songs blend together in a timeless space, but certain sounds run throughout the entire piece, connecting all the different musical segments."
3c038ddb450c808095efc5357efb47bf,Robots in the City,Performance,False,10. September 2026 13:00 (MESZ) → 15:00,OK Platz,OK QUARTER,48.30241,14.29098,"Accreditation Pick-Up, Press Pick-Up, Program Info, Shop, Ticket Pick-Up, Ticket Sales",The future is going for a walk through Linz. Humanoid robots and robot dogs are leaving the festival grounds to roam the heart of the city.,"No other technology fires up our imagination quite like humanoid robots. From the quirky, lovable C-3PO to the ruthless Terminator, humanoid robots are a screen onto which we project our brightest dreams and darkest nightmares. Thanks to AI, these pop-culture perennials are now arriving in reality—and landing right in the middle of geopolitical tension: just this past July, the Trump administration banned any further import of humanoid robots from China.

But will these “machines in our own imag",Title: Robots in the City. Format: Performance. Area: OK QUARTER. Location: OK Platz. Overview: The future is going for a walk through Linz. Humanoid robots and robot dogs are leaving the festival grounds to roam the heart of the city.
3a438ddb450c80a49529c7e9882dbc15,EXPANDED 2026,Conference,True,9. September 2026 10:00 (MESZ) → 18:00,"Ars Electronica Center, Level 3, Sky Loft",DANUBE TRIANGLE,48.30962,14.28445,,"The Expanded – Conference on Animation and Interactive Art explores the expanding boundaries of animation across artistic, technological and scientific disciplines. Since 2024, Exp...","The https://expanded-conf.org/ explores the expanding boundaries of animation across artistic, technological and scientific disciplines. Since 2024, Expanded has been organized as an international peer-reviewed conference featuring a call for scientific and artistic papers and the publication of conference proceedings. 
Alongside the established Research Papers and Art Papers tracks, two new tracks have been introduced for the 2026 edition: the Doctoral Consortium, providing an international for","Title: EXPANDED 2026. Format: Conference. Area: DANUBE TRIANGLE. Location: Ars Electronica Center, Level 3, Sky Loft. Overview: The Expanded – Conference on Animation and Interactive Art explores the expanding boundaries of animation across artistic, technological and scientific disciplines. Since 2024, Expanded has been organized as an international peer-reviewed conference featuring a call for scientific and artistic papers and the publication of conference proceedings."
3c738ddb450c80e292b5fc372fb28016,Joint Q&A,Panel Discussion,False,13. September 2026 12:05 (MESZ) → 12:30,"Ursulinenhof Linz, Ursulinensaal",OK QUARTER,48.30226,14.29074,,Aimée Craft and Stefano Burchi answer the audience’s questions in a joint Q&A that connects Anishinaabe legal traditions with national and transnational legal frameworks.,Aimée Craft and Stefano Burchi answer the audience’s questions in a joint Q&A that connects Anishinaabe legal traditions with national and transnational legal frameworks.,"Title: Joint Q&A. Format: Panel Discussion. Area: OK QUARTER. Location: Ursulinenhof Linz, Ursulinensaal. Overview: Aimée Craft and Stefano Burchi answer the audience’s questions in a joint Q&A that connects Anishinaabe legal traditions with national and transnational legal frameworks."
3c738ddb450c800fae73f0ee20da5bdb,behind the scenes,Open Lab,False,9. September 2026 11:00 (MESZ) → 13:00,"JKU MED Campus, Plaza",MED CAMPUS,48.30277,14.30317,,Various associations and film professionals offer open workshops providing insights into their work on a film set.,"Various associations and film professionals offer open workshops providing insights into their work on a film set. The workshops provide hands-on career guidance, giving participants the opportunity to experience the diverse range of professions in the film industry first-hand. No registration is required: visitors can simply drop by, have a look, join in and explore different areas of expertise. The programme is complemented by talks with film professionals, offering insights into their working","Title: behind the scenes. Format: Open Lab. Area: MED CAMPUS. Location: JKU MED Campus, Plaza. Overview: Various associations and film professionals offer open workshops providing insights into their work on a film set."
38f38ddb450c8187a872e89a0251e1bf,Holy Echo,Exhibition,False,9. September 2026 19:00 (MESZ) → 23:30,St. Mary’s Cathedral,SATELLITE LOCATIONS,48.30043,14.28618,,"Beyond the visible: a prayer in resonance. Holy Echo by evala transforms Linz’s Mariendom. Shifting focus from theology to perception, this spatial audio project proposes that a sp...","Perhaps what all sacred places share is not religion, but an extraordinary acoustic field. Across cultures, sacred spaces resonate differently. In Western cathedrals, sound descends from above; in Eastern shrines, it opens toward the earth and nature. Though geometries differ, both reorganize perception through listening.

Holy Echo explores this invisible force as a universal condition of the sacred. Rather than treating Mariendom as a visual landmark, evala uses advanced spatial sound technolo","Title: Holy Echo. Format: Exhibition. Area: SATELLITE LOCATIONS. Location: St. Mary’s Cathedral. Overview: Beyond the visible: a prayer in resonance. Holy Echo by evala transforms Linz’s Mariendom. Shifting focus from theology to perception, this spatial audio project proposes that a space becomes sacred not through decree, but when human perception is profoundly reorganized through resonance."
3c938ddb450c818497d2cf790bed767e,What we can hear and cannot understand,Performance,False,11. September 2026 14:00 (MESZ) → 17:00,IT:U Digital City Studio Linz,DANUBE TRIANGLE,48.30572,14.28795,,"Posthuman Radio is a live sonic cabaret where human and non-human guests are staged together. Tune out the usual noise, tune in and attune to and with others. We are rehearsing new...","Posthuman Radio: What we can hear and cannot understand is a live sonic cabaret. The set is a makeshift radio studio run on XR-as-Stage principles, a writeable room where realities are rehearsed as much as recorded and anyone in it can change the score. Artists, scientists, performers, AI agents, humans and non-humans share the bill, and conversations, field recordings and sonic art run at once. A radio play—and we take play as seriously as an experiment. Tune in.","Title: What we can hear and cannot understand. Format: Performance. Area: DANUBE TRIANGLE. Location: IT:U Digital City Studio Linz. Overview: Posthuman Radio is a live sonic cabaret where human and non-human guests are staged together. Tune out the usual noise, tune in and attune to and with others. We are rehearsing new relations, in real time. The broadcast continues whether we are listening or not. Listen in. Something is always on."
3c938ddb450c8166a785d92546995ff8,Where perception happens,Performance,False,12. September 2026 14:00 (MESZ) → 17:00,IT:U Digital City Studio Linz,DANUBE TRIANGLE,48.30572,14.28795,,"Posthuman Radio is a live sonic cabaret where human and non-human guests are staged together. Tune out the usual noise, tune in, and attune to/with others. We are rehearsing new re...","Posthuman Radio: Where perception happens is a live sonic cabaret. The set is a makeshift radio studio run on XR-as-Stage principles, a writeable room where realities are rehearsed as much as recorded and anyone in it can change the score. Artists, scientists, performers, AI agents, humans and non-humans share the bill, and conversations, field recordings and sonic art run at once. A radio play, and we take play as seriously as an experiment. Tune in.","Title: Where perception happens. Format: Performance. Area: DANUBE TRIANGLE. Location: IT:U Digital City Studio Linz. Overview: Posthuman Radio is a live sonic cabaret where human and non-human guests are staged together. Tune out the usual noise, tune in, and attune to/with others. We are rehearsing new relations, in real time. The broadcast continues whether we are listening or not. Listen in. Something is always on."
3c938ddb450c816dad1ae9763533b9df,The speculative edge,Performance,False,13. September 2026 12:00 (MESZ) → 14:30,IT:U Digital City Studio Linz,DANUBE TRIANGLE,48.30572,14.28795,,"Posthuman Radio is a live sonic cabaret where human and non-human guests are staged together. Tune out the usual noise, tune in, and attune to and with others. We are rehearsing ne...","Posthuman Radio: The speculative edge is a live sonic cabaret. The set is a makeshift radio studio run on XR-as-Stage principles, a writeable room where realities are rehearsed as much as recorded and anyone in it can change the score. Artists, scientists, performers, AI agents, humans and non-humans share the bill, and conversations, field recordings, and sonic art run at once. A radio play, and we take play as seriously as an experiment. Tune in.","Title: The speculative edge. Format: Performance. Area: DANUBE TRIANGLE. Location: IT:U Digital City Studio Linz. Overview: Posthuman Radio is a live sonic cabaret where human and non-human guests are staged together. Tune out the usual noise, tune in, and attune to and with others. We are rehearsing new relations, in real time. The broadcast continues whether we are listening or not. Listen in. Something is always on."
3cb38ddb450c80ab9590c73e8593ee1e,Learning from Kronstorf—fighting for transparent and climate-respectful digitalization,Lecture & Talk,False,11. September 2026 15:00 (MESZ) → 17:00,Landhaus,SATELLITE LOCATIONS,48.30376,14.28559,,"To keep the data streams flowing, the asphalt needs to sizzle. We, on the other hand, are taking to the streets! We’re calling for a gathering in Linz on September 11th!","Amid the extreme heat, one question becomes pressing: What will shape our future? Will it be defined by the insatiable appetite of global private companies for electricity? Or will it include a right to shade and to cool, clear water—a right to the health of people and ecosystems?

In light of the rapid expansion of digital infrastructure, we must ask these questions now. The massive sealing of fertile soil—as is currently happening in Kronstorf, Upper Austria, where Google is building one of Eu","Title: Learning from Kronstorf—fighting for transparent and climate-respectful digitalization. Format: Lecture & Talk. Area: SATELLITE LOCATIONS. Location: Landhaus. Overview: To keep the data streams flowing, the asphalt needs to sizzle. We, on the other hand, are taking to the streets! We’re calling for a gathering in Linz on September 11th!"
3cd38ddb450c8041a157e933fd983447,Being in Relationship with Water,Lecture & Talk,False,13. September 2026 11:05 (MESZ) → 11:35,"Ursulinenhof Linz, Ursulinensaal",OK QUARTER,48.30226,14.29074,,"Through the lens of Indigenous ontologies, Craft will explore what is it to be in relationships of responsibility to water and how the Decolonizing Water project is helping revital...","Through the lens of Indigenous ontologies, Craft will explore what is it to be in relationships of responsibility to water. Using the Decolonizing Water project—an Indigenous-led partnership committed to revitalizing Indigenous water governance—as a starting point, Craft talks about the community-led research conducted by the initiative and the importance of understanding lands and water not only as sites of learning, but also as being actively involved in the process of education.","Title: Being in Relationship with Water. Format: Lecture & Talk. Area: OK QUARTER. Location: Ursulinenhof Linz, Ursulinensaal. Overview: Through the lens of Indigenous ontologies, Craft will explore what is it to be in relationships of responsibility to water and how the Decolonizing Water project is helping revitalize Indigenous water governance."
3cd38ddb450c8198b28fe58880e6c137,Policy Lab “The Empty Chair”,Workshop,False,10. September 2026 10:00 (MESZ) → 13:00,Tabakfabrik,SATELLITE LOCATIONS,48.31249,14.29942,,"Košice shares lessons from linking creative talent with technology, business and the public sector. The question: how can the empty chair become a permanent seat for creative capab...","The policy lab asks: What becomes possible when Upper Austria connects industry, technology and research with media arts and creative industries? Which alliances, structures and future skills would this require? Around 20 people from policy, industry, technology, research and creative practice meet at one table. An empty chair marks a strategic role still vacant. Košice shares lessons on linking creative talent with technology, business and public institutions.","Title: Policy Lab “The Empty Chair”. Format: Workshop. Area: SATELLITE LOCATIONS. Location: Tabakfabrik. Overview: Košice shares lessons from linking creative talent with technology, business and the public sector. The question: how can the empty chair become a permanent seat for creative capabilities in Upper Austria’s innovation policy?"
3cf38ddb450c808ea723d9166ccb5931,medFOCUS Tour II,Guided Tour,False,12. September 2026 15:00 (MESZ) → 17:00,"JKU MED Campus, Administration Building (ADM), Infodesk",MED CAMPUS,48.30274,14.30288,"Accreditation Pick-Up, Program Info, Ticket Pick-Up","Hosted by the Kepler University Hospital, this short tour offers behind-the-scenes access to the state-of-the-art medical laboratories.","Hosted by the Kepler University Hospital, this short tour offers behind-the-scenes access to the state-of-the-art medical laboratories. Visitors explore human genetics with Prim.a Dr.in Sarah Verheyen and molecular diagnostics with OÄ Dr.in Elisabeth Schreier-Lechner, PMML, gaining insight into cutting-edge diagnostic research, while meeting experts on site. Artist Iona Steixner offers a  perspective on the topic that combines art and science.","Title: medFOCUS Tour II. Format: Guided Tour. Area: MED CAMPUS. Location: JKU MED Campus, Administration Building (ADM), Infodesk. Overview: Hosted by the Kepler University Hospital, this short tour offers behind-the-scenes access to the state-of-the-art medical laboratories."
39f38ddb450c81b78334f6339bbcab43,Powerplayground,Exhibition,False,9. September 2026 10:00 (MESZ) → 19:00,Powerplayground,SATELLITE LOCATIONS,48.29719,14.30033,,"Powerplayground is a multi-room interactive exhibition at its own venue in Linz. VR experiences, hands-on stations, guided tours and events explore energy, climate and the transiti...","How can a high standard of living be maintained without dependence on fossil fuels? Powerplayground explores this question as a multi-room interactive exhibition at its own venue in Linz. Eight connected zones lead from energy and everyday life through the history and consequences of fossil-fuel use to climate change, renewable energy, practical solutions, education and green careers. Visitors encounter VR experiences, hands-on installations, energy visualizations, pedal-powered stations, guided","Title: Powerplayground. Format: Exhibition. Area: SATELLITE LOCATIONS. Location: Powerplayground. Overview: Powerplayground is a multi-room interactive exhibition at its own venue in Linz. VR experiences, hands-on stations, guided tours and events explore energy, climate and the transition beyond fossil fuels—and invite visitors to find their own role."
3a438ddb450c80d2acdadd5ac59b75f7,AI Hackathon,Workshop,False,11. September 2026 9:30 (MESZ) → 18:30,"Tabakfabrik, Grand Garage",SATELLITE LOCATIONS,48.3125,14.29941,,"On September 11 and 12, 2026, young talents will team up for a two-day AI hackathon at the Ars Electronica Festival, developing creative digital projects with festival data and ope...","On September 11 and 12, 2026, students and young talents aged 14 and up will develop digital projects using festival data and open data from the City of Linz at the AI Hackathon.

We are looking for approaches that open up new perspectives on the city and the festival—from smart guides and interactive maps to storytelling tools, artistic projects or completely new ideas. No coding experience is required. AI tools and experienced mentors will support participants in testing out their ideas, devel","Title: AI Hackathon. Format: Workshop. Area: SATELLITE LOCATIONS. Location: Tabakfabrik, Grand Garage. Overview: On September 11 and 12, 2026, young talents will team up for a two-day AI hackathon at the Ars Electronica Festival, developing creative digital projects with festival data and open data from the City of Linz—all with the goal of experiencing Linz and the festival in exciting new ways."
