id,canonical_id,id_source,Linked Projects,Status Web,Time,Arrive by,Registration URL,Category,Linked Location,Language,Recommended Arrival,Duration,Event before,Event afterwards,Weekday,Start Time,End Time,Highlight,status_web,visibility_rule,public_for_hackathon,link_allowed,project_ref,slot_status
267e97066d6b0984d3a24ff0edb89575,267e97066d6b0984d3a24ff0edb89575,derived,c3738ddb450c83379f3201d3aa0c858f,done,9. September 2026 15:15 (MESZ) → 16:15,9. September 2026 15:15,https://kupfticket.com/events/ars-electronica-tours-mi-9926-25e88c7007,Guided Tour,https://app.notion.com/3b138ddb450c803f8116c2d9fcad705c,EN,,60,,,,15:15,16:15,No,done,public,True,True,c3738ddb450c83379f3201d3aa0c858f,assigned
baa0b4d2cc474648856b7ad4e7765f0d,baa0b4d2cc474648856b7ad4e7765f0d,derived,c3738ddb450c83379f3201d3aa0c858f,done,9. September 2026 13:15 (MESZ) → 14:15,9. September 2026 13:15,https://kupfticket.com/events/ars-electronica-tours-mi-9926-c8dffb367d,Guided Tour,https://app.notion.com/3b138ddb450c803f8116c2d9fcad705c,EN,,60,,,,13:15,14:15,No,done,public,True,True,c3738ddb450c83379f3201d3aa0c858f,assigned
7e0f500ec536e284e9beb1b02da1320d,7e0f500ec536e284e9beb1b02da1320d,derived,c3738ddb450c83379f3201d3aa0c858f,done,9. September 2026 11:15 (MESZ) → 12:15,9. September 2026 11:15,https://kupfticket.com/events/ars-electronica-tours-mi-9926-2bb2cd1f7d,Guided Tour,https://app.notion.com/3b138ddb450c803f8116c2d9fcad705c,EN,,60,,,,11:15,12:15,No,done,public,True,True,c3738ddb450c83379f3201d3aa0c858f,assigned
010a7a22564a273098abbe1c0a122f15,010a7a22564a273098abbe1c0a122f15,derived,c3738ddb450c83379f3201d3aa0c858f,done,9. September 2026 17:15 (MESZ) → 18:15,9. September 2026 17:15,https://kupfticket.com/events/ars-electronica-tours-mi-9926-b92a53d487,Guided Tour,https://app.notion.com/3b138ddb450c803f8116c2d9fcad705c,EN,,60,,,,17:15,18:15,No,done,public,True,True,c3738ddb450c83379f3201d3aa0c858f,assigned
08ac63de8bdd13584a12065c465110cf,08ac63de8bdd13584a12065c465110cf,derived,c3738ddb450c83379f3201d3aa0c858f,done,10. September 2026 11:15 (MESZ) → 12:15,10. September 2026 11:15,https://kupfticket.com/events/ars-electronica-tours-mi-9926-1193eccebe,Guided Tour,https://app.notion.com/3b138ddb450c803f8116c2d9fcad705c,EN,,60,,,,11:15,12:15,No,done,public,True,True,c3738ddb450c83379f3201d3aa0c858f,assigned
255416f6a17ed8680874ee0c59e77bf7,255416f6a17ed8680874ee0c59e77bf7,derived,c3738ddb450c83379f3201d3aa0c858f,done,10. September 2026 15:15 (MESZ) → 16:15,10. September 2026 15:15,https://kupfticket.com/events/ars-electronica-tours-mi-9926-cbeabfcb5c,Guided Tour,https://app.notion.com/3b138ddb450c803f8116c2d9fcad705c,EN,,60,,,,15:15,16:15,No,done,public,True,True,c3738ddb450c83379f3201d3aa0c858f,assigned
da6c2c1a077442447fa6e0e86197cf8f,da6c2c1a077442447fa6e0e86197cf8f,derived,c3738ddb450c83379f3201d3aa0c858f,done,10. September 2026 17:15 (MESZ) → 18:15,10. September 2026 17:15,https://kupfticket.com/events/ars-electronica-tours-mi-9926-7d6b6ced88,Guided Tour,https://app.notion.com/3b138ddb450c803f8116c2d9fcad705c,EN,,60,,,,17:15,18:15,No,done,public,True,True,c3738ddb450c83379f3201d3aa0c858f,assigned
42b24f5aa7ae01fc01c26500fa676697,42b24f5aa7ae01fc01c26500fa676697,derived,c3738ddb450c83379f3201d3aa0c858f,done,10. September 2026 13:15 (MESZ) → 14:15,10. September 2026 13:15,https://kupfticket.com/events/ars-electronica-tours-mi-9926-d9d8e18efc,Guided Tour,https://app.notion.com/3b138ddb450c803f8116c2d9fcad705c,EN,,60,,,,13:15,14:15,No,done,public,True,True,c3738ddb450c83379f3201d3aa0c858f,assigned
ab57349f6612b3593066cddd6f81450e,ab57349f6612b3593066cddd6f81450e,derived,c3738ddb450c83379f3201d3aa0c858f,done,11. September 2026 11:15 (MESZ) → 12:15,11. September 2026 11:15,https://kupfticket.com/events/ars-electronica-tours-mi-9926-fea4d45390,Guided Tour,https://app.notion.com/3b138ddb450c803f8116c2d9fcad705c,EN,,60,,,,11:15,12:15,No,done,public,True,True,c3738ddb450c83379f3201d3aa0c858f,assigned
237347bf480a0209e08f095de6c94512,237347bf480a0209e08f095de6c94512,derived,c3738ddb450c83379f3201d3aa0c858f,done,11. September 2026 13:15 (MESZ) → 14:15,11. September 2026 13:15,https://kupfticket.com/events/ars-electronica-tours-mi-9926-d767cf890d,Guided Tour,https://app.notion.com/3b138ddb450c803f8116c2d9fcad705c,EN,,60,,,,13:15,14:15,No,done,public,True,True,c3738ddb450c83379f3201d3aa0c858f,assigned
9a85900fa286caf9343f2cbd05bc567e,9a85900fa286caf9343f2cbd05bc567e,derived,c3738ddb450c83379f3201d3aa0c858f,done,11. September 2026 15:15 (MESZ) → 16:15,11. September 2026 15:15,https://kupfticket.com/events/ars-electronica-tours-mi-9926-0b23268a3a,Guided Tour,https://app.notion.com/3b138ddb450c803f8116c2d9fcad705c,EN,,60,,,,15:15,16:15,No,done,public,True,True,c3738ddb450c83379f3201d3aa0c858f,assigned
f6a0d26f3bf75eb9da32b58d0c0e4f3a,f6a0d26f3bf75eb9da32b58d0c0e4f3a,derived,c3738ddb450c83379f3201d3aa0c858f,done,11. September 2026 17:15 (MESZ) → 18:15,11. September 2026 17:15,https://kupfticket.com/events/ars-electronica-tours-mi-9926-3f614db202,Guided Tour,https://app.notion.com/3b138ddb450c803f8116c2d9fcad705c,EN,,60,,,,17:15,18:15,No,done,public,True,True,c3738ddb450c83379f3201d3aa0c858f,assigned
79c6f4a465b212720e3c8bd69fb0cfb5,79c6f4a465b212720e3c8bd69fb0cfb5,derived,c3738ddb450c83379f3201d3aa0c858f,done,12. September 2026 11:15 (MESZ) → 12:15,12. September 2026 11:15,https://kupfticket.com/events/ars-electronica-tours-mi-9926-3ad6492bbb,Guided Tour,https://app.notion.com/3b138ddb450c803f8116c2d9fcad705c,EN,,60,,,,11:15,12:15,No,done,public,True,True,c3738ddb450c83379f3201d3aa0c858f,assigned
7cdea6b863ac227e4b3006229567f5cd,7cdea6b863ac227e4b3006229567f5cd,derived,c3738ddb450c83379f3201d3aa0c858f,done,12. September 2026 13:15 (MESZ) → 14:15,12. September 2026 13:15,https://kupfticket.com/events/ars-electronica-tours-mi-9926-c66f0bb2c1,Guided Tour,https://app.notion.com/3b138ddb450c803f8116c2d9fcad705c,EN,,60,,,,13:15,14:15,No,done,public,True,True,c3738ddb450c83379f3201d3aa0c858f,assigned
7dc714a42c999aaa2a42bdfe2536313d,7dc714a42c999aaa2a42bdfe2536313d,derived,c3738ddb450c83379f3201d3aa0c858f,done,12. September 2026 15:15 (MESZ) → 16:15,12. September 2026 15:15,https://kupfticket.com/events/ars-electronica-tours-mi-9926-4fa1b85c1b,Guided Tour,https://app.notion.com/3b138ddb450c803f8116c2d9fcad705c,EN,,60,,,,15:15,16:15,No,done,public,True,True,c3738ddb450c83379f3201d3aa0c858f,assigned
a5615c10cd23b99e8529add2c364e5b5,a5615c10cd23b99e8529add2c364e5b5,derived,c3738ddb450c83379f3201d3aa0c858f,done,12. September 2026 17:15 (MESZ) → 18:15,12. September 2026 17:15,https://kupfticket.com/events/ars-electronica-tours-mi-9926-9ff9ea0a8e,Guided Tour,https://app.notion.com/3b138ddb450c803f8116c2d9fcad705c,EN,,60,,,,17:15,18:15,No,done,public,True,True,c3738ddb450c83379f3201d3aa0c858f,assigned
7f4edc855e589673fb6561172a555214,7f4edc855e589673fb6561172a555214,derived,c3738ddb450c83379f3201d3aa0c858f,done,13. September 2026 11:15 (MESZ) → 12:15,13. September 2026 11:15,https://kupfticket.com/events/ars-electronica-tours-mi-9926-54acdf042c,Guided Tour,https://app.notion.com/3b138ddb450c803f8116c2d9fcad705c,EN,,60,,,,11:15,12:15,No,done,public,True,True,c3738ddb450c83379f3201d3aa0c858f,assigned
daa6ca559b3dc9f3441ecba731b91330,daa6ca559b3dc9f3441ecba731b91330,derived,c3738ddb450c83379f3201d3aa0c858f,done,13. September 2026 13:15 (MESZ) → 14:15,13. September 2026 13:15,https://kupfticket.com/events/ars-electronica-tours-mi-9926-b2648feafa,Guided Tour,https://app.notion.com/3b138ddb450c803f8116c2d9fcad705c,EN,,60,,,,13:15,14:15,No,done,public,True,True,c3738ddb450c83379f3201d3aa0c858f,assigned
806d7955ad3581737e6de377e3ee868c,806d7955ad3581737e6de377e3ee868c,derived,c3738ddb450c83379f3201d3aa0c858f,done,13. September 2026 15:15 (MESZ) → 16:15,13. September 2026 15:15,https://kupfticket.com/events/ars-electronica-tours-mi-9926-b395191983,Guided Tour,https://app.notion.com/3b138ddb450c803f8116c2d9fcad705c,EN,,60,,,,15:15,16:15,No,done,public,True,True,c3738ddb450c83379f3201d3aa0c858f,assigned
350d7bd84c176512678b9a7e1ebda283,350d7bd84c176512678b9a7e1ebda283,derived,37c38ddb450c80f9beb5c56f547b44de,done,11. September 2026 14:00 (MESZ) → 16:00,11. September 2026 14:00,,Open Lab,https://app.notion.com/34238ddb450c815e8d84d29e8376bcb0,"DE,EN",,120,,,,14:00,16:00,No,done,public,True,True,37c38ddb450c80f9beb5c56f547b44de,assigned
c12d62b95f1dbfefd81f81bb52cea926,c12d62b95f1dbfefd81f81bb52cea926,derived,37c38ddb450c80f9beb5c56f547b44de,done,12. September 2026 14:00 (MESZ) → 16:00,12. September 2026 14:00,,Open Lab,https://app.notion.com/34238ddb450c815e8d84d29e8376bcb0,"DE,EN",,120,,,,14:00,16:00,No,done,public,True,True,37c38ddb450c80f9beb5c56f547b44de,assigned
8a9958026c2b1a282721724428426591,8a9958026c2b1a282721724428426591,derived,37c38ddb450c80faa9ecfb92da6d07d8,done,10. September 2026 14:00 (MESZ) → 16:00,10. September 2026 14:00,,Open Lab,https://app.notion.com/34238ddb450c8189ae58cbe249716ce3,"DE,EN",,120,,,,14:00,16:00,No,done,public,True,True,37c38ddb450c80faa9ecfb92da6d07d8,assigned
a36eb676cb96a9b8dc5fe1d4fe9242a9,a36eb676cb96a9b8dc5fe1d4fe9242a9,derived,37c38ddb450c80faa9ecfb92da6d07d8,done,12. September 2026 16:30 (MESZ) → 18:30,12. September 2026 16:30,,Open Lab,https://app.notion.com/34238ddb450c8189ae58cbe249716ce3,"DE,EN",,120,,,,16:30,18:30,No,done,public,True,True,37c38ddb450c80faa9ecfb92da6d07d8,assigned
38138ddb450c802d9313d3f1b8526407,38138ddb450c802d9313d3f1b8526407,notion,37c38ddb450c80b6a460c76d6bd0f71d,done,10. September 2026 16:30 (MESZ) → 18:30,10. September 2026 16:30,,Open Lab,https://app.notion.com/34238ddb450c81548247d561daeedea8,"DE,EN",,120,,,,16:30,18:30,No,done,public,True,True,37c38ddb450c80b6a460c76d6bd0f71d,assigned
38138ddb450c8030b15ef01e188fbd21,38138ddb450c8030b15ef01e188fbd21,notion,37d38ddb450c808f988fed9983f5e53e,done,11. September 2026 17:00 (MESZ) → 17:45,11. September 2026 17:00,,Performance,https://app.notion.com/34238ddb450c8189ae58cbe249716ce3,nonverbal,,45,,,,17:00,17:45,No,done,public,True,True,37d38ddb450c808f988fed9983f5e53e,assigned
7c10a12bc74a2111f0106a7dde445d64,7c10a12bc74a2111f0106a7dde445d64,derived,38238ddb450c80f8881dccf6abfc5734,done,11. September 2026 15:00 (MESZ) → 21:00,11. September 2026 15:00,,Collection,https://app.notion.com/34238ddb450c8149b7a7ffeaa734e3e7,nonverbal,,360,,,,15:00,21:00,Yes,done,public,True,True,38238ddb450c80f8881dccf6abfc5734,assigned
c38ba876c4df0ca07fe6fa7cb249f2e5,c38ba876c4df0ca07fe6fa7cb249f2e5,derived,38238ddb450c80f8881dccf6abfc5734,done,12. September 2026 11:00 (MESZ) → 21:00,12. September 2026 11:00,,Collection,https://app.notion.com/34238ddb450c8149b7a7ffeaa734e3e7,nonverbal,,600,,,,11:00,21:00,Yes,done,public,True,True,38238ddb450c80f8881dccf6abfc5734,assigned
0d5bb363ed7aa76d89fa7b817e815dd0,0d5bb363ed7aa76d89fa7b817e815dd0,derived,38238ddb450c803eb5eacb22c57ab9fd,done,12. September 2026 11:00 (MESZ) → 14:00,12. September 2026 11:00,,Networking Event,https://app.notion.com/34238ddb450c81348aacc66dce96a484,EN,,180,,,,11:00,14:00,No,done,public,True,True,38238ddb450c803eb5eacb22c57ab9fd,assigned
da8c4eb7795d4b913953d4dde57c56ae,da8c4eb7795d4b913953d4dde57c56ae,derived,38238ddb450c80d4b938e9a519053895,done,11. September 2026 15:00 (MESZ) → 20:00,11. September 2026 15:00,,Concert,https://app.notion.com/34238ddb450c81a39c6bc37a7b8e561e,nonverbal,,300,,,,15:00,20:00,No,done,public,True,True,38238ddb450c80d4b938e9a519053895,assigned
f10b36e4b13adcaae6c206c64f02a9a5,f10b36e4b13adcaae6c206c64f02a9a5,derived,38238ddb450c80d4b938e9a519053895,done,12. September 2026 15:00 (MESZ) → 20:00,12. September 2026 15:00,,Concert,https://app.notion.com/34238ddb450c81a39c6bc37a7b8e561e,nonverbal,,300,,,,15:00,20:00,No,done,public,True,True,38238ddb450c80d4b938e9a519053895,assigned
ca51895e0d4505e88442071cfba7c07b,ca51895e0d4505e88442071cfba7c07b,derived,38238ddb450c80bfaa3dddadb25ad1c9,done,11. September 2026 15:00 (MESZ) → 20:00,11. September 2026 15:00,,Concert,https://app.notion.com/38338ddb450c809ca17cdb6ae66fe24d,nonverbal,,300,,,,15:00,20:00,No,done,public,True,True,38238ddb450c80bfaa3dddadb25ad1c9,assigned
bff06c3df3c39c43df705da7e6745820,bff06c3df3c39c43df705da7e6745820,derived,38238ddb450c80bfaa3dddadb25ad1c9,done,12. September 2026 15:00 (MESZ) → 20:00,12. September 2026 15:00,,Concert,https://app.notion.com/38338ddb450c809ca17cdb6ae66fe24d,nonverbal,,300,,,,15:00,20:00,No,done,public,True,True,38238ddb450c80bfaa3dddadb25ad1c9,assigned
2c1160494d8b3cebe3fc56f77b8e177c,2c1160494d8b3cebe3fc56f77b8e177c,derived,38238ddb450c80bbb78ff7dcfaca4ecc,done,11. September 2026 15:00 (MESZ) → 16:00,11. September 2026 15:00,,Project,https://app.notion.com/34238ddb450c81d7b9cfe24c126f6919,nonverbal,,60,,,,15:00,16:00,No,done,public,True,True,38238ddb450c80bbb78ff7dcfaca4ecc,assigned
c45ab2792327713bb160e627322a3960,c45ab2792327713bb160e627322a3960,derived,38238ddb450c80bbb78ff7dcfaca4ecc,done,11. September 2026 17:00 (MESZ) → 18:00,11. September 2026 17:00,,Project,https://app.notion.com/34238ddb450c81d7b9cfe24c126f6919,nonverbal,,60,,,,17:00,18:00,No,done,public,True,True,38238ddb450c80bbb78ff7dcfaca4ecc,assigned
1f9e5772cb2503e8c043d45419885f3f,1f9e5772cb2503e8c043d45419885f3f,derived,38238ddb450c80bbb78ff7dcfaca4ecc,done,12. September 2026 15:00 (MESZ) → 16:00,12. September 2026 15:00,,Project,https://app.notion.com/34238ddb450c81d7b9cfe24c126f6919,nonverbal,,60,,,,15:00,16:00,No,done,public,True,True,38238ddb450c80bbb78ff7dcfaca4ecc,assigned
cb43cfd6989526842f919060513abb27,cb43cfd6989526842f919060513abb27,derived,38238ddb450c80bbb78ff7dcfaca4ecc,done,12. September 2026 17:00 (MESZ) → 18:00,12. September 2026 17:00,,Project,https://app.notion.com/34238ddb450c81d7b9cfe24c126f6919,nonverbal,,60,,,,17:00,18:00,No,done,public,True,True,38238ddb450c80bbb78ff7dcfaca4ecc,assigned
e544422f7fa27599d23adaedd34d3820,e544422f7fa27599d23adaedd34d3820,derived,38238ddb450c80d6aa3bf2da6de139d2,done,11. September 2026 15:00 (MESZ) → 20:00,11. September 2026 15:00,,Collection,https://app.notion.com/34238ddb450c81d7b9cfe24c126f6919,nonverbal,,300,,,,15:00,20:00,No,done,public,True,True,38238ddb450c80d6aa3bf2da6de139d2,assigned
db1668a2a34ea420669e07d4afa10999,db1668a2a34ea420669e07d4afa10999,derived,38238ddb450c80d6aa3bf2da6de139d2,done,12. September 2026 15:00 (MESZ) → 20:00,12. September 2026 15:00,,Collection,https://app.notion.com/34238ddb450c81d7b9cfe24c126f6919,nonverbal,,300,,,,15:00,20:00,No,done,public,True,True,38238ddb450c80d6aa3bf2da6de139d2,assigned
4740b3c5221a668b4e24b8afaee45a50,4740b3c5221a668b4e24b8afaee45a50,derived,38238ddb450c8045bf1ffbe7ab6c0460,done,11. September 2026 16:30 (MESZ) → 17:00,11. September 2026 16:30,,Concert,https://app.notion.com/34238ddb450c81d7b9cfe24c126f6919,nonverbal,,30,,,,16:30,17:00,No,done,public,True,True,38238ddb450c8045bf1ffbe7ab6c0460,assigned
8e30ecb629725058e816975cd4879a0f,8e30ecb629725058e816975cd4879a0f,derived,38238ddb450c8045bf1ffbe7ab6c0460,done,12. September 2026 18:30 (MESZ) → 19:00,12. September 2026 18:30,,Concert,https://app.notion.com/34238ddb450c81d7b9cfe24c126f6919,nonverbal,,30,,,,18:30,19:00,No,done,public,True,True,38238ddb450c8045bf1ffbe7ab6c0460,assigned
e02f907a753f8d380810295c5d4152cb,e02f907a753f8d380810295c5d4152cb,derived,38238ddb450c8050a6d0e027af9c3acc,done,11. September 2026 16:00 (MESZ) → 16:30,11. September 2026 16:00,,Concert,https://app.notion.com/34238ddb450c81d7b9cfe24c126f6919,nonverbal,,30,,,,16:00,16:30,No,done,public,True,True,38238ddb450c8050a6d0e027af9c3acc,assigned
a968b3c7046f83f9f60549fd8ee4332e,a968b3c7046f83f9f60549fd8ee4332e,derived,38238ddb450c8050a6d0e027af9c3acc,done,12. September 2026 19:00 (MESZ) → 19:30,12. September 2026 19:00,,Concert,https://app.notion.com/34238ddb450c81d7b9cfe24c126f6919,nonverbal,,30,,,,19:00,19:30,No,done,public,True,True,38238ddb450c8050a6d0e027af9c3acc,assigned
aebb0c8a535a51f8c2da11648b0f8627,aebb0c8a535a51f8c2da11648b0f8627,derived,38238ddb450c8007a6b9fc0dd8c7c598,done,11. September 2026 18:30 (MESZ) → 19:00,11. September 2026 18:30,,Concert,https://app.notion.com/34238ddb450c81d7b9cfe24c126f6919,nonverbal,,30,,,,18:30,19:00,No,done,public,True,True,38238ddb450c8007a6b9fc0dd8c7c598,assigned
e26027c74dda3bb962dfe895a7c905be,e26027c74dda3bb962dfe895a7c905be,derived,38238ddb450c8007a6b9fc0dd8c7c598,done,12. September 2026 16:00 (MESZ) → 16:30,12. September 2026 16:00,,Concert,https://app.notion.com/34238ddb450c81d7b9cfe24c126f6919,nonverbal,,30,,,,16:00,16:30,No,done,public,True,True,38238ddb450c8007a6b9fc0dd8c7c598,assigned
245fa5bd252b324f42e9ca13d0a011b8,245fa5bd252b324f42e9ca13d0a011b8,derived,38238ddb450c80348ee7f7b13757e5c5,done,11. September 2026 19:00 (MESZ) → 19:30,11. September 2026 19:00,,Concert,https://app.notion.com/34238ddb450c81d7b9cfe24c126f6919,nonverbal,,30,,,,19:00,19:30,No,done,public,True,True,38238ddb450c80348ee7f7b13757e5c5,assigned
6d9aabe67a78c8c414dfbcb8f9529feb,6d9aabe67a78c8c414dfbcb8f9529feb,derived,38238ddb450c80348ee7f7b13757e5c5,done,12. September 2026 16:30 (MESZ) → 17:00,12. September 2026 16:30,,Concert,https://app.notion.com/34238ddb450c81d7b9cfe24c126f6919,nonverbal,,30,,,,16:30,17:00,No,done,public,True,True,38238ddb450c80348ee7f7b13757e5c5,assigned
dadf2e8e9fe270046032a9108fc0a957,dadf2e8e9fe270046032a9108fc0a957,derived,38238ddb450c805ea363dc10366d58f8,done,11. September 2026 15:00 (MESZ) → 20:00,11. September 2026 15:00,,Project,https://app.notion.com/38338ddb450c800584e7d93d4881bc9f,nonverbal,,300,,,,15:00,20:00,No,done,public,True,True,38238ddb450c805ea363dc10366d58f8,assigned
77df7555ad4bee3f691ea5dbcb0f575c,77df7555ad4bee3f691ea5dbcb0f575c,derived,38238ddb450c805ea363dc10366d58f8,done,12. September 2026 15:00 (MESZ) → 20:00,12. September 2026 15:00,,Project,https://app.notion.com/38338ddb450c800584e7d93d4881bc9f,nonverbal,,300,,,,15:00,20:00,No,done,public,True,True,38238ddb450c805ea363dc10366d58f8,assigned
38238ddb450c804c9b73e95ac404e4a8,38238ddb450c804c9b73e95ac404e4a8,notion,38238ddb450c80528618dd4d375c272d,done,12. September 2026 20:00 (MESZ) → 21:00,12. September 2026 20:00,,Concert,https://app.notion.com/34238ddb450c813fb413c2821473505e,nonverbal,,60,,,,20:00,21:00,No,done,public,True,True,38238ddb450c80528618dd4d375c272d,assigned
3680f8d685b822e0d559559cfd9b735f,3680f8d685b822e0d559559cfd9b735f,derived,38238ddb450c8045a309e7283496057c,done,12. September 2026 17:00 (MESZ) → 18:00,12. September 2026 17:00,,Concert,https://app.notion.com/34238ddb450c813fb413c2821473505e,nonverbal,,60,,,,17:00,18:00,No,done,public,True,True,38238ddb450c8045a309e7283496057c,assigned
31e517025b30caa06705825ccc71f0f7,31e517025b30caa06705825ccc71f0f7,derived,38238ddb450c8043b342e2f206b1f736,done,11. September 2026 20:00 (MESZ) → 21:00,11. September 2026 20:00,,Concert,https://app.notion.com/34238ddb450c813fb413c2821473505e,nonverbal,,60,,,,20:00,21:00,No,done,public,True,True,38238ddb450c8043b342e2f206b1f736,assigned
38438ddb450c80f48002db133835fd5f,38438ddb450c80f48002db133835fd5f,notion,37b38ddb450c81b4b8dee4ffff865d52,done,10. September 2026 12:00 (MESZ) → 13:00,10. September 2026 12:00,,Meet the Artist,https://app.notion.com/34238ddb450c81c29974d55441962309,"EN,other",,60,,,,12:00,13:00,No,done,public,True,True,37b38ddb450c81b4b8dee4ffff865d52,assigned
38438ddb450c804a8b25e3c05baa668c,38438ddb450c804a8b25e3c05baa668c,notion,38438ddb450c80bf90daebfed8347fba,done,12. September 2026 14:00 (MESZ) → 16:00,12. September 2026 14:00,,Award Ceremony,https://app.notion.com/39938ddb450c80eba3eadf35abf79d8d,DE,,120,,,,14:00,16:00,Yes,done,public,True,True,38438ddb450c80bf90daebfed8347fba,assigned
38438ddb450c80999b66cddb9e14c980,38438ddb450c80999b66cddb9e14c980,notion,38438ddb450c80eaa3d9f25264ac733c,done,9. September 2026 10:30 (MESZ) → 17:30,9. September 2026 10:30,https://ph-ooe.at/politische-bildung-2026,Symposium,https://app.notion.com/39938ddb450c80eba3eadf35abf79d8d,DE,,420,,,,10:30,17:30,No,done,public,True,True,38438ddb450c80eaa3d9f25264ac733c,assigned
58a20899de09b50f7f7304db6a6c4afa,58a20899de09b50f7f7304db6a6c4afa,derived,38838ddb450c80049ff9d604c744fe53,done,8. September 2026 20:00 (MESZ) → 21:00,8. September 2026 20:00,,Project,https://app.notion.com/34238ddb450c818e824adcb4493ca9a2,nonverbal,,60,,,,20:00,21:00,No,done,public,True,True,38838ddb450c80049ff9d604c744fe53,assigned
71e9b688cbcbedcec0f346dacd39b47b,71e9b688cbcbedcec0f346dacd39b47b,derived,38838ddb450c80049ff9d604c744fe53,done,9. September 2026 20:00 (MESZ) → 21:00,9. September 2026 20:00,,Project,https://app.notion.com/34238ddb450c818e824adcb4493ca9a2,nonverbal,,60,,,,20:00,21:00,No,done,public,True,True,38838ddb450c80049ff9d604c744fe53,assigned
07043da42a943d361ac1ea8a96b8fb75,07043da42a943d361ac1ea8a96b8fb75,derived,38838ddb450c80049ff9d604c744fe53,done,10. September 2026 20:00 (MESZ) → 21:00,10. September 2026 20:00,,Project,https://app.notion.com/34238ddb450c818e824adcb4493ca9a2,nonverbal,,60,,,,20:00,21:00,No,done,public,True,True,38838ddb450c80049ff9d604c744fe53,assigned
0d80daabe04af281ace6a2e5c9c02c5a,0d80daabe04af281ace6a2e5c9c02c5a,derived,38838ddb450c80049ff9d604c744fe53,done,13. September 2026 20:00 (MESZ) → 21:00,13. September 2026 20:00,,Project,https://app.notion.com/34238ddb450c818e824adcb4493ca9a2,nonverbal,,60,,,,20:00,21:00,No,done,public,True,True,38838ddb450c80049ff9d604c744fe53,assigned
b6aad1d5e6155dbfc5547e3be67a8d92,b6aad1d5e6155dbfc5547e3be67a8d92,derived,38838ddb450c80958e37c6c678718b2d,done,8. September 2026 21:00 (MESZ) → 22:00,8. September 2026 21:00,,Screening,https://app.notion.com/34238ddb450c818e824adcb4493ca9a2,nonverbal,,60,,,,21:00,22:00,No,done,public,True,True,38838ddb450c80958e37c6c678718b2d,assigned
8d6ebfd89a2bb48af0cfb45606ac6f67,8d6ebfd89a2bb48af0cfb45606ac6f67,derived,38838ddb450c80958e37c6c678718b2d,done,9. September 2026 21:00 (MESZ) → 22:00,9. September 2026 21:00,,Screening,https://app.notion.com/34238ddb450c818e824adcb4493ca9a2,nonverbal,,60,,,,21:00,22:00,No,done,public,True,True,38838ddb450c80958e37c6c678718b2d,assigned
44d07df527d39d47efe4f95b571681a8,44d07df527d39d47efe4f95b571681a8,derived,38838ddb450c80958e37c6c678718b2d,done,13. September 2026 21:00 (MESZ) → 22:00,13. September 2026 21:00,,Screening,https://app.notion.com/34238ddb450c818e824adcb4493ca9a2,nonverbal,,60,,,,21:00,22:00,No,done,public,True,True,38838ddb450c80958e37c6c678718b2d,assigned
cc126987fb1a34f950042ecdb39b2c6c,cc126987fb1a34f950042ecdb39b2c6c,derived,38438ddb450c81afb3dccf425c941afc,done,11. September 2026 15:00 (MESZ) → 18:50,11. September 2026 15:00,,Conference,https://app.notion.com/38338ddb450c80f5b7fafe65509e43de,EN,,230,,,,15:00,18:50,Yes,done,public,True,True,38438ddb450c81afb3dccf425c941afc,assigned
a997cde0005ed1fa93cf15de0520a2e7,a997cde0005ed1fa93cf15de0520a2e7,derived,37c38ddb450c80eb81ffe889890cceeb,done,9. September 2026 11:15 (MESZ) → 12:15,9. September 2026 11:15,https://kupfticket.com/events/ars-electronica-tours-mi-9926-4a76e6f3cf,Guided Tour,https://app.notion.com/3b138ddb450c803f8116c2d9fcad705c,DE,,60,,,,11:15,12:15,No,done,public,True,True,37c38ddb450c80eb81ffe889890cceeb,assigned
55804cc46948ba6e0f876262c7faca07,55804cc46948ba6e0f876262c7faca07,derived,37c38ddb450c80eb81ffe889890cceeb,done,9. September 2026 13:15 (MESZ) → 14:15,9. September 2026 13:15,https://kupfticket.com/events/ars-electronica-tours-mi-9926-367a6024b2,Guided Tour,https://app.notion.com/3b138ddb450c803f8116c2d9fcad705c,DE,,60,,,,13:15,14:15,No,done,public,True,True,37c38ddb450c80eb81ffe889890cceeb,assigned
51942ce08ab4d2822f25075623019e3f,51942ce08ab4d2822f25075623019e3f,derived,37c38ddb450c80eb81ffe889890cceeb,done,9. September 2026 15:15 (MESZ) → 16:15,9. September 2026 15:15,https://kupfticket.com/events/ars-electronica-tours-mi-9926-5953a01c5c,Guided Tour,https://app.notion.com/3b138ddb450c803f8116c2d9fcad705c,DE,,60,,,,15:15,16:15,No,done,public,True,True,37c38ddb450c80eb81ffe889890cceeb,assigned
a04acb0cff344edee49831b2a4deccbf,a04acb0cff344edee49831b2a4deccbf,derived,37c38ddb450c80eb81ffe889890cceeb,done,9. September 2026 17:15 (MESZ) → 18:15,9. September 2026 17:15,https://kupfticket.com/events/ars-electronica-tours-mi-9926-e5b093ff21,Guided Tour,https://app.notion.com/3b138ddb450c803f8116c2d9fcad705c,DE,,60,,,,17:15,18:15,No,done,public,True,True,37c38ddb450c80eb81ffe889890cceeb,assigned
59d86d0c4ee8fa624606ccee3118734d,59d86d0c4ee8fa624606ccee3118734d,derived,37c38ddb450c80eb81ffe889890cceeb,done,10. September 2026 11:15 (MESZ) → 12:15,10. September 2026 11:15,https://kupfticket.com/events/ars-electronica-tours-mi-9926-69790c8719,Guided Tour,https://app.notion.com/3b138ddb450c803f8116c2d9fcad705c,DE,,60,,,,11:15,12:15,No,done,public,True,True,37c38ddb450c80eb81ffe889890cceeb,assigned
c3286270fb1b0c1e0bd9dd6a421806b5,c3286270fb1b0c1e0bd9dd6a421806b5,derived,37c38ddb450c80eb81ffe889890cceeb,done,10. September 2026 13:15 (MESZ) → 14:15,10. September 2026 13:15,https://kupfticket.com/events/ars-electronica-tours-mi-9926-c7b059fa49,Guided Tour,https://app.notion.com/3b138ddb450c803f8116c2d9fcad705c,DE,,60,,,,13:15,14:15,No,done,public,True,True,37c38ddb450c80eb81ffe889890cceeb,assigned
a2df15bc249f1a8a5107878649bca825,a2df15bc249f1a8a5107878649bca825,derived,37c38ddb450c80eb81ffe889890cceeb,done,10. September 2026 15:15 (MESZ) → 16:15,10. September 2026 15:15,https://kupfticket.com/events/ars-electronica-tours-mi-9926-d063f19529,Guided Tour,https://app.notion.com/3b138ddb450c803f8116c2d9fcad705c,DE,,60,,,,15:15,16:15,No,done,public,True,True,37c38ddb450c80eb81ffe889890cceeb,assigned
e0a51798e99ca5cef5a921ea2039002d,e0a51798e99ca5cef5a921ea2039002d,derived,37c38ddb450c80eb81ffe889890cceeb,done,10. September 2026 17:15 (MESZ) → 18:15,10. September 2026 17:15,https://kupfticket.com/events/ars-electronica-tours-mi-9926-127a3ed543,Guided Tour,https://app.notion.com/3b138ddb450c803f8116c2d9fcad705c,DE,,60,,,,17:15,18:15,No,done,public,True,True,37c38ddb450c80eb81ffe889890cceeb,assigned
51aae90db340e8e3d16bfc2f7149a54c,51aae90db340e8e3d16bfc2f7149a54c,derived,37c38ddb450c80eb81ffe889890cceeb,done,11. September 2026 11:15 (MESZ) → 12:15,11. September 2026 11:15,https://kupfticket.com/events/ars-electronica-tours-mi-9926-9bdf3b424e,Guided Tour,https://app.notion.com/3b138ddb450c803f8116c2d9fcad705c,DE,,60,,,,11:15,12:15,No,done,public,True,True,37c38ddb450c80eb81ffe889890cceeb,assigned
0f0aa12ddb0a4e5360242c1f6f8402f4,0f0aa12ddb0a4e5360242c1f6f8402f4,derived,37c38ddb450c80eb81ffe889890cceeb,done,11. September 2026 15:15 (MESZ) → 16:15,11. September 2026 15:15,https://kupfticket.com/events/ars-electronica-tours-mi-9926-5de17f32d3,Guided Tour,https://app.notion.com/3b138ddb450c803f8116c2d9fcad705c,DE,,60,,,,15:15,16:15,No,done,public,True,True,37c38ddb450c80eb81ffe889890cceeb,assigned
606e710dad01a3135a24eb8f4666bd98,606e710dad01a3135a24eb8f4666bd98,derived,37c38ddb450c80eb81ffe889890cceeb,done,11. September 2026 13:15 (MESZ) → 14:15,11. September 2026 13:15,https://kupfticket.com/events/ars-electronica-tours-mi-9926-2be9484e49,Guided Tour,https://app.notion.com/3b138ddb450c803f8116c2d9fcad705c,DE,,60,,,,13:15,14:15,No,done,public,True,True,37c38ddb450c80eb81ffe889890cceeb,assigned
27dd134641bc33485ce3a3f4024a9b47,27dd134641bc33485ce3a3f4024a9b47,derived,37c38ddb450c80eb81ffe889890cceeb,done,12. September 2026 11:15 (MESZ) → 12:15,12. September 2026 11:15,https://kupfticket.com/events/ars-electronica-tours-mi-9926-d342666c60,Guided Tour,https://app.notion.com/3b138ddb450c803f8116c2d9fcad705c,DE,,60,,,,11:15,12:15,No,done,public,True,True,37c38ddb450c80eb81ffe889890cceeb,assigned
b0fb223d3dd175239b2a247f181ca988,b0fb223d3dd175239b2a247f181ca988,derived,37c38ddb450c80eb81ffe889890cceeb,done,11. September 2026 17:15 (MESZ) → 18:15,11. September 2026 17:15,https://kupfticket.com/events/ars-electronica-tours-mi-9926-2fe9d77ddd,Guided Tour,https://app.notion.com/3b138ddb450c803f8116c2d9fcad705c,DE,,60,,,,17:15,18:15,No,done,public,True,True,37c38ddb450c80eb81ffe889890cceeb,assigned
6a68d2ae2933fd484947ffb462462d5f,6a68d2ae2933fd484947ffb462462d5f,derived,37c38ddb450c80eb81ffe889890cceeb,done,12. September 2026 15:15 (MESZ) → 16:15,12. September 2026 15:15,https://kupfticket.com/events/ars-electronica-tours-mi-9926-782233b2f1,Guided Tour,https://app.notion.com/3b138ddb450c803f8116c2d9fcad705c,DE,,60,,,,15:15,16:15,No,done,public,True,True,37c38ddb450c80eb81ffe889890cceeb,assigned
b1986902068d67b4eeba106086c57667,b1986902068d67b4eeba106086c57667,derived,37c38ddb450c80eb81ffe889890cceeb,done,12. September 2026 17:15 (MESZ) → 18:15,12. September 2026 17:15,https://kupfticket.com/events/ars-electronica-tours-mi-9926-0cbbf6db90,Guided Tour,https://app.notion.com/3b138ddb450c803f8116c2d9fcad705c,DE,,60,,,,17:15,18:15,No,done,public,True,True,37c38ddb450c80eb81ffe889890cceeb,assigned
d6432d077ec3abc99c7514155e637486,d6432d077ec3abc99c7514155e637486,derived,37c38ddb450c80eb81ffe889890cceeb,done,13. September 2026 11:15 (MESZ) → 12:15,13. September 2026 11:15,https://kupfticket.com/events/ars-electronica-tours-mi-9926-876a655b6a,Guided Tour,https://app.notion.com/3b138ddb450c803f8116c2d9fcad705c,DE,,60,,,,11:15,12:15,No,done,public,True,True,37c38ddb450c80eb81ffe889890cceeb,assigned
42b782d7e1d0b0a999248065b3e5b1ba,42b782d7e1d0b0a999248065b3e5b1ba,derived,37c38ddb450c80eb81ffe889890cceeb,done,13. September 2026 13:15 (MESZ) → 14:15,13. September 2026 13:15,https://kupfticket.com/events/ars-electronica-tours-mi-9926-d20c2c4547,Guided Tour,https://app.notion.com/3b138ddb450c803f8116c2d9fcad705c,DE,,60,,,,13:15,14:15,No,done,public,True,True,37c38ddb450c80eb81ffe889890cceeb,assigned
f78eb3e716f2f75963b450e5f03806c6,f78eb3e716f2f75963b450e5f03806c6,derived,37c38ddb450c80eb81ffe889890cceeb,done,13. September 2026 15:15 (MESZ) → 16:15,13. September 2026 15:15,https://kupfticket.com/events/ars-electronica-tours-mi-9926-4a975de4c8,Guided Tour,https://app.notion.com/3b138ddb450c803f8116c2d9fcad705c,DE,,60,,,,15:15,16:15,No,done,public,True,True,37c38ddb450c80eb81ffe889890cceeb,assigned
9bb62052e366fd9c0950c8088f80fe9f,9bb62052e366fd9c0950c8088f80fe9f,derived,37c38ddb450c80eb81ffe889890cceeb,done,12. September 2026 13:15 (MESZ) → 14:15,12. September 2026 13:15,https://kupfticket.com/events/ars-electronica-tours-mi-9926-7cff670679,Guided Tour,https://app.notion.com/3b138ddb450c803f8116c2d9fcad705c,DE,,60,,,,13:15,14:15,No,done,public,True,True,37c38ddb450c80eb81ffe889890cceeb,assigned
39138ddb450c80cd845ad733614f97dc,39138ddb450c80cd845ad733614f97dc,notion,39138ddb450c80a4bfd5fd4b7f983eeb,done,8. September 2026 19:30 (MESZ) → 23:00,8. September 2026 19:30,https://mailworx.marketingsuite.info/Form?frm=70f1068b-2cc1-4f27-9b6a-04f61430b2d8,Experience,https://app.notion.com/34238ddb450c8161b52ecd1c41c405fa,"DE,EN",,210,,,,19:30,23:00,No,done,public,True,True,39138ddb450c80a4bfd5fd4b7f983eeb,assigned
39138ddb450c80d0956fe85bec00b5a9,39138ddb450c80d0956fe85bec00b5a9,notion,38f38ddb450c80038603cef06ce04a31,done,10. September 2026 21:00 (MESZ) → 21:30,10. September 2026 21:00,,Screening,https://app.notion.com/34238ddb450c818e824adcb4493ca9a2,nonverbal,,30,,,,21:00,21:30,No,done,public,True,True,38f38ddb450c80038603cef06ce04a31,assigned
fb9f9a9862b884fe5457ca522502bbad,fb9f9a9862b884fe5457ca522502bbad,derived,38838ddb450c80958e37c6c678718b2d,done,10. September 2026 21:30 (MESZ) → 22:00,10. September 2026 21:30,,Screening,https://app.notion.com/34238ddb450c818e824adcb4493ca9a2,nonverbal,,30,,,,21:30,22:00,No,done,public,True,True,38838ddb450c80958e37c6c678718b2d,assigned
c2aa8e5ad1cc3c14673e40501e281471,c2aa8e5ad1cc3c14673e40501e281471,derived,39038ddb450c8099a7f9c62e71d7ebbc,done,9. September 2026 22:00 (MESZ) → 23:00,9. September 2026 22:00,,Project,https://app.notion.com/34238ddb450c818e824adcb4493ca9a2,nonverbal,,60,,,,22:00,23:00,No,done,public,True,True,39038ddb450c8099a7f9c62e71d7ebbc,assigned
ed972202cf3f94d0a316cb94dd2455e7,ed972202cf3f94d0a316cb94dd2455e7,derived,39038ddb450c8099a7f9c62e71d7ebbc,done,10. September 2026 22:00 (MESZ) → 23:00,10. September 2026 22:00,,Project,https://app.notion.com/34238ddb450c818e824adcb4493ca9a2,nonverbal,,60,,,,22:00,23:00,No,done,public,True,True,39038ddb450c8099a7f9c62e71d7ebbc,assigned
e2fde86132cff643b1cf50c7550c99b4,e2fde86132cff643b1cf50c7550c99b4,derived,39038ddb450c8099a7f9c62e71d7ebbc,done,13. September 2026 22:00 (MESZ) → 23:00,13. September 2026 22:00,,Project,https://app.notion.com/34238ddb450c818e824adcb4493ca9a2,nonverbal,,60,,,,22:00,23:00,No,done,public,True,True,39038ddb450c8099a7f9c62e71d7ebbc,assigned
800e079586167affb118d5e3d611802a,800e079586167affb118d5e3d611802a,derived,39038ddb450c81d3a68ad8b7b43b02a9,done,10. September 2026 17:00 (MESZ) → 20:00,10. September 2026 17:00,,Open Lab,https://app.notion.com/39938ddb450c80a78a05f49357c9818f,"DE,EN",,180,,,,17:00,20:00,No,done,public,True,True,39038ddb450c81d3a68ad8b7b43b02a9,assigned
0dfbd04460cff3ee12930f5243628ce7,0dfbd04460cff3ee12930f5243628ce7,derived,39038ddb450c81d3a68ad8b7b43b02a9,done,11. September 2026 14:00 (MESZ) → 23:59,11. September 2026 14:00,,Open Lab,https://app.notion.com/39938ddb450c80a78a05f49357c9818f,"DE,EN",,599,,,,14:00,23:59,No,done,public,True,True,39038ddb450c81d3a68ad8b7b43b02a9,assigned
836e21439bd59d9d39c7a1c153c9b366,836e21439bd59d9d39c7a1c153c9b366,derived,39138ddb450c804ab2c6fb6774934b62,done,11. September 2026 16:00 (MESZ) → 17:30,11. September 2026 15:45,https://kupfticket.com/events/expert-tours-danube-triangle-5fb85ef140,Guided Tour,https://app.notion.com/34238ddb450c813fbbffff132d6d8408,EN,15,90,,,,16:00,17:30,Yes,done,public,True,True,39138ddb450c804ab2c6fb6774934b62,assigned
299174cfa77b2a91a867fa5d9c8327f4,299174cfa77b2a91a867fa5d9c8327f4,derived,39038ddb450c8099a7f9c62e71d7ebbc,done,8. September 2026 22:00 (MESZ) → 23:00,8. September 2026 22:00,,Project,https://app.notion.com/34238ddb450c818e824adcb4493ca9a2,nonverbal,,60,,,,22:00,23:00,No,done,public,True,True,39038ddb450c8099a7f9c62e71d7ebbc,assigned
4d356b80dc66bae2ef462f36dc8a6139,4d356b80dc66bae2ef462f36dc8a6139,derived,39238ddb450c81fabebcd9f6e35041ec,done,10. September 2026 17:00 (MESZ) → 17:50,10. September 2026 17:00,,Guided Tour,https://app.notion.com/39638ddb450c8033a35bfd7015a492d1,"DE,EN",,50,,,,17:00,17:50,Yes,done,public,True,True,39238ddb450c81fabebcd9f6e35041ec,assigned
7819dd593ba31d136c48e0f7c192db60,7819dd593ba31d136c48e0f7c192db60,derived,39238ddb450c81fabebcd9f6e35041ec,done,11. September 2026 17:00 (MESZ) → 17:50,11. September 2026 17:00,,Guided Tour,https://app.notion.com/39638ddb450c8033a35bfd7015a492d1,"DE,EN",,50,,,,17:00,17:50,Yes,done,public,True,True,39238ddb450c81fabebcd9f6e35041ec,assigned
282f2de694ed6bbcd4845ed0bf78b947,282f2de694ed6bbcd4845ed0bf78b947,derived,39238ddb450c81fabebcd9f6e35041ec,done,12. September 2026 17:00 (MESZ) → 17:50,12. September 2026 17:00,,Guided Tour,https://app.notion.com/39638ddb450c8033a35bfd7015a492d1,"DE,EN",,50,,,,17:00,17:50,Yes,done,public,True,True,39238ddb450c81fabebcd9f6e35041ec,assigned
16c7adaeb5c85f54d7abfab0cd6ddfa5,16c7adaeb5c85f54d7abfab0cd6ddfa5,derived,39238ddb450c81fabebcd9f6e35041ec,done,9. September 2026 17:00 (MESZ) → 17:50,9. September 2026 17:00,,Guided Tour,https://app.notion.com/39638ddb450c8033a35bfd7015a492d1,"DE,EN",,50,,,,17:00,17:50,Yes,done,public,True,True,39238ddb450c81fabebcd9f6e35041ec,assigned
fae35d79acfd324f19c488e324137366,fae35d79acfd324f19c488e324137366,derived,39838ddb450c80948176e6172575df9c,done,11. September 2026 10:00 (MESZ) → 18:00,11. September 2026 10:00,,Workshop,https://app.notion.com/39838ddb450c801fb4b3efcf0b93c0cf,EN,,480,,,,10:00,18:00,No,done,public,True,True,39838ddb450c80948176e6172575df9c,assigned
39c38ddb450c80d5a221ede08c7d3999,39c38ddb450c80d5a221ede08c7d3999,notion,39c38ddb450c80e3a453f8cc8e4c3753,done,12. September 2026 21:30 (MESZ) → 23:00,12. September 2026 21:30,,Concert,https://app.notion.com/34238ddb450c81aeac39e3da86bbcdcc,nonverbal,,90,,,,21:30,23:00,No,done,public,True,True,39c38ddb450c80e3a453f8cc8e4c3753,assigned
39c38ddb450c8084a5c8da5ebf70f0d8,39c38ddb450c8084a5c8da5ebf70f0d8,notion,39c38ddb450c8007a6d2e256faa2edc9,done,12. September 2026 20:30 (MESZ) → 21:30,12. September 2026 20:30,,Concert,https://app.notion.com/34238ddb450c81aeac39e3da86bbcdcc,nonverbal,,60,,,,20:30,21:30,Yes,done,public,True,True,39c38ddb450c8007a6d2e256faa2edc9,assigned
39e38ddb450c80178deffb0abd6965f8,39e38ddb450c80178deffb0abd6965f8,notion,39c38ddb450c808e8579db789c15d23d,done,11. September 2026 15:00 (MESZ) → 15:10,11. September 2026 15:00,,Lecture & Talk,https://app.notion.com/38338ddb450c80f5b7fafe65509e43de,EN,,10,,,,15:00,15:10,No,done,public,True,True,39c38ddb450c808e8579db789c15d23d,assigned
39e38ddb450c80099cc1e7e9ffcf32e3,39e38ddb450c80099cc1e7e9ffcf32e3,notion,39c38ddb450c80ecbaa6d9879d685a7b,done,11. September 2026 15:10 (MESZ) → 15:50,11. September 2026 15:10,,Keynote,https://app.notion.com/38338ddb450c80f5b7fafe65509e43de,EN,,40,,,,15:10,15:50,No,done,public,True,True,39c38ddb450c80ecbaa6d9879d685a7b,assigned
39e38ddb450c80658855cda93038f81d,39e38ddb450c80658855cda93038f81d,notion,39c38ddb450c80ee829afdbad8110e40,done,11. September 2026 15:50 (MESZ) → 16:30,11. September 2026 15:50,,Lecture & Talk,https://app.notion.com/38338ddb450c80f5b7fafe65509e43de,EN,,40,,,,15:50,16:30,No,done,public,True,True,39c38ddb450c80ee829afdbad8110e40,assigned
39e38ddb450c80cc88a6d3b08ac99d84,39e38ddb450c80cc88a6d3b08ac99d84,notion,39c38ddb450c80329f00f61c3443fa03,done,11. September 2026 16:40 (MESZ) → 17:20,11. September 2026 16:40,,Keynote,https://app.notion.com/38338ddb450c80f5b7fafe65509e43de,EN,,40,,,,16:40,17:20,No,done,public,True,True,39c38ddb450c80329f00f61c3443fa03,assigned
39e38ddb450c80abad62c632ed2ffe30,39e38ddb450c80abad62c632ed2ffe30,notion,39c38ddb450c80e0a8b3ea747d2b746a,done,11. September 2026 18:00 (MESZ) → 18:50,11. September 2026 18:00,,Panel Discussion,https://app.notion.com/38338ddb450c80f5b7fafe65509e43de,EN,,50,,,,18:00,18:50,No,done,public,True,True,39c38ddb450c80e0a8b3ea747d2b746a,assigned
057d6ad05709e8c699f87c62449b3ac1,057d6ad05709e8c699f87c62449b3ac1,derived,37b38ddb450c81e7b77eed14187e07b0,done,10. September 2026 16:00 (MESZ) → 16:30,10. September 2026 16:00,,Concert,https://app.notion.com/38338ddb450c80fc9afccc31405e21b7,EN,,30,,,,16:00,16:30,Yes,done,public,True,True,37b38ddb450c81e7b77eed14187e07b0,assigned
4934f3658ad693a32d0cbeafdde92e7c,4934f3658ad693a32d0cbeafdde92e7c,derived,37b38ddb450c81e7b77eed14187e07b0,done,11. September 2026 16:00 (MESZ) → 16:30,11. September 2026 16:00,,Concert,https://app.notion.com/38338ddb450c80fc9afccc31405e21b7,EN,,30,,,,16:00,16:30,Yes,done,public,True,True,37b38ddb450c81e7b77eed14187e07b0,assigned
cafc5d5e58aa5438edd30034ddca6db7,cafc5d5e58aa5438edd30034ddca6db7,derived,37b38ddb450c81e7b77eed14187e07b0,done,12. September 2026 16:00 (MESZ) → 16:30,12. September 2026 16:00,,Concert,https://app.notion.com/38338ddb450c80fc9afccc31405e21b7,EN,,30,,,,16:00,16:30,Yes,done,public,True,True,37b38ddb450c81e7b77eed14187e07b0,assigned
39e38ddb450c8015b926fb5dffba46c8,39e38ddb450c8015b926fb5dffba46c8,notion,39538ddb450c81ecad69ff3d8d67cdda,done,12. September 2026 11:00 (MESZ) → 12:00,12. September 2026 11:00,,Meet the Artist,https://app.notion.com/38338ddb450c80fc9afccc31405e21b7,EN,,60,,,,11:00,12:00,No,done,public,True,True,39538ddb450c81ecad69ff3d8d67cdda,assigned
6279974698a86c7c2d57723817db44f3,6279974698a86c7c2d57723817db44f3,derived,39e38ddb450c8021bd37fbfda2a07f16,done,9. September 2026 12:00 (MESZ) → 12:10,9. September 2026 12:00,,Lecture & Talk,https://app.notion.com/38338ddb450c80f5b7fafe65509e43de,EN,,10,,,,12:00,12:10,No,done,public,True,True,39e38ddb450c8021bd37fbfda2a07f16,assigned
39e38ddb450c80d2ae4aff67379398b2,39e38ddb450c80d2ae4aff67379398b2,notion,39e38ddb450c8008901cf2ff42901a96,done,9. September 2026 12:10 (MESZ) → 12:50,9. September 2026 12:10,,Keynote,https://app.notion.com/38338ddb450c80f5b7fafe65509e43de,EN,,40,,,,12:10,12:50,No,done,public,True,True,39e38ddb450c8008901cf2ff42901a96,assigned
bc3db41c847018229da4b38e3235e299,bc3db41c847018229da4b38e3235e299,derived,39e38ddb450c8007891fcde9a06e286a,done,9. September 2026 12:50 (MESZ) → 13:50,9. September 2026 12:50,,Panel Discussion,https://app.notion.com/38338ddb450c80f5b7fafe65509e43de,EN,,60,,,,12:50,13:50,No,done,public,True,True,39e38ddb450c8007891fcde9a06e286a,assigned
39e38ddb450c80419f35e1e1c7bacbb8,39e38ddb450c80419f35e1e1c7bacbb8,notion,39e38ddb450c8072882ac0e7bda641b7,done,9. September 2026 14:10 (MESZ) → 15:00,9. September 2026 14:10,,Panel Discussion,https://app.notion.com/38338ddb450c80f5b7fafe65509e43de,EN,,50,,,,14:10,15:00,No,done,public,True,True,39e38ddb450c8072882ac0e7bda641b7,assigned
def617d5d6ca68972127cd7b09ceae32,def617d5d6ca68972127cd7b09ceae32,derived,39e38ddb450c81dba105e4ee1ac2b004,done,9. September 2026 15:00 (MESZ) → 18:00,9. September 2026 15:00,,Project,https://app.notion.com/34238ddb450c815e9263cf111aac5490,EN,,180,,,,15:00,18:00,No,done,public,True,True,39e38ddb450c81dba105e4ee1ac2b004,assigned
39e38ddb450c8062829cca6662147306,39e38ddb450c8062829cca6662147306,notion,39e38ddb450c80feba27d9e95aca0206,done,9. September 2026 15:00 (MESZ) → 15:30,9. September 2026 15:00,,Workshop,https://app.notion.com/38338ddb450c80f5b7fafe65509e43de,EN,,30,,,,15:00,15:30,No,done,public,True,True,39e38ddb450c80feba27d9e95aca0206,assigned
e4d72c4c568c5ad6aa5d037a4a672bfb,e4d72c4c568c5ad6aa5d037a4a672bfb,derived,39e38ddb450c80bba772f6aef0523f69,done,9. September 2026 15:30 (MESZ) → 16:00,9. September 2026 15:30,,Keynote,https://app.notion.com/38338ddb450c80f5b7fafe65509e43de,EN,,30,,,,15:30,16:00,No,done,public,True,True,39e38ddb450c80bba772f6aef0523f69,assigned
cadb53ef4ac975054eec23f1783efb46,cadb53ef4ac975054eec23f1783efb46,derived,39e38ddb450c81dba105e4ee1ac2b004,done,10. September 2026 15:00 (MESZ) → 18:00,10. September 2026 15:00,,Project,https://app.notion.com/34238ddb450c815e9263cf111aac5490,EN,,180,,,,15:00,18:00,No,done,public,True,True,39e38ddb450c81dba105e4ee1ac2b004,assigned
a64294de9bf37adc40f7d6f8ff4a4fd7,a64294de9bf37adc40f7d6f8ff4a4fd7,derived,39e38ddb450c81dba105e4ee1ac2b004,done,11. September 2026 15:00 (MESZ) → 18:00,11. September 2026 15:00,,Project,https://app.notion.com/34238ddb450c815e9263cf111aac5490,EN,,180,,,,15:00,18:00,No,done,public,True,True,39e38ddb450c81dba105e4ee1ac2b004,assigned
39e38ddb450c8077bb18cae07e9bdcc9,39e38ddb450c8077bb18cae07e9bdcc9,notion,39e38ddb450c8090af5ecc0acad9db17,done,9. September 2026 16:00 (MESZ) → 17:00,9. September 2026 16:00,,Panel Discussion,https://app.notion.com/38338ddb450c80f5b7fafe65509e43de,EN,,60,,,,16:00,17:00,No,done,public,True,True,39e38ddb450c8090af5ecc0acad9db17,assigned
9dd7f51d550e0637ff55f03381d1abfc,9dd7f51d550e0637ff55f03381d1abfc,derived,39e38ddb450c81dba105e4ee1ac2b004,done,12. September 2026 15:00 (MESZ) → 18:00,12. September 2026 15:00,,Project,https://app.notion.com/34238ddb450c815e9263cf111aac5490,EN,,180,,,,15:00,18:00,No,done,public,True,True,39e38ddb450c81dba105e4ee1ac2b004,assigned
39e38ddb450c801989dbdee0bba0a7ad,39e38ddb450c801989dbdee0bba0a7ad,notion,39e38ddb450c80f49144c6abade7c1d9,done,11. September 2026 17:20 (MESZ) → 18:00,11. September 2026 17:20,,Lecture & Talk,https://app.notion.com/38338ddb450c80f5b7fafe65509e43de,EN,,40,,,,17:20,18:00,No,done,public,True,True,39e38ddb450c80f49144c6abade7c1d9,assigned
39e38ddb450c808b82dfc040b7fb132a,39e38ddb450c808b82dfc040b7fb132a,notion,39e38ddb450c8044a5b8f76d2418da14,done,12. September 2026 13:00 (MESZ) → 15:30,12. September 2026 13:00,,Conference,https://app.notion.com/38338ddb450c80f5b7fafe65509e43de,EN,,150,,,,13:00,15:30,No,done,public,True,True,39e38ddb450c8044a5b8f76d2418da14,assigned
4bd9d7538e55a4f18c9f1515aa05526c,4bd9d7538e55a4f18c9f1515aa05526c,derived,39f38ddb450c813194bfccfae0cc78c5,done,9. September 2026 13:00 (MESZ) → 16:00,9. September 2026 13:00,,Performance,https://app.notion.com/39938ddb450c808d8bc2d6bf4dd9ce49,EN,,180,,,,13:00,16:00,No,done,public,True,True,39f38ddb450c813194bfccfae0cc78c5,assigned
a554ff2d4946b8271b6164a370f53110,a554ff2d4946b8271b6164a370f53110,derived,39f38ddb450c813194bfccfae0cc78c5,done,10. September 2026 13:00 (MESZ) → 16:00,10. September 2026 13:00,,Performance,https://app.notion.com/39938ddb450c808d8bc2d6bf4dd9ce49,EN,,180,,,,13:00,16:00,No,done,public,True,True,39f38ddb450c813194bfccfae0cc78c5,assigned
b102511c24514a5eae1d553af2835711,b102511c24514a5eae1d553af2835711,derived,39f38ddb450c813194bfccfae0cc78c5,done,11. September 2026 13:00 (MESZ) → 16:00,11. September 2026 13:00,,Performance,https://app.notion.com/39938ddb450c808d8bc2d6bf4dd9ce49,EN,,180,,,,13:00,16:00,No,done,public,True,True,39f38ddb450c813194bfccfae0cc78c5,assigned
d0545f5ba34e35a97fd5d77545a5ae66,d0545f5ba34e35a97fd5d77545a5ae66,derived,39f38ddb450c813194bfccfae0cc78c5,done,12. September 2026 13:00 (MESZ) → 16:00,12. September 2026 13:00,,Performance,https://app.notion.com/39938ddb450c808d8bc2d6bf4dd9ce49,EN,,180,,,,13:00,16:00,No,done,public,True,True,39f38ddb450c813194bfccfae0cc78c5,assigned
8e1cb61220a385a8b4b2170482e8ab8f,8e1cb61220a385a8b4b2170482e8ab8f,derived,39f38ddb450c813194bfccfae0cc78c5,done,13. September 2026 13:00 (MESZ) → 16:00,13. September 2026 13:00,,Performance,https://app.notion.com/39938ddb450c808d8bc2d6bf4dd9ce49,EN,,180,,,,13:00,16:00,No,done,public,True,True,39f38ddb450c813194bfccfae0cc78c5,assigned
39f38ddb450c807b9eebe532937fdb45,39f38ddb450c807b9eebe532937fdb45,notion,37a38ddb450c814198dec1eee5c1f025,done,12. September 2026 17:00 (MESZ) → 17:45,12. September 2026 17:00,,Performance,https://app.notion.com/34238ddb450c81939959c300c9dcbf08,EN,,45,,,,17:00,17:45,No,done,public,True,True,37a38ddb450c814198dec1eee5c1f025,assigned
636962f703b18efde3e13cc14bda8796,636962f703b18efde3e13cc14bda8796,derived,39f38ddb450c818b88d6cc6267264a26,done,11. September 2026 14:00 (MESZ) → 14:45,11. September 2026 14:00,,Performance,https://app.notion.com/38338ddb450c80f1bf26f48424dcab1a,EN,,45,,,,14:00,14:45,Yes,done,public,True,True,39f38ddb450c818b88d6cc6267264a26,assigned
39f38ddb450c80ed984bdb0c28ba3700,39f38ddb450c80ed984bdb0c28ba3700,notion,37a38ddb450c81ed964bc3188d264644,done,11. September 2026 15:00 (MESZ) → 16:00,11. September 2026 15:00,,Meet the Artist,https://app.notion.com/38338ddb450c80f1bf26f48424dcab1a,EN,,60,,,,15:00,16:00,No,done,public,True,True,37a38ddb450c81ed964bc3188d264644,assigned
de8538722382d10cde101820a9a1c7fb,de8538722382d10cde101820a9a1c7fb,derived,39f38ddb450c818b88d6cc6267264a26,done,12. September 2026 14:30 (MESZ) → 15:15,12. September 2026 14:30,,Performance,https://app.notion.com/38338ddb450c80f1bf26f48424dcab1a,EN,,45,,,,14:30,15:15,Yes,done,public,True,True,39f38ddb450c818b88d6cc6267264a26,assigned
cd1b8fcbe0ee179d0fd30af1c47cbae2,cd1b8fcbe0ee179d0fd30af1c47cbae2,derived,39f38ddb450c818b88d6cc6267264a26,done,13. September 2026 14:30 (MESZ) → 15:15,13. September 2026 14:30,,Performance,https://app.notion.com/38338ddb450c80f1bf26f48424dcab1a,EN,,45,,,,14:30,15:15,Yes,done,public,True,True,39f38ddb450c818b88d6cc6267264a26,assigned
39f38ddb450c800b9dd8c75fa7a4ab3d,39f38ddb450c800b9dd8c75fa7a4ab3d,notion,38238ddb450c80ee8786d87f7e9c8fc4,done,12. September 2026 16:00 (MESZ) → 18:00,12. September 2026 16:00,,Networking Event,https://app.notion.com/38338ddb450c8012a9a7d5c91ea8980f,EN,,120,,,,16:00,18:00,No,done,public,True,True,38238ddb450c80ee8786d87f7e9c8fc4,assigned
39f38ddb450c8080a90fc527061dd8bf,39f38ddb450c8080a90fc527061dd8bf,notion,39f38ddb450c80e99c24e062da148da2,done,13. September 2026 11:00 (MESZ) → 15:00,13. September 2026 11:00,,Conference,https://app.notion.com/38338ddb450c80f5b7fafe65509e43de,EN,,240,,,,11:00,15:00,Yes,done,public,True,True,39f38ddb450c80e99c24e062da148da2,assigned
39f38ddb450c8077b412e1e560143edf,39f38ddb450c8077b412e1e560143edf,notion,39f38ddb450c80439b73fdbac4651c29,done,13. September 2026 11:00 (MESZ) → 11:05,13. September 2026 11:00,,Intro Session,https://app.notion.com/38338ddb450c80f5b7fafe65509e43de,EN,,5,,,,11:00,11:05,No,done,public,True,True,39f38ddb450c80439b73fdbac4651c29,assigned
39f38ddb450c8008aeccf42560701004,39f38ddb450c8008aeccf42560701004,notion,39f38ddb450c8041854ec259733437a0,done,13. September 2026 11:35 (MESZ) → 12:05,13. September 2026 11:35,,Lecture & Talk,https://app.notion.com/38338ddb450c80f5b7fafe65509e43de,EN,,30,,,,11:35,12:05,No,done,public,True,True,39f38ddb450c8041854ec259733437a0,assigned
39f38ddb450c8039bf35d5c956e944d0,39f38ddb450c8039bf35d5c956e944d0,notion,39f38ddb450c80ffa6e5eabb322014c2,done,13. September 2026 13:45 (MESZ) → 14:15,13. September 2026 13:45,,Panel Discussion,https://app.notion.com/38338ddb450c80f5b7fafe65509e43de,EN,,30,,,,13:45,14:15,No,done,public,True,True,39f38ddb450c80ffa6e5eabb322014c2,assigned
b1a2ace8fca90ed251795a0e7909b975,b1a2ace8fca90ed251795a0e7909b975,derived,39f38ddb450c800f8a4ce0734192a4ea,done,13. September 2026 14:15 (MESZ) → 15:00,13. September 2026 14:15,,Keynote,https://app.notion.com/38338ddb450c80f5b7fafe65509e43de,EN,,45,,,,14:15,15:00,No,done,public,True,True,39f38ddb450c800f8a4ce0734192a4ea,assigned
39f38ddb450c80bbb95df45f2d1f2e45,39f38ddb450c80bbb95df45f2d1f2e45,notion,39f38ddb450c80dc9532c7ceba0f8b23,done,13. September 2026 12:30 (MESZ) → 13:15,13. September 2026 12:30,,Panel Discussion,https://app.notion.com/38338ddb450c80f5b7fafe65509e43de,EN,,45,,,,12:30,13:15,No,done,public,True,True,39f38ddb450c80dc9532c7ceba0f8b23,assigned
064b94fe0bba7f8c97e8927806aaf023,064b94fe0bba7f8c97e8927806aaf023,derived,0ad38ddb450c8270822a01d8ad81733d,done,9. September 2026 11:45 (MESZ) → 12:15,9. September 2026 11:45,,Experience,https://app.notion.com/34238ddb450c815e8d84d29e8376bcb0,"DE,EN",,30,,,,11:45,12:15,No,done,public,True,True,0ad38ddb450c8270822a01d8ad81733d,assigned
c66fc25e906c13fcbc514e483980c04b,c66fc25e906c13fcbc514e483980c04b,derived,0ad38ddb450c8270822a01d8ad81733d,done,9. September 2026 15:45 (MESZ) → 16:15,9. September 2026 15:45,,Experience,https://app.notion.com/34238ddb450c815e8d84d29e8376bcb0,"DE,EN",,30,,,,15:45,16:15,No,done,public,True,True,0ad38ddb450c8270822a01d8ad81733d,assigned
d28053c2bd02ee341eb4db8808fa39cd,d28053c2bd02ee341eb4db8808fa39cd,derived,0ad38ddb450c8270822a01d8ad81733d,done,10. September 2026 11:45 (MESZ) → 12:15,10. September 2026 11:45,,Experience,https://app.notion.com/34238ddb450c815e8d84d29e8376bcb0,"DE,EN",,30,,,,11:45,12:15,No,done,public,True,True,0ad38ddb450c8270822a01d8ad81733d,assigned
60745b2232a92f04a64b0ad8cd0ee19d,60745b2232a92f04a64b0ad8cd0ee19d,derived,0ad38ddb450c8270822a01d8ad81733d,done,10. September 2026 15:45 (MESZ) → 16:15,10. September 2026 15:45,,Experience,https://app.notion.com/34238ddb450c815e8d84d29e8376bcb0,"DE,EN",,30,,,,15:45,16:15,No,done,public,True,True,0ad38ddb450c8270822a01d8ad81733d,assigned
3df183b5327bd23784f892ab9ff492fa,3df183b5327bd23784f892ab9ff492fa,derived,0ad38ddb450c8270822a01d8ad81733d,done,11. September 2026 11:45 (MESZ) → 12:15,11. September 2026 11:45,,Experience,https://app.notion.com/34238ddb450c815e8d84d29e8376bcb0,"DE,EN",,30,,,,11:45,12:15,No,done,public,True,True,0ad38ddb450c8270822a01d8ad81733d,assigned
cbc022a857a8bd8e39dbc1223cf71143,cbc022a857a8bd8e39dbc1223cf71143,derived,0ad38ddb450c8270822a01d8ad81733d,done,12. September 2026 11:45 (MESZ) → 12:15,12. September 2026 11:45,,Experience,https://app.notion.com/34238ddb450c815e8d84d29e8376bcb0,"DE,EN",,30,,,,11:45,12:15,No,done,public,True,True,0ad38ddb450c8270822a01d8ad81733d,assigned
042856cb900a3e01b9cf7c956aff4860,042856cb900a3e01b9cf7c956aff4860,derived,0ad38ddb450c8270822a01d8ad81733d,done,13. September 2026 11:45 (MESZ) → 12:15,13. September 2026 11:45,,Experience,https://app.notion.com/34238ddb450c815e8d84d29e8376bcb0,"DE,EN",,30,,,,11:45,12:15,No,done,public,True,True,0ad38ddb450c8270822a01d8ad81733d,assigned
7811b3eb23ebbf7905d3117d03f689f8,7811b3eb23ebbf7905d3117d03f689f8,derived,0ad38ddb450c8270822a01d8ad81733d,done,13. September 2026 15:45 (MESZ) → 16:15,13. September 2026 15:45,,Experience,https://app.notion.com/34238ddb450c815e8d84d29e8376bcb0,"DE,EN",,30,,,,15:45,16:15,No,done,public,True,True,0ad38ddb450c8270822a01d8ad81733d,assigned
3a038ddb450c80c78299c6294fa8afc6,3a038ddb450c80c78299c6294fa8afc6,notion,39138ddb450c80ad865afe26c0a44540,done,9. September 2026 14:00 (MESZ) → 15:00,9. September 2026 14:00,https://mailworx.marketingsuite.info/Form?frm=09571aa9-715d-430d-8445-422c3359ba80,Networking Event,https://app.notion.com/38338ddb450c8081a52ff7fe61e40298,EN,,60,,,,14:00,15:00,No,done,public,True,True,39138ddb450c80ad865afe26c0a44540,assigned
3a038ddb450c80c282d7e1856dc09fda,3a038ddb450c80c282d7e1856dc09fda,notion,3a038ddb450c802baff1c23e87712439,done,11. September 2026 17:45 (MESZ) → 18:30,11. September 2026 17:45,,Networking Event,https://app.notion.com/39238ddb450c80f98ecbf708c0f05fda,EN,,45,,,,17:45,18:30,No,done,public,True,True,3a038ddb450c802baff1c23e87712439,assigned
3a338ddb450c8035b053f9272f16a491,3a338ddb450c8035b053f9272f16a491,notion,39138ddb450c80a198bbd22e698dd3cc,done,13. September 2026 12:30 (MESZ) → 13:30,13. September 2026 12:30,https://mailworx.marketingsuite.info/Form?frm=56cfe35b-d783-4c7a-b95e-0a847aa798bf,Networking Event,https://app.notion.com/38338ddb450c8081a52ff7fe61e40298,EN,,60,,,,12:30,13:30,No,done,public,True,True,39138ddb450c80a198bbd22e698dd3cc,assigned
3a338ddb450c807f9020de2eaa0f95d8,3a338ddb450c807f9020de2eaa0f95d8,notion,39138ddb450c8073b753e773e921f840,done,13. September 2026 14:00 (MESZ) → 15:00,13. September 2026 14:00,https://mailworx.marketingsuite.info/Form?frm=f4b1aada-64f2-4142-9c63-c640c6b8736f,Networking Event,https://app.notion.com/38338ddb450c8081a52ff7fe61e40298,EN,,60,,,,14:00,15:00,Yes,done,public,True,True,39138ddb450c8073b753e773e921f840,assigned
3a338ddb450c80f1a5cbc951d5edcf70,3a338ddb450c80f1a5cbc951d5edcf70,notion,39138ddb450c807396f7f8fbd3d93f63,done,12. September 2026 10:00 (MESZ) → 11:00,12. September 2026 10:00,https://mailworx.marketingsuite.info/Form?frm=c711fe3c-dffd-4979-839c-7e4757abc978,Networking Event,https://app.notion.com/38338ddb450c8081a52ff7fe61e40298,EN,,60,,,,10:00,11:00,No,done,public,True,True,39138ddb450c807396f7f8fbd3d93f63,assigned
3a338ddb450c80648371c7ea26cd581c,3a338ddb450c80648371c7ea26cd581c,notion,3a338ddb450c8063bd12ee537b93e522,done,11. September 2026 10:00 (MESZ) → 14:00,11. September 2026 10:00,,Conference,https://app.notion.com/38338ddb450c80f5b7fafe65509e43de,EN,,240,,,,10:00,14:00,Yes,done,public,True,True,3a338ddb450c8063bd12ee537b93e522,assigned
e3b3fdc579a80f7b407346cfda2bfdce,e3b3fdc579a80f7b407346cfda2bfdce,derived,3a338ddb450c802b8b18ef6d7ce8177e,done,11. September 2026 10:00 (MESZ) → 10:15,11. September 2026 10:00,,Lecture & Talk,https://app.notion.com/38338ddb450c80f5b7fafe65509e43de,EN,,15,,,,10:00,10:15,No,done,public,True,True,3a338ddb450c802b8b18ef6d7ce8177e,assigned
3a338ddb450c800899f6fbc464999384,3a338ddb450c800899f6fbc464999384,notion,3a338ddb450c80e7bf78dde1f3e8cbaf,done,11. September 2026 10:15 (MESZ) → 10:45,11. September 2026 10:15,,Keynote,https://app.notion.com/38338ddb450c80f5b7fafe65509e43de,EN,,30,,,,10:15,10:45,No,done,public,True,True,3a338ddb450c80e7bf78dde1f3e8cbaf,assigned
3b4b4c49895119c3b03aa4efdaa50e64,3b4b4c49895119c3b03aa4efdaa50e64,derived,3a338ddb450c8027ae20ed2bcf3149a9,done,11. September 2026 10:45 (MESZ) → 11:05,11. September 2026 10:45,,Keynote,https://app.notion.com/38338ddb450c80f5b7fafe65509e43de,EN,,20,,,,10:45,11:05,No,done,public,True,True,3a338ddb450c8027ae20ed2bcf3149a9,assigned
3a338ddb450c8063a94cef518c3eb6e0,3a338ddb450c8063a94cef518c3eb6e0,notion,3a338ddb450c808caaf3d5f38b4fdb73,done,11. September 2026 11:05 (MESZ) → 11:45,11. September 2026 11:05,,Lecture & Talk,https://app.notion.com/38338ddb450c80f5b7fafe65509e43de,EN,,40,,,,11:05,11:45,No,done,public,True,True,3a338ddb450c808caaf3d5f38b4fdb73,assigned
3a338ddb450c804b87e3c7d0b48f3f90,3a338ddb450c804b87e3c7d0b48f3f90,notion,3a338ddb450c80719142d6035b0c3e9b,done,11. September 2026 11:45 (MESZ) → 11:55,11. September 2026 11:45,,Lecture & Talk,https://app.notion.com/38338ddb450c80f5b7fafe65509e43de,EN,,10,,,,11:45,11:55,No,done,public,True,True,3a338ddb450c80719142d6035b0c3e9b,assigned
3a338ddb450c805591badd66dac2a757,3a338ddb450c805591badd66dac2a757,notion,3a338ddb450c805baf61ce7e02fd9073,done,11. September 2026 12:10 (MESZ) → 13:00,11. September 2026 12:10,,Lecture & Talk,https://app.notion.com/38338ddb450c80f5b7fafe65509e43de,EN,,50,,,,12:10,13:00,No,done,public,True,True,3a338ddb450c805baf61ce7e02fd9073,assigned
b1fddbfa2ba49fc0da3a54bc8e9f53b5,b1fddbfa2ba49fc0da3a54bc8e9f53b5,derived,3a338ddb450c80419c52ca6af6074875,done,11. September 2026 13:00 (MESZ) → 13:55,11. September 2026 13:00,,Panel Discussion,https://app.notion.com/38338ddb450c80f5b7fafe65509e43de,EN,,55,,,,13:00,13:55,No,done,public,True,True,3a338ddb450c80419c52ca6af6074875,assigned
3a338ddb450c803ba2b3d18a12c87d19,3a338ddb450c803ba2b3d18a12c87d19,notion,3a338ddb450c80ac87f0f49bb1d7d535,done,11. September 2026 13:55 (MESZ) → 14:00,11. September 2026 13:55,,Lecture & Talk,https://app.notion.com/38338ddb450c80f5b7fafe65509e43de,EN,,5,,,,13:55,14:00,No,done,public,True,True,3a338ddb450c80ac87f0f49bb1d7d535,assigned
3184156737d71e090cc291b55e1b2904,3184156737d71e090cc291b55e1b2904,derived,3a338ddb450c803e958de06f9706be3a,done,10. September 2026 10:00 (MESZ) → 16:45,10. September 2026 10:00,,Conference,https://app.notion.com/38338ddb450c80f5b7fafe65509e43de,EN,,405,,,,10:00,16:45,Yes,done,public,True,True,3a338ddb450c803e958de06f9706be3a,assigned
3a338ddb450c800e9c7efe221393507c,3a338ddb450c800e9c7efe221393507c,notion,3a338ddb450c8048a231c049d7b67a38,done,12. September 2026 17:30 (MESZ) → 19:00,12. September 2026 17:30,https://mailworx.marketingsuite.info/Form?frm=7c9eaef8-6b7b-49d7-95bf-395e21509ce9,Networking Event,https://app.notion.com/38338ddb450c80f5b7fafe65509e43de,EN,,90,,,,17:30,19:00,No,done,public,True,True,3a338ddb450c8048a231c049d7b67a38,assigned
3a338ddb450c80398cdbc8dd80e59f12,3a338ddb450c80398cdbc8dd80e59f12,notion,3a338ddb450c80f88e3dcdf5761f5e7d,done,9. September 2026 16:30 (MESZ) → 18:00,9. September 2026 16:30,https://mailworx.marketingsuite.info/Form?frm=3d628114-c710-4c26-b14f-0287754464fd,Networking Event,https://app.notion.com/38338ddb450c8012a9a7d5c91ea8980f,EN,,90,,,,16:30,18:00,No,done,public,True,True,3a338ddb450c80f88e3dcdf5761f5e7d,assigned
3a338ddb450c800a9da4c1f8efd7c785,3a338ddb450c800a9da4c1f8efd7c785,notion,3a338ddb450c80a1a55ec9a5594a91a9,done,10. September 2026 12:30 (MESZ) → 14:00,10. September 2026 12:30,https://mailworx.marketingsuite.info/Form?frm=cbb77fd9-01cd-4fca-8580-1c4d6bfddd5e,Networking Event,https://app.notion.com/38338ddb450c8012a9a7d5c91ea8980f,EN,,90,,,,12:30,14:00,No,done,public,True,True,3a338ddb450c80a1a55ec9a5594a91a9,assigned
0c6e1033ae1d1ff12459c6f5e5b9efae,0c6e1033ae1d1ff12459c6f5e5b9efae,derived,3a338ddb450c80c599dff86fc1090c64,done,9. September 2026 13:00 (MESZ) → 13:45,9. September 2026 13:00,,Workshop,https://app.notion.com/36638ddb450c80588feaea943786965f,DE,,45,,,,13:00,13:45,Yes,done,public,True,True,3a338ddb450c80c599dff86fc1090c64,assigned
9eee7b5977bce4378240e2db90057ffc,9eee7b5977bce4378240e2db90057ffc,derived,3a338ddb450c80c599dff86fc1090c64,done,9. September 2026 14:00 (MESZ) → 14:45,9. September 2026 14:00,,Workshop,https://app.notion.com/36638ddb450c80588feaea943786965f,DE,,45,,,,14:00,14:45,Yes,done,public,True,True,3a338ddb450c80c599dff86fc1090c64,assigned
6ea2f135771d3e9fff70511b83e6abaa,6ea2f135771d3e9fff70511b83e6abaa,derived,3a338ddb450c80c599dff86fc1090c64,done,10. September 2026 13:00 (MESZ) → 13:45,10. September 2026 13:00,,Workshop,https://app.notion.com/36638ddb450c80588feaea943786965f,DE,,45,,,,13:00,13:45,Yes,done,public,True,True,3a338ddb450c80c599dff86fc1090c64,assigned
089d2aab27e89d05f2194001f7be7cf0,089d2aab27e89d05f2194001f7be7cf0,derived,3a338ddb450c80c599dff86fc1090c64,done,10. September 2026 14:00 (MESZ) → 14:45,10. September 2026 14:00,,Workshop,https://app.notion.com/36638ddb450c80588feaea943786965f,DE,,45,,,,14:00,14:45,Yes,done,public,True,True,3a338ddb450c80c599dff86fc1090c64,assigned
d02acde6c95757d8cf25d774267bee59,d02acde6c95757d8cf25d774267bee59,derived,3a338ddb450c80c599dff86fc1090c64,done,11. September 2026 13:00 (MESZ) → 13:45,11. September 2026 13:00,,Workshop,https://app.notion.com/36638ddb450c80588feaea943786965f,DE,,45,,,,13:00,13:45,Yes,done,public,True,True,3a338ddb450c80c599dff86fc1090c64,assigned
a50f0a84217c9d06b5ba4252c13ac3b7,a50f0a84217c9d06b5ba4252c13ac3b7,derived,3a338ddb450c80c599dff86fc1090c64,done,11. September 2026 14:00 (MESZ) → 14:45,11. September 2026 14:00,,Workshop,https://app.notion.com/36638ddb450c80588feaea943786965f,DE,,45,,,,14:00,14:45,Yes,done,public,True,True,3a338ddb450c80c599dff86fc1090c64,assigned
9a3289531ea300916162495d2e1b8b00,9a3289531ea300916162495d2e1b8b00,derived,3a338ddb450c80c599dff86fc1090c64,done,12. September 2026 13:00 (MESZ) → 13:45,12. September 2026 13:00,,Workshop,https://app.notion.com/36638ddb450c80588feaea943786965f,DE,,45,,,,13:00,13:45,Yes,done,public,True,True,3a338ddb450c80c599dff86fc1090c64,assigned
85fb4a5148c10a3f05ec07db683a43fe,85fb4a5148c10a3f05ec07db683a43fe,derived,3a338ddb450c80c599dff86fc1090c64,done,12. September 2026 14:00 (MESZ) → 14:45,12. September 2026 14:00,,Workshop,https://app.notion.com/36638ddb450c80588feaea943786965f,DE,,45,,,,14:00,14:45,Yes,done,public,True,True,3a338ddb450c80c599dff86fc1090c64,assigned
f88831cc399d7002f355486e8e76f987,f88831cc399d7002f355486e8e76f987,derived,3a338ddb450c80c599dff86fc1090c64,done,13. September 2026 13:00 (MESZ) → 13:45,13. September 2026 13:00,,Workshop,https://app.notion.com/36638ddb450c80588feaea943786965f,DE,,45,,,,13:00,13:45,Yes,done,public,True,True,3a338ddb450c80c599dff86fc1090c64,assigned
3bc982a25f9d80f8b996eaf43399167d,3bc982a25f9d80f8b996eaf43399167d,derived,3a338ddb450c80c599dff86fc1090c64,done,13. September 2026 14:00 (MESZ) → 14:45,13. September 2026 14:00,,Workshop,https://app.notion.com/36638ddb450c80588feaea943786965f,DE,,45,,,,14:00,14:45,Yes,done,public,True,True,3a338ddb450c80c599dff86fc1090c64,assigned
3a338ddb450c80a584a7dfe21c8b52ad,3a338ddb450c80a584a7dfe21c8b52ad,notion,3a338ddb450c80ad9e5cd0e303c9c33b,done,11. September 2026 16:00 (MESZ) → 18:00,11. September 2026 16:00,,Networking Event,https://app.notion.com/38338ddb450c8012a9a7d5c91ea8980f,EN,,120,,,,16:00,18:00,No,done,public,True,True,3a338ddb450c80ad9e5cd0e303c9c33b,assigned
3a338ddb450c8007a516f3591a85648f,3a338ddb450c8007a516f3591a85648f,notion,3a338ddb450c8075a20fd7cb71e93b30,done,11. September 2026 13:00 (MESZ) → 15:00,11. September 2026 13:00,https://mailworx.marketingsuite.info/Form?frm=338ce4a8-9ea6-4782-b76f-a6c1835b45a7,Networking Event,https://app.notion.com/38338ddb450c8012a9a7d5c91ea8980f,EN,,120,,,,13:00,15:00,No,done,public,True,True,3a338ddb450c8075a20fd7cb71e93b30,assigned
92d71f448b9ab86a6b89a136a9cb0b79,92d71f448b9ab86a6b89a136a9cb0b79,derived,3a238ddb450c8181b372cef14fb5fd53,done,11. September 2026 13:00 (MESZ) → 14:00,11. September 2026 13:00,https://mailworx.marketingsuite.info/Form?frm=d23dda96-a015-4ea0-9589-6c0f6bc4e456,Performance,https://app.notion.com/3ac38ddb450c804bb451f52839215896,EN,,60,,,,13:00,14:00,Yes,done,public,True,True,3a238ddb450c8181b372cef14fb5fd53,assigned
3a338ddb450c804eb2bae9bdd6f1cb01,3a338ddb450c804eb2bae9bdd6f1cb01,notion,39138ddb450c80b39c11c0f58a6f5bd1,done,11. September 2026 12:00 (MESZ) → 13:00,11. September 2026 12:00,https://mailworx.marketingsuite.info/Form?frm=9409facb-52fd-40e5-8a5d-7e010fdc061b,Networking Event,https://app.notion.com/38338ddb450c8081a52ff7fe61e40298,EN,,60,,,,12:00,13:00,No,done,public,True,True,39138ddb450c80b39c11c0f58a6f5bd1,assigned
3a338ddb450c80b6929ef1efef2f751a,3a338ddb450c80b6929ef1efef2f751a,notion,39838ddb450c80b8a881d78d3458b576,done,12. September 2026 21:45 (MESZ) → 22:45,12. September 2026 21:45,,Performance,https://app.notion.com/34238ddb450c81388c73f87a46369f19,nonverbal,,60,,,,21:45,22:45,Yes,done,public,True,True,39838ddb450c80b8a881d78d3458b576,assigned
ec091eec114fc8e29a08fc5e1baacb95,ec091eec114fc8e29a08fc5e1baacb95,derived,3a238ddb450c8181b372cef14fb5fd53,done,11. September 2026 15:00 (MESZ) → 16:00,11. September 2026 15:00,https://mailworx.marketingsuite.info/Form?frm=8dea3413-c237-47ac-8a51-72dcdeac73aa,Performance,https://app.notion.com/3ac38ddb450c804bb451f52839215896,EN,,60,,,,15:00,16:00,Yes,done,public,True,True,3a238ddb450c8181b372cef14fb5fd53,assigned
a92157d4269ab72a9b2adf66d47266ed,a92157d4269ab72a9b2adf66d47266ed,derived,3a238ddb450c8181b372cef14fb5fd53,done,11. September 2026 16:30 (MESZ) → 17:30,11. September 2026 16:30,https://mailworx.marketingsuite.info/Form?frm=e1a02b65-3b8c-4a5d-9db2-f59c9094e1f5,Performance,https://app.notion.com/3ac38ddb450c804bb451f52839215896,EN,,60,,,,16:30,17:30,Yes,done,public,True,True,3a238ddb450c8181b372cef14fb5fd53,assigned
f5784b9c75ffe5ce321d8df2d0852085,f5784b9c75ffe5ce321d8df2d0852085,derived,39c38ddb450c80c295b7edef2533d8eb,done,13. September 2026 11:30 (MESZ) → 13:00,13. September 2026 11:15,https://kupfticket.com/events/expert-tours-ok-quarter-ea3633bf6b,Guided Tour,https://app.notion.com/3a438ddb450c8025acbcf7bc9663a06e,EN,15,90,,,,11:30,13:00,Yes,done,public,True,True,39c38ddb450c80c295b7edef2533d8eb,assigned
3a438ddb450c80f3bfa0ddcd8dc2a612,3a438ddb450c80f3bfa0ddcd8dc2a612,notion,39d38ddb450c81878459e5d6e6336984,done,13. September 2026 13:30 (MESZ) → 14:00,13. September 2026 13:30,https://mailworx.marketingsuite.info/Form?ev=c733f3ca-eacf-452b-8ed4-ccd0b4fca021,Experience,https://app.notion.com/34238ddb450c817fb09ef2747f5a3dcc,EN,,30,,,,13:30,14:00,No,done,public,True,True,39d38ddb450c81878459e5d6e6336984,assigned
454e8670bf24eafe28515fd264f3de33,454e8670bf24eafe28515fd264f3de33,derived,3a338ddb450c80dc9c4eefd462906fe7,done,9. September 2026 15:00 (MESZ) → 19:00,9. September 2026 15:00,,Concert,https://app.notion.com/36638ddb450c80588feaea943786965f,nonverbal,,240,,,,15:00,19:00,Yes,done,public,True,True,3a338ddb450c80dc9c4eefd462906fe7,assigned
bacc469d0ee6a9230a2352ef69de17e8,bacc469d0ee6a9230a2352ef69de17e8,derived,3a338ddb450c80b88eb8e146faecdb5b,done,10. September 2026 17:00 (MESZ) → 17:35,10. September 2026 17:00,,Concert,https://app.notion.com/36638ddb450c80588feaea943786965f,nonverbal,,35,,,,17:00,17:35,Yes,done,public,True,True,3a338ddb450c80b88eb8e146faecdb5b,assigned
a25439f7f863dad5081f5a412b33bab0,a25439f7f863dad5081f5a412b33bab0,derived,37b38ddb450c815a9cc0ebed8dfd2628,done,11. September 2026 10:30 (MESZ) → 11:30,11. September 2026 10:30,https://mailworx.marketingsuite.info/Form?ev=bf74e4c5-b6b5-4987-a3f6-478628e25603,Experience,https://app.notion.com/34238ddb450c817fb09ef2747f5a3dcc,EN,,60,,,,10:30,11:30,No,done,public,True,True,37b38ddb450c815a9cc0ebed8dfd2628,assigned
52dc4e5fecd3e5f9f30b9a15a410a08c,52dc4e5fecd3e5f9f30b9a15a410a08c,derived,37b38ddb450c815a9cc0ebed8dfd2628,done,13. September 2026 12:00 (MESZ) → 13:00,13. September 2026 12:00,https://mailworx.marketingsuite.info/Form?ev=44b2fbbe-359a-4969-b15f-dedb44ed849c,Experience,https://app.notion.com/34238ddb450c817fb09ef2747f5a3dcc,EN,,60,,,,12:00,13:00,No,done,public,True,True,37b38ddb450c815a9cc0ebed8dfd2628,assigned
028da583eefd28ad7a5fc8e1cd693644,028da583eefd28ad7a5fc8e1cd693644,derived,3a438ddb450c8064afbaf2f7cd324cbd,done,11. September 2026 10:00 (MESZ) → 10:30,11. September 2026 10:00,https://mailworx.marketingsuite.info/Form?ev=0714e3b0-ecaa-438e-8b01-53fd34345184,Experience,https://app.notion.com/34238ddb450c817fb09ef2747f5a3dcc,"DE,EN",,30,,,,10:00,10:30,No,done,public,True,True,3a438ddb450c8064afbaf2f7cd324cbd,assigned
172f8a5c547dd286625e67ba67ddedab,172f8a5c547dd286625e67ba67ddedab,derived,3a438ddb450c8064afbaf2f7cd324cbd,done,10. September 2026 10:00 (MESZ) → 10:30,10. September 2026 10:00,https://mailworx.marketingsuite.info/Form?ev=d3587b70-2ac4-41d0-bf57-51788e24f38d,Experience,https://app.notion.com/34238ddb450c817fb09ef2747f5a3dcc,"DE,EN",,30,,,,10:00,10:30,No,done,public,True,True,3a438ddb450c8064afbaf2f7cd324cbd,assigned
9c72748a32db0158066e964c4a706759,9c72748a32db0158066e964c4a706759,derived,3a438ddb450c8064afbaf2f7cd324cbd,done,12. September 2026 10:00 (MESZ) → 10:30,12. September 2026 10:00,https://mailworx.marketingsuite.info/Form?ev=084011bd-e0d3-4e38-aa3d-c070fd82631f,Experience,https://app.notion.com/34238ddb450c817fb09ef2747f5a3dcc,"DE,EN",,30,,,,10:00,10:30,No,done,public,True,True,3a438ddb450c8064afbaf2f7cd324cbd,assigned
d07eb8b1de1bea3f466e86336dde2a72,d07eb8b1de1bea3f466e86336dde2a72,derived,3a438ddb450c8064afbaf2f7cd324cbd,done,13. September 2026 10:00 (MESZ) → 10:30,13. September 2026 10:00,https://mailworx.marketingsuite.info/Form?ev=6108bec3-e6a1-4535-97ba-5da2499a8103,Experience,https://app.notion.com/34238ddb450c817fb09ef2747f5a3dcc,"DE,EN",,30,,,,10:00,10:30,No,done,public,True,True,3a438ddb450c8064afbaf2f7cd324cbd,assigned
3fd59cb2a7b8c018c1c763447366817b,3fd59cb2a7b8c018c1c763447366817b,derived,3a438ddb450c8064afbaf2f7cd324cbd,done,9. September 2026 13:00 (MESZ) → 13:30,9. September 2026 13:00,https://mailworx.marketingsuite.info/Form?ev=20fe706e-b73d-4682-a516-8723a5a6f084,Experience,https://app.notion.com/34238ddb450c817fb09ef2747f5a3dcc,"DE,EN",,30,,,,13:00,13:30,No,done,public,True,True,3a438ddb450c8064afbaf2f7cd324cbd,assigned
440f65664ea9d108bd5d01bcd6e43055,440f65664ea9d108bd5d01bcd6e43055,derived,3a438ddb450c8064afbaf2f7cd324cbd,done,10. September 2026 13:00 (MESZ) → 13:30,10. September 2026 13:00,https://mailworx.marketingsuite.info/Form?ev=8143e46a-ba35-49bc-b1fc-1df220c22d90,Experience,https://app.notion.com/34238ddb450c817fb09ef2747f5a3dcc,"DE,EN",,30,,,,13:00,13:30,No,done,public,True,True,3a438ddb450c8064afbaf2f7cd324cbd,assigned
777d06d559b3bd2f57d5d4a3a3768ee6,777d06d559b3bd2f57d5d4a3a3768ee6,derived,3a438ddb450c8064afbaf2f7cd324cbd,done,11. September 2026 13:00 (MESZ) → 13:30,11. September 2026 13:00,https://mailworx.marketingsuite.info/Form?ev=a5705b69-a86d-40fe-bf54-783189d394db,Experience,https://app.notion.com/34238ddb450c817fb09ef2747f5a3dcc,"DE,EN",,30,,,,13:00,13:30,No,done,public,True,True,3a438ddb450c8064afbaf2f7cd324cbd,assigned
0e973d831f915bd136cbed754983909c,0e973d831f915bd136cbed754983909c,derived,3a438ddb450c8064afbaf2f7cd324cbd,done,13. September 2026 13:00 (MESZ) → 13:30,13. September 2026 13:00,https://mailworx.marketingsuite.info/Form?ev=3306c83c-586a-43d6-8b68-facba8064a8e,Experience,https://app.notion.com/34238ddb450c817fb09ef2747f5a3dcc,"DE,EN",,30,,,,13:00,13:30,No,done,public,True,True,3a438ddb450c8064afbaf2f7cd324cbd,assigned
3e6f5c15c593e8ab1068a2ff43300fea,3e6f5c15c593e8ab1068a2ff43300fea,derived,3a438ddb450c8064afbaf2f7cd324cbd,done,13. September 2026 11:30 (MESZ) → 12:00,13. September 2026 11:30,https://mailworx.marketingsuite.info/Form?ev=8669a703-d7d5-47b4-99ce-86bff73217ac,Experience,https://app.notion.com/34238ddb450c817fb09ef2747f5a3dcc,"DE,EN",,30,,,,11:30,12:00,No,done,public,True,True,3a438ddb450c8064afbaf2f7cd324cbd,assigned
c41bf4a165f036f735b169dbf8dfd2aa,c41bf4a165f036f735b169dbf8dfd2aa,derived,3a438ddb450c8064afbaf2f7cd324cbd,done,13. September 2026 14:00 (MESZ) → 14:30,13. September 2026 14:00,https://mailworx.marketingsuite.info/Form?ev=e266bf80-8b76-4517-ac21-b3f4b2a25553,Experience,https://app.notion.com/34238ddb450c817fb09ef2747f5a3dcc,"DE,EN",,30,,,,14:00,14:30,No,done,public,True,True,3a438ddb450c8064afbaf2f7cd324cbd,assigned
07463f756e71d0cbcfb74ddfc9b80ac2,07463f756e71d0cbcfb74ddfc9b80ac2,derived,3a438ddb450c8064afbaf2f7cd324cbd,done,13. September 2026 15:30 (MESZ) → 16:00,13. September 2026 15:30,https://mailworx.marketingsuite.info/Form?ev=2eae763c-fd49-438f-8389-4cf5d20e0494,Experience,https://app.notion.com/34238ddb450c817fb09ef2747f5a3dcc,"DE,EN",,30,,,,15:30,16:00,No,done,public,True,True,3a438ddb450c8064afbaf2f7cd324cbd,assigned
eefc31955cbda8e37f3c79472108823e,eefc31955cbda8e37f3c79472108823e,derived,3a438ddb450c8064afbaf2f7cd324cbd,done,13. September 2026 17:30 (MESZ) → 18:00,13. September 2026 17:30,https://mailworx.marketingsuite.info/Form?ev=04986bb7-debd-4a02-81be-bc9847180455,Experience,https://app.notion.com/34238ddb450c817fb09ef2747f5a3dcc,"DE,EN",,30,,,,17:30,18:00,No,done,public,True,True,3a438ddb450c8064afbaf2f7cd324cbd,assigned
94d864a29d159d90ca51d954580257a9,94d864a29d159d90ca51d954580257a9,derived,3a438ddb450c8064afbaf2f7cd324cbd,done,12. September 2026 14:00 (MESZ) → 14:30,12. September 2026 14:00,https://mailworx.marketingsuite.info/Form?ev=111db996-024d-4319-bae3-690f3697c775,Experience,https://app.notion.com/34238ddb450c817fb09ef2747f5a3dcc,"DE,EN",,30,,,,14:00,14:30,No,done,public,True,True,3a438ddb450c8064afbaf2f7cd324cbd,assigned
d7001e7afe2341207458885413346dbd,d7001e7afe2341207458885413346dbd,derived,3a438ddb450c8064afbaf2f7cd324cbd,done,12. September 2026 15:30 (MESZ) → 16:00,12. September 2026 15:30,https://mailworx.marketingsuite.info/Form?ev=d134d334-d97c-49aa-93d8-c0f488a5d2ac,Experience,https://app.notion.com/34238ddb450c817fb09ef2747f5a3dcc,"DE,EN",,30,,,,15:30,16:00,No,done,public,True,True,3a438ddb450c8064afbaf2f7cd324cbd,assigned
cf3fa29a59b2b9c8a26d956c16ae9d49,cf3fa29a59b2b9c8a26d956c16ae9d49,derived,3a438ddb450c8064afbaf2f7cd324cbd,done,12. September 2026 18:00 (MESZ) → 18:30,12. September 2026 18:00,https://mailworx.marketingsuite.info/Form?ev=fac0e199-3925-424b-8bbc-872b295e7eb7,Experience,https://app.notion.com/34238ddb450c817fb09ef2747f5a3dcc,"DE,EN",,30,,,,18:00,18:30,No,done,public,True,True,3a438ddb450c8064afbaf2f7cd324cbd,assigned
f0be3587a41e18a9f10dabbd94ecfa7c,f0be3587a41e18a9f10dabbd94ecfa7c,derived,3a438ddb450c8064afbaf2f7cd324cbd,done,11. September 2026 12:00 (MESZ) → 12:30,11. September 2026 12:00,https://mailworx.marketingsuite.info/Form?ev=42f96221-5334-46f7-a118-06f6b5ea964f,Experience,https://app.notion.com/34238ddb450c817fb09ef2747f5a3dcc,"DE,EN",,30,,,,12:00,12:30,No,done,public,True,True,3a438ddb450c8064afbaf2f7cd324cbd,assigned
d16a2353ba76e39d94def5611c534e54,d16a2353ba76e39d94def5611c534e54,derived,3a438ddb450c8064afbaf2f7cd324cbd,done,11. September 2026 18:00 (MESZ) → 18:30,11. September 2026 18:00,https://mailworx.marketingsuite.info/Form?ev=77c1e5d3-7c94-4bad-b1b9-5ddb160d5966,Experience,https://app.notion.com/34238ddb450c817fb09ef2747f5a3dcc,"DE,EN",,30,,,,18:00,18:30,No,done,public,True,True,3a438ddb450c8064afbaf2f7cd324cbd,assigned
2e8d70ac0014e1c6f64e414af010e017,2e8d70ac0014e1c6f64e414af010e017,derived,3a438ddb450c8064afbaf2f7cd324cbd,done,10. September 2026 12:00 (MESZ) → 12:30,10. September 2026 12:00,https://mailworx.marketingsuite.info/Form?ev=f32e4a83-658a-4d67-ba9e-b5117e9b26e1,Experience,https://app.notion.com/34238ddb450c817fb09ef2747f5a3dcc,"DE,EN",,30,,,,12:00,12:30,No,done,public,True,True,3a438ddb450c8064afbaf2f7cd324cbd,assigned
09456a8681c39720007b01b4c5728ead,09456a8681c39720007b01b4c5728ead,derived,3a438ddb450c8064afbaf2f7cd324cbd,done,10. September 2026 14:30 (MESZ) → 15:00,10. September 2026 14:30,https://mailworx.marketingsuite.info/Form?ev=90de51e2-afc4-4b3d-b1c7-208ed6693f3a,Experience,https://app.notion.com/34238ddb450c817fb09ef2747f5a3dcc,"DE,EN",,30,,,,14:30,15:00,No,done,public,True,True,3a438ddb450c8064afbaf2f7cd324cbd,assigned
5a34fa743b8f5666609cbe5ab92b33c7,5a34fa743b8f5666609cbe5ab92b33c7,derived,3a438ddb450c8064afbaf2f7cd324cbd,done,10. September 2026 15:30 (MESZ) → 16:00,10. September 2026 15:30,https://mailworx.marketingsuite.info/Form?ev=e31ba610-3351-4258-86f2-b1575e70278d,Experience,https://app.notion.com/34238ddb450c817fb09ef2747f5a3dcc,"DE,EN",,30,,,,15:30,16:00,No,done,public,True,True,3a438ddb450c8064afbaf2f7cd324cbd,assigned
82da2cf8f4e3b2aac366e9aea0c5bc17,82da2cf8f4e3b2aac366e9aea0c5bc17,derived,3a438ddb450c8064afbaf2f7cd324cbd,done,10. September 2026 17:30 (MESZ) → 18:00,10. September 2026 17:30,https://mailworx.marketingsuite.info/Form?ev=fc3df564-818c-4e9f-a18d-fabb5382c303,Experience,https://app.notion.com/34238ddb450c817fb09ef2747f5a3dcc,"DE,EN",,30,,,,17:30,18:00,No,done,public,True,True,3a438ddb450c8064afbaf2f7cd324cbd,assigned
2689ddea73dd82289c368ea4ce99457f,2689ddea73dd82289c368ea4ce99457f,derived,3a438ddb450c8064afbaf2f7cd324cbd,done,9. September 2026 11:30 (MESZ) → 12:00,9. September 2026 11:30,https://mailworx.marketingsuite.info/Form?ev=1c91bb9a-0ef5-48a2-9a93-33d73e38a887,Experience,https://app.notion.com/34238ddb450c817fb09ef2747f5a3dcc,"DE,EN",,30,,,,11:30,12:00,No,done,public,True,True,3a438ddb450c8064afbaf2f7cd324cbd,assigned
45420c301504315e1a8233ba06b71dc9,45420c301504315e1a8233ba06b71dc9,derived,3a438ddb450c8064afbaf2f7cd324cbd,done,9. September 2026 14:00 (MESZ) → 14:30,9. September 2026 14:00,https://mailworx.marketingsuite.info/Form?ev=2298e28a-74a1-4548-b75a-7776789cd3f2,Experience,https://app.notion.com/34238ddb450c817fb09ef2747f5a3dcc,"DE,EN",,30,,,,14:00,14:30,No,done,public,True,True,3a438ddb450c8064afbaf2f7cd324cbd,assigned
e9029dce843361b4149616f05d9b3373,e9029dce843361b4149616f05d9b3373,derived,3a438ddb450c8064afbaf2f7cd324cbd,done,9. September 2026 15:00 (MESZ) → 15:30,9. September 2026 15:00,https://mailworx.marketingsuite.info/Form?ev=682ea49d-37e4-4f08-b763-f537f24b2af1,Experience,https://app.notion.com/34238ddb450c817fb09ef2747f5a3dcc,"DE,EN",,30,,,,15:00,15:30,No,done,public,True,True,3a438ddb450c8064afbaf2f7cd324cbd,assigned
bc6bfe9cea09406ab4b6fac6f739a1b5,bc6bfe9cea09406ab4b6fac6f739a1b5,derived,3a438ddb450c8064afbaf2f7cd324cbd,done,9. September 2026 16:30 (MESZ) → 17:00,9. September 2026 16:30,https://mailworx.marketingsuite.info/Form?ev=154ab008-34c3-448d-a145-90814a5fdf8c,Experience,https://app.notion.com/34238ddb450c817fb09ef2747f5a3dcc,"DE,EN",,30,,,,16:30,17:00,No,done,public,True,True,3a438ddb450c8064afbaf2f7cd324cbd,assigned
f66cc6b0015d992e4e723f8a0c4582a9,f66cc6b0015d992e4e723f8a0c4582a9,derived,3a438ddb450c8064afbaf2f7cd324cbd,done,9. September 2026 18:00 (MESZ) → 18:30,9. September 2026 18:00,https://mailworx.marketingsuite.info/Form?ev=c8b5c6f8-b2ac-4521-8437-d74b7700874b,Experience,https://app.notion.com/34238ddb450c817fb09ef2747f5a3dcc,"DE,EN",,30,,,,18:00,18:30,No,done,public,True,True,3a438ddb450c8064afbaf2f7cd324cbd,assigned
6088fc67bec62d9956ea65adbb5952f0,6088fc67bec62d9956ea65adbb5952f0,derived,39038ddb450c805f97a1c108437ce7d8,done,13. September 2026 10:30 (MESZ) → 11:00,13. September 2026 10:30,https://mailworx.marketingsuite.info/Form?ev=356f63b6-88dc-479a-8f17-9d1588d5ad6c,Experience,https://app.notion.com/34238ddb450c817fb09ef2747f5a3dcc,"DE,EN",,30,,,,10:30,11:00,No,done,public,True,True,39038ddb450c805f97a1c108437ce7d8,assigned
f3a232d4cd647cf6e76f9d2a1c34aeaf,f3a232d4cd647cf6e76f9d2a1c34aeaf,derived,39038ddb450c805f97a1c108437ce7d8,done,12. September 2026 16:30 (MESZ) → 17:30,12. September 2026 16:30,https://mailworx.marketingsuite.info/Form?ev=a869edef-b820-46bf-b13a-ecae8364ff2c,Experience,https://app.notion.com/34238ddb450c817fb09ef2747f5a3dcc,"DE,EN",,60,,,,16:30,17:30,No,done,public,True,True,39038ddb450c805f97a1c108437ce7d8,assigned
86ab8cf7ed3d5fe508a8ad393d9ea990,86ab8cf7ed3d5fe508a8ad393d9ea990,derived,39038ddb450c805f97a1c108437ce7d8,done,11. September 2026 14:00 (MESZ) → 14:30,11. September 2026 14:00,https://mailworx.marketingsuite.info/Form?ev=d74792e1-2920-4a8e-8f92-1f161d89274c,Experience,https://app.notion.com/34238ddb450c817fb09ef2747f5a3dcc,"DE,EN",,30,,,,14:00,14:30,No,done,public,True,True,39038ddb450c805f97a1c108437ce7d8,assigned
bdd0f390a1a03a1682ee05fa067942f7,bdd0f390a1a03a1682ee05fa067942f7,derived,39038ddb450c805f97a1c108437ce7d8,done,10. September 2026 14:00 (MESZ) → 14:30,10. September 2026 14:00,https://mailworx.marketingsuite.info/Form?ev=e7b6f401-8065-48a2-9085-5d03738bfcf3,Experience,https://app.notion.com/34238ddb450c817fb09ef2747f5a3dcc,"DE,EN",,30,,,,14:00,14:30,No,done,public,True,True,39038ddb450c805f97a1c108437ce7d8,assigned
91bfbe688d77d3ea669b3556816c5bb9,91bfbe688d77d3ea669b3556816c5bb9,derived,39038ddb450c805f97a1c108437ce7d8,done,9. September 2026 12:30 (MESZ) → 13:00,9. September 2026 12:30,https://mailworx.marketingsuite.info/Form?ev=7e811b3b-c371-4340-9db5-7efda3b67ccc,Experience,https://app.notion.com/34238ddb450c817fb09ef2747f5a3dcc,"DE,EN",,30,,,,12:30,13:00,No,done,public,True,True,39038ddb450c805f97a1c108437ce7d8,assigned
14e0608fe193c7255e739101bd46a484,14e0608fe193c7255e739101bd46a484,derived,39538ddb450c80cf95b7ca71aea39e0a,done,11. September 2026 16:00 (MESZ) → 16:30,11. September 2026 16:00,https://mailworx.marketingsuite.info/Form?ev=abf1c80a-6d93-4803-a8e3-b6bf6990de29,Experience,https://app.notion.com/34238ddb450c817fb09ef2747f5a3dcc,"DE,EN",,30,,,,16:00,16:30,No,done,public,True,True,39538ddb450c80cf95b7ca71aea39e0a,assigned
474264ae715e7814bb843a603383509d,474264ae715e7814bb843a603383509d,derived,39538ddb450c80cf95b7ca71aea39e0a,done,10. September 2026 10:30 (MESZ) → 11:00,10. September 2026 10:30,https://mailworx.marketingsuite.info/Form?ev=fd417ecc-d7c2-41c7-9ac6-8e965972d652,Experience,https://app.notion.com/34238ddb450c817fb09ef2747f5a3dcc,"DE,EN",,30,,,,10:30,11:00,No,done,public,True,True,39538ddb450c80cf95b7ca71aea39e0a,assigned
54623df8a98f04eade0f5e5e6d021bc5,54623df8a98f04eade0f5e5e6d021bc5,derived,39538ddb450c80cf95b7ca71aea39e0a,done,9. September 2026 12:00 (MESZ) → 12:30,9. September 2026 12:00,https://mailworx.marketingsuite.info/Form?ev=7c229d21-aaf2-4bfe-844b-0963d9d9a988,Experience,https://app.notion.com/34238ddb450c817fb09ef2747f5a3dcc,"DE,EN",,30,,,,12:00,12:30,No,done,public,True,True,39538ddb450c80cf95b7ca71aea39e0a,assigned
6cbe76ca8f7c2bf8d59ccc246c120f5b,6cbe76ca8f7c2bf8d59ccc246c120f5b,derived,39038ddb450c808583ede17db20b07cf,done,9. September 2026 18:30 (MESZ) → 19:00,9. September 2026 18:30,https://mailworx.marketingsuite.info/Form?ev=6f02b38b-f563-48dd-911c-5b23a0e0ef24,Experience,https://app.notion.com/34238ddb450c817fb09ef2747f5a3dcc,EN,,30,,,,18:30,19:00,No,done,public,True,True,39038ddb450c808583ede17db20b07cf,assigned
ba1ade84303597a2f02551366de8395f,ba1ade84303597a2f02551366de8395f,derived,39038ddb450c808583ede17db20b07cf,done,12. September 2026 17:30 (MESZ) → 18:00,12. September 2026 17:30,https://mailworx.marketingsuite.info/Form?ev=f180a7b7-0257-47cd-813c-23697caa151a,Experience,https://app.notion.com/34238ddb450c817fb09ef2747f5a3dcc,EN,,30,,,,17:30,18:00,No,done,public,True,True,39038ddb450c808583ede17db20b07cf,assigned
adc4d311989dab37a0ac290b6638404e,adc4d311989dab37a0ac290b6638404e,derived,39038ddb450c808583ede17db20b07cf,done,13. September 2026 17:00 (MESZ) → 17:30,13. September 2026 17:00,https://mailworx.marketingsuite.info/Form?ev=cf7b0152-e749-4ba7-a8a2-149a439d391d,Experience,https://app.notion.com/34238ddb450c817fb09ef2747f5a3dcc,EN,,30,,,,17:00,17:30,No,done,public,True,True,39038ddb450c808583ede17db20b07cf,assigned
7afef32096eb4d92a605989e69fbf155,7afef32096eb4d92a605989e69fbf155,derived,38238ddb450c815fa272d74c73cd62e0,done,11. September 2026 16:30 (MESZ) → 17:00,11. September 2026 16:30,https://mailworx.marketingsuite.info/Form?ev=f3d2fd58-85de-4a52-85e2-a91d4864d54b,Screening,https://app.notion.com/34238ddb450c817fb09ef2747f5a3dcc,EN,,30,,,,16:30,17:00,No,done,public,True,True,38238ddb450c815fa272d74c73cd62e0,assigned
68ce976d8e6c8b7712af30cb1ff4769e,68ce976d8e6c8b7712af30cb1ff4769e,derived,3a038ddb450c8171a61dc48994551e49,done,10. September 2026 12:30 (MESZ) → 13:00,10. September 2026 12:30,https://mailworx.marketingsuite.info/Form?ev=6016f836-011a-4c6f-b6dc-9021f0059298,Lecture & Talk,https://app.notion.com/34238ddb450c817fb09ef2747f5a3dcc,EN,,30,,,,12:30,13:00,No,done,public,True,True,3a038ddb450c8171a61dc48994551e49,assigned
e8505c4a7a7b6624d550b310932be139,e8505c4a7a7b6624d550b310932be139,derived,38d38ddb450c81b1b50cff759475496a,done,10. September 2026 15:00 (MESZ) → 15:30,10. September 2026 15:00,https://mailworx.marketingsuite.info/Form?ev=1266007e-5072-4204-b69e-fa1e05bb5d3f,Experience,https://app.notion.com/34238ddb450c817fb09ef2747f5a3dcc,EN,,30,,,,15:00,15:30,No,done,public,True,True,38d38ddb450c81b1b50cff759475496a,assigned
559a6263c83f8f351e8030e1fe71695e,559a6263c83f8f351e8030e1fe71695e,derived,39038ddb450c8017aa13f8d29d50a69a,done,9. September 2026 14:30 (MESZ) → 15:00,9. September 2026 14:30,https://mailworx.marketingsuite.info/Form?ev=69400f90-ba98-4695-ae7d-edca97928676,Experience,https://app.notion.com/34238ddb450c817fb09ef2747f5a3dcc,"DE,EN",,30,,,,14:30,15:00,No,done,public,True,True,39038ddb450c8017aa13f8d29d50a69a,assigned
3a438ddb450c8030b5a9e9df53b84742,3a438ddb450c8030b5a9e9df53b84742,notion,38f38ddb450c81ac9b50d75577230360,done,10. September 2026 16:00 (MESZ) → 16:30,10. September 2026 16:00,https://mailworx.marketingsuite.info/Form?ev=a5b91701-7f97-4013-b55a-0418496124b3,Performance,https://app.notion.com/34238ddb450c817fb09ef2747f5a3dcc,EN,,30,,,,16:00,16:30,No,done,public,True,True,38f38ddb450c81ac9b50d75577230360,assigned
00650024c44e328afbea6b9ebb3339d3,00650024c44e328afbea6b9ebb3339d3,derived,39038ddb450c8017aa13f8d29d50a69a,done,11. September 2026 14:30 (MESZ) → 15:30,11. September 2026 14:30,https://mailworx.marketingsuite.info/Form?ev=73eb1752-2e93-480b-b7fd-35892b5488c4,Experience,https://app.notion.com/34238ddb450c817fb09ef2747f5a3dcc,"DE,EN",,60,,,,14:30,15:30,No,done,public,True,True,39038ddb450c8017aa13f8d29d50a69a,assigned
00f64d52fec1ef887db5c4c4b1c54cc9,00f64d52fec1ef887db5c4c4b1c54cc9,derived,38d38ddb450c81b1b50cff759475496a,done,12. September 2026 12:00 (MESZ) → 12:30,12. September 2026 12:00,https://mailworx.marketingsuite.info/Form?ev=f58d06c2-8c62-4d0b-8c6d-57b5e0e0c930,Experience,https://app.notion.com/34238ddb450c817fb09ef2747f5a3dcc,EN,,30,,,,12:00,12:30,No,done,public,True,True,38d38ddb450c81b1b50cff759475496a,assigned
eb196f015754e867b7efed233d785bf4,eb196f015754e867b7efed233d785bf4,derived,38f38ddb450c81f7850ff2844e7bccd6,done,11. September 2026 11:30 (MESZ) → 12:00,11. September 2026 11:30,https://mailworx.marketingsuite.info/Form?ev=dbfbda80-8ca6-402c-b208-4a7fa2828703,Screening,https://app.notion.com/34238ddb450c817fb09ef2747f5a3dcc,EN,,30,,,,11:30,12:00,No,done,public,True,True,38f38ddb450c81f7850ff2844e7bccd6,assigned
b219a82c7c79c91e3cfdfbca5316005b,b219a82c7c79c91e3cfdfbca5316005b,derived,39238ddb450c814ea5f9f798db70295c,done,11. September 2026 12:30 (MESZ) → 13:00,11. September 2026 12:30,https://mailworx.marketingsuite.info/Form?ev=6e030317-2493-4d49-b92d-ae0995f7bcd7,Experience,https://app.notion.com/34238ddb450c817fb09ef2747f5a3dcc,EN,,30,,,,12:30,13:00,No,done,public,True,True,39238ddb450c814ea5f9f798db70295c,assigned
528ec5d373ddebbd01f393a1ff7f39ac,528ec5d373ddebbd01f393a1ff7f39ac,derived,38438ddb450c81c2afdaddd9e3b72fa7,done,12. September 2026 15:00 (MESZ) → 15:30,12. September 2026 15:00,https://mailworx.marketingsuite.info/Form?ev=bd8dd30f-5578-4cd9-a6d8-c33aaaf75d09,Experience,https://app.notion.com/34238ddb450c817fb09ef2747f5a3dcc,EN,,30,,,,15:00,15:30,No,done,public,True,True,38438ddb450c81c2afdaddd9e3b72fa7,assigned
c0b4dbc815116f7ebeb8f27221ea040b,c0b4dbc815116f7ebeb8f27221ea040b,derived,38438ddb450c81c2afdaddd9e3b72fa7,done,11. September 2026 13:30 (MESZ) → 14:00,11. September 2026 13:30,https://mailworx.marketingsuite.info/Form?ev=404462fa-649e-4c47-8698-03289416869e,Experience,https://app.notion.com/34238ddb450c817fb09ef2747f5a3dcc,EN,,30,,,,13:30,14:00,No,done,public,True,True,38438ddb450c81c2afdaddd9e3b72fa7,assigned
3a438ddb450c8016ba50f27271e09ebb,3a438ddb450c8016ba50f27271e09ebb,notion,39738ddb450c80d58e91c6e9de64cc5e,done,11. September 2026 15:30 (MESZ) → 16:00,11. September 2026 15:30,https://mailworx.marketingsuite.info/Form?ev=a7811386-7887-4d5e-83c7-0452d775547e,Experience,https://app.notion.com/34238ddb450c817fb09ef2747f5a3dcc,EN,,30,,,,15:30,16:00,No,done,public,True,True,39738ddb450c80d58e91c6e9de64cc5e,assigned
3a438ddb450c8012a3b1c16af3e0d4cd,3a438ddb450c8012a3b1c16af3e0d4cd,notion,39738ddb450c809eb1ebc30a82ee8213,done,11. September 2026 18:30 (MESZ) → 19:30,11. September 2026 18:30,https://mailworx.marketingsuite.info/Form?ev=1ef414c9-c987-45c3-b60e-1575c272e580,Experience,https://app.notion.com/34238ddb450c817fb09ef2747f5a3dcc,EN,,60,,,,18:30,19:30,No,done,public,True,True,39738ddb450c809eb1ebc30a82ee8213,assigned
d3fbd48d9a0ab01b6a03a607e2510c8a,d3fbd48d9a0ab01b6a03a607e2510c8a,derived,39238ddb450c814ea5f9f798db70295c,done,12. September 2026 13:00 (MESZ) → 13:30,12. September 2026 13:00,https://mailworx.marketingsuite.info/Form?ev=0b105ec0-eebf-4aee-b533-63e1378bf1ab,Experience,https://app.notion.com/34238ddb450c817fb09ef2747f5a3dcc,EN,,30,,,,13:00,13:30,No,done,public,True,True,39238ddb450c814ea5f9f798db70295c,assigned
1a2824301e120ca6339136b21f92b1e9,1a2824301e120ca6339136b21f92b1e9,derived,38f38ddb450c81f7850ff2844e7bccd6,done,10. September 2026 18:00 (MESZ) → 18:30,10. September 2026 18:00,https://mailworx.marketingsuite.info/Form?ev=082949ed-ae6e-43d6-8643-07434516e100,Screening,https://app.notion.com/34238ddb450c817fb09ef2747f5a3dcc,EN,,30,,,,18:00,18:30,No,done,public,True,True,38f38ddb450c81f7850ff2844e7bccd6,assigned
3a438ddb450c8055aaebdae5e7edeaf0,3a438ddb450c8055aaebdae5e7edeaf0,notion,39138ddb450c813894d6c80a2d176bcd,done,10. September 2026 19:00 (MESZ) → 19:30,10. September 2026 19:00,https://mailworx.marketingsuite.info/Form?ev=9334090c-7ed4-4973-ad9b-5c0b6b4d0256,Performance,https://app.notion.com/34238ddb450c817fb09ef2747f5a3dcc,EN,,30,,,,19:00,19:30,No,done,public,True,True,39138ddb450c813894d6c80a2d176bcd,assigned
3a438ddb450c803ab78ae9402294a53e,3a438ddb450c803ab78ae9402294a53e,notion,38e38ddb450c8108937ace74543497c8,done,10. September 2026 20:00 (MESZ) → 20:30,10. September 2026 20:00,https://mailworx.marketingsuite.info/Form?ev=0a23c990-8ed4-4210-a5fc-bf94200a3e6a,Performance,https://app.notion.com/34238ddb450c817fb09ef2747f5a3dcc,EN,,30,,,,20:00,20:30,No,done,public,True,True,38e38ddb450c8108937ace74543497c8,assigned
3a438ddb450c8052b42fd7d27c96dd5e,3a438ddb450c8052b42fd7d27c96dd5e,notion,39d38ddb450c8148aa6de01eede743e2,done,9. September 2026 19:30 (MESZ) → 20:00,9. September 2026 19:30,https://mailworx.marketingsuite.info/Form?ev=e3fc4c8c-ef2a-4edd-a167-01776049f725,Performance,https://app.notion.com/34238ddb450c817fb09ef2747f5a3dcc,EN,,30,,,,19:30,20:00,No,done,public,True,True,39d38ddb450c8148aa6de01eede743e2,assigned
3a438ddb450c807ebe90ca76b8de9ffb,3a438ddb450c807ebe90ca76b8de9ffb,notion,3a338ddb450c8193b667deec448c483f,done,9. September 2026 11:00 (MESZ) → 11:30,9. September 2026 11:00,https://mailworx.marketingsuite.info/Form?ev=ddea3dbc-9577-4307-831c-184c3d38854a,Lecture & Talk,https://app.notion.com/34238ddb450c817fb09ef2747f5a3dcc,EN,,30,,,,11:00,11:30,No,done,public,True,True,3a338ddb450c8193b667deec448c483f,assigned
f08a0394c097ca9a145d907e349f3d3d,f08a0394c097ca9a145d907e349f3d3d,derived,38e38ddb450c8121bdead6947c2afd1a,done,10. September 2026 16:30 (MESZ) → 17:30,10. September 2026 16:30,https://mailworx.marketingsuite.info/Form?ev=c0c8c825-5c5b-42de-9973-0c7477d34e03,Screening,https://app.notion.com/34238ddb450c817fb09ef2747f5a3dcc,EN,,60,,,,16:30,17:30,No,done,public,True,True,38e38ddb450c8121bdead6947c2afd1a,assigned
14b989fdde08f09fde607083f8d8cb94,14b989fdde08f09fde607083f8d8cb94,derived,38e38ddb450c8121bdead6947c2afd1a,done,13. September 2026 16:00 (MESZ) → 17:00,13. September 2026 16:00,https://mailworx.marketingsuite.info/Form?ev=feb2924b-8c6f-481d-a703-b2522b49c0ae,Screening,https://app.notion.com/34238ddb450c817fb09ef2747f5a3dcc,EN,,60,,,,16:00,17:00,No,done,public,True,True,38e38ddb450c8121bdead6947c2afd1a,assigned
3a438ddb450c80e98061e1a9e98a734f,3a438ddb450c80e98061e1a9e98a734f,notion,38838ddb450c819696cee9062eab9dae,done,12. September 2026 12:30 (MESZ) → 13:00,12. September 2026 12:30,https://mailworx.marketingsuite.info/Form?ev=3accf16f-94bc-492c-85b3-9784057a7dc6,Experience,https://app.notion.com/34238ddb450c817fb09ef2747f5a3dcc,EN,,30,,,,12:30,13:00,No,done,public,True,True,38838ddb450c819696cee9062eab9dae,assigned
26361fe73505cce9713b646597710eda,26361fe73505cce9713b646597710eda,derived,3a338ddb450c80b88eb8e146faecdb5b,done,12. September 2026 17:00 (MESZ) → 17:35,12. September 2026 17:00,,Concert,https://app.notion.com/36638ddb450c80588feaea943786965f,nonverbal,,35,,,,17:00,17:35,Yes,done,public,True,True,3a338ddb450c80b88eb8e146faecdb5b,assigned
cc4e1c4e12ea73d47d4c6bb87049a767,cc4e1c4e12ea73d47d4c6bb87049a767,derived,39138ddb450c8052b084f91f1275b2d2,done,12. September 2026 16:00 (MESZ) → 17:30,12. September 2026 15:45,https://kupfticket.com/events/expert-tours-danube-triangle-c8afeaa0af,Guided Tour,https://app.notion.com/34238ddb450c813fbbffff132d6d8408,EN,15,90,,,,16:00,17:30,No,done,public,True,True,39138ddb450c8052b084f91f1275b2d2,assigned
5d98f079cec21f0bda55581f3d18334a,5d98f079cec21f0bda55581f3d18334a,derived,39938ddb450c80ef8414c66523c31119,done,9. September 2026 15:00 (MESZ) → 16:00,9. September 2026 15:00,,Screening,https://app.notion.com/39938ddb450c80dca659d97e2b0a200b,EN,,60,,,,15:00,16:00,No,done,public,True,True,39938ddb450c80ef8414c66523c31119,assigned
3a9252238ee1918987e1c9f50d848562,3a9252238ee1918987e1c9f50d848562,derived,39938ddb450c80ef8414c66523c31119,done,10. September 2026 17:30 (MESZ) → 18:30,10. September 2026 17:30,,Screening,https://app.notion.com/39938ddb450c80dca659d97e2b0a200b,EN,,60,,,,17:30,18:30,No,done,public,True,True,39938ddb450c80ef8414c66523c31119,assigned
cf3099cdfcf08faf90739d2bec95c09c,cf3099cdfcf08faf90739d2bec95c09c,derived,39938ddb450c80ef8414c66523c31119,done,12. September 2026 17:30 (MESZ) → 18:30,12. September 2026 17:30,,Screening,https://app.notion.com/39938ddb450c80dca659d97e2b0a200b,EN,,60,,,,17:30,18:30,No,done,public,True,True,39938ddb450c80ef8414c66523c31119,assigned
8bb926a60988b3f0b2deac3cffdf8a4f,8bb926a60988b3f0b2deac3cffdf8a4f,derived,39938ddb450c80ef8414c66523c31119,done,13. September 2026 13:00 (MESZ) → 14:00,13. September 2026 13:00,,Screening,https://app.notion.com/39938ddb450c80dca659d97e2b0a200b,EN,,60,,,,13:00,14:00,No,done,public,True,True,39938ddb450c80ef8414c66523c31119,assigned
3a438ddb450c80fbabd3ce21c33284cb,3a438ddb450c80fbabd3ce21c33284cb,notion,38e38ddb450c81ef8cbaeac975be213d,done,12. September 2026 16:00 (MESZ) → 16:30,12. September 2026 16:00,https://mailworx.marketingsuite.info/Form?ev=1699b62f-770b-40ab-b86e-bae740113e6e,Lecture & Talk,https://app.notion.com/34238ddb450c817fb09ef2747f5a3dcc,EN,,30,,,,16:00,16:30,No,done,public,True,True,38e38ddb450c81ef8cbaeac975be213d,assigned
62c74910782556eae150447ec2049633,62c74910782556eae150447ec2049633,derived,3a438ddb450c815b86c2fdf215c03054,done,13. September 2026 14:00 (MESZ) → 15:00,13. September 2026 14:00,,Experience,https://app.notion.com/36638ddb450c80058f00fdbd2d7e48d3,DE,,60,,,,14:00,15:00,Yes,done,public,True,True,3a438ddb450c815b86c2fdf215c03054,assigned
8398bdf4a6aa9c2615925d2af0bd2a2b,8398bdf4a6aa9c2615925d2af0bd2a2b,derived,3a438ddb450c815b86c2fdf215c03054,done,13. September 2026 16:00 (MESZ) → 17:00,13. September 2026 16:00,,Experience,https://app.notion.com/36638ddb450c80058f00fdbd2d7e48d3,DE,,60,,,,16:00,17:00,Yes,done,public,True,True,3a438ddb450c815b86c2fdf215c03054,assigned
1c5c30be3fbe184465f6a3b83ef5ee73,1c5c30be3fbe184465f6a3b83ef5ee73,derived,3a438ddb450c8093b831d6c2812fe11a,done,9. September 2026 13:30 (MESZ) → 14:00,9. September 2026 13:30,https://mailworx.marketingsuite.info/Form?ev=b440106b-b10f-4e5c-8cd0-5fa02a22332b,Experience,https://app.notion.com/34238ddb450c817fb09ef2747f5a3dcc,EN,,30,,,,13:30,14:00,No,done,public,True,True,3a438ddb450c8093b831d6c2812fe11a,assigned
68a5ff32617cf110bee6a9e4f8405c01,68a5ff32617cf110bee6a9e4f8405c01,derived,3a438ddb450c805690e5fbeddb09084a,done,13. September 2026 11:00 (MESZ) → 11:30,13. September 2026 11:00,https://mailworx.marketingsuite.info/Form?ev=65ca5de9-f143-496e-bc91-a43e4c0db64c,Experience,https://app.notion.com/34238ddb450c817fb09ef2747f5a3dcc,"DE,EN",,30,,,,11:00,11:30,No,done,public,True,True,3a438ddb450c805690e5fbeddb09084a,assigned
2f1c072e1366f30c882fc3c0f7ebaa91,2f1c072e1366f30c882fc3c0f7ebaa91,derived,3a438ddb450c805690e5fbeddb09084a,done,13. September 2026 14:30 (MESZ) → 15:00,13. September 2026 14:30,https://mailworx.marketingsuite.info/Form?ev=5ba1b951-f765-4629-afc7-68fbbd8e5a7e,Experience,https://app.notion.com/34238ddb450c817fb09ef2747f5a3dcc,"DE,EN",,30,,,,14:30,15:00,No,done,public,True,True,3a438ddb450c805690e5fbeddb09084a,assigned
6ff6b0300c9167524f89ca5ea8b0884b,6ff6b0300c9167524f89ca5ea8b0884b,derived,3a438ddb450c8093b831d6c2812fe11a,done,10. September 2026 13:30 (MESZ) → 14:00,10. September 2026 13:30,https://mailworx.marketingsuite.info/Form?ev=d0bc8158-9905-4114-84d0-c7205967b581,Experience,https://app.notion.com/34238ddb450c817fb09ef2747f5a3dcc,EN,,30,,,,13:30,14:00,No,done,public,True,True,3a438ddb450c8093b831d6c2812fe11a,assigned
ca0b2ad19d94e1ffee9c184bc1822cc4,ca0b2ad19d94e1ffee9c184bc1822cc4,derived,cac38ddb450c8308900581cf0003eb4d,done,11. September 2026 14:15 (MESZ) → 14:45,11. September 2026 14:15,https://kupfticket.com/events/ars-electronica-center-tours-do-109-035e08eaac,Guided Tour,https://app.notion.com/3b138ddb450c803f8116c2d9fcad705c,EN,,30,,,,14:15,14:45,No,done,public,True,True,cac38ddb450c8308900581cf0003eb4d,assigned
3a438ddb450c80b88c36ea9746c2a9d4,3a438ddb450c80b88c36ea9746c2a9d4,notion,3a038ddb450c81119129c97b5ed0b6c6,done,12. September 2026 13:00 (MESZ) → 13:30,12. September 2026 13:00,,Open Lab,https://app.notion.com/39238ddb450c80f98ecbf708c0f05fda,EN,,30,,,,13:00,13:30,No,done,public,True,True,3a038ddb450c81119129c97b5ed0b6c6,assigned
3a438ddb450c8010b68ace46df3472f3,3a438ddb450c8010b68ace46df3472f3,notion,3a038ddb450c8105a8b0eb17c4d0ebb3,done,12. September 2026 17:00 (MESZ) → 17:30,12. September 2026 17:00,,Open Lab,https://app.notion.com/39238ddb450c80f98ecbf708c0f05fda,EN,,30,,,,17:00,17:30,No,done,public,True,True,3a038ddb450c8105a8b0eb17c4d0ebb3,assigned
3a438ddb450c802389f9de4289e4ebdd,3a438ddb450c802389f9de4289e4ebdd,notion,3a038ddb450c81e6a270ff829f0cf542,done,9. September 2026 17:00 (MESZ) → 17:30,9. September 2026 17:00,,Open Lab,https://app.notion.com/39238ddb450c80f98ecbf708c0f05fda,EN,,30,,,,17:00,17:30,No,done,public,True,True,3a038ddb450c81e6a270ff829f0cf542,assigned
3a438ddb450c8013ba92c25376336843,3a438ddb450c8013ba92c25376336843,notion,3a038ddb450c8170834ad2726a4eb549,done,10. September 2026 13:00 (MESZ) → 13:30,10. September 2026 13:00,,Open Lab,https://app.notion.com/39238ddb450c80f98ecbf708c0f05fda,EN,,30,,,,13:00,13:30,No,done,public,True,True,3a038ddb450c8170834ad2726a4eb549,assigned
3a438ddb450c80f89d5bee9eab5c41f5,3a438ddb450c80f89d5bee9eab5c41f5,notion,3a038ddb450c811db32ce1a1977aabb4,done,9. September 2026 13:00 (MESZ) → 13:30,9. September 2026 13:00,,Open Lab,https://app.notion.com/39238ddb450c80f98ecbf708c0f05fda,EN,,30,,,,13:00,13:30,Yes,done,public,True,True,3a038ddb450c811db32ce1a1977aabb4,assigned
3a438ddb450c806c89fde1f0e6f007f9,3a438ddb450c806c89fde1f0e6f007f9,notion,3a038ddb450c81118843d6f3d09d2a5a,done,10. September 2026 17:00 (MESZ) → 17:30,10. September 2026 17:00,,Open Lab,https://app.notion.com/39238ddb450c80f98ecbf708c0f05fda,EN,,30,,,,17:00,17:30,No,done,public,True,True,3a038ddb450c81118843d6f3d09d2a5a,assigned
5e9f9666ed53acc85fe11d0c9341e7c1,5e9f9666ed53acc85fe11d0c9341e7c1,derived,3a038ddb450c815b93c4e2cc25c7e8a0,done,11. September 2026 17:00 (MESZ) → 17:30,11. September 2026 17:00,,Open Lab,https://app.notion.com/39238ddb450c80f98ecbf708c0f05fda,EN,,30,,,,17:00,17:30,No,done,public,True,True,3a038ddb450c815b93c4e2cc25c7e8a0,assigned
3a438ddb450c8084baf3f88b8eda5a2f,3a438ddb450c8084baf3f88b8eda5a2f,notion,3a038ddb450c81999163f10a54cdcaa0,done,11. September 2026 13:00 (MESZ) → 13:30,11. September 2026 13:00,,Open Lab,https://app.notion.com/39238ddb450c80f98ecbf708c0f05fda,EN,,30,,,,13:00,13:30,No,done,public,True,True,3a038ddb450c81999163f10a54cdcaa0,assigned
6d3e797dc0685d1f4a1612db2dce0112,6d3e797dc0685d1f4a1612db2dce0112,derived,56638ddb450c830c9e7281cf5b59a977,done,9. September 2026 16:15 (MESZ) → 16:45,9. September 2026 16:15,https://kupfticket.com/events/ars-electronica-center-tours-fr-119-b64b5ef5e9,Guided Tour,https://app.notion.com/3b138ddb450c803f8116c2d9fcad705c,EN,,30,,,,16:15,16:45,No,done,public,True,True,56638ddb450c830c9e7281cf5b59a977,assigned
3a438ddb450c8061990ce5f83fff73a4,3a438ddb450c8061990ce5f83fff73a4,notion,3a338ddb450c8015916fddd390a45faf,done,10. September 2026 14:15 (MESZ) → 14:55,10. September 2026 14:15,https://kupfticket.com/events/ars-electronica-center-tours-do-109-55dbf0dc8a,Deep Dive,https://app.notion.com/3b138ddb450c803f8116c2d9fcad705c,EN,,40,,,,14:15,14:55,No,done,public,True,True,3a338ddb450c8015916fddd390a45faf,assigned
095df1724602ef283f9e70ac67206c33,095df1724602ef283f9e70ac67206c33,derived,56638ddb450c830c9e7281cf5b59a977,done,11. September 2026 16:15 (MESZ) → 16:45,11. September 2026 16:15,https://kupfticket.com/events/ars-electronica-center-tours-fr-119-3dc5ce5c17,Guided Tour,https://app.notion.com/3b138ddb450c803f8116c2d9fcad705c,EN,,30,,,,16:15,16:45,No,done,public,True,True,56638ddb450c830c9e7281cf5b59a977,assigned
3a438ddb450c8055bbeec47a388cd900,3a438ddb450c8055bbeec47a388cd900,notion,3a438ddb450c81a98c57ea43822ff5f1,done,10. September 2026 15:00 (MESZ) → 15:30,10. September 2026 15:00,,Meet the Artist,https://app.notion.com/34238ddb450c81c29974d55441962309,EN,,30,,,,15:00,15:30,No,done,public,True,True,3a438ddb450c81a98c57ea43822ff5f1,assigned
3a438ddb450c80c5b0ecc9fbb403a676,3a438ddb450c80c5b0ecc9fbb403a676,notion,3a338ddb450c80d68298e184dddcad9c,done,12. September 2026 16:15 (MESZ) → 16:55,12. September 2026 16:15,https://kupfticket.com/events/ars-electronica-center-tours-do-109-24d65a09f5,Deep Dive,https://app.notion.com/3b138ddb450c803f8116c2d9fcad705c,EN,,40,,,,16:15,16:55,No,done,public,True,True,3a338ddb450c80d68298e184dddcad9c,assigned
90d7222739ee8d796d74429d532f8418,90d7222739ee8d796d74429d532f8418,derived,3a038ddb450c81a082addecc3a0f5031,done,9. September 2026 12:15 (MESZ) → 12:45,9. September 2026 12:15,https://kupfticket.com/events/ars-electronica-center-tours-fr-119-8109eabe82,Guided Tour,https://app.notion.com/3b138ddb450c803f8116c2d9fcad705c,DE,,30,,,,12:15,12:45,No,done,public,True,True,3a038ddb450c81a082addecc3a0f5031,assigned
51498eb9911870ff4ffdaaeb85aa537c,51498eb9911870ff4ffdaaeb85aa537c,derived,3a038ddb450c81a082addecc3a0f5031,done,10. September 2026 12:15 (MESZ) → 12:45,10. September 2026 12:15,https://kupfticket.com/events/ars-electronica-center-tours-fr-119-6c595376cc,Guided Tour,https://app.notion.com/3b138ddb450c803f8116c2d9fcad705c,DE,,30,,,,12:15,12:45,No,done,public,True,True,3a038ddb450c81a082addecc3a0f5031,assigned
1721ecc846fd64d629ace8b2ad95c83d,1721ecc846fd64d629ace8b2ad95c83d,derived,3a038ddb450c81a082addecc3a0f5031,done,11. September 2026 12:15 (MESZ) → 12:45,11. September 2026 12:15,https://kupfticket.com/events/ars-electronica-center-tours-fr-119-ea47eef521,Guided Tour,https://app.notion.com/3b138ddb450c803f8116c2d9fcad705c,DE,,30,,,,12:15,12:45,No,done,public,True,True,3a038ddb450c81a082addecc3a0f5031,assigned
e7498cf547a30b2fc62ab8d34226aa3a,e7498cf547a30b2fc62ab8d34226aa3a,derived,39938ddb450c8079978eee12b2bd374e,done,9. September 2026 14:00 (MESZ) → 14:45,9. September 2026 14:00,,Screening,https://app.notion.com/39938ddb450c80dca659d97e2b0a200b,EN,,45,,,,14:00,14:45,No,done,public,True,True,39938ddb450c8079978eee12b2bd374e,assigned
7459dd5f28a3d4d91d4fa365c3e72a8a,7459dd5f28a3d4d91d4fa365c3e72a8a,derived,3a038ddb450c81a082addecc3a0f5031,done,12. September 2026 12:15 (MESZ) → 12:45,12. September 2026 12:15,https://kupfticket.com/events/ars-electronica-center-tours-fr-119-c5b5b2619c,Guided Tour,https://app.notion.com/3b138ddb450c803f8116c2d9fcad705c,DE,,30,,,,12:15,12:45,No,done,public,True,True,3a038ddb450c81a082addecc3a0f5031,assigned
a13d2a36860f8d68d1300304c68925a3,a13d2a36860f8d68d1300304c68925a3,derived,3a038ddb450c81a082addecc3a0f5031,done,13. September 2026 12:15 (MESZ) → 12:45,13. September 2026 12:15,https://kupfticket.com/events/ars-electronica-center-tours-fr-119-bd634a42a6,Guided Tour,https://app.notion.com/3b138ddb450c803f8116c2d9fcad705c,DE,,30,,,,12:15,12:45,No,done,public,True,True,3a038ddb450c81a082addecc3a0f5031,assigned
9cb434e73fdd596d9b87f849d702087e,9cb434e73fdd596d9b87f849d702087e,derived,39938ddb450c8079978eee12b2bd374e,done,10. September 2026 16:30 (MESZ) → 17:15,10. September 2026 16:30,,Screening,https://app.notion.com/39938ddb450c80dca659d97e2b0a200b,EN,,45,,,,16:30,17:15,No,done,public,True,True,39938ddb450c8079978eee12b2bd374e,assigned
a64d0b22562198a8e11a7e148bd58353,a64d0b22562198a8e11a7e148bd58353,derived,39938ddb450c8079978eee12b2bd374e,done,11. September 2026 14:45 (MESZ) → 15:30,11. September 2026 14:45,,Screening,https://app.notion.com/39938ddb450c80dca659d97e2b0a200b,EN,,45,,,,14:45,15:30,No,done,public,True,True,39938ddb450c8079978eee12b2bd374e,assigned
c293b4ae8a3a39b06098c4ec40e4c9fb,c293b4ae8a3a39b06098c4ec40e4c9fb,derived,39938ddb450c8079978eee12b2bd374e,done,13. September 2026 14:00 (MESZ) → 14:45,13. September 2026 14:00,,Screening,https://app.notion.com/39938ddb450c80dca659d97e2b0a200b,EN,,45,,,,14:00,14:45,No,done,public,True,True,39938ddb450c8079978eee12b2bd374e,assigned
137fb46374372129d13caefdfa080802,137fb46374372129d13caefdfa080802,derived,56638ddb450c830c9e7281cf5b59a977,done,10. September 2026 16:15 (MESZ) → 16:45,10. September 2026 16:15,https://kupfticket.com/events/ars-electronica-center-tours-fr-119-befa919144,Guided Tour,https://app.notion.com/3b138ddb450c803f8116c2d9fcad705c,EN,,30,,,,16:15,16:45,No,done,public,True,True,56638ddb450c830c9e7281cf5b59a977,assigned
4b938c05176ea237060add9b612b6104,4b938c05176ea237060add9b612b6104,derived,56638ddb450c830c9e7281cf5b59a977,done,12. September 2026 16:15 (MESZ) → 16:45,12. September 2026 16:15,https://kupfticket.com/events/ars-electronica-center-tours-fr-119-c4d2df81bb,Guided Tour,https://app.notion.com/3b138ddb450c803f8116c2d9fcad705c,EN,,30,,,,16:15,16:45,No,done,public,True,True,56638ddb450c830c9e7281cf5b59a977,assigned
5c02a674581fd706c30f55ea5eea2895,5c02a674581fd706c30f55ea5eea2895,derived,56638ddb450c830c9e7281cf5b59a977,done,13. September 2026 16:15 (MESZ) → 16:45,13. September 2026 16:15,https://kupfticket.com/events/ars-electronica-center-tours-fr-119-56203444db,Guided Tour,https://app.notion.com/3b138ddb450c803f8116c2d9fcad705c,EN,,30,,,,16:15,16:45,No,done,public,True,True,56638ddb450c830c9e7281cf5b59a977,assigned
3a438ddb450c80d190e1d93f098e258b,3a438ddb450c80d190e1d93f098e258b,notion,38438ddb450c81019a2fd35026208863,done,13. September 2026 12:00 (MESZ) → 12:45,13. September 2026 12:00,,Screening,https://app.notion.com/39938ddb450c80dca659d97e2b0a200b,"DE,EN,HU,nonverbal",,45,,,,12:00,12:45,No,done,public,True,True,38438ddb450c81019a2fd35026208863,assigned
3a438ddb450c80feae43fb01c0acc8ba,3a438ddb450c80feae43fb01c0acc8ba,notion,39e38ddb450c8158b115e6161a27d623,done,9. September 2026 10:30 (MESZ) → 11:30,9. September 2026 10:30,https://mailworx.marketingsuite.info/Form?frm=095648bb-80f5-4643-9d44-e4a41fc8b3db,Networking Event,https://app.notion.com/38338ddb450c8081a52ff7fe61e40298,EN,,60,,,,10:30,11:30,No,done,public,True,True,39e38ddb450c8158b115e6161a27d623,assigned
df0981da573591b4af242a78a6ec92ab,df0981da573591b4af242a78a6ec92ab,derived,39f38ddb450c813eb76bc02ea17bdca3,done,9. September 2026 15:15 (MESZ) → 15:45,9. September 2026 15:15,,Open Lab,https://app.notion.com/39238ddb450c80f98ecbf708c0f05fda,EN,,30,,,,15:15,15:45,No,done,public,True,True,39f38ddb450c813eb76bc02ea17bdca3,assigned
3a438ddb450c804f912bc6cbbd487028,3a438ddb450c804f912bc6cbbd487028,notion,39938ddb450c806d854ff84c6958c049,done,11. September 2026 11:00 (MESZ) → 12:00,11. September 2026 11:00,,Screening,https://app.notion.com/39938ddb450c80dca659d97e2b0a200b,"DE,EN",,60,,,,11:00,12:00,No,done,public,True,True,39938ddb450c806d854ff84c6958c049,assigned
7051e1ca9e5791e0328e3b0c43290f41,7051e1ca9e5791e0328e3b0c43290f41,derived,39f38ddb450c813eb76bc02ea17bdca3,done,10. September 2026 15:15 (MESZ) → 15:45,10. September 2026 15:15,,Open Lab,https://app.notion.com/39238ddb450c80f98ecbf708c0f05fda,EN,,30,,,,15:15,15:45,No,done,public,True,True,39f38ddb450c813eb76bc02ea17bdca3,assigned
21401d599e3e25b794334ae35554cf52,21401d599e3e25b794334ae35554cf52,derived,39f38ddb450c813eb76bc02ea17bdca3,done,11. September 2026 15:15 (MESZ) → 15:45,11. September 2026 15:15,,Open Lab,https://app.notion.com/39238ddb450c80f98ecbf708c0f05fda,EN,,30,,,,15:15,15:45,No,done,public,True,True,39f38ddb450c813eb76bc02ea17bdca3,assigned
f02fde56bb0ecb208f0b04ec5b047629,f02fde56bb0ecb208f0b04ec5b047629,derived,39f38ddb450c813eb76bc02ea17bdca3,done,12. September 2026 13:30 (MESZ) → 14:00,12. September 2026 13:30,,Open Lab,https://app.notion.com/39238ddb450c80f98ecbf708c0f05fda,EN,,30,,,,13:30,14:00,No,done,public,True,True,39f38ddb450c813eb76bc02ea17bdca3,assigned
efbde58bbce54955cdf0b0011b5844f4,efbde58bbce54955cdf0b0011b5844f4,derived,39f38ddb450c813eb76bc02ea17bdca3,done,13. September 2026 11:15 (MESZ) → 11:45,13. September 2026 11:15,,Open Lab,https://app.notion.com/39238ddb450c80f98ecbf708c0f05fda,EN,,30,,,,11:15,11:45,No,done,public,True,True,39f38ddb450c813eb76bc02ea17bdca3,assigned
3a438ddb450c8072a77deb6e3ba771f9,3a438ddb450c8072a77deb6e3ba771f9,notion,39e38ddb450c815d8dd8ea481fb6dcce,done,13. September 2026 10:00 (MESZ) → 12:00,13. September 2026 10:00,https://mailworx.marketingsuite.info/Form?frm=06e16fea-c1e2-4fb5-9c7d-f5ab7f970c75,Workshop,https://app.notion.com/38338ddb450c80e3b7fbcc482b296b6d,EN,,120,,,,10:00,12:00,No,done,public,True,True,39e38ddb450c815d8dd8ea481fb6dcce,assigned
3a438ddb450c802c9bc4f38facab9932,3a438ddb450c802c9bc4f38facab9932,notion,39738ddb450c81a9a4d8f12333452e5b,done,10. September 2026 13:30 (MESZ) → 15:30,10. September 2026 13:30,https://mailworx.marketingsuite.info/Form?frm=4a4996a7-a3e8-4603-8ecb-b5f9097d5ea8,Workshop,https://app.notion.com/38338ddb450c80e3b7fbcc482b296b6d,EN,,120,,,,13:30,15:30,Yes,done,public,True,True,39738ddb450c81a9a4d8f12333452e5b,assigned
3a438ddb450c800485d1df44917ab493,3a438ddb450c800485d1df44917ab493,notion,39e38ddb450c8110b1f6d0ebd709d8b3,done,10. September 2026 11:00 (MESZ) → 13:00,10. September 2026 11:00,https://mailworx.marketingsuite.info/Form?frm=c4c61cde-1820-4bb2-af4b-6d9499ec00b5,Workshop,https://app.notion.com/38338ddb450c80e3b7fbcc482b296b6d,EN,,120,,,,11:00,13:00,No,done,public,True,True,39e38ddb450c8110b1f6d0ebd709d8b3,assigned
290dfd34924467e2ea6ff1c694e62583,290dfd34924467e2ea6ff1c694e62583,derived,39e38ddb450c816c8432e7e6ef61cfe9,done,11. September 2026 11:00 (MESZ) → 13:00,11. September 2026 11:00,https://mailworx.marketingsuite.info/Form?frm=18eb3de2-df96-453b-a92d-6db5cf3e18dc,Workshop,https://app.notion.com/38338ddb450c80e3b7fbcc482b296b6d,EN,,120,,,,11:00,13:00,No,done,public,True,True,39e38ddb450c816c8432e7e6ef61cfe9,assigned
3a438ddb450c80ef9357e1320d53ebd5,3a438ddb450c80ef9357e1320d53ebd5,notion,38f38ddb450c8163a6bdc48188c053a1,done,11. September 2026 13:30 (MESZ) → 15:30,11. September 2026 13:30,https://mailworx.marketingsuite.info/Form?frm=da07ee01-d305-45e8-867c-e4523fb2428a,Workshop,https://app.notion.com/38338ddb450c80e3b7fbcc482b296b6d,EN,,120,,,,13:30,15:30,Yes,done,public,True,True,38f38ddb450c8163a6bdc48188c053a1,assigned
3a438ddb450c808e97bfc1595cf94217,3a438ddb450c808e97bfc1595cf94217,notion,3a338ddb450c8152b070dba10c23ca88,done,12. September 2026 11:00 (MESZ) → 13:00,12. September 2026 11:00,https://mailworx.marketingsuite.info/Form?frm=d5659bb1-3478-4061-9a8a-76b0b45a3115,Workshop,https://app.notion.com/38338ddb450c80e3b7fbcc482b296b6d,EN,,120,,,,11:00,13:00,No,done,public,True,True,3a338ddb450c8152b070dba10c23ca88,assigned
3a438ddb450c8072858dcfa3c01b7080,3a438ddb450c8072858dcfa3c01b7080,notion,3a038ddb450c81f9bdbddec916b1cdbd,done,12. September 2026 13:30 (MESZ) → 15:30,12. September 2026 13:30,https://mailworx.marketingsuite.info/Form?frm=790f780b-a6ec-478b-bfba-8dcc45f3f286,Workshop,https://app.notion.com/38338ddb450c80e3b7fbcc482b296b6d,EN,,120,,,,13:30,15:30,Yes,done,public,True,True,3a038ddb450c81f9bdbddec916b1cdbd,assigned
3a438ddb450c80adbd0bf732ffa48ec8,3a438ddb450c80adbd0bf732ffa48ec8,notion,39d38ddb450c816e99baddbfaebe5e60,done,13. September 2026 12:30 (MESZ) → 14:30,13. September 2026 12:30,https://mailworx.marketingsuite.info/Form?frm=b871ecbc-e63d-45ff-b41e-56b6ad76343f,Workshop,https://app.notion.com/38338ddb450c80e3b7fbcc482b296b6d,EN,,120,,,,12:30,14:30,No,done,public,True,True,39d38ddb450c816e99baddbfaebe5e60,assigned
3a438ddb450c80d8a71feca6cbe37b39,3a438ddb450c80d8a71feca6cbe37b39,notion,39e38ddb450c8161ae08e55f1c7b5b31,done,13. September 2026 15:30 (MESZ) → 17:30,13. September 2026 15:30,https://mailworx.marketingsuite.info/Form?frm=4b6790e1-eebb-45ea-9d41-c91fc44dc4d5,Workshop,https://app.notion.com/39c38ddb450c80d4ae36e0dbe7864ee2,EN,,120,,,,15:30,17:30,Yes,done,public,True,True,39e38ddb450c8161ae08e55f1c7b5b31,assigned
3a438ddb450c800bb1c9cf1a3ddd79a5,3a438ddb450c800bb1c9cf1a3ddd79a5,notion,3a438ddb450c804bb060d823a2db6a47,done,9. September 2026 15:00 (MESZ) → 16:30,9. September 2026 14:45,https://kupfticket.com/events/expert-tours-ok-quarter-2e955d42bf,Guided Tour,https://app.notion.com/34238ddb450c81939959c300c9dcbf08,EN,15,90,,,,15:00,16:30,No,done,public,True,True,3a438ddb450c804bb060d823a2db6a47,assigned
4403ae75595491dfa1ecbcabc87d30c6,4403ae75595491dfa1ecbcabc87d30c6,derived,3a438ddb450c811fb8c1df1111e31f4b,done,9. September 2026 13:00 (MESZ) → 15:00,9. September 2026 13:00,,Guided Tour,https://app.notion.com/34238ddb450c81ff8d79d606f0361f97,"DE,EN",,120,,,,13:00,15:00,Yes,done,public,True,True,3a438ddb450c811fb8c1df1111e31f4b,assigned
98347985bd5041b3a16eede77bc00930,98347985bd5041b3a16eede77bc00930,derived,3a438ddb450c811fb8c1df1111e31f4b,done,10. September 2026 15:00 (MESZ) → 17:00,10. September 2026 15:00,,Guided Tour,https://app.notion.com/34238ddb450c81ff8d79d606f0361f97,"DE,EN",,120,,,,15:00,17:00,Yes,done,public,True,True,3a438ddb450c811fb8c1df1111e31f4b,assigned
e954ffe668829664fe3d84e8503975bf,e954ffe668829664fe3d84e8503975bf,derived,3a438ddb450c811fb8c1df1111e31f4b,done,11. September 2026 10:00 (MESZ) → 12:00,11. September 2026 10:00,,Guided Tour,https://app.notion.com/34238ddb450c81ff8d79d606f0361f97,"DE,EN",,120,,,,10:00,12:00,Yes,done,public,True,True,3a438ddb450c811fb8c1df1111e31f4b,assigned
8a64d778b6369e6e194055926cc086d1,8a64d778b6369e6e194055926cc086d1,derived,3a438ddb450c811fb8c1df1111e31f4b,done,11. September 2026 13:00 (MESZ) → 15:00,11. September 2026 13:00,,Guided Tour,https://app.notion.com/34238ddb450c81ff8d79d606f0361f97,"DE,EN",,120,,,,13:00,15:00,Yes,done,public,True,True,3a438ddb450c811fb8c1df1111e31f4b,assigned
1c3b64dd6d71ffcf30f3bf23144d2184,1c3b64dd6d71ffcf30f3bf23144d2184,derived,39138ddb450c803a8818e559249f1bc3,done,12. September 2026 11:00 (MESZ) → 12:30,12. September 2026 10:45,https://kupfticket.com/events/expert-tours-danube-triangle-a3a2c796f1,Guided Tour,https://app.notion.com/34238ddb450c813fbbffff132d6d8408,DE,15,90,,,,11:00,12:30,Yes,done,public,True,True,39138ddb450c803a8818e559249f1bc3,assigned
fa180e01570b7aa73c8bbda3b5775550,fa180e01570b7aa73c8bbda3b5775550,derived,ae438ddb450c83c1998981764e7f6f81,done,12. September 2026 10:00 (MESZ) → 11:30,12. September 2026 09:45,https://kupfticket.com/events/expert-tours-ok-quarter-8e5fa71493,Guided Tour,https://app.notion.com/3a438ddb450c8025acbcf7bc9663a06e,DE,15,90,,,,10:00,11:30,Yes,done,public,True,True,ae438ddb450c83c1998981764e7f6f81,assigned
45edbea79fad76e93ba475dd1e6ba33e,45edbea79fad76e93ba475dd1e6ba33e,derived,3a038ddb450c81968a8adf47639794a6,done,11. September 2026 17:30 (MESZ) → 19:00,11. September 2026 17:30,https://kupfticket.com/events/expert-tours-ok-quarter-b114b72d25,Guided Tour,https://app.notion.com/3a438ddb450c8025acbcf7bc9663a06e,EN,,90,,,,17:30,19:00,No,done,public,True,True,3a038ddb450c81968a8adf47639794a6,assigned
3a438ddb450c80038684d0758541450f,3a438ddb450c80038684d0758541450f,notion,3a338ddb450c8137b49bf90134b4640e,done,13. September 2026 12:00 (MESZ) → 13:30,13. September 2026 12:00,https://reglist24.com/ks_ars_medc_2026_09_13,Lecture & Talk,https://app.notion.com/39838ddb450c801fb4b3efcf0b93c0cf,"DE,EN",,90,,,,12:00,13:30,Yes,done,public,True,True,3a338ddb450c8137b49bf90134b4640e,assigned
6aa9df61f661295ba0dd21079d353778,6aa9df61f661295ba0dd21079d353778,derived,91438ddb450c83eca2140150915dd53b,done,13. September 2026 10:00 (MESZ) → 11:30,13. September 2026 10:00,https://kupfticket.com/events/spotlight-tour-festival-walk-negotiating-the-real-1805c3334d,Guided Tour,https://app.notion.com/3a438ddb450c8025acbcf7bc9663a06e,"DE,sign language",,90,,,,10:00,11:30,No,done,public,True,True,91438ddb450c83eca2140150915dd53b,assigned
ef2358b455d64caec2d3e5fae6b15405,ef2358b455d64caec2d3e5fae6b15405,derived,3a338ddb450c80dc9c4eefd462906fe7,done,10. September 2026 15:00 (MESZ) → 19:00,10. September 2026 15:00,,Concert,https://app.notion.com/36638ddb450c80588feaea943786965f,nonverbal,,240,,,,15:00,19:00,Yes,done,public,True,True,3a338ddb450c80dc9c4eefd462906fe7,assigned
d1013935fa4907c7977c4c030af4c904,d1013935fa4907c7977c4c030af4c904,derived,3a338ddb450c80dc9c4eefd462906fe7,done,11. September 2026 15:00 (MESZ) → 19:00,11. September 2026 15:00,,Concert,https://app.notion.com/36638ddb450c80588feaea943786965f,nonverbal,,240,,,,15:00,19:00,Yes,done,public,True,True,3a338ddb450c80dc9c4eefd462906fe7,assigned
a3e68cb2b1aaa110a361065cac57da6b,a3e68cb2b1aaa110a361065cac57da6b,derived,3a338ddb450c80dc9c4eefd462906fe7,done,12. September 2026 15:00 (MESZ) → 19:00,12. September 2026 15:00,,Concert,https://app.notion.com/36638ddb450c80588feaea943786965f,nonverbal,,240,,,,15:00,19:00,Yes,done,public,True,True,3a338ddb450c80dc9c4eefd462906fe7,assigned
70d73f6f7ada574d53dd7ee9bcfb997e,70d73f6f7ada574d53dd7ee9bcfb997e,derived,3a338ddb450c80dc9c4eefd462906fe7,done,13. September 2026 15:00 (MESZ) → 18:00,13. September 2026 15:00,,Concert,https://app.notion.com/36638ddb450c80588feaea943786965f,nonverbal,,180,,,,15:00,18:00,Yes,done,public,True,True,3a338ddb450c80dc9c4eefd462906fe7,assigned
50e3473eff2313085947e02cb673dc23,50e3473eff2313085947e02cb673dc23,derived,3a338ddb450c80698910f64de93e6eb5,done,10. September 2026 10:15 (MESZ) → 10:45,10. September 2026 10:15,https://kupfticket.com/events/ars-electronica-center-tours-do-109-4ea9ff87bb,Guided Tour,https://app.notion.com/3b138ddb450c803f8116c2d9fcad705c,DE,,30,,,,10:15,10:45,No,done,public,True,True,3a338ddb450c80698910f64de93e6eb5,assigned
9edc7338d74a2f7e1eddf852f3a65eed,9edc7338d74a2f7e1eddf852f3a65eed,derived,3a338ddb450c80698910f64de93e6eb5,done,12. September 2026 14:15 (MESZ) → 14:45,12. September 2026 14:15,https://kupfticket.com/events/ars-electronica-center-tours-do-109-d4daf71851,Guided Tour,https://app.notion.com/3b138ddb450c803f8116c2d9fcad705c,DE,,30,,,,14:15,14:45,No,done,public,True,True,3a338ddb450c80698910f64de93e6eb5,assigned
3a438ddb450c80e5a326f1597106b267,3a438ddb450c80e5a326f1597106b267,notion,3a438ddb450c81d9b7b8fa811d7474e1,done,11. September 2026 18:00 (MESZ) → 19:00,11. September 2026 18:00,,Experience,https://app.notion.com/39938ddb450c80dca659d97e2b0a200b,DE,,60,,,,18:00,19:00,Yes,done,public,True,True,3a438ddb450c81d9b7b8fa811d7474e1,assigned
3a438ddb450c803488edfef39587895e,3a438ddb450c803488edfef39587895e,notion,3a438ddb450c81fc8cc3c1523e2d1cd1,done,11. September 2026 14:00 (MESZ) → 18:00,11. September 2026 14:00,,Workshop,https://app.notion.com/3b838ddb450c80f085d2c208a8fcf7b6,DE,,240,,,,14:00,18:00,No,done,public,True,True,3a438ddb450c81fc8cc3c1523e2d1cd1,assigned
3a538ddb450c80c7933ed4baccfc6a67,3a538ddb450c80c7933ed4baccfc6a67,notion,39138ddb450c805b8e4edc2207c55387,done,9. September 2026 17:00 (MESZ) → 18:00,9. September 2026 17:00,https://mailworx.marketingsuite.info/Form?frm=3ee8501e-f060-4e8b-b83e-20bd638b695a,Networking Event,https://app.notion.com/38338ddb450c8081a52ff7fe61e40298,EN,,60,,,,17:00,18:00,No,done,public,True,True,39138ddb450c805b8e4edc2207c55387,assigned
3a538ddb450c8080ac46f80418d35b7d,3a538ddb450c8080ac46f80418d35b7d,notion,39138ddb450c804abf9fc043ea1c25a0,done,10. September 2026 15:00 (MESZ) → 16:00,10. September 2026 15:00,https://mailworx.marketingsuite.info/Form?frm=318fade4-8a28-4c7e-8cab-4da13661249d,Networking Event,https://app.notion.com/38338ddb450c8081a52ff7fe61e40298,EN,,60,,,,15:00,16:00,No,done,public,True,True,39138ddb450c804abf9fc043ea1c25a0,assigned
3a538ddb450c80949bfce85fb30242ff,3a538ddb450c80949bfce85fb30242ff,notion,39038ddb450c81749ca5c8947f44f2a4,done,10. September 2026 17:00 (MESZ) → 18:00,10. September 2026 17:00,https://mailworx.marketingsuite.info/Form?frm=cc871f4e-c31a-4b5d-bf9c-278d7ad5e44b,Networking Event,https://app.notion.com/38338ddb450c8081a52ff7fe61e40298,EN,,60,,,,17:00,18:00,Yes,done,public,True,True,39038ddb450c81749ca5c8947f44f2a4,assigned
3a538ddb450c8054a717c8a9df5a4860,3a538ddb450c8054a717c8a9df5a4860,notion,39038ddb450c8158b6a3fd10f4d4ff0d,done,12. September 2026 12:00 (MESZ) → 14:00,12. September 2026 12:00,,Workshop,https://app.notion.com/34238ddb450c81ac8432eab6e4831002,EN,,120,,,,12:00,14:00,Yes,done,public,True,True,39038ddb450c8158b6a3fd10f4d4ff0d,assigned
69a17322eb40452887f218a4c8a2f309,69a17322eb40452887f218a4c8a2f309,derived,3a538ddb450c8042a6e2c78244bdcd22,done,9. September 2026 14:15 (MESZ) → 14:45,9. September 2026 14:15,,Performance,https://app.notion.com/34238ddb450c81ac8432eab6e4831002,"DE,EN,nonverbal",,30,,,,14:15,14:45,No,done,public,True,True,3a538ddb450c8042a6e2c78244bdcd22,assigned
14ea09a05689c0d634b4661aacebd02b,14ea09a05689c0d634b4661aacebd02b,derived,3a338ddb450c80549ac9f4a2889cedfc,done,11. September 2026 16:30 (MESZ) → 17:30,11. September 2026 16:30,https://mailworx.marketingsuite.info/Form?frm=6d096c26-a34d-45e6-bafd-3f7ea64462a2,Networking Event,https://app.notion.com/38338ddb450c8081a52ff7fe61e40298,EN,,60,,,,16:30,17:30,Yes,done,public,True,True,3a338ddb450c80549ac9f4a2889cedfc,assigned
0418276b6e3890a5cca237f15fe7c710,0418276b6e3890a5cca237f15fe7c710,derived,39538ddb450c80cf95b7ca71aea39e0a,done,13. September 2026 15:00 (MESZ) → 15:30,13. September 2026 15:00,https://mailworx.marketingsuite.info/Form?ev=353b165f-e25b-47fd-867e-2372455b5eea,Experience,https://app.notion.com/34238ddb450c817fb09ef2747f5a3dcc,"DE,EN",,30,,,,15:00,15:30,No,done,public,True,True,39538ddb450c80cf95b7ca71aea39e0a,assigned
3a538ddb450c80c98d1be710c5232f08,3a538ddb450c80c98d1be710c5232f08,notion,39938ddb450c80de8d88e975adbe98e3,done,12. September 2026 16:30 (MESZ) → 17:20,12. September 2026 16:30,,Screening,https://app.notion.com/39938ddb450c80dca659d97e2b0a200b,EN,,50,,,,16:30,17:20,Yes,done,public,True,True,39938ddb450c80de8d88e975adbe98e3,assigned
3a538ddb450c80b5947dd1b01f2d8152,3a538ddb450c80b5947dd1b01f2d8152,notion,39938ddb450c801e9f63e32bd6137963,done,11. September 2026 14:00 (MESZ) → 14:35,11. September 2026 14:00,,Screening,https://app.notion.com/39938ddb450c80dca659d97e2b0a200b,EN,,35,,,,14:00,14:35,No,done,public,True,True,39938ddb450c801e9f63e32bd6137963,assigned
3a538ddb450c80328e86d58c7840ebbd,3a538ddb450c80328e86d58c7840ebbd,notion,39938ddb450c805fa16bc26f87c6891d,done,10. September 2026 12:30 (MESZ) → 13:30,10. September 2026 12:30,,Screening,https://app.notion.com/39938ddb450c80dca659d97e2b0a200b,EN,,60,,,,12:30,13:30,No,done,public,True,True,39938ddb450c805fa16bc26f87c6891d,assigned
3a538ddb450c802685c9e304b74d8947,3a538ddb450c802685c9e304b74d8947,notion,39938ddb450c806bbd83eea681586950,done,13. September 2026 11:00 (MESZ) → 12:00,13. September 2026 11:00,,Screening,https://app.notion.com/39938ddb450c80dca659d97e2b0a200b,EN,,60,,,,11:00,12:00,Yes,done,public,True,True,39938ddb450c806bbd83eea681586950,assigned
3a538ddb450c808fb307e1e29df7fe01,3a538ddb450c808fb307e1e29df7fe01,notion,39938ddb450c80edb03ee42e81cb38f7,done,12. September 2026 18:00 (MESZ) → 18:45,12. September 2026 18:00,,Performance,https://app.notion.com/39938ddb450c80eba3eadf35abf79d8d,EN,,45,,,,18:00,18:45,No,done,public,True,True,39938ddb450c80edb03ee42e81cb38f7,assigned
3a538ddb450c806a84e3c389d3d4926f,3a538ddb450c806a84e3c389d3d4926f,notion,39938ddb450c809faaf0f2ae80d986e5,done,11. September 2026 16:00 (MESZ) → 17:30,11. September 2026 16:00,,Lecture & Talk,https://app.notion.com/39938ddb450c80dca659d97e2b0a200b,EN,,90,,,,16:00,17:30,Yes,done,public,True,True,39938ddb450c809faaf0f2ae80d986e5,assigned
3a538ddb450c8058b689de8a07bf7b4a,3a538ddb450c8058b689de8a07bf7b4a,notion,39938ddb450c80b289f1fef9e6c5184d,done,12. September 2026 15:00 (MESZ) → 16:00,12. September 2026 15:00,,Screening,https://app.notion.com/39938ddb450c80dca659d97e2b0a200b,EN,,60,,,,15:00,16:00,No,done,public,True,True,39938ddb450c80b289f1fef9e6c5184d,assigned
3a538ddb450c808d8d63dbdda1bc034e,3a538ddb450c808d8d63dbdda1bc034e,notion,39938ddb450c80f49c55d81e4d0dc25b,done,11. September 2026 12:30 (MESZ) → 13:30,11. September 2026 12:30,,Screening,https://app.notion.com/39938ddb450c80dca659d97e2b0a200b,EN,,60,,,,12:30,13:30,No,done,public,True,True,39938ddb450c80f49c55d81e4d0dc25b,assigned
815df2110aa5262f442d008badaff610,815df2110aa5262f442d008badaff610,derived,39c38ddb450c80c191e5cf14f3c88e3d,done,10. September 2026 12:00 (MESZ) → 13:30,10. September 2026 11:45,https://kupfticket.com/events/die-boeden-der-linzer-donau-einst-heute-in-zukunft,Guided Tour,https://app.notion.com/39938ddb450c80a78a05f49357c9818f,DE,15,90,,,,12:00,13:30,No,done,public,True,True,39c38ddb450c80c191e5cf14f3c88e3d,assigned
3a538ddb450c80c28e92fbfaedb26082,3a538ddb450c80c28e92fbfaedb26082,notion,3a538ddb450c81fb9082cea8161fdb76,done,11. September 2026 14:00 (MESZ) → 14:30,11. September 2026 14:00,,Lecture & Talk,https://app.notion.com/3a338ddb450c80458fccd80715baf32b,EN,,30,,,,14:00,14:30,Yes,done,public,True,True,3a538ddb450c81fb9082cea8161fdb76,assigned
969c4501e85b924ba41f3d67467fb296,969c4501e85b924ba41f3d67467fb296,derived,3a638ddb450c816496a2dc366302aef5,done,11. September 2026 11:00 (MESZ) → 13:00,11. September 2026 11:00,https://mailworx.marketingsuite.info/Form?frm=33f20622-5d5d-45a3-b887-ff282b16d9c4,Workshop,https://app.notion.com/39c38ddb450c8089b548c2915399e5bd,EN,,120,,,,11:00,13:00,No,done,public,True,True,3a638ddb450c816496a2dc366302aef5,assigned
3a538ddb450c80e895f1ca0455612823,3a538ddb450c80e895f1ca0455612823,notion,39d38ddb450c81b08be0dddee46f5f9d,done,9. September 2026 15:00 (MESZ) → 17:00,9. September 2026 15:00,https://mailworx.marketingsuite.info/Form?frm=e3818d0d-d53d-4d1f-88a9-a7bf6dd03043,Workshop,https://app.notion.com/38338ddb450c80e3b7fbcc482b296b6d,EN,,120,,,,15:00,17:00,No,done,public,True,True,39d38ddb450c81b08be0dddee46f5f9d,assigned
3a538ddb450c804089cbd37ccf095122,3a538ddb450c804089cbd37ccf095122,notion,30038ddb450c8324a91681957a452f56,done,11. September 2026 17:00 (MESZ) → 18:00,11. September 2026 17:00,https://mailworx.marketingsuite.info/Form?ev=a3b1d9f5-0d04-4317-b6e1-913bdf7e3a33,Experience,https://app.notion.com/34238ddb450c817fb09ef2747f5a3dcc,EN,,60,,,,17:00,18:00,No,done,public,True,True,30038ddb450c8324a91681957a452f56,assigned
3a538ddb450c80668675d44830b52323,3a538ddb450c80668675d44830b52323,notion,6e138ddb450c837097dc81e01ec469ea,done,12. September 2026 10:30 (MESZ) → 11:00,12. September 2026 10:30,https://mailworx.marketingsuite.info/Form?ev=11531853-ea8e-4417-b84f-c8be2bbc5420,Experience,https://app.notion.com/34238ddb450c817fb09ef2747f5a3dcc,EN,,30,,,,10:30,11:00,No,done,public,True,True,6e138ddb450c837097dc81e01ec469ea,assigned
3a538ddb450c8048a686fea520248768,3a538ddb450c8048a686fea520248768,notion,3a538ddb450c81f58ae1f5d343fbcee1,done,9. September 2026 12:00 (MESZ) → 13:00,9. September 2026 12:00,https://mailworx.marketingsuite.info/Form?frm=24be8e50-a9c0-4755-b337-71bfce739d66,Networking Event,https://app.notion.com/38338ddb450c8081a52ff7fe61e40298,EN,,60,,,,12:00,13:00,No,done,public,True,True,3a538ddb450c81f58ae1f5d343fbcee1,assigned
0ea06941ec63c9472ab4c7cb4d962658,0ea06941ec63c9472ab4c7cb4d962658,derived,19138ddb450c824ba1fc012899fb469a,done,12. September 2026 11:30 (MESZ) → 13:00,12. September 2026 11:15,https://kupfticket.com/events/expert-tours-ok-quarter-004ecfdab5,Guided Tour,https://app.notion.com/3a438ddb450c8025acbcf7bc9663a06e,DE,15,90,,,,11:30,13:00,No,done,public,True,True,19138ddb450c824ba1fc012899fb469a,assigned
3a538ddb450c8065b655f72886037eeb,3a538ddb450c8065b655f72886037eeb,notion,3a538ddb450c80759ae5c71888dccdf3,done,9. September 2026 10:00 (MESZ) → 11:30,9. September 2026 10:00,,Conference,https://app.notion.com/34238ddb450c81db8331ed81749f47d2,EN,,90,,,,10:00,11:30,No,done,public,True,True,3a538ddb450c80759ae5c71888dccdf3,assigned
3a538ddb450c80439491c168399f2cc9,3a538ddb450c80439491c168399f2cc9,notion,3a538ddb450c809ab2f7fef12a90efd6,done,9. September 2026 16:30 (MESZ) → 18:00,9. September 2026 16:30,,Conference,https://app.notion.com/34238ddb450c81db8331ed81749f47d2,EN,,90,,,,16:30,18:00,No,done,public,True,True,3a538ddb450c809ab2f7fef12a90efd6,assigned
371bbb1d775b0d5bce70ff6f10377546,371bbb1d775b0d5bce70ff6f10377546,derived,3a538ddb450c81fba4fef0567a849723,done,11. September 2026 16:00 (MESZ) → 17:30,11. September 2026 16:00,https://mailworx.marketingsuite.info/Form?frm=9c98ba01-c353-4072-9772-ba09eaba7b89,Workshop,https://app.notion.com/39f38ddb450c80ee8f24c7f61d4a5c4c,EN,,90,,,,16:00,17:30,No,done,public,True,True,3a538ddb450c81fba4fef0567a849723,assigned
3a538ddb450c805688b1ec61da6dc694,3a538ddb450c805688b1ec61da6dc694,notion,3a538ddb450c804b8531f6c33e30b8f2,done,10. September 2026 14:30 (MESZ) → 16:00,10. September 2026 14:30,,Conference,https://app.notion.com/34238ddb450c81db8331ed81749f47d2,EN,,90,,,,14:30,16:00,No,done,public,True,True,3a538ddb450c804b8531f6c33e30b8f2,assigned
3a538ddb450c80c2b2e7c41794fcb0b4,3a538ddb450c80c2b2e7c41794fcb0b4,notion,3a538ddb450c80b7ab10e661e2be058a,done,11. September 2026 10:00 (MESZ) → 11:30,11. September 2026 10:00,,Conference,https://app.notion.com/34238ddb450c81db8331ed81749f47d2,EN,,90,,,,10:00,11:30,No,done,public,True,True,3a538ddb450c80b7ab10e661e2be058a,assigned
3a538ddb450c80caacb1f644b08075c2,3a538ddb450c80caacb1f644b08075c2,notion,3a538ddb450c809f97e4c5cdd67d1c72,done,11. September 2026 11:30 (MESZ) → 13:00,11. September 2026 11:30,,Conference,https://app.notion.com/34238ddb450c81db8331ed81749f47d2,EN,,90,,,,11:30,13:00,No,done,public,True,True,3a538ddb450c809f97e4c5cdd67d1c72,assigned
3a538ddb450c80adb622f1d041ee6396,3a538ddb450c80adb622f1d041ee6396,notion,3a538ddb450c800fa7f9d18c353cc43f,done,11. September 2026 14:30 (MESZ) → 16:00,11. September 2026 14:30,,Conference,https://app.notion.com/34238ddb450c81db8331ed81749f47d2,EN,,90,,,,14:30,16:00,No,done,public,True,True,3a538ddb450c800fa7f9d18c353cc43f,assigned
3a538ddb450c8093b3e6fe5a1fb61463,3a538ddb450c8093b3e6fe5a1fb61463,notion,3a538ddb450c80c7bf1fc731ad102b48,done,11. September 2026 16:30 (MESZ) → 18:00,11. September 2026 16:30,,Conference,https://app.notion.com/34238ddb450c81db8331ed81749f47d2,EN,,90,,,,16:30,18:00,No,done,public,True,True,3a538ddb450c80c7bf1fc731ad102b48,assigned
3a538ddb450c80e89e3af13bda2f1162,3a538ddb450c80e89e3af13bda2f1162,notion,3a538ddb450c80778f8cc9b28ab53f58,done,9. September 2026 11:30 (MESZ) → 13:00,9. September 2026 11:30,,Conference,https://app.notion.com/34238ddb450c81db8331ed81749f47d2,EN,,90,,,,11:30,13:00,No,done,public,True,True,3a538ddb450c80778f8cc9b28ab53f58,assigned
3a538ddb450c80dd8ce6c684ec2529e9,3a538ddb450c80dd8ce6c684ec2529e9,notion,3a538ddb450c80a6b695d41d488e335e,done,9. September 2026 14:30 (MESZ) → 16:00,9. September 2026 14:30,,Conference,https://app.notion.com/34238ddb450c81db8331ed81749f47d2,EN,,90,,,,14:30,16:00,No,done,public,True,True,3a538ddb450c80a6b695d41d488e335e,assigned
3a538ddb450c80809378e44f2c4c7ecd,3a538ddb450c80809378e44f2c4c7ecd,notion,3a538ddb450c80318373ca7ff0564cbd,done,10. September 2026 10:00 (MESZ) → 11:30,10. September 2026 10:00,,Conference,https://app.notion.com/34238ddb450c81db8331ed81749f47d2,EN,,90,,,,10:00,11:30,No,done,public,True,True,3a538ddb450c80318373ca7ff0564cbd,assigned
3a538ddb450c80658284e7a310ff38b4,3a538ddb450c80658284e7a310ff38b4,notion,3a538ddb450c80edbdd3cfc288449470,done,10. September 2026 11:30 (MESZ) → 13:00,10. September 2026 11:30,,Conference,https://app.notion.com/34238ddb450c81db8331ed81749f47d2,EN,,90,,,,11:30,13:00,No,done,public,True,True,3a538ddb450c80edbdd3cfc288449470,assigned
3a538ddb450c80669a24d4262e0e6ad8,3a538ddb450c80669a24d4262e0e6ad8,notion,3a538ddb450c80018090ef01a712b557,done,10. September 2026 16:30 (MESZ) → 18:00,10. September 2026 16:30,,Conference,https://app.notion.com/34238ddb450c81db8331ed81749f47d2,EN,,90,,,,16:30,18:00,No,done,public,True,True,3a538ddb450c80018090ef01a712b557,assigned
3a638ddb450c80acb6cffa0820ace37f,3a638ddb450c80acb6cffa0820ace37f,notion,3a638ddb450c80028db7dcee1a0c4b8a,done,9. September 2026 15:30 (MESZ) → 16:30,9. September 2026 15:30,https://mailworx.marketingsuite.info/Form?ev=37098de3-be00-43ae-9b3f-a82816920083,Experience,https://app.notion.com/34238ddb450c817fb09ef2747f5a3dcc,EN,,60,,,,15:30,16:30,Yes,done,public,True,True,3a638ddb450c80028db7dcee1a0c4b8a,assigned
3a638ddb450c8096b685c727b388d208,3a638ddb450c8096b685c727b388d208,notion,3a638ddb450c809bb042c0274048fa66,done,9. September 2026 17:00 (MESZ) → 18:00,9. September 2026 17:00,https://mailworx.marketingsuite.info/Form?ev=a48508da-094a-4fac-a229-a2f7e2877bd9,Experience,https://app.notion.com/34238ddb450c817fb09ef2747f5a3dcc,EN,,60,,,,17:00,18:00,Yes,done,public,True,True,3a638ddb450c809bb042c0274048fa66,assigned
3a638ddb450c80b290b9d845291055f1,3a638ddb450c80b290b9d845291055f1,notion,3a638ddb450c80598289ed89b4a874ad,done,10. September 2026 11:00 (MESZ) → 12:00,10. September 2026 11:00,https://mailworx.marketingsuite.info/Form?ev=ae931396-4935-455d-bf62-7c22bc1638ea,Experience,https://app.notion.com/34238ddb450c817fb09ef2747f5a3dcc,,,60,,,,11:00,12:00,Yes,done,public,True,True,3a638ddb450c80598289ed89b4a874ad,assigned
3a638ddb450c80a398a1c025b49c27ee,3a638ddb450c80a398a1c025b49c27ee,notion,3a538ddb450c81539ebcfafd0173fea9,done,11. September 2026 11:30 (MESZ) → 12:00,11. September 2026 11:30,,Lecture & Talk,https://app.notion.com/3a338ddb450c80458fccd80715baf32b,EN,,30,,,,11:30,12:00,Yes,done,public,True,True,3a538ddb450c81539ebcfafd0173fea9,assigned
3a638ddb450c80a89550c5db8ea43d8b,3a638ddb450c80a89550c5db8ea43d8b,notion,39138ddb450c808b8311f9051f5d5332,done,11. September 2026 10:30 (MESZ) → 11:30,11. September 2026 10:30,https://mailworx.marketingsuite.info/Form?frm=2a774995-3a66-4209-8320-347d787bb755,Networking Event,https://app.notion.com/38338ddb450c8081a52ff7fe61e40298,EN,,60,,,,10:30,11:30,No,done,public,True,True,39138ddb450c808b8311f9051f5d5332,assigned
2a535d17482d9f8d27295ee9c861fb4a,2a535d17482d9f8d27295ee9c861fb4a,derived,3a538ddb450c815ab48dcf98c8f1f5bb,done,10. September 2026 15:30 (MESZ) → 17:00,10. September 2026 15:15,https://kupfticket.com/events/expert-tours-ok-quarter-18acea3148,Guided Tour,https://app.notion.com/3a438ddb450c8025acbcf7bc9663a06e,EN,15,90,,,,15:30,17:00,Yes,done,public,True,True,3a538ddb450c815ab48dcf98c8f1f5bb,assigned
26945417528b6cfdcf654e6149a26f96,26945417528b6cfdcf654e6149a26f96,derived,39138ddb450c808eaca9df1ef92f215b,done,13. September 2026 10:00 (MESZ) → 11:30,13. September 2026 09:45,https://kupfticket.com/events/expert-tours-danube-triangle-9527523e6c,Guided Tour,https://app.notion.com/34238ddb450c813fbbffff132d6d8408,EN,15,90,,,,10:00,11:30,Yes,done,public,True,True,39138ddb450c808eaca9df1ef92f215b,assigned
e8bb507f1a48f4f9d598a2fdd7766bd2,e8bb507f1a48f4f9d598a2fdd7766bd2,derived,d0f38ddb450c830db8b8816298fd921d,done,10. September 2026 14:00 (MESZ) → 15:30,10. September 2026 13:45,https://kupfticket.com/events/expert-tours-ok-quarter-41cb716b73,Guided Tour,https://app.notion.com/3a438ddb450c8025acbcf7bc9663a06e,EN,15,90,,,,14:00,15:30,No,done,public,True,True,d0f38ddb450c830db8b8816298fd921d,assigned
de31ae94cd8985426f4ce74638cba189,de31ae94cd8985426f4ce74638cba189,derived,3a038ddb450c81968a8adf47639794a6,done,12. September 2026 15:30 (MESZ) → 17:00,12. September 2026 15:30,https://kupfticket.com/events/expert-tours-ok-quarter-8693186e92,Guided Tour,https://app.notion.com/3a438ddb450c8025acbcf7bc9663a06e,EN,,90,,,,15:30,17:00,No,done,public,True,True,3a038ddb450c81968a8adf47639794a6,assigned
38025e95f9848087f714d613836da5c4,38025e95f9848087f714d613836da5c4,derived,40838ddb450c82f0904c8102b2498028,done,13. September 2026 11:00 (MESZ) → 12:30,13. September 2026 10:45,https://kupfticket.com/events/expert-tours-ok-quarter-569cf9e971,Guided Tour,https://app.notion.com/3a438ddb450c8025acbcf7bc9663a06e,DE,15,90,,,,11:00,12:30,No,done,public,True,True,40838ddb450c82f0904c8102b2498028,assigned
3a638ddb450c80618b46e472e9275fbc,3a638ddb450c80618b46e472e9275fbc,notion,3a538ddb450c8152bf30ee7910c366dd,done,10. September 2026 17:30 (MESZ) → 18:15,10. September 2026 17:30,,Networking Event,https://app.notion.com/39238ddb450c80f98ecbf708c0f05fda,"DE,EN",,45,,,,17:30,18:15,No,done,public,True,True,3a538ddb450c8152bf30ee7910c366dd,assigned
3a638ddb450c8026a5aaff34d380fbe7,3a638ddb450c8026a5aaff34d380fbe7,notion,3a638ddb450c8131a483d737de892f46,done,10. September 2026 11:00 (MESZ) → 13:00,10. September 2026 11:00,,Deep Dive,https://app.notion.com/38338ddb450c8085af08d41c175807b5,EN,,120,,,,11:00,13:00,No,done,public,True,True,3a638ddb450c8131a483d737de892f46,assigned
c264d3728c176b08a846640442bdacfd,c264d3728c176b08a846640442bdacfd,derived,3a538ddb450c80c2a39be7d7fc616ec4,done,9. September 2026 14:15 (MESZ) → 15:15,9. September 2026 14:15,https://kupfticket.com/events/ars-electronica-center-tours-fr-119-c617b520d0,Guided Tour,https://app.notion.com/3b138ddb450c803f8116c2d9fcad705c,DE,,60,,,,14:15,15:15,No,done,public,True,True,3a538ddb450c80c2a39be7d7fc616ec4,assigned
4b74dbe253f4a73427b5bcd816d78703,4b74dbe253f4a73427b5bcd816d78703,derived,3a538ddb450c80c2a39be7d7fc616ec4,done,10. September 2026 14:15 (MESZ) → 15:15,10. September 2026 14:15,https://kupfticket.com/events/ars-electronica-center-tours-fr-119-491c65fa48,Guided Tour,https://app.notion.com/3b138ddb450c803f8116c2d9fcad705c,DE,,60,,,,14:15,15:15,No,done,public,True,True,3a538ddb450c80c2a39be7d7fc616ec4,assigned
d00c6d9f57c3dfe9470c0afddef97ae6,d00c6d9f57c3dfe9470c0afddef97ae6,derived,3a538ddb450c80c2a39be7d7fc616ec4,done,11. September 2026 14:15 (MESZ) → 15:15,11. September 2026 14:15,https://kupfticket.com/events/ars-electronica-center-tours-fr-119-7bfde7502f,Guided Tour,https://app.notion.com/3b138ddb450c803f8116c2d9fcad705c,DE,,60,,,,14:15,15:15,No,done,public,True,True,3a538ddb450c80c2a39be7d7fc616ec4,assigned
a5357c54b5838bc20c60c146b538139d,a5357c54b5838bc20c60c146b538139d,derived,3a538ddb450c80c2a39be7d7fc616ec4,done,12. September 2026 14:15 (MESZ) → 15:15,12. September 2026 14:15,https://kupfticket.com/events/ars-electronica-center-tours-fr-119-14fe872240,Guided Tour,https://app.notion.com/3b138ddb450c803f8116c2d9fcad705c,DE,,60,,,,14:15,15:15,No,done,public,True,True,3a538ddb450c80c2a39be7d7fc616ec4,assigned
0b09ff89945b24ff421afa6399f46cf8,0b09ff89945b24ff421afa6399f46cf8,derived,3a538ddb450c80c2a39be7d7fc616ec4,done,13. September 2026 14:15 (MESZ) → 15:15,13. September 2026 14:15,https://kupfticket.com/events/ars-electronica-center-tours-fr-119-4866d6b40f,Guided Tour,https://app.notion.com/3b138ddb450c803f8116c2d9fcad705c,DE,,60,,,,14:15,15:15,No,done,public,True,True,3a538ddb450c80c2a39be7d7fc616ec4,assigned
60f14261248866ef10eea073e19eae76,60f14261248866ef10eea073e19eae76,derived,57838ddb450c836199a1014a64eadb52,done,9. September 2026 10:15 (MESZ) → 11:15,9. September 2026 10:15,https://kupfticket.com/events/ars-electronica-center-tours-fr-119-4f1800d640,Guided Tour,https://app.notion.com/3b138ddb450c803f8116c2d9fcad705c,EN,,60,,,,10:15,11:15,No,done,public,True,True,57838ddb450c836199a1014a64eadb52,assigned
9729ca37a5faefa1ee57997d6d07621e,9729ca37a5faefa1ee57997d6d07621e,derived,57838ddb450c836199a1014a64eadb52,done,10. September 2026 10:15 (MESZ) → 11:15,10. September 2026 10:15,https://kupfticket.com/events/ars-electronica-center-tours-fr-119-09fb33a02a,Guided Tour,https://app.notion.com/3b138ddb450c803f8116c2d9fcad705c,EN,,60,,,,10:15,11:15,No,done,public,True,True,57838ddb450c836199a1014a64eadb52,assigned
64b62f9a4cd991f46d9acf70b8bbce3b,64b62f9a4cd991f46d9acf70b8bbce3b,derived,57838ddb450c836199a1014a64eadb52,done,11. September 2026 10:15 (MESZ) → 11:15,11. September 2026 10:15,https://kupfticket.com/events/ars-electronica-center-tours-fr-119-69f91d3dc4,Guided Tour,https://app.notion.com/3b138ddb450c803f8116c2d9fcad705c,EN,,60,,,,10:15,11:15,No,done,public,True,True,57838ddb450c836199a1014a64eadb52,assigned
28577c094800706ff93a0d8b4e7c5660,28577c094800706ff93a0d8b4e7c5660,derived,57838ddb450c836199a1014a64eadb52,done,12. September 2026 10:15 (MESZ) → 11:15,12. September 2026 10:15,https://kupfticket.com/events/ars-electronica-center-tours-fr-119-a057c9cf20,Guided Tour,https://app.notion.com/3b138ddb450c803f8116c2d9fcad705c,EN,,60,,,,10:15,11:15,No,done,public,True,True,57838ddb450c836199a1014a64eadb52,assigned
b1369efc9ced9c12780bceeed75d6aed,b1369efc9ced9c12780bceeed75d6aed,derived,57838ddb450c836199a1014a64eadb52,done,13. September 2026 10:15 (MESZ) → 11:15,13. September 2026 10:15,https://kupfticket.com/events/ars-electronica-center-tours-fr-119-636062d2df,Guided Tour,https://app.notion.com/3b138ddb450c803f8116c2d9fcad705c,EN,,60,,,,10:15,11:15,No,done,public,True,True,57838ddb450c836199a1014a64eadb52,assigned
3a638ddb450c80b9a41fce73a848fad6,3a638ddb450c80b9a41fce73a848fad6,notion,9cf38ddb450c823aae1d01c98286819a,done,9. September 2026 15:30 (MESZ) → 17:00,9. September 2026 15:30,https://mailworx.marketingsuite.info/Form?ev=53ddc7ed-92e8-4c6a-a9d0-945713b50a97,Workshop,https://app.notion.com/39238ddb450c80f98ecbf708c0f05fda,"DE,EN",,90,,,,15:30,17:00,No,done,public,True,True,9cf38ddb450c823aae1d01c98286819a,assigned
448aae6f8b9400c982ac4e758701a412,448aae6f8b9400c982ac4e758701a412,derived,39c38ddb450c805ab52ddb607d9a503a,done,11. September 2026 14:00 (MESZ) → 15:30,11. September 2026 13:45,https://kupfticket.com/events/expert-tours-ok-quarter-14450b4b60,Guided Tour,https://app.notion.com/3a438ddb450c8025acbcf7bc9663a06e,EN,15,90,,,,14:00,15:30,No,done,public,True,True,39c38ddb450c805ab52ddb607d9a503a,assigned
3a638ddb450c80fe8d33d85ad0c62608,3a638ddb450c80fe8d33d85ad0c62608,notion,3a638ddb450c813b8a8bdc46e991c994,done,12. September 2026 14:45 (MESZ) → 16:30,12. September 2026 14:30,https://kupfticket.com/events/jku-med-campus-tours-6830c18206,Guided Tour,https://app.notion.com/34238ddb450c803c9a4fc86c8270359d,DE,15,105,,,,14:45,16:30,Yes,done,public,True,True,3a638ddb450c813b8a8bdc46e991c994,assigned
5495714411d1f7e6c01252126d65750f,5495714411d1f7e6c01252126d65750f,derived,3a638ddb450c81aaa4eccd92b3ea9676,done,10. September 2026 11:00 (MESZ) → 12:00,10. September 2026 11:00,,Experience,https://app.notion.com/39938ddb450c80dca659d97e2b0a200b,DE,,60,,,,11:00,12:00,Yes,done,public,True,True,3a638ddb450c81aaa4eccd92b3ea9676,assigned
5b3efdd63b57ca7ca1da49b8c0a1421d,5b3efdd63b57ca7ca1da49b8c0a1421d,derived,3a638ddb450c81aaa4eccd92b3ea9676,done,12. September 2026 13:00 (MESZ) → 14:30,12. September 2026 13:00,,Experience,https://app.notion.com/39938ddb450c80dca659d97e2b0a200b,DE,,90,,,,13:00,14:30,Yes,done,public,True,True,3a638ddb450c81aaa4eccd92b3ea9676,assigned
3a638ddb450c80ec81cbc2980f23508a,3a638ddb450c80ec81cbc2980f23508a,notion,80538ddb450c8275b78a81401628c626,done,10. September 2026 19:00 (MESZ) → 20:00,10. September 2026 19:00,,Performance,https://app.notion.com/34238ddb450c81ac8432eab6e4831002,nonverbal,,60,,,,19:00,20:00,No,done,public,True,True,80538ddb450c8275b78a81401628c626,assigned
3a638ddb450c80c7af5de725d94b4a09,3a638ddb450c80c7af5de725d94b4a09,notion,3a538ddb450c80748bbbe77c402c3135,done,12. September 2026 19:00 (MESZ) → 20:00,12. September 2026 19:00,,Performance,https://app.notion.com/34238ddb450c81ac8432eab6e4831002,nonverbal,,60,,,,19:00,20:00,No,done,public,True,True,3a538ddb450c80748bbbe77c402c3135,assigned
08a49d2e192d394028cb66a4c9e09837,08a49d2e192d394028cb66a4c9e09837,derived,cf038ddb450c82c0b4ea812edd385234,done,12. September 2026 11:00 (MESZ) → 12:00,12. September 2026 10:45,https://kupfticket.com/events/jku-med-campus-tours-bda00d1beb,Guided Tour,https://app.notion.com/34238ddb450c803c9a4fc86c8270359d,DE,15,60,,,,11:00,12:00,No,done,public,True,True,cf038ddb450c82c0b4ea812edd385234,assigned
3a638ddb450c8084b425eaa9dbd38c98,3a638ddb450c8084b425eaa9dbd38c98,notion,34a38ddb450c804da116ed5f38dd5186,done,11. September 2026 23:00 (MESZ) → 12. September 2026 4:00 (MESZ),11. September 2026 23:00,,Concert,https://app.notion.com/34238ddb450c809d80c0dc96ac1129e6,,,300,,,,23:00,04:00,Yes,done,public,True,True,34a38ddb450c804da116ed5f38dd5186,assigned
27f19635902f41f310380a0f563482f2,27f19635902f41f310380a0f563482f2,derived,3a638ddb450c80f8b35efeb57b787f35,done,10. September 2026 14:30 (MESZ) → 16:00,10. September 2026 14:30,,Panel Discussion,https://app.notion.com/39938ddb450c80dca659d97e2b0a200b,"DE,EN",,90,,,,14:30,16:00,No,done,public,True,True,3a638ddb450c80f8b35efeb57b787f35,assigned
5b178d0a9a24c5109287f1ec384a86f5,5b178d0a9a24c5109287f1ec384a86f5,derived,3a538ddb450c8042a6e2c78244bdcd22,done,9. September 2026 18:00 (MESZ) → 18:30,9. September 2026 18:00,,Performance,https://app.notion.com/34238ddb450c81ac8432eab6e4831002,"DE,EN,nonverbal",,30,,,,18:00,18:30,No,done,public,True,True,3a538ddb450c8042a6e2c78244bdcd22,assigned
a6c8d8ba35fa1824fbc50de8c7476bdb,a6c8d8ba35fa1824fbc50de8c7476bdb,derived,3a538ddb450c8042a6e2c78244bdcd22,done,10. September 2026 14:15 (MESZ) → 14:45,10. September 2026 14:15,,Performance,https://app.notion.com/34238ddb450c81ac8432eab6e4831002,"DE,EN,nonverbal",,30,,,,14:15,14:45,No,done,public,True,True,3a538ddb450c8042a6e2c78244bdcd22,assigned
3a638ddb450c80bcb1daee508e4b4792,3a638ddb450c80bcb1daee508e4b4792,notion,3a638ddb450c80c79a92f94042551085,done,12. September 2026 20:00 (MESZ) → 23:00,12. September 2026 20:00,https://mailworx.marketingsuite.info/Form?ev=55515512-a989-436a-b3f7-ba798b3793f2,Experience,https://app.notion.com/34238ddb450c8161b52ecd1c41c405fa,EN,,180,,,,20:00,23:00,Yes,done,public,True,True,3a638ddb450c80c79a92f94042551085,assigned
d2f6fad03fa4f252dfc712e6046ea729,d2f6fad03fa4f252dfc712e6046ea729,derived,3a538ddb450c8042a6e2c78244bdcd22,done,10. September 2026 18:30 (MESZ) → 19:00,10. September 2026 18:30,,Performance,https://app.notion.com/34238ddb450c81ac8432eab6e4831002,"DE,EN,nonverbal",,30,,,,18:30,19:00,No,done,public,True,True,3a538ddb450c8042a6e2c78244bdcd22,assigned
48d99de7986b30a1d7a1ca559c7a934e,48d99de7986b30a1d7a1ca559c7a934e,derived,3a538ddb450c8042a6e2c78244bdcd22,done,11. September 2026 14:15 (MESZ) → 14:45,11. September 2026 14:15,,Performance,https://app.notion.com/34238ddb450c81ac8432eab6e4831002,"DE,EN,nonverbal",,30,,,,14:15,14:45,No,done,public,True,True,3a538ddb450c8042a6e2c78244bdcd22,assigned
8019e3a0343957aedbda130258fd01c1,8019e3a0343957aedbda130258fd01c1,derived,3a538ddb450c8042a6e2c78244bdcd22,done,12. September 2026 14:15 (MESZ) → 14:45,12. September 2026 14:15,,Performance,https://app.notion.com/34238ddb450c81ac8432eab6e4831002,"DE,EN,nonverbal",,30,,,,14:15,14:45,No,done,public,True,True,3a538ddb450c8042a6e2c78244bdcd22,assigned
47b8c4ce37dbaef4400ce2086b5a0a0f,47b8c4ce37dbaef4400ce2086b5a0a0f,derived,3a538ddb450c8042a6e2c78244bdcd22,done,12. September 2026 18:30 (MESZ) → 19:00,12. September 2026 18:30,,Performance,https://app.notion.com/34238ddb450c81ac8432eab6e4831002,"DE,EN,nonverbal",,30,,,,18:30,19:00,No,done,public,True,True,3a538ddb450c8042a6e2c78244bdcd22,assigned
b7d991c369244b396e9e644d22b0f4fa,b7d991c369244b396e9e644d22b0f4fa,derived,3a538ddb450c8042a6e2c78244bdcd22,done,13. September 2026 13:15 (MESZ) → 13:45,13. September 2026 13:15,,Performance,https://app.notion.com/34238ddb450c81ac8432eab6e4831002,"DE,EN,nonverbal",,30,,,,13:15,13:45,No,done,public,True,True,3a538ddb450c8042a6e2c78244bdcd22,assigned
00c9cf2dcc58590b730473dfb5bbc33c,00c9cf2dcc58590b730473dfb5bbc33c,derived,3a538ddb450c8042a6e2c78244bdcd22,done,13. September 2026 17:30 (MESZ) → 18:00,13. September 2026 17:30,,Performance,https://app.notion.com/34238ddb450c81ac8432eab6e4831002,"DE,EN,nonverbal",,30,,,,17:30,18:00,No,done,public,True,True,3a538ddb450c8042a6e2c78244bdcd22,assigned
3a638ddb450c80c2bcd7d9f03ab798d5,3a638ddb450c80c2bcd7d9f03ab798d5,notion,39f38ddb450c814ea5ede5f08849b7a1,done,11. September 2026 23:00 (MESZ) → 23:30,11. September 2026 23:00,,Concert,https://app.notion.com/34238ddb450c809d80c0dc96ac1129e6,nonverbal,,30,,,,23:00,23:30,No,done,public,True,True,39f38ddb450c814ea5ede5f08849b7a1,assigned
058e45683a4af706e2ab29ba3e23f317,058e45683a4af706e2ab29ba3e23f317,derived,3a538ddb450c8017a27cf49cbaabc515,done,9. September 2026 14:00 (MESZ) → 15:00,9. September 2026 14:00,,Meet the Artist,https://app.notion.com/38338ddb450c8084b285d07f3f979b54,EN,,60,,,,14:00,15:00,No,done,public,True,True,3a538ddb450c8017a27cf49cbaabc515,assigned
b099d2906e3364ba47b42c4611b6b4cd,b099d2906e3364ba47b42c4611b6b4cd,derived,3a538ddb450c8017a27cf49cbaabc515,done,10. September 2026 14:00 (MESZ) → 15:00,10. September 2026 14:00,,Meet the Artist,https://app.notion.com/38338ddb450c8084b285d07f3f979b54,EN,,60,,,,14:00,15:00,No,done,public,True,True,3a538ddb450c8017a27cf49cbaabc515,assigned
4b6cf9b58862e26f896d55eb3c0b5b68,4b6cf9b58862e26f896d55eb3c0b5b68,derived,3a538ddb450c8017a27cf49cbaabc515,done,11. September 2026 14:00 (MESZ) → 15:00,11. September 2026 14:00,,Meet the Artist,https://app.notion.com/38338ddb450c8084b285d07f3f979b54,EN,,60,,,,14:00,15:00,No,done,public,True,True,3a538ddb450c8017a27cf49cbaabc515,assigned
3a638ddb450c801aa83ddd697faa0f71,3a638ddb450c801aa83ddd697faa0f71,notion,38f38ddb450c81a1a087ce63ca360c9b,done,11. September 2026 23:35 (MESZ) → 12. September 2026 0:15 (MESZ),11. September 2026 23:35,,Concert,https://app.notion.com/34238ddb450c809d80c0dc96ac1129e6,nonverbal,,40,,,,23:35,00:15,No,done,public,True,True,38f38ddb450c81a1a087ce63ca360c9b,assigned
cdf3ac4af024aa401b42aa3c3cf28957,cdf3ac4af024aa401b42aa3c3cf28957,derived,3a538ddb450c8017a27cf49cbaabc515,done,12. September 2026 14:00 (MESZ) → 15:00,12. September 2026 14:00,,Meet the Artist,https://app.notion.com/38338ddb450c8084b285d07f3f979b54,EN,,60,,,,14:00,15:00,No,done,public,True,True,3a538ddb450c8017a27cf49cbaabc515,assigned
395ac0fff9b73b254a800ad18a09ee22,395ac0fff9b73b254a800ad18a09ee22,derived,3a538ddb450c8017a27cf49cbaabc515,done,13. September 2026 14:00 (MESZ) → 15:00,13. September 2026 14:00,,Meet the Artist,https://app.notion.com/38338ddb450c8084b285d07f3f979b54,EN,,60,,,,14:00,15:00,No,done,public,True,True,3a538ddb450c8017a27cf49cbaabc515,assigned
d8b298b8aa6097eaafa0cb6e2631ebb1,d8b298b8aa6097eaafa0cb6e2631ebb1,derived,3a038ddb450c81b68e84e2a3c0ad3e62,done,12. September 2026 1:10 (MESZ) → 1:55,12. September 2026 01:10,,Performance,https://app.notion.com/34238ddb450c809d80c0dc96ac1129e6,nonverbal,,45,,,,01:10,01:55,No,done,public,True,True,3a038ddb450c81b68e84e2a3c0ad3e62,assigned
3a638ddb450c80e1a1d7cba206b9c68c,3a638ddb450c80e1a1d7cba206b9c68c,notion,39638ddb450c8136a5b3d7f406bd92d3,done,12. September 2026 0:20 (MESZ) → 1:05,12. September 2026 00:20,,Concert,https://app.notion.com/34238ddb450c809d80c0dc96ac1129e6,"nonverbal,other",,45,,,,00:20,01:05,No,done,public,True,True,39638ddb450c8136a5b3d7f406bd92d3,assigned
3a638ddb450c80078ed0fa87bd93bada,3a638ddb450c80078ed0fa87bd93bada,notion,38f38ddb450c81a1bc5eeafe2b4faed6,done,12. September 2026 2:50 (MESZ) → 4:00,12. September 2026 02:50,,Concert,https://app.notion.com/34238ddb450c809d80c0dc96ac1129e6,"nonverbal,other",,70,,,,02:50,04:00,No,done,public,True,True,38f38ddb450c81a1bc5eeafe2b4faed6,assigned
3a638ddb450c80ab8ffbc7802ae89180,3a638ddb450c80ab8ffbc7802ae89180,notion,39238ddb450c814d959bcb7e64564979,done,10. September 2026 12:00 (MESZ) → 14:00,10. September 2026 12:00,,Workshop,https://app.notion.com/34238ddb450c81ac8432eab6e4831002,EN,,120,,,,12:00,14:00,No,done,public,True,True,39238ddb450c814d959bcb7e64564979,assigned
3a638ddb450c80cf871ec25d22a24fb0,3a638ddb450c80cf871ec25d22a24fb0,notion,39838ddb450c8184ae86d7537dbc71f8,done,9. September 2026 19:15 (MESZ) → 19:45,9. September 2026 19:15,,Concert,https://app.notion.com/34238ddb450c8156a0b2e87f10c43d2e,other,,30,,,,19:15,19:45,No,done,public,True,True,39838ddb450c8184ae86d7537dbc71f8,assigned
3a638ddb450c80238ee0d9f72b823cf0,3a638ddb450c80238ee0d9f72b823cf0,notion,39138ddb450c81549688e8455fea68f2,done,12. September 2026 17:00 (MESZ) → 18:00,12. September 2026 17:00,,Workshop,https://app.notion.com/34238ddb450c81ac8432eab6e4831002,"DE,EN",,60,,,,17:00,18:00,Yes,done,public,True,True,39138ddb450c81549688e8455fea68f2,assigned
3a638ddb450c80e09671efdbfe0225c4,3a638ddb450c80e09671efdbfe0225c4,notion,39138ddb450c81098377d9843efc9e87,done,9. September 2026 23:20 (MESZ) → 23:40,9. September 2026 23:20,,Concert,https://app.notion.com/34238ddb450c8156a0b2e87f10c43d2e,nonverbal,,20,,,,23:20,23:40,No,done,public,True,True,39138ddb450c81098377d9843efc9e87,assigned
3a638ddb450c805886fad3ad73b937fa,3a638ddb450c805886fad3ad73b937fa,notion,39138ddb450c81659f40da3fce7bfa86,done,9. September 2026 12:00 (MESZ) → 14:00,9. September 2026 12:00,,Workshop,https://app.notion.com/34238ddb450c81ac8432eab6e4831002,"DE,EN",,120,,,,12:00,14:00,No,done,public,True,True,39138ddb450c81659f40da3fce7bfa86,assigned
3a638ddb450c80c988a9d4649fd85e5f,3a638ddb450c80c988a9d4649fd85e5f,notion,39138ddb450c81c29dfde66337ae2140,done,11. September 2026 12:30 (MESZ) → 14:00,11. September 2026 12:30,,Workshop,https://app.notion.com/34238ddb450c81ac8432eab6e4831002,DE,,90,,,,12:30,14:00,Yes,done,public,True,True,39138ddb450c81c29dfde66337ae2140,assigned
3a638ddb450c8071a173d5ea246ee18d,3a638ddb450c8071a173d5ea246ee18d,notion,39738ddb450c816cbe90ff06d00c0f76,done,11. September 2026 18:00 (MESZ) → 19:30,11. September 2026 18:00,,Workshop,https://app.notion.com/34238ddb450c81ac8432eab6e4831002,"DE,EN",,90,,,,18:00,19:30,No,done,public,True,True,39738ddb450c816cbe90ff06d00c0f76,assigned
3a638ddb450c804d8ccfed75a519cc0e,3a638ddb450c804d8ccfed75a519cc0e,notion,39638ddb450c8134a334f8dd3f82a9b1,done,9. September 2026 19:55 (MESZ) → 20:25,9. September 2026 19:55,,Concert,https://app.notion.com/34238ddb450c8156a0b2e87f10c43d2e,"DE,EN",,30,,,,19:55,20:25,No,done,public,True,True,39638ddb450c8134a334f8dd3f82a9b1,assigned
80c11e741be2761272973f0e14692755,80c11e741be2761272973f0e14692755,derived,39738ddb450c81088b6fe52306e932ad,done,11. September 2026 17:30 (MESZ) → 17:45,11. September 2026 17:30,,Performance,https://app.notion.com/34238ddb450c81ac8432eab6e4831002,"DE,EN",,15,,,,17:30,17:45,Yes,done,public,True,True,39738ddb450c81088b6fe52306e932ad,assigned
3a638ddb450c809799d5cb1330233772,3a638ddb450c809799d5cb1330233772,notion,39538ddb450c817dabbefa5d7d9003fe,done,9. September 2026 22:55 (MESZ) → 23:15,9. September 2026 22:55,,Performance,https://app.notion.com/34238ddb450c8156a0b2e87f10c43d2e,EN,,20,,,,22:55,23:15,No,done,public,True,True,39538ddb450c817dabbefa5d7d9003fe,assigned
3a638ddb450c802cb3b6f2ab2e893c86,3a638ddb450c802cb3b6f2ab2e893c86,notion,3a538ddb450c80f8b76fe2886c7d527f,done,11. September 2026 16:00 (MESZ) → 22:00,11. September 2026 16:00,,Performance,https://app.notion.com/34238ddb450c814d8656ffe340e022bb,"DE,EN,nonverbal",,360,,,,16:00,22:00,No,done,public,True,True,3a538ddb450c80f8b76fe2886c7d527f,assigned
3a638ddb450c808a9d7bf1f6736952d6,3a638ddb450c808a9d7bf1f6736952d6,notion,3a538ddb450c80c78ec0e85aaafc3f8b,done,11. September 2026 19:30 (MESZ) → 20:00,11. September 2026 19:30,,Performance,https://app.notion.com/34238ddb450c81ac8432eab6e4831002,"DE,EN,nonverbal",,30,,,,19:30,20:00,No,done,public,True,True,3a538ddb450c80c78ec0e85aaafc3f8b,assigned
3a638ddb450c80f9bbded406fe8b6f89,3a638ddb450c80f9bbded406fe8b6f89,notion,3a638ddb450c80528557d1a662ba1cab,done,11. September 2026 18:30 (MESZ) → 22:30,11. September 2026 18:30,,Concert,https://app.notion.com/34238ddb450c809d80c0dc96ac1129e6,nonverbal,,240,,,,18:30,22:30,No,done,public,True,True,3a638ddb450c80528557d1a662ba1cab,assigned
2d01461cfb0d732a76521386f105da9f,2d01461cfb0d732a76521386f105da9f,derived,38e38ddb450c81aea359dd3a888c0ed5,done,9. September 2026 16:00 (MESZ) → 17:20,9. September 2026 16:00,,Performance,https://app.notion.com/34238ddb450c81b4a366f6a774e81e77,"EN,nonverbal,other",,80,,,,16:00,17:20,No,done,public,True,True,38e38ddb450c81aea359dd3a888c0ed5,assigned
f5e2908ca929acdeb0a4bd928c2d0b49,f5e2908ca929acdeb0a4bd928c2d0b49,derived,38e38ddb450c81aea359dd3a888c0ed5,done,10. September 2026 16:00 (MESZ) → 17:20,10. September 2026 16:00,,Performance,https://app.notion.com/34238ddb450c81b4a366f6a774e81e77,"EN,nonverbal,other",,80,,,,16:00,17:20,No,done,public,True,True,38e38ddb450c81aea359dd3a888c0ed5,assigned
0ba1c8d9cd68f1aba9c6968fcbce073c,0ba1c8d9cd68f1aba9c6968fcbce073c,derived,38e38ddb450c81aea359dd3a888c0ed5,done,11. September 2026 16:00 (MESZ) → 17:20,11. September 2026 16:00,,Performance,https://app.notion.com/34238ddb450c81b4a366f6a774e81e77,"EN,nonverbal,other",,80,,,,16:00,17:20,No,done,public,True,True,38e38ddb450c81aea359dd3a888c0ed5,assigned
f1defb9ae2c5e6f0f1cab124600cbd27,f1defb9ae2c5e6f0f1cab124600cbd27,derived,38e38ddb450c81aea359dd3a888c0ed5,done,12. September 2026 16:00 (MESZ) → 17:20,12. September 2026 16:00,,Performance,https://app.notion.com/34238ddb450c81b4a366f6a774e81e77,"EN,nonverbal,other",,80,,,,16:00,17:20,No,done,public,True,True,38e38ddb450c81aea359dd3a888c0ed5,assigned
9efb9df7c72140fda615003149c1c08a,9efb9df7c72140fda615003149c1c08a,derived,38e38ddb450c81aea359dd3a888c0ed5,done,13. September 2026 16:00 (MESZ) → 17:20,13. September 2026 16:00,,Performance,https://app.notion.com/34238ddb450c81b4a366f6a774e81e77,"EN,nonverbal,other",,80,,,,16:00,17:20,No,done,public,True,True,38e38ddb450c81aea359dd3a888c0ed5,assigned
c282372d4f7dff0b434c05e733c23c94,c282372d4f7dff0b434c05e733c23c94,derived,39f38ddb450c8186a77cd25d8dde0373,done,9. September 2026 18:30 (MESZ) → 20:00,9. September 2026 18:30,,Workshop,https://app.notion.com/34238ddb450c81ac8432eab6e4831002,"DE,EN",,90,,,,18:30,20:00,Yes,done,public,True,True,39f38ddb450c8186a77cd25d8dde0373,assigned
15257cdf66c489a1c1357095b9576d14,15257cdf66c489a1c1357095b9576d14,derived,39f38ddb450c8186a77cd25d8dde0373,done,10. September 2026 15:00 (MESZ) → 18:00,10. September 2026 15:00,,Workshop,https://app.notion.com/34238ddb450c81ac8432eab6e4831002,"DE,EN",,180,,,,15:00,18:00,Yes,done,public,True,True,39f38ddb450c8186a77cd25d8dde0373,assigned
4e9a2d280d21b95a4d2ae81e4a497233,4e9a2d280d21b95a4d2ae81e4a497233,derived,39f38ddb450c8186a77cd25d8dde0373,done,11. September 2026 15:00 (MESZ) → 17:30,11. September 2026 15:00,,Workshop,https://app.notion.com/34238ddb450c81ac8432eab6e4831002,"DE,EN",,150,,,,15:00,17:30,Yes,done,public,True,True,39f38ddb450c8186a77cd25d8dde0373,assigned
51b0fc75964f12cb95fd1fbf493b1aa2,51b0fc75964f12cb95fd1fbf493b1aa2,derived,39f38ddb450c8186a77cd25d8dde0373,done,12. September 2026 15:00 (MESZ) → 17:00,12. September 2026 15:00,,Workshop,https://app.notion.com/34238ddb450c81ac8432eab6e4831002,"DE,EN",,120,,,,15:00,17:00,Yes,done,public,True,True,39f38ddb450c8186a77cd25d8dde0373,assigned
6981e9d42fd34dea68868fbe86d99cf3,6981e9d42fd34dea68868fbe86d99cf3,derived,39f38ddb450c8186a77cd25d8dde0373,done,13. September 2026 14:00 (MESZ) → 17:00,13. September 2026 14:00,,Workshop,https://app.notion.com/34238ddb450c81ac8432eab6e4831002,"DE,EN",,180,,,,14:00,17:00,Yes,done,public,True,True,39f38ddb450c8186a77cd25d8dde0373,assigned
3a638ddb450c800e9e97d929f59e3a62,3a638ddb450c800e9e97d929f59e3a62,notion,39038ddb450c81dc8de9f95a702c1077,done,9. September 2026 15:00 (MESZ) → 17:30,9. September 2026 15:00,,Workshop,https://app.notion.com/34238ddb450c81ac8432eab6e4831002,"DE,EN",,150,,,,15:00,17:30,No,done,public,True,True,39038ddb450c81dc8de9f95a702c1077,assigned
3a638ddb450c80a78d63c1d50a4f384e,3a638ddb450c80a78d63c1d50a4f384e,notion,37b38ddb450c81eb8e17e85680e8f00e,done,11. September 2026 17:45 (MESZ) → 18:00,11. September 2026 17:45,,Performance,https://app.notion.com/34238ddb450c81ac8432eab6e4831002,EN,,15,,,,17:45,18:00,No,done,public,True,True,37b38ddb450c81eb8e17e85680e8f00e,assigned
3a638ddb450c803696f5cd346cff54da,3a638ddb450c803696f5cd346cff54da,notion,3a538ddb450c804dbad4ee79b9e55359,done,11. September 2026 13:30 (MESZ) → 14:15,11. September 2026 13:30,,Networking Event,https://app.notion.com/39238ddb450c80f98ecbf708c0f05fda,EN,,45,,,,13:30,14:15,Yes,done,public,True,True,3a538ddb450c804dbad4ee79b9e55359,assigned
3a638ddb450c807d8f24dc6d68f14d4c,3a638ddb450c807d8f24dc6d68f14d4c,notion,3a638ddb450c8027a9d1d0de7f175fdf,done,12. September 2026 15:15 (MESZ) → 16:15,12. September 2026 15:15,,Panel Discussion,https://app.notion.com/39238ddb450c80f98ecbf708c0f05fda,,,60,,,,15:15,16:15,No,done,public,True,True,3a638ddb450c8027a9d1d0de7f175fdf,assigned
7dcf84cd2a20b363bd8bb1f742b653fe,7dcf84cd2a20b363bd8bb1f742b653fe,derived,39538ddb450c804487b4d97d74b94fc8,done,9. September 2026 13:00 (MESZ) → 14:30,9. September 2026 13:00,https://kupfticket.com/events/spotlight-tour-festival-walk-negotiating-the-real-9e55cd71ad,Guided Tour,https://app.notion.com/3a438ddb450c8025acbcf7bc9663a06e,EN,,90,,,,13:00,14:30,No,done,public,True,True,39538ddb450c804487b4d97d74b94fc8,assigned
1aabb915feea89f3359e171701f3f0b6,1aabb915feea89f3359e171701f3f0b6,derived,39538ddb450c804487b4d97d74b94fc8,done,9. September 2026 17:00 (MESZ) → 18:30,9. September 2026 17:00,https://kupfticket.com/events/spotlight-tour-festival-walk-negotiating-the-real-c7b82eff1e,Guided Tour,https://app.notion.com/3a438ddb450c8025acbcf7bc9663a06e,EN,,90,,,,17:00,18:30,No,done,public,True,True,39538ddb450c804487b4d97d74b94fc8,assigned
2c074144329eb45ae8fb0e4e55c043c3,2c074144329eb45ae8fb0e4e55c043c3,derived,39538ddb450c804cb40efcf4008dd0f2,done,9. September 2026 17:00 (MESZ) → 18:30,9. September 2026 17:00,https://kupfticket.com/events/spotlight-tour-festival-walk-negotiating-the-real-40bbf07b46,Guided Tour,https://app.notion.com/3a438ddb450c8025acbcf7bc9663a06e,"DE,EN",,90,,,,17:00,18:30,No,done,public,True,True,39538ddb450c804cb40efcf4008dd0f2,assigned
892434a996ae4defa22067f3e1e90fc6,892434a996ae4defa22067f3e1e90fc6,derived,39838ddb450c8078b25ddadd9162b41b,done,9. September 2026 12:30 (MESZ) → 14:00,9. September 2026 12:15,https://kupfticket.com/events/spotlight-tour-negotiating-humanity-6bb37b70f7,Guided Tour,https://app.notion.com/34238ddb450c813fbbffff132d6d8408,EN,15,90,,,,12:30,14:00,No,done,public,True,True,39838ddb450c8078b25ddadd9162b41b,assigned
917f2f6ff6a7422d7378ad513abf5d3c,917f2f6ff6a7422d7378ad513abf5d3c,derived,39838ddb450c807fb3a9d19e3cefc7ea,done,9. September 2026 14:30 (MESZ) → 16:00,9. September 2026 14:15,https://kupfticket.com/events/spotlight-tour-negotiating-humanity-9f7bad781a,Guided Tour,https://app.notion.com/34238ddb450c813fbbffff132d6d8408,DE,15,90,,,,14:30,16:00,No,done,public,True,True,39838ddb450c807fb3a9d19e3cefc7ea,assigned
3460391d5f06c30bb33ff67f0ed22a7e,3460391d5f06c30bb33ff67f0ed22a7e,derived,39838ddb450c8078b25ddadd9162b41b,done,9. September 2026 14:30 (MESZ) → 16:00,9. September 2026 14:15,https://kupfticket.com/events/spotlight-tour-negotiating-humanity-fa09ec81b9,Guided Tour,https://app.notion.com/34238ddb450c813fbbffff132d6d8408,EN,15,90,,,,14:30,16:00,No,done,public,True,True,39838ddb450c8078b25ddadd9162b41b,assigned
21f78afbd08ab5c950888abd9544e24c,21f78afbd08ab5c950888abd9544e24c,derived,39838ddb450c807fb3a9d19e3cefc7ea,done,9. September 2026 16:30 (MESZ) → 18:00,9. September 2026 16:15,https://kupfticket.com/events/spotlight-tour-negotiating-humanity-1817960567,Guided Tour,https://app.notion.com/34238ddb450c813fbbffff132d6d8408,DE,15,90,,,,16:30,18:00,No,done,public,True,True,39838ddb450c807fb3a9d19e3cefc7ea,assigned
343aafb9e48638e7dab971cbe85bd18e,343aafb9e48638e7dab971cbe85bd18e,derived,39838ddb450c8078b25ddadd9162b41b,done,9. September 2026 16:30 (MESZ) → 18:00,9. September 2026 16:15,https://kupfticket.com/events/spotlight-tour-negotiating-humanity-986b4d6815,Guided Tour,https://app.notion.com/34238ddb450c813fbbffff132d6d8408,EN,15,90,,,,16:30,18:00,No,done,public,True,True,39838ddb450c8078b25ddadd9162b41b,assigned
dddef6d4b9c6f8ae48a00cea4daee5c1,dddef6d4b9c6f8ae48a00cea4daee5c1,derived,39538ddb450c804cb40efcf4008dd0f2,done,10. September 2026 12:00 (MESZ) → 13:30,10. September 2026 12:00,https://kupfticket.com/events/spotlight-tour-festival-walk-negotiating-the-real-bc462c3c4a,Guided Tour,https://app.notion.com/3a438ddb450c8025acbcf7bc9663a06e,"DE,EN",,90,,,,12:00,13:30,No,done,public,True,True,39538ddb450c804cb40efcf4008dd0f2,assigned
319c1fa528516e4740956313d1c74644,319c1fa528516e4740956313d1c74644,derived,39538ddb450c804487b4d97d74b94fc8,done,10. September 2026 13:00 (MESZ) → 14:30,10. September 2026 13:00,https://kupfticket.com/events/spotlight-tour-festival-walk-negotiating-the-real-38c64b1115,Guided Tour,https://app.notion.com/3a438ddb450c8025acbcf7bc9663a06e,EN,,90,,,,13:00,14:30,No,done,public,True,True,39538ddb450c804487b4d97d74b94fc8,assigned
ee87a8ce976848109c90b57c5670d223,ee87a8ce976848109c90b57c5670d223,derived,39538ddb450c804cb40efcf4008dd0f2,done,10. September 2026 15:00 (MESZ) → 16:30,10. September 2026 15:00,https://kupfticket.com/events/spotlight-tour-festival-walk-negotiating-the-real-2f09306d90,Guided Tour,https://app.notion.com/3a438ddb450c8025acbcf7bc9663a06e,"DE,EN",,90,,,,15:00,16:30,No,done,public,True,True,39538ddb450c804cb40efcf4008dd0f2,assigned
7ba726fb4f45ce25950014916d700dce,7ba726fb4f45ce25950014916d700dce,derived,39838ddb450c807fb3a9d19e3cefc7ea,done,10. September 2026 10:30 (MESZ) → 12:00,10. September 2026 10:15,https://kupfticket.com/events/spotlight-tour-negotiating-humanity-66dd472d07,Guided Tour,https://app.notion.com/34238ddb450c813fbbffff132d6d8408,DE,15,90,,,,10:30,12:00,No,done,public,True,True,39838ddb450c807fb3a9d19e3cefc7ea,assigned
81d5e9d90575e8eb766fbdb75680ba74,81d5e9d90575e8eb766fbdb75680ba74,derived,39838ddb450c8078b25ddadd9162b41b,done,10. September 2026 12:30 (MESZ) → 14:00,10. September 2026 12:15,https://kupfticket.com/events/spotlight-tour-negotiating-humanity-e29f5c1bb6,Guided Tour,https://app.notion.com/34238ddb450c813fbbffff132d6d8408,EN,15,90,,,,12:30,14:00,No,done,public,True,True,39838ddb450c8078b25ddadd9162b41b,assigned
cc28d11b590f5a5d8c21a6d90720b21e,cc28d11b590f5a5d8c21a6d90720b21e,derived,39838ddb450c807fb3a9d19e3cefc7ea,done,10. September 2026 14:30 (MESZ) → 16:00,10. September 2026 14:15,https://kupfticket.com/events/spotlight-tour-negotiating-humanity-27db850246,Guided Tour,https://app.notion.com/34238ddb450c813fbbffff132d6d8408,DE,15,90,,,,14:30,16:00,No,done,public,True,True,39838ddb450c807fb3a9d19e3cefc7ea,assigned
5a03b47f1c371a793999c27588d5355e,5a03b47f1c371a793999c27588d5355e,derived,39838ddb450c807fb3a9d19e3cefc7ea,done,10. September 2026 16:30 (MESZ) → 18:00,10. September 2026 16:15,https://kupfticket.com/events/spotlight-tour-negotiating-humanity-50730962e1,Guided Tour,https://app.notion.com/34238ddb450c813fbbffff132d6d8408,DE,15,90,,,,16:30,18:00,No,done,public,True,True,39838ddb450c807fb3a9d19e3cefc7ea,assigned
1aed7629351b85c331eec6cff6a63774,1aed7629351b85c331eec6cff6a63774,derived,39838ddb450c8078b25ddadd9162b41b,done,10. September 2026 16:30 (MESZ) → 18:00,10. September 2026 16:15,https://kupfticket.com/events/spotlight-tour-negotiating-humanity-8b62f481cf,Guided Tour,https://app.notion.com/34238ddb450c813fbbffff132d6d8408,EN,15,90,,,,16:30,18:00,No,done,public,True,True,39838ddb450c8078b25ddadd9162b41b,assigned
7ec4299de7a5fb6fc493768b700b2f8c,7ec4299de7a5fb6fc493768b700b2f8c,derived,39538ddb450c804cb40efcf4008dd0f2,done,11. September 2026 10:00 (MESZ) → 11:30,11. September 2026 10:00,https://kupfticket.com/events/spotlight-tour-festival-walk-negotiating-the-real-4d3e0061a6,Guided Tour,https://app.notion.com/3a438ddb450c8025acbcf7bc9663a06e,"DE,EN",,90,,,,10:00,11:30,No,done,public,True,True,39538ddb450c804cb40efcf4008dd0f2,assigned
876623284ee49a32aa96b72ee7fd186d,876623284ee49a32aa96b72ee7fd186d,derived,39538ddb450c804487b4d97d74b94fc8,done,11. September 2026 11:00 (MESZ) → 12:30,11. September 2026 11:00,https://kupfticket.com/events/spotlight-tour-festival-walk-negotiating-the-real-1865fd5bcc,Guided Tour,https://app.notion.com/3a438ddb450c8025acbcf7bc9663a06e,EN,,90,,,,11:00,12:30,No,done,public,True,True,39538ddb450c804487b4d97d74b94fc8,assigned
75025d577ffec999eb69c3457f649782,75025d577ffec999eb69c3457f649782,derived,39538ddb450c804cb40efcf4008dd0f2,done,11. September 2026 11:00 (MESZ) → 12:30,11. September 2026 11:00,https://kupfticket.com/events/spotlight-tour-festival-walk-negotiating-the-real-bee842f7a8,Guided Tour,https://app.notion.com/3a438ddb450c8025acbcf7bc9663a06e,"DE,EN",,90,,,,11:00,12:30,No,done,public,True,True,39538ddb450c804cb40efcf4008dd0f2,assigned
d03adf7bbb5d2d65d9ecf8217e2f486a,d03adf7bbb5d2d65d9ecf8217e2f486a,derived,39538ddb450c804cb40efcf4008dd0f2,done,11. September 2026 13:00 (MESZ) → 14:30,11. September 2026 13:00,https://kupfticket.com/events/spotlight-tour-festival-walk-negotiating-the-real-c9629091a5,Guided Tour,https://app.notion.com/3a438ddb450c8025acbcf7bc9663a06e,"DE,EN",,90,,,,13:00,14:30,No,done,public,True,True,39538ddb450c804cb40efcf4008dd0f2,assigned
de94afa2e922bbd44d8db2e09bbe6483,de94afa2e922bbd44d8db2e09bbe6483,derived,39538ddb450c804487b4d97d74b94fc8,done,11. September 2026 14:00 (MESZ) → 15:30,11. September 2026 14:00,https://kupfticket.com/events/spotlight-tour-festival-walk-negotiating-the-real-2a83405297,Guided Tour,https://app.notion.com/3a438ddb450c8025acbcf7bc9663a06e,EN,,90,,,,14:00,15:30,No,done,public,True,True,39538ddb450c804487b4d97d74b94fc8,assigned
1a08e39fa1071749327f9d75ef4cc732,1a08e39fa1071749327f9d75ef4cc732,derived,39538ddb450c804cb40efcf4008dd0f2,done,11. September 2026 15:00 (MESZ) → 16:30,11. September 2026 15:00,https://kupfticket.com/events/spotlight-tour-festival-walk-negotiating-the-real-c4097c9efe,Guided Tour,https://app.notion.com/3a438ddb450c8025acbcf7bc9663a06e,"DE,EN",,90,,,,15:00,16:30,No,done,public,True,True,39538ddb450c804cb40efcf4008dd0f2,assigned
3248b87ea964eda8a585a984f51bb7a3,3248b87ea964eda8a585a984f51bb7a3,derived,39538ddb450c804487b4d97d74b94fc8,done,11. September 2026 16:00 (MESZ) → 17:30,11. September 2026 16:00,https://kupfticket.com/events/spotlight-tour-festival-walk-negotiating-the-real-35c5b7bca7,Guided Tour,https://app.notion.com/3a438ddb450c8025acbcf7bc9663a06e,EN,,90,,,,16:00,17:30,No,done,public,True,True,39538ddb450c804487b4d97d74b94fc8,assigned
91de5e4bb55fa8cd9887e5c90669a2da,91de5e4bb55fa8cd9887e5c90669a2da,derived,39538ddb450c804cb40efcf4008dd0f2,done,11. September 2026 17:00 (MESZ) → 18:30,11. September 2026 17:00,https://kupfticket.com/events/spotlight-tour-festival-walk-negotiating-the-real-0445d1d31c,Guided Tour,https://app.notion.com/3a438ddb450c8025acbcf7bc9663a06e,"DE,EN",,90,,,,17:00,18:30,No,done,public,True,True,39538ddb450c804cb40efcf4008dd0f2,assigned
f3b83ed04d5e3a8a29895096c4392ad1,f3b83ed04d5e3a8a29895096c4392ad1,derived,39538ddb450c804487b4d97d74b94fc8,done,11. September 2026 17:00 (MESZ) → 18:30,11. September 2026 17:00,https://kupfticket.com/events/spotlight-tour-festival-walk-negotiating-the-real-0445d1d31c,Guided Tour,https://app.notion.com/3a438ddb450c8025acbcf7bc9663a06e,EN,,90,,,,17:00,18:30,No,done,public,True,True,39538ddb450c804487b4d97d74b94fc8,assigned
d611ba5c662643fee4fc1d8a75b5c035,d611ba5c662643fee4fc1d8a75b5c035,derived,39838ddb450c8078b25ddadd9162b41b,done,11. September 2026 14:30 (MESZ) → 16:00,11. September 2026 14:15,https://kupfticket.com/events/spotlight-tour-negotiating-humanity-35b2fdd1ce,Guided Tour,https://app.notion.com/34238ddb450c813fbbffff132d6d8408,EN,15,90,,,,14:30,16:00,No,done,public,True,True,39838ddb450c8078b25ddadd9162b41b,assigned
42eac0ba7ddbe6ac66f8a7e8831d8b3f,42eac0ba7ddbe6ac66f8a7e8831d8b3f,derived,39838ddb450c807fb3a9d19e3cefc7ea,done,11. September 2026 14:30 (MESZ) → 16:00,11. September 2026 14:15,https://kupfticket.com/events/spotlight-tour-negotiating-humanity-9166b298db,Guided Tour,https://app.notion.com/34238ddb450c813fbbffff132d6d8408,DE,15,90,,,,14:30,16:00,No,done,public,True,True,39838ddb450c807fb3a9d19e3cefc7ea,assigned
332c6c2157eb7fa798a5abb3e89e5858,332c6c2157eb7fa798a5abb3e89e5858,derived,39538ddb450c804487b4d97d74b94fc8,done,12. September 2026 10:00 (MESZ) → 11:30,12. September 2026 10:00,https://kupfticket.com/events/spotlight-tour-festival-walk-negotiating-the-real-d64749e33a,Guided Tour,https://app.notion.com/3a438ddb450c8025acbcf7bc9663a06e,EN,,90,,,,10:00,11:30,No,done,public,True,True,39538ddb450c804487b4d97d74b94fc8,assigned
c58d6103afe4b3e95142038549a11316,c58d6103afe4b3e95142038549a11316,derived,39538ddb450c804487b4d97d74b94fc8,done,12. September 2026 11:00 (MESZ) → 12:30,12. September 2026 11:00,https://kupfticket.com/events/spotlight-tour-festival-walk-negotiating-the-real-f47499f13a,Guided Tour,https://app.notion.com/3a438ddb450c8025acbcf7bc9663a06e,EN,,90,,,,11:00,12:30,No,done,public,True,True,39538ddb450c804487b4d97d74b94fc8,assigned
01c7314c3f677aa2e6363eee543f20f9,01c7314c3f677aa2e6363eee543f20f9,derived,39538ddb450c804cb40efcf4008dd0f2,done,12. September 2026 11:00 (MESZ) → 12:30,12. September 2026 11:00,https://kupfticket.com/events/spotlight-tour-festival-walk-negotiating-the-real-4f42bdf5d5,Guided Tour,https://app.notion.com/3a438ddb450c8025acbcf7bc9663a06e,"DE,EN",,90,,,,11:00,12:30,No,done,public,True,True,39538ddb450c804cb40efcf4008dd0f2,assigned
59457d0139b5f127a702b1d36bea7754,59457d0139b5f127a702b1d36bea7754,derived,39538ddb450c804487b4d97d74b94fc8,done,12. September 2026 12:00 (MESZ) → 13:30,12. September 2026 12:00,https://kupfticket.com/events/spotlight-tour-festival-walk-negotiating-the-real-239172ac8f,Guided Tour,https://app.notion.com/3a438ddb450c8025acbcf7bc9663a06e,EN,,90,,,,12:00,13:30,No,done,public,True,True,39538ddb450c804487b4d97d74b94fc8,assigned
e12ec7d28d42959031a8bf0c19120bb7,e12ec7d28d42959031a8bf0c19120bb7,derived,39538ddb450c804cb40efcf4008dd0f2,done,12. September 2026 12:00 (MESZ) → 13:30,12. September 2026 12:00,https://kupfticket.com/events/spotlight-tour-festival-walk-negotiating-the-real-fa3285fdbb,Guided Tour,https://app.notion.com/3a438ddb450c8025acbcf7bc9663a06e,"DE,EN",,90,,,,12:00,13:30,No,done,public,True,True,39538ddb450c804cb40efcf4008dd0f2,assigned
2d84290c1a48cc8259a465ee8a54cdcd,2d84290c1a48cc8259a465ee8a54cdcd,derived,39538ddb450c804cb40efcf4008dd0f2,done,12. September 2026 13:00 (MESZ) → 14:30,12. September 2026 13:00,https://kupfticket.com/events/spotlight-tour-festival-walk-negotiating-the-real-76b0ca72ed,Guided Tour,https://app.notion.com/3a438ddb450c8025acbcf7bc9663a06e,"DE,EN",,90,,,,13:00,14:30,No,done,public,True,True,39538ddb450c804cb40efcf4008dd0f2,assigned
0420c606240f5234ea078ea0c1171d4f,0420c606240f5234ea078ea0c1171d4f,derived,39538ddb450c804cb40efcf4008dd0f2,done,12. September 2026 14:00 (MESZ) → 15:30,12. September 2026 14:00,https://kupfticket.com/events/spotlight-tour-festival-walk-negotiating-the-real-bbea8ea47c,Guided Tour,https://app.notion.com/3a438ddb450c8025acbcf7bc9663a06e,"DE,EN",,90,,,,14:00,15:30,No,done,public,True,True,39538ddb450c804cb40efcf4008dd0f2,assigned
8b22bc995135d7bfd037481b1598fce8,8b22bc995135d7bfd037481b1598fce8,derived,39538ddb450c804487b4d97d74b94fc8,done,12. September 2026 14:00 (MESZ) → 15:30,12. September 2026 14:00,https://kupfticket.com/events/spotlight-tour-festival-walk-negotiating-the-real-384e5ae53c,Guided Tour,https://app.notion.com/3a438ddb450c8025acbcf7bc9663a06e,EN,,90,,,,14:00,15:30,No,done,public,True,True,39538ddb450c804487b4d97d74b94fc8,assigned
40a8d9341ff7e3fa284d5e5631d52841,40a8d9341ff7e3fa284d5e5631d52841,derived,39538ddb450c804cb40efcf4008dd0f2,done,12. September 2026 15:00 (MESZ) → 16:30,12. September 2026 15:00,https://kupfticket.com/events/spotlight-tour-festival-walk-negotiating-the-real-4ccd92b5b7,Guided Tour,https://app.notion.com/3a438ddb450c8025acbcf7bc9663a06e,"DE,EN",,90,,,,15:00,16:30,No,done,public,True,True,39538ddb450c804cb40efcf4008dd0f2,assigned
edcb5a13ec9fda71ccafb77d9b34c01e,edcb5a13ec9fda71ccafb77d9b34c01e,derived,39538ddb450c804487b4d97d74b94fc8,done,12. September 2026 15:00 (MESZ) → 16:30,12. September 2026 15:00,https://kupfticket.com/events/spotlight-tour-festival-walk-negotiating-the-real-fc02e08b74,Guided Tour,https://app.notion.com/3a438ddb450c8025acbcf7bc9663a06e,EN,,90,,,,15:00,16:30,No,done,public,True,True,39538ddb450c804487b4d97d74b94fc8,assigned
6f62dc62b3157ab83ea10084393a2b4f,6f62dc62b3157ab83ea10084393a2b4f,derived,39538ddb450c804cb40efcf4008dd0f2,done,12. September 2026 16:00 (MESZ) → 17:30,12. September 2026 16:00,https://kupfticket.com/events/spotlight-tour-festival-walk-negotiating-the-real-2db6422b0d,Guided Tour,https://app.notion.com/3a438ddb450c8025acbcf7bc9663a06e,"DE,EN",,90,,,,16:00,17:30,No,done,public,True,True,39538ddb450c804cb40efcf4008dd0f2,assigned
1de8aca42fc04f1a3383adf661f91a8d,1de8aca42fc04f1a3383adf661f91a8d,derived,39538ddb450c804cb40efcf4008dd0f2,done,12. September 2026 17:00 (MESZ) → 18:30,12. September 2026 17:00,https://kupfticket.com/events/spotlight-tour-festival-walk-negotiating-the-real-822e7d44df,Guided Tour,https://app.notion.com/3a438ddb450c8025acbcf7bc9663a06e,"DE,EN",,90,,,,17:00,18:30,No,done,public,True,True,39538ddb450c804cb40efcf4008dd0f2,assigned
6c74b45728fdca7d27febb6904fee53e,6c74b45728fdca7d27febb6904fee53e,derived,39538ddb450c804487b4d97d74b94fc8,done,12. September 2026 17:00 (MESZ) → 18:30,12. September 2026 17:00,https://kupfticket.com/events/spotlight-tour-festival-walk-negotiating-the-real-4f3f586072,Guided Tour,https://app.notion.com/3a438ddb450c8025acbcf7bc9663a06e,EN,,90,,,,17:00,18:30,No,done,public,True,True,39538ddb450c804487b4d97d74b94fc8,assigned
48f128198aca8ad7a7142f53fa46a304,48f128198aca8ad7a7142f53fa46a304,derived,39838ddb450c807fb3a9d19e3cefc7ea,done,12. September 2026 10:30 (MESZ) → 12:00,12. September 2026 10:15,https://kupfticket.com/events/spotlight-tour-negotiating-humanity-9d74dd7c2d,Guided Tour,https://app.notion.com/34238ddb450c813fbbffff132d6d8408,DE,15,90,,,,10:30,12:00,No,done,public,True,True,39838ddb450c807fb3a9d19e3cefc7ea,assigned
a6fa5fc71a45094d565d35a9963a714e,a6fa5fc71a45094d565d35a9963a714e,derived,39838ddb450c8078b25ddadd9162b41b,done,12. September 2026 10:30 (MESZ) → 12:00,12. September 2026 10:15,https://kupfticket.com/events/spotlight-tour-negotiating-humanity-86e975ad8b,Guided Tour,https://app.notion.com/34238ddb450c813fbbffff132d6d8408,EN,15,90,,,,10:30,12:00,No,done,public,True,True,39838ddb450c8078b25ddadd9162b41b,assigned
66db950d43f103a33b786e4f1daaa784,66db950d43f103a33b786e4f1daaa784,derived,39838ddb450c807fb3a9d19e3cefc7ea,done,12. September 2026 12:30 (MESZ) → 14:00,12. September 2026 12:15,https://kupfticket.com/events/spotlight-tour-negotiating-humanity-684007dea8,Guided Tour,https://app.notion.com/34238ddb450c813fbbffff132d6d8408,DE,15,90,,,,12:30,14:00,No,done,public,True,True,39838ddb450c807fb3a9d19e3cefc7ea,assigned
5d688dd3fb64cd51f5a9ccdde688152e,5d688dd3fb64cd51f5a9ccdde688152e,derived,39838ddb450c8078b25ddadd9162b41b,done,12. September 2026 12:30 (MESZ) → 14:00,12. September 2026 12:15,https://kupfticket.com/events/spotlight-tour-negotiating-humanity-4bde73f609,Guided Tour,https://app.notion.com/34238ddb450c813fbbffff132d6d8408,EN,15,90,,,,12:30,14:00,No,done,public,True,True,39838ddb450c8078b25ddadd9162b41b,assigned
2cd1edf93242d2cf43a5fd7bbe3a031c,2cd1edf93242d2cf43a5fd7bbe3a031c,derived,39838ddb450c807fb3a9d19e3cefc7ea,done,12. September 2026 14:30 (MESZ) → 16:00,12. September 2026 14:15,https://kupfticket.com/events/spotlight-tour-negotiating-humanity-e85c4eaab8,Guided Tour,https://app.notion.com/34238ddb450c813fbbffff132d6d8408,DE,15,90,,,,14:30,16:00,No,done,public,True,True,39838ddb450c807fb3a9d19e3cefc7ea,assigned
3965907fc70c8ead29b483892d237b66,3965907fc70c8ead29b483892d237b66,derived,39838ddb450c8078b25ddadd9162b41b,done,12. September 2026 14:30 (MESZ) → 16:00,12. September 2026 14:15,https://kupfticket.com/events/spotlight-tour-negotiating-humanity-27158f19be,Guided Tour,https://app.notion.com/34238ddb450c813fbbffff132d6d8408,EN,15,90,,,,14:30,16:00,No,done,public,True,True,39838ddb450c8078b25ddadd9162b41b,assigned
9393c0b522da0d73fce2a83fbe691f0c,9393c0b522da0d73fce2a83fbe691f0c,derived,39838ddb450c807fb3a9d19e3cefc7ea,done,12. September 2026 16:30 (MESZ) → 18:00,12. September 2026 16:15,https://kupfticket.com/events/spotlight-tour-negotiating-humanity-8004cc6251,Guided Tour,https://app.notion.com/34238ddb450c813fbbffff132d6d8408,DE,15,90,,,,16:30,18:00,No,done,public,True,True,39838ddb450c807fb3a9d19e3cefc7ea,assigned
7557d0f4d5c8339a1c1a8eb6ef059805,7557d0f4d5c8339a1c1a8eb6ef059805,derived,39538ddb450c804487b4d97d74b94fc8,done,13. September 2026 10:00 (MESZ) → 11:30,13. September 2026 10:00,https://kupfticket.com/events/spotlight-tour-festival-walk-negotiating-the-real-c22a660e9b,Guided Tour,https://app.notion.com/3a438ddb450c8025acbcf7bc9663a06e,EN,,90,,,,10:00,11:30,No,done,public,True,True,39538ddb450c804487b4d97d74b94fc8,assigned
ae270c6a21bfe1503b78062ceaf67eff,ae270c6a21bfe1503b78062ceaf67eff,derived,39538ddb450c804487b4d97d74b94fc8,done,13. September 2026 11:00 (MESZ) → 12:30,13. September 2026 11:00,https://kupfticket.com/events/spotlight-tour-festival-walk-negotiating-the-real-343458e7a4,Guided Tour,https://app.notion.com/3a438ddb450c8025acbcf7bc9663a06e,EN,,90,,,,11:00,12:30,No,done,public,True,True,39538ddb450c804487b4d97d74b94fc8,assigned
84102088324d2396f29099b22a7b724d,84102088324d2396f29099b22a7b724d,derived,39538ddb450c804487b4d97d74b94fc8,done,13. September 2026 12:00 (MESZ) → 13:30,13. September 2026 12:00,https://kupfticket.com/events/spotlight-tour-festival-walk-negotiating-the-real-cf119f8a66,Guided Tour,https://app.notion.com/3a438ddb450c8025acbcf7bc9663a06e,EN,,90,,,,12:00,13:30,No,done,public,True,True,39538ddb450c804487b4d97d74b94fc8,assigned
8111c0f172ea094fe5d50bab9af722e8,8111c0f172ea094fe5d50bab9af722e8,derived,39538ddb450c804cb40efcf4008dd0f2,done,13. September 2026 13:00 (MESZ) → 14:30,13. September 2026 13:00,https://kupfticket.com/events/spotlight-tour-festival-walk-negotiating-the-real-9fe929adee,Guided Tour,https://app.notion.com/3a438ddb450c8025acbcf7bc9663a06e,"DE,EN",,90,,,,13:00,14:30,No,done,public,True,True,39538ddb450c804cb40efcf4008dd0f2,assigned
6dd85f04b5127ab2f0be5c5e92c8c6ed,6dd85f04b5127ab2f0be5c5e92c8c6ed,derived,39538ddb450c804487b4d97d74b94fc8,done,13. September 2026 14:00 (MESZ) → 15:30,13. September 2026 14:00,https://kupfticket.com/events/spotlight-tour-festival-walk-negotiating-the-real-8006d28ec1,Guided Tour,https://app.notion.com/3a438ddb450c8025acbcf7bc9663a06e,EN,,90,,,,14:00,15:30,No,done,public,True,True,39538ddb450c804487b4d97d74b94fc8,assigned
ec2ff363cfc29bc9bdac5d456bf05e42,ec2ff363cfc29bc9bdac5d456bf05e42,derived,39538ddb450c804cb40efcf4008dd0f2,done,13. September 2026 14:00 (MESZ) → 15:30,13. September 2026 14:00,https://kupfticket.com/events/spotlight-tour-festival-walk-negotiating-the-real-6cf93d69c3,Guided Tour,https://app.notion.com/3a438ddb450c8025acbcf7bc9663a06e,"DE,EN",,90,,,,14:00,15:30,No,done,public,True,True,39538ddb450c804cb40efcf4008dd0f2,assigned
3efd2aa2a061c298b4db0364eaaf6b2f,3efd2aa2a061c298b4db0364eaaf6b2f,derived,39538ddb450c804487b4d97d74b94fc8,done,13. September 2026 15:00 (MESZ) → 16:30,13. September 2026 15:00,https://kupfticket.com/events/spotlight-tour-festival-walk-negotiating-the-real-5f006a6b07,Guided Tour,https://app.notion.com/3a438ddb450c8025acbcf7bc9663a06e,EN,,90,,,,15:00,16:30,No,done,public,True,True,39538ddb450c804487b4d97d74b94fc8,assigned
bfde101b224062f16338d8dd69e299b6,bfde101b224062f16338d8dd69e299b6,derived,39538ddb450c804cb40efcf4008dd0f2,done,13. September 2026 16:00 (MESZ) → 17:30,13. September 2026 16:00,https://kupfticket.com/events/spotlight-tour-festival-walk-negotiating-the-real-29cdc7b3af,Guided Tour,https://app.notion.com/3a438ddb450c8025acbcf7bc9663a06e,"DE,EN",,90,,,,16:00,17:30,No,done,public,True,True,39538ddb450c804cb40efcf4008dd0f2,assigned
7899543040678df6cc47d0926de5e07d,7899543040678df6cc47d0926de5e07d,derived,39838ddb450c807fb3a9d19e3cefc7ea,done,13. September 2026 10:30 (MESZ) → 12:00,13. September 2026 10:15,https://kupfticket.com/events/spotlight-tour-negotiating-humanity-b7874c63c8,Guided Tour,https://app.notion.com/34238ddb450c813fbbffff132d6d8408,DE,15,90,,,,10:30,12:00,No,done,public,True,True,39838ddb450c807fb3a9d19e3cefc7ea,assigned
1ab1e71857d323fe6fd796ea84486a69,1ab1e71857d323fe6fd796ea84486a69,derived,39838ddb450c807fb3a9d19e3cefc7ea,done,13. September 2026 12:30 (MESZ) → 14:00,13. September 2026 12:15,https://kupfticket.com/events/spotlight-tour-negotiating-humanity-d22c052d08,Guided Tour,https://app.notion.com/34238ddb450c813fbbffff132d6d8408,DE,15,90,,,,12:30,14:00,No,done,public,True,True,39838ddb450c807fb3a9d19e3cefc7ea,assigned
92705faecf5b530c8f7cece8cc286f53,92705faecf5b530c8f7cece8cc286f53,derived,39838ddb450c8078b25ddadd9162b41b,done,13. September 2026 12:30 (MESZ) → 14:00,13. September 2026 12:15,https://kupfticket.com/events/spotlight-tour-negotiating-humanity-701872f443,Guided Tour,https://app.notion.com/34238ddb450c813fbbffff132d6d8408,EN,15,90,,,,12:30,14:00,No,done,public,True,True,39838ddb450c8078b25ddadd9162b41b,assigned
fc4764080d5486eea4d2b21a2e4195cd,fc4764080d5486eea4d2b21a2e4195cd,derived,39838ddb450c807fb3a9d19e3cefc7ea,done,13. September 2026 14:30 (MESZ) → 16:00,13. September 2026 14:15,https://kupfticket.com/events/spotlight-tour-negotiating-humanity-852d535882,Guided Tour,https://app.notion.com/34238ddb450c813fbbffff132d6d8408,DE,15,90,,,,14:30,16:00,No,done,public,True,True,39838ddb450c807fb3a9d19e3cefc7ea,assigned
44a75d5e4dacfffcabdb7b983ea0b047,44a75d5e4dacfffcabdb7b983ea0b047,derived,39838ddb450c8078b25ddadd9162b41b,done,13. September 2026 14:30 (MESZ) → 16:00,13. September 2026 14:15,https://kupfticket.com/events/spotlight-tour-negotiating-humanity-c7e8b7c4c5,Guided Tour,https://app.notion.com/34238ddb450c813fbbffff132d6d8408,EN,15,90,,,,14:30,16:00,No,done,public,True,True,39838ddb450c8078b25ddadd9162b41b,assigned
2aa70085f87f321f2b279bd35eeb83a6,2aa70085f87f321f2b279bd35eeb83a6,derived,39138ddb450c809d8d81dd85268614f5,done,9. September 2026 10:30 (MESZ) → 18:00,9. September 2026 10:30,,Guided Tour,https://app.notion.com/34238ddb450c813fbbffff132d6d8408,"DE,EN",,450,,,,10:30,18:00,No,done,public,True,True,39138ddb450c809d8d81dd85268614f5,assigned
904fd349e75ae97f6d239bbb7a41ad94,904fd349e75ae97f6d239bbb7a41ad94,derived,39138ddb450c809d8d81dd85268614f5,done,10. September 2026 10:30 (MESZ) → 18:30,10. September 2026 10:30,,Guided Tour,https://app.notion.com/34238ddb450c813fbbffff132d6d8408,"DE,EN",,480,,,,10:30,18:30,No,done,public,True,True,39138ddb450c809d8d81dd85268614f5,assigned
b82a69301a1dc87629414fa2e93a7df5,b82a69301a1dc87629414fa2e93a7df5,derived,39138ddb450c809d8d81dd85268614f5,done,11. September 2026 10:30 (MESZ) → 18:00,11. September 2026 10:30,,Guided Tour,https://app.notion.com/34238ddb450c813fbbffff132d6d8408,"DE,EN",,450,,,,10:30,18:00,No,done,public,True,True,39138ddb450c809d8d81dd85268614f5,assigned
c91eb8d3fe8cbc5d8cee51a9dad7336e,c91eb8d3fe8cbc5d8cee51a9dad7336e,derived,39138ddb450c809d8d81dd85268614f5,done,12. September 2026 10:30 (MESZ) → 18:00,12. September 2026 10:30,,Guided Tour,https://app.notion.com/34238ddb450c813fbbffff132d6d8408,"DE,EN",,450,,,,10:30,18:00,No,done,public,True,True,39138ddb450c809d8d81dd85268614f5,assigned
2b3c22d40385f00e92871c7a4cf16731,2b3c22d40385f00e92871c7a4cf16731,derived,39138ddb450c809d8d81dd85268614f5,done,13. September 2026 10:00 (MESZ) → 16:00,13. September 2026 10:00,,Guided Tour,https://app.notion.com/34238ddb450c813fbbffff132d6d8408,"DE,EN",,360,,,,10:00,16:00,No,done,public,True,True,39138ddb450c809d8d81dd85268614f5,assigned
1cb313030a419ec59d39bad13c304c14,1cb313030a419ec59d39bad13c304c14,derived,46538ddb450c82f09844019031627a02,done,9. September 2026 10:30 (MESZ) → 18:30,9. September 2026 10:30,,Guided Tour,https://app.notion.com/38338ddb450c80c0b2ebf2a68ecb9a71,"DE,EN",,480,,,,10:30,18:30,No,done,public,True,True,46538ddb450c82f09844019031627a02,assigned
d2bf32e5d0040d2b4d2ed93f95d8483c,d2bf32e5d0040d2b4d2ed93f95d8483c,derived,46538ddb450c82f09844019031627a02,done,10. September 2026 10:30 (MESZ) → 18:30,10. September 2026 10:30,,Guided Tour,https://app.notion.com/38338ddb450c80c0b2ebf2a68ecb9a71,"DE,EN",,480,,,,10:30,18:30,No,done,public,True,True,46538ddb450c82f09844019031627a02,assigned
e48fd2e82414f79e796ed652009311f9,e48fd2e82414f79e796ed652009311f9,derived,46538ddb450c82f09844019031627a02,done,11. September 2026 10:30 (MESZ) → 18:30,11. September 2026 10:30,,Guided Tour,https://app.notion.com/38338ddb450c80c0b2ebf2a68ecb9a71,"DE,EN",,480,,,,10:30,18:30,No,done,public,True,True,46538ddb450c82f09844019031627a02,assigned
7588866ba28a20a5514c6d692fbb0a62,7588866ba28a20a5514c6d692fbb0a62,derived,46538ddb450c82f09844019031627a02,done,12. September 2026 10:30 (MESZ) → 18:30,12. September 2026 10:30,,Guided Tour,https://app.notion.com/38338ddb450c80c0b2ebf2a68ecb9a71,"DE,EN",,480,,,,10:30,18:30,No,done,public,True,True,46538ddb450c82f09844019031627a02,assigned
d83ac764c684242e77675f02b121ecf5,d83ac764c684242e77675f02b121ecf5,derived,46538ddb450c82f09844019031627a02,done,13. September 2026 10:00 (MESZ) → 16:00,13. September 2026 10:00,,Guided Tour,https://app.notion.com/38338ddb450c80c0b2ebf2a68ecb9a71,"DE,EN",,360,,,,10:00,16:00,No,done,public,True,True,46538ddb450c82f09844019031627a02,assigned
4adbb1d59bbe56cb8fa6de778e7d599e,4adbb1d59bbe56cb8fa6de778e7d599e,derived,3a638ddb450c8018a53dcd7313f98207,done,9. September 2026 10:00 (MESZ) → 18:30,9. September 2026 10:00,,Guided Tour,https://app.notion.com/3bb38ddb450c8048b251c19ffd45f823,"DE,EN",,510,,,,10:00,18:30,No,done,public,True,True,3a638ddb450c8018a53dcd7313f98207,assigned
ea7a98d363402625a04fd519f48192e2,ea7a98d363402625a04fd519f48192e2,derived,3a638ddb450c8018a53dcd7313f98207,done,10. September 2026 10:00 (MESZ) → 18:30,10. September 2026 10:00,,Guided Tour,https://app.notion.com/3bb38ddb450c8048b251c19ffd45f823,"DE,EN",,510,,,,10:00,18:30,No,done,public,True,True,3a638ddb450c8018a53dcd7313f98207,assigned
119d5c5651757000d4317fd47c81ebdf,119d5c5651757000d4317fd47c81ebdf,derived,3a638ddb450c8018a53dcd7313f98207,done,11. September 2026 10:00 (MESZ) → 18:30,11. September 2026 10:00,,Guided Tour,https://app.notion.com/3bb38ddb450c8048b251c19ffd45f823,"DE,EN",,510,,,,10:00,18:30,No,done,public,True,True,3a638ddb450c8018a53dcd7313f98207,assigned
ae29548d27fbeccb3bd31d9f11211814,ae29548d27fbeccb3bd31d9f11211814,derived,3a638ddb450c8018a53dcd7313f98207,done,12. September 2026 10:00 (MESZ) → 18:30,12. September 2026 10:00,,Guided Tour,https://app.notion.com/3bb38ddb450c8048b251c19ffd45f823,"DE,EN",,510,,,,10:00,18:30,No,done,public,True,True,3a638ddb450c8018a53dcd7313f98207,assigned
53929188b1ef3aa683fc7f6a95a7a2b9,53929188b1ef3aa683fc7f6a95a7a2b9,derived,3a638ddb450c8018a53dcd7313f98207,done,13. September 2026 10:00 (MESZ) → 16:00,13. September 2026 10:00,,Guided Tour,https://app.notion.com/3bb38ddb450c8048b251c19ffd45f823,"DE,EN",,360,,,,10:00,16:00,No,done,public,True,True,3a638ddb450c8018a53dcd7313f98207,assigned
3a738ddb450c800abc54dc86e575b955,3a738ddb450c800abc54dc86e575b955,notion,34a38ddb450c8008a8f1f210e52d1fb0,done,8. September 2026 15:00 (MESZ) → 23:00,8. September 2026 15:00,,Guided Tour,https://app.notion.com/34238ddb450c813fbbffff132d6d8408,,,480,,,,15:00,23:00,Yes,done,public,True,True,34a38ddb450c8008a8f1f210e52d1fb0,assigned
3a738ddb450c809891a6c9fb20ff5f3f,3a738ddb450c809891a6c9fb20ff5f3f,notion,39138ddb450c80db926cdd2baf7b37e2,done,12. September 2026 12:30 (MESZ) → 13:30,12. September 2026 12:30,https://mailworx.marketingsuite.info/Form?frm=731efb9d-66b0-4517-8a3d-2e902973c2bf,Networking Event,https://app.notion.com/38338ddb450c8081a52ff7fe61e40298,EN,,60,,,,12:30,13:30,No,done,public,True,True,39138ddb450c80db926cdd2baf7b37e2,assigned
d9ec961df930f647745d613ba6878ba8,d9ec961df930f647745d613ba6878ba8,derived,37c38ddb450c81888ba3d3d2e972873b,done,10. September 2026 16:00 (MESZ) → 18:00,10. September 2026 16:00,,Performance,https://app.notion.com/39c38ddb450c80a8903efa7aed422e38,nonverbal,,120,,,,16:00,18:00,No,done,public,True,True,37c38ddb450c81888ba3d3d2e972873b,assigned
3a738ddb450c80ffac07cbc59bf45639,3a738ddb450c80ffac07cbc59bf45639,notion,38f38ddb450c8075ab37f052b4fd8bd0,done,12. September 2026 14:30 (MESZ) → 15:00,12. September 2026 14:30,https://mailworx.marketingsuite.info/Form?ev=6995bf30-0e95-4746-a3e1-0fc1f2c87fc4,Experience,https://app.notion.com/34238ddb450c817fb09ef2747f5a3dcc,EN,,30,,,,14:30,15:00,No,done,public,True,True,38f38ddb450c8075ab37f052b4fd8bd0,assigned
3a738ddb450c805187e4ed5acb06fb6c,3a738ddb450c805187e4ed5acb06fb6c,notion,34a38ddb450c80f3ac9fcf8dd7dff643,done,9. September 2026 19:00 (MESZ) → 23:40,9. September 2026 19:00,,Concert,https://app.notion.com/34238ddb450c8156a0b2e87f10c43d2e,"DE,EN,nonverbal,other",,280,,,,19:00,23:40,Yes,done,public,True,True,34a38ddb450c80f3ac9fcf8dd7dff643,assigned
3a738ddb450c80a8a7fcc3da23dae12f,3a738ddb450c80a8a7fcc3da23dae12f,notion,34a38ddb450c80b2a82fd47f29d8ccc4,done,11. September 2026 18:30 (MESZ) → 22:30,11. September 2026 18:00,https://ars.electronica.art/negotiatinghumanity/en/tickets/#festivalpassplus,Concert,https://app.notion.com/34238ddb450c809d80c0dc96ac1129e6,,30,240,,,,18:30,22:30,Yes,done,public,True,True,34a38ddb450c80b2a82fd47f29d8ccc4,assigned
3a738ddb450c800d8c13dfe4f6033cf2,3a738ddb450c800d8c13dfe4f6033cf2,notion,3a538ddb450c80e4bc19d778b32f6d74,done,12. September 2026 17:30 (MESZ) → 18:30,12. September 2026 17:30,,Panel Discussion,https://app.notion.com/39238ddb450c80f98ecbf708c0f05fda,EN,,60,,,,17:30,18:30,No,done,public,True,True,3a538ddb450c80e4bc19d778b32f6d74,assigned
3a738ddb450c80789a57cfe3b6d4c4b1,3a738ddb450c80789a57cfe3b6d4c4b1,notion,3a538ddb450c80e2ab62c6b9d025fbe4,done,12. September 2026 11:15 (MESZ) → 12:15,12. September 2026 11:15,,Panel Discussion,https://app.notion.com/39238ddb450c80f98ecbf708c0f05fda,EN,,60,,,,11:15,12:15,No,done,public,True,True,3a538ddb450c80e2ab62c6b9d025fbe4,assigned
5ffb9b04c1fd4196bb02a2a2e1fabe59,5ffb9b04c1fd4196bb02a2a2e1fabe59,derived,39838ddb450c8078b25ddadd9162b41b,done,11. September 2026 16:30 (MESZ) → 18:00,11. September 2026 16:15,https://kupfticket.com/events/spotlight-tour-negotiating-humanity-a31bd3a9ec,Guided Tour,https://app.notion.com/34238ddb450c813fbbffff132d6d8408,EN,15,90,,,,16:30,18:00,No,done,public,True,True,39838ddb450c8078b25ddadd9162b41b,assigned
3a938ddb450c80ccb71ff36120ad59e9,3a938ddb450c80ccb71ff36120ad59e9,notion,3a938ddb450c80e897d8d6cf37cfbf9b,done,9. September 2026 15:30 (MESZ) → 16:00,9. September 2026 15:30,,Guided Tour,https://app.notion.com/34238ddb450c81939959c300c9dcbf08,EN,,30,,,,15:30,16:00,No,done,public,True,True,3a938ddb450c80e897d8d6cf37cfbf9b,assigned
9e7e95e847449e3a337e76def1d10d93,9e7e95e847449e3a337e76def1d10d93,derived,3a938ddb450c80e3a590dbc660da0b89,done,9. September 2026 15:00 (MESZ) → 15:30,9. September 2026 15:00,,Guided Tour,https://app.notion.com/34238ddb450c81939959c300c9dcbf08,EN,,30,,,,15:00,15:30,No,done,public,True,True,3a938ddb450c80e3a590dbc660da0b89,assigned
8d7dd0d75fd9b86da77822d94bfe03bc,8d7dd0d75fd9b86da77822d94bfe03bc,derived,3a938ddb450c80afaff4c112dd8e5b3e,done,9. September 2026 16:00 (MESZ) → 17:00,9. September 2026 16:00,,Guided Tour,https://app.notion.com/34238ddb450c81939959c300c9dcbf08,"DE,EN",,60,,,,16:00,17:00,No,done,public,True,True,3a938ddb450c80afaff4c112dd8e5b3e,assigned
5cd17637c6e7762908df7dd5c4dd1190,5cd17637c6e7762908df7dd5c4dd1190,derived,3a938ddb450c805a842fed558bb82a98,done,10. September 2026 15:00 (MESZ) → 16:00,10. September 2026 15:00,,Lecture & Talk,https://app.notion.com/34238ddb450c81939959c300c9dcbf08,EN,,60,,,,15:00,16:00,Yes,done,public,True,True,3a938ddb450c805a842fed558bb82a98,assigned
7fe3c2f861ea8866fe9c2372cccab339,7fe3c2f861ea8866fe9c2372cccab339,derived,3a938ddb450c80e3a590dbc660da0b89,done,10. September 2026 16:00 (MESZ) → 17:00,10. September 2026 16:00,,Guided Tour,https://app.notion.com/34238ddb450c81939959c300c9dcbf08,EN,,60,,,,16:00,17:00,No,done,public,True,True,3a938ddb450c80e3a590dbc660da0b89,assigned
936b5c852238a4578aa462aba78d5ae4,936b5c852238a4578aa462aba78d5ae4,derived,3a938ddb450c80afaff4c112dd8e5b3e,done,10. September 2026 17:00 (MESZ) → 18:00,10. September 2026 17:00,,Guided Tour,https://app.notion.com/34238ddb450c81939959c300c9dcbf08,"DE,EN",,60,,,,17:00,18:00,No,done,public,True,True,3a938ddb450c80afaff4c112dd8e5b3e,assigned
48725d9919110467b6e36aeb0ce4a770,48725d9919110467b6e36aeb0ce4a770,derived,3a938ddb450c80afaff4c112dd8e5b3e,done,12. September 2026 14:00 (MESZ) → 15:00,12. September 2026 14:00,,Guided Tour,https://app.notion.com/34238ddb450c81939959c300c9dcbf08,"DE,EN",,60,,,,14:00,15:00,No,done,public,True,True,3a938ddb450c80afaff4c112dd8e5b3e,assigned
3a938ddb450c808ba5cff459e67d9c72,3a938ddb450c808ba5cff459e67d9c72,notion,3a938ddb450c806a9965d44a7ffe6b58,done,9. September 2026 17:00 (MESZ) → 18:00,9. September 2026 17:00,,Lecture & Talk,https://app.notion.com/34238ddb450c81939959c300c9dcbf08,EN,,60,,,,17:00,18:00,No,done,public,True,True,3a938ddb450c806a9965d44a7ffe6b58,assigned
87fe1efa6de0f44c0ebef768d4821945,87fe1efa6de0f44c0ebef768d4821945,derived,3a938ddb450c803f97f5e982d365e06c,done,11. September 2026 22:00 (MESZ) → 12. September 2026 4:00 (MESZ),11. September 2026 22:00,,Concert,https://app.notion.com/34238ddb450c81388c73f87a46369f19,nonverbal,,360,,,,22:00,04:00,No,done,public,True,True,3a938ddb450c803f97f5e982d365e06c,assigned
e0a9deaab9ffaff8ab7bf6c44ebed509,e0a9deaab9ffaff8ab7bf6c44ebed509,derived,3a938ddb450c803f97f5e982d365e06c,done,12. September 2026 23:00 (MESZ) → 13. September 2026 4:00 (MESZ),12. September 2026 23:00,,Concert,https://app.notion.com/34238ddb450c81388c73f87a46369f19,nonverbal,,300,,,,23:00,04:00,No,done,public,True,True,3a938ddb450c803f97f5e982d365e06c,assigned
add4424fe8316b09af05ad1d086c4772,add4424fe8316b09af05ad1d086c4772,derived,39838ddb450c807c9aa8c78aadaa6f43,done,11. September 2026 0:00 (MESZ) → 2:00,11. September 2026 00:00,,Screening,https://app.notion.com/34238ddb450c81388c73f87a46369f19,"DE,EN",,120,,,,00:00,02:00,Yes,done,public,True,True,39838ddb450c807c9aa8c78aadaa6f43,assigned
936ca4d8ce5275be6026f4020e1a6f4d,936ca4d8ce5275be6026f4020e1a6f4d,derived,39838ddb450c807c9aa8c78aadaa6f43,done,12. September 2026 0:00 (MESZ) → 2:00,12. September 2026 00:00,,Screening,https://app.notion.com/34238ddb450c81388c73f87a46369f19,"DE,EN",,120,,,,00:00,02:00,Yes,done,public,True,True,39838ddb450c807c9aa8c78aadaa6f43,assigned
3a938ddb450c80a5930ceb112908ca95,3a938ddb450c80a5930ceb112908ca95,notion,51b38ddb450c82e9986701eddf9baf18,done,13. September 2026 14:00 (MESZ) → 17:00,13. September 2026 14:00,,Screening,https://app.notion.com/34238ddb450c816d8670d11a8bcb9f86,"DE,EN",,180,,,,14:00,17:00,No,done,public,True,True,51b38ddb450c82e9986701eddf9baf18,assigned
5b94d0619f916f7782ecac8bc186e7d4,5b94d0619f916f7782ecac8bc186e7d4,derived,3a938ddb450c80648be5d80e602f4a25,done,11. September 2026 21:00 (MESZ) → 21:15,11. September 2026 21:00,,Performance,https://app.notion.com/34238ddb450c81b4a366f6a774e81e77,DE,,15,,,,21:00,21:15,No,done,public,True,True,3a938ddb450c80648be5d80e602f4a25,assigned
671ecb9a11e0526caff20dc0d265077f,671ecb9a11e0526caff20dc0d265077f,derived,3a938ddb450c80648be5d80e602f4a25,done,12. September 2026 21:00 (MESZ) → 21:15,12. September 2026 21:00,,Performance,https://app.notion.com/34238ddb450c81b4a366f6a774e81e77,DE,,15,,,,21:00,21:15,No,done,public,True,True,3a938ddb450c80648be5d80e602f4a25,assigned
3a938ddb450c804fa3fcef191a385b08,3a938ddb450c804fa3fcef191a385b08,notion,3a938ddb450c800ebb89d1f3f401a41f,done,10. September 2026 18:00 (MESZ) → 20:00,10. September 2026 18:00,,Lecture & Talk,https://app.notion.com/34238ddb450c81b4a366f6a774e81e77,EN,,120,,,,18:00,20:00,No,done,public,True,True,3a938ddb450c800ebb89d1f3f401a41f,assigned
37dc22cad6f0a7d08f4f8274fac9d09b,37dc22cad6f0a7d08f4f8274fac9d09b,derived,39738ddb450c80309d0cc9653b295675,done,9. September 2026 10:45 (MESZ) → 11:15,9. September 2026 10:45,,Experience,https://app.notion.com/34238ddb450c8189ae58cbe249716ce3,"DE,EN",,30,,,,10:45,11:15,No,done,public,True,True,39738ddb450c80309d0cc9653b295675,assigned
79f5f8ba3a229b50fd54633408cc9deb,79f5f8ba3a229b50fd54633408cc9deb,derived,39738ddb450c80309d0cc9653b295675,done,9. September 2026 14:45 (MESZ) → 15:15,9. September 2026 14:45,,Experience,https://app.notion.com/34238ddb450c8189ae58cbe249716ce3,"DE,EN",,30,,,,14:45,15:15,No,done,public,True,True,39738ddb450c80309d0cc9653b295675,assigned
2cea7564c0b7a5b6097113a26d4cbceb,2cea7564c0b7a5b6097113a26d4cbceb,derived,39738ddb450c80309d0cc9653b295675,done,10. September 2026 10:45 (MESZ) → 11:15,10. September 2026 10:45,,Experience,https://app.notion.com/34238ddb450c8189ae58cbe249716ce3,"DE,EN",,30,,,,10:45,11:15,No,done,public,True,True,39738ddb450c80309d0cc9653b295675,assigned
f22b6fc467a201c671f9b8d2ddac495b,f22b6fc467a201c671f9b8d2ddac495b,derived,39738ddb450c80309d0cc9653b295675,done,10. September 2026 14:45 (MESZ) → 15:15,10. September 2026 14:45,,Experience,https://app.notion.com/34238ddb450c8189ae58cbe249716ce3,"DE,EN",,30,,,,14:45,15:15,No,done,public,True,True,39738ddb450c80309d0cc9653b295675,assigned
ad55a46b52701f8dd58c7fc968c3cde4,ad55a46b52701f8dd58c7fc968c3cde4,derived,39738ddb450c80309d0cc9653b295675,done,11. September 2026 10:45 (MESZ) → 11:15,11. September 2026 10:45,,Experience,https://app.notion.com/34238ddb450c8189ae58cbe249716ce3,"DE,EN",,30,,,,10:45,11:15,No,done,public,True,True,39738ddb450c80309d0cc9653b295675,assigned
4fc180a341cbe24da435d989d760d3bc,4fc180a341cbe24da435d989d760d3bc,derived,39738ddb450c80309d0cc9653b295675,done,11. September 2026 14:45 (MESZ) → 15:15,11. September 2026 14:45,,Experience,https://app.notion.com/34238ddb450c8189ae58cbe249716ce3,"DE,EN",,30,,,,14:45,15:15,No,done,public,True,True,39738ddb450c80309d0cc9653b295675,assigned
01964292e0172e08edd714f48b46dcb9,01964292e0172e08edd714f48b46dcb9,derived,39738ddb450c80309d0cc9653b295675,done,12. September 2026 10:45 (MESZ) → 11:15,12. September 2026 10:45,,Experience,https://app.notion.com/34238ddb450c8189ae58cbe249716ce3,"DE,EN",,30,,,,10:45,11:15,No,done,public,True,True,39738ddb450c80309d0cc9653b295675,assigned
ff8e16e205034d488b251e346be34871,ff8e16e205034d488b251e346be34871,derived,39738ddb450c80309d0cc9653b295675,done,12. September 2026 14:45 (MESZ) → 15:15,12. September 2026 14:45,,Experience,https://app.notion.com/34238ddb450c8189ae58cbe249716ce3,"DE,EN",,30,,,,14:45,15:15,No,done,public,True,True,39738ddb450c80309d0cc9653b295675,assigned
cb4fc43959a49eef49f097bbc18d5b12,cb4fc43959a49eef49f097bbc18d5b12,derived,39738ddb450c80309d0cc9653b295675,done,13. September 2026 10:45 (MESZ) → 11:15,13. September 2026 10:45,,Experience,https://app.notion.com/34238ddb450c8189ae58cbe249716ce3,"DE,EN",,30,,,,10:45,11:15,No,done,public,True,True,39738ddb450c80309d0cc9653b295675,assigned
9c8ed899df1ccdd73edcc8533be4f3ba,9c8ed899df1ccdd73edcc8533be4f3ba,derived,39738ddb450c80309d0cc9653b295675,done,13. September 2026 14:45 (MESZ) → 15:15,13. September 2026 14:45,,Experience,https://app.notion.com/34238ddb450c8189ae58cbe249716ce3,"DE,EN",,30,,,,14:45,15:15,No,done,public,True,True,39738ddb450c80309d0cc9653b295675,assigned
3aa38ddb450c807fa4c5ff0aafc19a72,3aa38ddb450c807fa4c5ff0aafc19a72,notion,3a638ddb450c813f80b9d442a695ce2d,done,10. September 2026 11:00 (MESZ) → 11:30,10. September 2026 11:00,,Lecture & Talk,https://app.notion.com/3a338ddb450c80458fccd80715baf32b,EN,,30,,,,11:00,11:30,Yes,done,public,True,True,3a638ddb450c813f80b9d442a695ce2d,assigned
6d5a532f41963109988472658c1c0124,6d5a532f41963109988472658c1c0124,derived,3a838ddb450c81d39acadf12fbdb148f,done,12. September 2026 13:00 (MESZ) → 18:00,12. September 2026 13:00,,Open Lab,https://app.notion.com/39938ddb450c80258e94f2802fc21936,EN,,300,,,,13:00,18:00,No,done,public,True,True,3a838ddb450c81d39acadf12fbdb148f,assigned
8f6d90044904de4258b65c8e78494543,8f6d90044904de4258b65c8e78494543,derived,3a838ddb450c81f396ddfbb621ddeaa0,done,10. September 2026 13:00 (MESZ) → 18:00,10. September 2026 13:00,,Open Lab,https://app.notion.com/39938ddb450c80258e94f2802fc21936,EN,,300,,,,13:00,18:00,No,done,public,True,True,3a838ddb450c81f396ddfbb621ddeaa0,assigned
a3c1beaf6c3e009d01ca9369f88ee8c2,a3c1beaf6c3e009d01ca9369f88ee8c2,derived,3a838ddb450c816c85dbd8ba658d933d,done,9. September 2026 13:00 (MESZ) → 18:00,9. September 2026 13:00,,Open Lab,https://app.notion.com/39938ddb450c80258e94f2802fc21936,EN,,300,,,,13:00,18:00,No,done,public,True,True,3a838ddb450c816c85dbd8ba658d933d,assigned
d0cb5bbae350c21c610a9a58d46054dd,d0cb5bbae350c21c610a9a58d46054dd,derived,3a838ddb450c8145a55bc3a79dfd6046,done,11. September 2026 13:00 (MESZ) → 18:00,11. September 2026 13:00,,Open Lab,https://app.notion.com/39938ddb450c80258e94f2802fc21936,EN,,300,,,,13:00,18:00,No,done,public,True,True,3a838ddb450c8145a55bc3a79dfd6046,assigned
4868a1d9eee064db21fb6a97fd5f4922,4868a1d9eee064db21fb6a97fd5f4922,derived,3a838ddb450c81c59d98ff44c33d4c4b,done,13. September 2026 13:00 (MESZ) → 18:00,13. September 2026 13:00,,Open Lab,https://app.notion.com/39938ddb450c80258e94f2802fc21936,EN,,300,,,,13:00,18:00,No,done,public,True,True,3a838ddb450c81c59d98ff44c33d4c4b,assigned
bb185b1abc2624a4c7e8d7705a255bf7,bb185b1abc2624a4c7e8d7705a255bf7,derived,3aa38ddb450c81b48fa2f3681fa17fc8,done,12. September 2026 10:00 (MESZ) → 17:00,12. September 2026 10:00,,Meet the Artist,https://app.notion.com/3b838ddb450c80d79475da159333f576,"DE,EN",,420,,,,10:00,17:00,No,done,public,True,True,3aa38ddb450c81b48fa2f3681fa17fc8,assigned
8175c3fbf0796abd6573b87975df2c46,8175c3fbf0796abd6573b87975df2c46,derived,3aa38ddb450c81b48fa2f3681fa17fc8,done,13. September 2026 10:00 (MESZ) → 17:00,13. September 2026 10:00,,Meet the Artist,https://app.notion.com/3b838ddb450c80d79475da159333f576,"DE,EN",,420,,,,10:00,17:00,No,done,public,True,True,3aa38ddb450c81b48fa2f3681fa17fc8,assigned
3aa38ddb450c80a78959e856fb6f7b58,3aa38ddb450c80a78959e856fb6f7b58,notion,3a838ddb450c81d09bbae010ab072b83,done,11. September 2026 18:30 (MESZ) → 22:30,11. September 2026 18:30,,Project,https://app.notion.com/34238ddb450c809d80c0dc96ac1129e6,nonverbal,,240,,,,18:30,22:30,No,done,public,True,True,3a838ddb450c81d09bbae010ab072b83,assigned
3ab38ddb450c803b8000f622815774e1,3ab38ddb450c803b8000f622815774e1,notion,39538ddb450c8151a165dad2bba851d0,done,12. September 2026 15:30 (MESZ) → 16:30,12. September 2026 15:30,https://mailworx.marketingsuite.info/Form?frm=40c64f19-442d-4d6d-a27c-decd0390ee46,Networking Event,https://app.notion.com/38338ddb450c8081a52ff7fe61e40298,EN,,60,,,,15:30,16:30,No,done,public,True,True,39538ddb450c8151a165dad2bba851d0,assigned
6b573defd833a831b8b34395bb8bcade,6b573defd833a831b8b34395bb8bcade,derived,39e38ddb450c80ca8ceed46e5723b081,done,9. September 2026 12:00 (MESZ) → 17:00,9. September 2026 12:00,,Conference,https://app.notion.com/38338ddb450c80f5b7fafe65509e43de,EN,,300,,,,12:00,17:00,Yes,done,public,True,True,39e38ddb450c80ca8ceed46e5723b081,assigned
3ab38ddb450c80b9be78e8c14e285072,3ab38ddb450c80b9be78e8c14e285072,notion,39538ddb450c810ba965c4a0e378835c,done,9. September 2026 10:00 (MESZ) → 17:00,9. September 2026 10:00,https://ekipengine.eu/events/creativity-as-civic-infrastructure-ccis-and-digital-commons/,Open Lab,https://app.notion.com/39838ddb450c801fb4b3efcf0b93c0cf,EN,,420,,,,10:00,17:00,No,done,public,True,True,39538ddb450c810ba965c4a0e378835c,assigned
121f63b19aa1e28ff4db83c3624fd220,121f63b19aa1e28ff4db83c3624fd220,derived,3a638ddb450c819aa2fec61b194dc0b0,done,10. September 2026 10:00 (MESZ) → 11:00,10. September 2026 09:45,https://kupfticket.com/events/jku-med-campus-tours-3e0347f0b1,Guided Tour,https://app.notion.com/34238ddb450c803c9a4fc86c8270359d,EN,15,60,,,,10:00,11:00,Yes,done,public,True,True,3a638ddb450c819aa2fec61b194dc0b0,assigned
0f7d228c8706fb0a6efdcc7e5cc07865,0f7d228c8706fb0a6efdcc7e5cc07865,derived,3a638ddb450c819aa2fec61b194dc0b0,done,11. September 2026 10:00 (MESZ) → 11:00,11. September 2026 09:45,https://kupfticket.com/events/jku-med-campus-tours-db3a14fa07,Guided Tour,https://app.notion.com/34238ddb450c803c9a4fc86c8270359d,EN,15,60,,,,10:00,11:00,Yes,done,public,True,True,3a638ddb450c819aa2fec61b194dc0b0,assigned
8903c2fc74295cceacd0d022e2621745,8903c2fc74295cceacd0d022e2621745,derived,3a438ddb450c80b6bd73ce9df6780e40,done,11. September 2026 15:00 (MESZ) → 16:30,11. September 2026 14:45,https://kupfticket.com/events/expert-tours-ok-quarter-fce23652dd,Guided Tour,https://app.notion.com/3a438ddb450c8025acbcf7bc9663a06e,EN,15,90,,,,15:00,16:30,No,done,public,True,True,3a438ddb450c80b6bd73ce9df6780e40,assigned
3ab38ddb450c80cba0d1f4477fe137c5,3ab38ddb450c80cba0d1f4477fe137c5,notion,37c38ddb450c81be8c1ad52abeebe535,done,9. September 2026 16:00 (MESZ) → 17:30,9. September 2026 16:00,,Project,https://app.notion.com/34238ddb450c810fbf8bfa09747f1d27,"DE,EN",,90,,,,16:00,17:30,No,done,public,True,True,37c38ddb450c81be8c1ad52abeebe535,assigned
3ab38ddb450c8031ae15f52bd9e07e55,3ab38ddb450c8031ae15f52bd9e07e55,notion,3a638ddb450c8073b3eae2d4ea59810c,done,13. September 2026 16:30 (MESZ) → 17:00,13. September 2026 16:30,,Screening,https://app.notion.com/39938ddb450c80eba3eadf35abf79d8d,EN,,30,,,,16:30,17:00,Yes,done,public,True,True,3a638ddb450c8073b3eae2d4ea59810c,assigned
6399ab20b2adaf02c91752f60f75a625,6399ab20b2adaf02c91752f60f75a625,derived,37c38ddb450c81888ba3d3d2e972873b,done,11. September 2026 16:00 (MESZ) → 18:00,11. September 2026 16:00,,Performance,https://app.notion.com/39c38ddb450c80a8903efa7aed422e38,nonverbal,,120,,,,16:00,18:00,No,done,public,True,True,37c38ddb450c81888ba3d3d2e972873b,assigned
207b8063c3bb50c1cfdc60f5bb3ba126,207b8063c3bb50c1cfdc60f5bb3ba126,derived,37c38ddb450c81888ba3d3d2e972873b,done,12. September 2026 16:00 (MESZ) → 18:00,12. September 2026 16:00,,Performance,https://app.notion.com/39c38ddb450c80a8903efa7aed422e38,nonverbal,,120,,,,16:00,18:00,No,done,public,True,True,37c38ddb450c81888ba3d3d2e972873b,assigned
2ba6aefe15ebbee421cbae386608346b,2ba6aefe15ebbee421cbae386608346b,derived,37c38ddb450c81888ba3d3d2e972873b,done,13. September 2026 16:00 (MESZ) → 18:00,13. September 2026 16:00,,Performance,https://app.notion.com/39c38ddb450c80a8903efa7aed422e38,nonverbal,,120,,,,16:00,18:00,No,done,public,True,True,37c38ddb450c81888ba3d3d2e972873b,assigned
f93eca7f7c1343051e17da21c33082c8,f93eca7f7c1343051e17da21c33082c8,derived,dec38ddb450c832fb6d901f9e7afa93c,done,9. September 2026 13:00 (MESZ) → 13:10,9. September 2026 13:00,,Performance,https://app.notion.com/39938ddb450c80739720e5b94341ce7a,EN,,10,,,,13:00,13:10,No,done,public,True,True,dec38ddb450c832fb6d901f9e7afa93c,assigned
e3137fa7e11940cdcc417bf9959b3558,e3137fa7e11940cdcc417bf9959b3558,derived,dec38ddb450c832fb6d901f9e7afa93c,done,9. September 2026 17:00 (MESZ) → 17:10,9. September 2026 17:00,,Performance,https://app.notion.com/39938ddb450c80739720e5b94341ce7a,EN,,10,,,,17:00,17:10,No,done,public,True,True,dec38ddb450c832fb6d901f9e7afa93c,assigned
73cab49d424ef4df024481f3120f7b4c,73cab49d424ef4df024481f3120f7b4c,derived,dec38ddb450c832fb6d901f9e7afa93c,done,10. September 2026 13:00 (MESZ) → 13:10,10. September 2026 13:00,,Performance,https://app.notion.com/39938ddb450c80739720e5b94341ce7a,EN,,10,,,,13:00,13:10,No,done,public,True,True,dec38ddb450c832fb6d901f9e7afa93c,assigned
065ab24dcf77ab3fc5d6ed53f02e389c,065ab24dcf77ab3fc5d6ed53f02e389c,derived,dec38ddb450c832fb6d901f9e7afa93c,done,10. September 2026 17:00 (MESZ) → 17:10,10. September 2026 17:00,,Performance,https://app.notion.com/39938ddb450c80739720e5b94341ce7a,EN,,10,,,,17:00,17:10,No,done,public,True,True,dec38ddb450c832fb6d901f9e7afa93c,assigned
35a5820cf1e42fded8c8a4d2134b49dd,35a5820cf1e42fded8c8a4d2134b49dd,derived,dec38ddb450c832fb6d901f9e7afa93c,done,11. September 2026 13:00 (MESZ) → 13:10,11. September 2026 13:00,,Performance,https://app.notion.com/39938ddb450c80739720e5b94341ce7a,EN,,10,,,,13:00,13:10,No,done,public,True,True,dec38ddb450c832fb6d901f9e7afa93c,assigned
5d0d8b3caacec0067111b82ae00f85ad,5d0d8b3caacec0067111b82ae00f85ad,derived,dec38ddb450c832fb6d901f9e7afa93c,done,11. September 2026 17:00 (MESZ) → 17:10,11. September 2026 17:00,,Performance,https://app.notion.com/39938ddb450c80739720e5b94341ce7a,EN,,10,,,,17:00,17:10,No,done,public,True,True,dec38ddb450c832fb6d901f9e7afa93c,assigned
602fea7f4716dbfd01971f812f5684be,602fea7f4716dbfd01971f812f5684be,derived,dec38ddb450c832fb6d901f9e7afa93c,done,12. September 2026 13:00 (MESZ) → 13:10,12. September 2026 13:00,,Performance,https://app.notion.com/39938ddb450c80739720e5b94341ce7a,EN,,10,,,,13:00,13:10,No,done,public,True,True,dec38ddb450c832fb6d901f9e7afa93c,assigned
e3b860e76ceaf5859a554b790b73f74e,e3b860e76ceaf5859a554b790b73f74e,derived,dec38ddb450c832fb6d901f9e7afa93c,done,12. September 2026 17:00 (MESZ) → 17:10,12. September 2026 17:00,,Performance,https://app.notion.com/39938ddb450c80739720e5b94341ce7a,EN,,10,,,,17:00,17:10,No,done,public,True,True,dec38ddb450c832fb6d901f9e7afa93c,assigned
5465ee7ea083bd6c20767b50e96657bf,5465ee7ea083bd6c20767b50e96657bf,derived,dec38ddb450c832fb6d901f9e7afa93c,done,13. September 2026 13:00 (MESZ) → 13:10,13. September 2026 13:00,,Performance,https://app.notion.com/39938ddb450c80739720e5b94341ce7a,EN,,10,,,,13:00,13:10,No,done,public,True,True,dec38ddb450c832fb6d901f9e7afa93c,assigned
306c8d6e7051d1d4d2404c88b04ace47,306c8d6e7051d1d4d2404c88b04ace47,derived,dec38ddb450c832fb6d901f9e7afa93c,done,13. September 2026 17:00 (MESZ) → 17:10,13. September 2026 17:00,,Performance,https://app.notion.com/39938ddb450c80739720e5b94341ce7a,EN,,10,,,,17:00,17:10,No,done,public,True,True,dec38ddb450c832fb6d901f9e7afa93c,assigned
bcc83128e8a78f8e671a3d8a13de4435,bcc83128e8a78f8e671a3d8a13de4435,derived,39738ddb450c81088b6fe52306e932ad,done,11. September 2026 12:00 (MESZ) → 12:30,11. September 2026 12:00,,Performance,https://app.notion.com/34238ddb450c81ac8432eab6e4831002,"DE,EN",,30,,,,12:00,12:30,Yes,done,public,True,True,39738ddb450c81088b6fe52306e932ad,assigned
8df3f3a38a82530166602fbd01b7cfee,8df3f3a38a82530166602fbd01b7cfee,derived,3ab38ddb450c81a9bb4dd9e12f77560e,done,10. September 2026 13:30 (MESZ) → 14:10,10. September 2026 13:30,,Concert,https://app.notion.com/38338ddb450c8085af08d41c175807b5,EN,,40,,,,13:30,14:10,Yes,done,public,True,True,3ab38ddb450c81a9bb4dd9e12f77560e,assigned
8706b89ec17871c481704af07648f87f,8706b89ec17871c481704af07648f87f,derived,3ab38ddb450c81a9bb4dd9e12f77560e,done,11. September 2026 16:00 (MESZ) → 16:40,11. September 2026 16:00,,Concert,https://app.notion.com/38338ddb450c8085af08d41c175807b5,EN,,40,,,,16:00,16:40,Yes,done,public,True,True,3ab38ddb450c81a9bb4dd9e12f77560e,assigned
1679e639a03beddfe88d7f7b1e190bae,1679e639a03beddfe88d7f7b1e190bae,derived,39838ddb450c807c9aa8c78aadaa6f43,done,8. September 2026 18:00 (MESZ) → 20:00,8. September 2026 18:00,,Screening,https://app.notion.com/34238ddb450c81388c73f87a46369f19,"DE,EN",,120,,,,18:00,20:00,Yes,done,public,True,True,39838ddb450c807c9aa8c78aadaa6f43,assigned
7a834fbb489446d1217fa54dd64fc9d0,7a834fbb489446d1217fa54dd64fc9d0,derived,39838ddb450c807c9aa8c78aadaa6f43,done,8. September 2026 21:00 (MESZ) → 23:00,8. September 2026 21:00,,Screening,https://app.notion.com/34238ddb450c81388c73f87a46369f19,"DE,EN",,120,,,,21:00,23:00,Yes,done,public,True,True,39838ddb450c807c9aa8c78aadaa6f43,assigned
34bda64923ec48eba852f96f309b0446,34bda64923ec48eba852f96f309b0446,derived,39838ddb450c807c9aa8c78aadaa6f43,done,8. September 2026 23:00 (MESZ) → 9. September 2026 1:00 (MESZ),8. September 2026 23:00,,Screening,https://app.notion.com/34238ddb450c81388c73f87a46369f19,"DE,EN",,120,,,,23:00,01:00,Yes,done,public,True,True,39838ddb450c807c9aa8c78aadaa6f43,assigned
fffa422c7bfb254ae84cb646f0073b03,fffa422c7bfb254ae84cb646f0073b03,derived,39838ddb450c807c9aa8c78aadaa6f43,done,9. September 2026 18:00 (MESZ) → 20:00,9. September 2026 18:00,,Screening,https://app.notion.com/34238ddb450c81388c73f87a46369f19,"DE,EN",,120,,,,18:00,20:00,Yes,done,public,True,True,39838ddb450c807c9aa8c78aadaa6f43,assigned
6d014762a6ee4c908e4615dc0517ae11,6d014762a6ee4c908e4615dc0517ae11,derived,39838ddb450c807c9aa8c78aadaa6f43,done,9. September 2026 21:00 (MESZ) → 23:00,9. September 2026 21:00,,Screening,https://app.notion.com/34238ddb450c81388c73f87a46369f19,"DE,EN",,120,,,,21:00,23:00,Yes,done,public,True,True,39838ddb450c807c9aa8c78aadaa6f43,assigned
8e6ec4045ff3c2c63b0d68ca9ced0ddd,8e6ec4045ff3c2c63b0d68ca9ced0ddd,derived,39838ddb450c807c9aa8c78aadaa6f43,done,10. September 2026 18:00 (MESZ) → 20:00,10. September 2026 18:00,,Screening,https://app.notion.com/34238ddb450c81388c73f87a46369f19,"DE,EN",,120,,,,18:00,20:00,Yes,done,public,True,True,39838ddb450c807c9aa8c78aadaa6f43,assigned
13f6ed204ab096fa07c389ae0fa2c265,13f6ed204ab096fa07c389ae0fa2c265,derived,39838ddb450c807c9aa8c78aadaa6f43,done,10. September 2026 21:00 (MESZ) → 23:00,10. September 2026 21:00,,Screening,https://app.notion.com/34238ddb450c81388c73f87a46369f19,"DE,EN",,120,,,,21:00,23:00,Yes,done,public,True,True,39838ddb450c807c9aa8c78aadaa6f43,assigned
b38eb7912a3b0bfb789b255f5cde1b00,b38eb7912a3b0bfb789b255f5cde1b00,derived,39838ddb450c807c9aa8c78aadaa6f43,done,11. September 2026 18:00 (MESZ) → 20:00,11. September 2026 18:00,,Screening,https://app.notion.com/34238ddb450c81388c73f87a46369f19,"DE,EN",,120,,,,18:00,20:00,Yes,done,public,True,True,39838ddb450c807c9aa8c78aadaa6f43,assigned
f326679aa3098f40d4fc2df4ea429dbb,f326679aa3098f40d4fc2df4ea429dbb,derived,39838ddb450c807c9aa8c78aadaa6f43,done,12. September 2026 18:00 (MESZ) → 20:00,12. September 2026 18:00,,Screening,https://app.notion.com/34238ddb450c81388c73f87a46369f19,"DE,EN",,120,,,,18:00,20:00,Yes,done,public,True,True,39838ddb450c807c9aa8c78aadaa6f43,assigned
a59f0c71ff1db4e73ceca4b3b370f684,a59f0c71ff1db4e73ceca4b3b370f684,derived,3a738ddb450c802b8dbfe3224df28ed1,done,9. September 2026 13:00 (MESZ) → 18:00,9. September 2026 13:00,,Open Lab,https://app.notion.com/39938ddb450c8010a5b4cad7de3d9f07,"DE,EN",,300,,,,13:00,18:00,No,done,public,True,True,3a738ddb450c802b8dbfe3224df28ed1,assigned
1f9e5117fe75a5a970a5e85d6e02526c,1f9e5117fe75a5a970a5e85d6e02526c,derived,3a738ddb450c802b8dbfe3224df28ed1,done,10. September 2026 13:00 (MESZ) → 18:00,10. September 2026 13:00,,Open Lab,https://app.notion.com/39938ddb450c8010a5b4cad7de3d9f07,"DE,EN",,300,,,,13:00,18:00,No,done,public,True,True,3a738ddb450c802b8dbfe3224df28ed1,assigned
9e7b1708d2eb12ea8604d1cef5934b7b,9e7b1708d2eb12ea8604d1cef5934b7b,derived,3a738ddb450c802b8dbfe3224df28ed1,done,11. September 2026 13:00 (MESZ) → 18:00,11. September 2026 13:00,,Open Lab,https://app.notion.com/39938ddb450c8010a5b4cad7de3d9f07,"DE,EN",,300,,,,13:00,18:00,No,done,public,True,True,3a738ddb450c802b8dbfe3224df28ed1,assigned
cabdae795cbe6287f52d94cbc4681dfe,cabdae795cbe6287f52d94cbc4681dfe,derived,3a738ddb450c802b8dbfe3224df28ed1,done,12. September 2026 13:00 (MESZ) → 18:00,12. September 2026 13:00,,Open Lab,https://app.notion.com/39938ddb450c8010a5b4cad7de3d9f07,"DE,EN",,300,,,,13:00,18:00,No,done,public,True,True,3a738ddb450c802b8dbfe3224df28ed1,assigned
e822f4b2ad0e0538315d219c5db85fad,e822f4b2ad0e0538315d219c5db85fad,derived,3a738ddb450c802b8dbfe3224df28ed1,done,13. September 2026 13:00 (MESZ) → 17:00,13. September 2026 13:00,,Open Lab,https://app.notion.com/39938ddb450c8010a5b4cad7de3d9f07,"DE,EN",,240,,,,13:00,17:00,No,done,public,True,True,3a738ddb450c802b8dbfe3224df28ed1,assigned
3ab38ddb450c80c1a816c4a06c6893bd,3ab38ddb450c80c1a816c4a06c6893bd,notion,3a738ddb450c81698729c804e3fc5c05,done,11. September 2026 14:00 (MESZ) → 16:00,11. September 2026 14:00,,Workshop,https://app.notion.com/38338ddb450c80fc9afccc31405e21b7,EN,,120,,,,14:00,16:00,Yes,done,public,True,True,3a738ddb450c81698729c804e3fc5c05,assigned
d9a4ab5691b733e4a68979b83abed8a5,d9a4ab5691b733e4a68979b83abed8a5,derived,3ab38ddb450c80bda186fa5ee1388ee6,done,9. September 2026 22:25 (MESZ) → 22:30,9. September 2026 22:25,,Concert,https://app.notion.com/34238ddb450c8156a0b2e87f10c43d2e,other,,5,,,,22:25,22:30,No,done,public,True,True,3ab38ddb450c80bda186fa5ee1388ee6,assigned
3ab38ddb450c803f84a9e1c2880ac2db,3ab38ddb450c803f84a9e1c2880ac2db,notion,3a638ddb450c81e4b043cbe71e2d8825,done,11. September 2026 15:30 (MESZ) → 17:00,11. September 2026 15:30,https://mailworx.marketingsuite.info/Form?ev=a0ac2efc-d510-44f1-973d-f9a1be153e63,Workshop,https://app.notion.com/39238ddb450c80f98ecbf708c0f05fda,"DE,EN",,90,,,,15:30,17:00,Yes,done,public,True,True,3a638ddb450c81e4b043cbe71e2d8825,assigned
f11d36c59d8a2703a60f9e8f7b0e0e5e,f11d36c59d8a2703a60f9e8f7b0e0e5e,derived,a9338ddb450c8352822d81a707462bc4,done,8. September 2026 17:00 (MESZ) → 22:00,8. September 2026 17:00,,Project,https://app.notion.com/39c38ddb450c80dea51cedff35a105c8,nonverbal,,300,,,,17:00,22:00,No,done,public,True,True,a9338ddb450c8352822d81a707462bc4,assigned
43fc6242cdfc76e4e91c4cc853d76345,43fc6242cdfc76e4e91c4cc853d76345,derived,7dc38ddb450c8337bd9081d2a9cd86ce,done,9. September 2026 17:30 (MESZ) → 22:00,9. September 2026 17:30,,Project,https://app.notion.com/39c38ddb450c80dea51cedff35a105c8,nonverbal,,270,,,,17:30,22:00,No,done,public,True,True,7dc38ddb450c8337bd9081d2a9cd86ce,assigned
57ed1521387b68f786325ce37510d91c,57ed1521387b68f786325ce37510d91c,derived,d7b38ddb450c8381b5fc811269022252,done,10. September 2026 18:00 (MESZ) → 22:00,10. September 2026 18:00,,Project,https://app.notion.com/39c38ddb450c80dea51cedff35a105c8,nonverbal,,240,,,,18:00,22:00,No,done,public,True,True,d7b38ddb450c8381b5fc811269022252,assigned
f8ee4b4a8ebe1310406572dc23d77983,f8ee4b4a8ebe1310406572dc23d77983,derived,3ac38ddb450c81358883f5c2b6d4d6d4,done,9. September 2026 12:00 (MESZ) → 12:10,9. September 2026 12:00,,Lecture & Talk,https://app.notion.com/e8238ddb450c83cf931481594c432903,DE,,10,,,,12:00,12:10,No,done,public,True,True,3ac38ddb450c81358883f5c2b6d4d6d4,assigned
3097f1a4effc87065a10f4da9e58c94f,3097f1a4effc87065a10f4da9e58c94f,derived,3ac38ddb450c81358883f5c2b6d4d6d4,done,10. September 2026 12:00 (MESZ) → 12:10,10. September 2026 12:00,,Lecture & Talk,https://app.notion.com/e8238ddb450c83cf931481594c432903,DE,,10,,,,12:00,12:10,No,done,public,True,True,3ac38ddb450c81358883f5c2b6d4d6d4,assigned
156926576f6d7b61acc442e5a911849c,156926576f6d7b61acc442e5a911849c,derived,3ac38ddb450c81358883f5c2b6d4d6d4,done,11. September 2026 12:00 (MESZ) → 12:10,11. September 2026 12:00,,Lecture & Talk,https://app.notion.com/e8238ddb450c83cf931481594c432903,DE,,10,,,,12:00,12:10,No,done,public,True,True,3ac38ddb450c81358883f5c2b6d4d6d4,assigned
3ad38ddb450c80f2a660d3e1f26dbcf6,3ad38ddb450c80f2a660d3e1f26dbcf6,notion,3ac38ddb450c81f49c3cce9808b7590d,done,11. September 2026 11:00 (MESZ) → 11:45,11. September 2026 11:00,,Meet the Artist,https://app.notion.com/3ad38ddb450c8097a854d5bcd0f23a3e,EN,,45,,,,11:00,11:45,No,done,public,True,True,3ac38ddb450c81f49c3cce9808b7590d,assigned
7c0449fe8377a04034890cccf54e55a1,7c0449fe8377a04034890cccf54e55a1,derived,3ab38ddb450c8198a99dc0b104744b3c,done,10. September 2026 11:00 (MESZ) → 16:00,10. September 2026 11:00,https://klius.org/,Lecture & Talk,https://app.notion.com/39c38ddb450c8089b548c2915399e5bd,EN,,300,,,,11:00,16:00,No,done,public,True,True,3ab38ddb450c8198a99dc0b104744b3c,assigned
3ad38ddb450c806a9775c9c48f15f44e,3ad38ddb450c806a9775c9c48f15f44e,notion,39f38ddb450c81b5a2e1e4b478396502,done,9. September 2026 12:30 (MESZ) → 14:30,9. September 2026 12:30,https://mailworx.marketingsuite.info/Form?frm=a5153449-1beb-4c2e-b2d0-bc2094fc08b3,Workshop,https://app.notion.com/38338ddb450c80e3b7fbcc482b296b6d,EN,,120,,,,12:30,14:30,No,done,public,True,True,39f38ddb450c81b5a2e1e4b478396502,assigned
3ad38ddb450c80ef96b1f04c0d5f23b4,3ad38ddb450c80ef96b1f04c0d5f23b4,notion,39e38ddb450c81378393f625df96e919,done,10. September 2026 16:00 (MESZ) → 18:00,10. September 2026 16:00,https://mailworx.marketingsuite.info/Form?frm=2b6ea408-0054-4d9f-940f-b9515c04c434,Workshop,https://app.notion.com/38338ddb450c80e3b7fbcc482b296b6d,"DE,EN",,120,,,,16:00,18:00,No,done,public,True,True,39e38ddb450c81378393f625df96e919,assigned
15989c0635d1d75c31c6549845d0d9f9,15989c0635d1d75c31c6549845d0d9f9,derived,39e38ddb450c8153b14ee79762dcd0dc,done,11. September 2026 16:30 (MESZ) → 18:30,11. September 2026 16:30,https://mailworx.marketingsuite.info/Form?frm=8dd35951-5fbc-49c3-993a-27525f8e944d,Workshop,https://app.notion.com/38338ddb450c80e3b7fbcc482b296b6d,EN,,120,,,,16:30,18:30,No,done,public,True,True,39e38ddb450c8153b14ee79762dcd0dc,assigned
cb5a65a0dfc62946ecb871c2f22e1b5b,cb5a65a0dfc62946ecb871c2f22e1b5b,derived,3ad38ddb450c80fc9fdcd83bbaef7b4b,done,9. September 2026 15:00 (MESZ) → 16:00,9. September 2026 15:00,,Concert,https://app.notion.com/36638ddb450c80588feaea943786965f,,,60,,,,15:00,16:00,No,done,public,True,True,3ad38ddb450c80fc9fdcd83bbaef7b4b,assigned
4e8ba17afbe67a580d7b24d4a1ccacb9,4e8ba17afbe67a580d7b24d4a1ccacb9,derived,3ad38ddb450c80fc9fdcd83bbaef7b4b,done,9. September 2026 16:00 (MESZ) → 17:00,9. September 2026 16:00,,Concert,https://app.notion.com/36638ddb450c80588feaea943786965f,,,60,,,,16:00,17:00,No,done,public,True,True,3ad38ddb450c80fc9fdcd83bbaef7b4b,assigned
2a27efe875d6127ec9f4669a0e65b87f,2a27efe875d6127ec9f4669a0e65b87f,derived,3ad38ddb450c80fc9fdcd83bbaef7b4b,done,9. September 2026 17:00 (MESZ) → 18:00,9. September 2026 17:00,,Concert,https://app.notion.com/36638ddb450c80588feaea943786965f,,,60,,,,17:00,18:00,No,done,public,True,True,3ad38ddb450c80fc9fdcd83bbaef7b4b,assigned
f487b7064b7eb984bc6a2a00087e3a91,f487b7064b7eb984bc6a2a00087e3a91,derived,3ad38ddb450c80fc9fdcd83bbaef7b4b,done,9. September 2026 18:00 (MESZ) → 19:00,9. September 2026 18:00,,Concert,https://app.notion.com/36638ddb450c80588feaea943786965f,,,60,,,,18:00,19:00,No,done,public,True,True,3ad38ddb450c80fc9fdcd83bbaef7b4b,assigned
2672886d5cf2f9c7bbc5ce3b47f4e6a4,2672886d5cf2f9c7bbc5ce3b47f4e6a4,derived,3ad38ddb450c80cc8211fa426095c5d9,done,10. September 2026 16:00 (MESZ) → 17:00,10. September 2026 16:00,,Concert,https://app.notion.com/36638ddb450c80588feaea943786965f,,,60,,,,16:00,17:00,No,done,public,True,True,3ad38ddb450c80cc8211fa426095c5d9,assigned
9842652a8026f2cc698313d096e4361b,9842652a8026f2cc698313d096e4361b,derived,3ad38ddb450c80cc8211fa426095c5d9,done,11. September 2026 15:00 (MESZ) → 16:00,11. September 2026 15:00,,Concert,https://app.notion.com/36638ddb450c80588feaea943786965f,,,60,,,,15:00,16:00,No,done,public,True,True,3ad38ddb450c80cc8211fa426095c5d9,assigned
0f52d581e777457b6f525fbfeb2fa8e0,0f52d581e777457b6f525fbfeb2fa8e0,derived,3ad38ddb450c80be8390f23b808b2d3e,done,10. September 2026 15:00 (MESZ) → 16:00,10. September 2026 15:00,,Concert,https://app.notion.com/36638ddb450c80588feaea943786965f,,,60,,,,15:00,16:00,No,done,public,True,True,3ad38ddb450c80be8390f23b808b2d3e,assigned
9a3614dad8e5c644db0b61588c2ed31b,9a3614dad8e5c644db0b61588c2ed31b,derived,3ad38ddb450c80be8390f23b808b2d3e,done,11. September 2026 16:00 (MESZ) → 17:00,11. September 2026 16:00,,Concert,https://app.notion.com/36638ddb450c80588feaea943786965f,,,60,,,,16:00,17:00,No,done,public,True,True,3ad38ddb450c80be8390f23b808b2d3e,assigned
320a7eaed712be7c7f8ac418dd936a0b,320a7eaed712be7c7f8ac418dd936a0b,derived,3ad38ddb450c80988124c82f76e3115f,done,10. September 2026 18:00 (MESZ) → 19:00,10. September 2026 18:00,,Concert,https://app.notion.com/36638ddb450c80588feaea943786965f,,,60,,,,18:00,19:00,No,done,public,True,True,3ad38ddb450c80988124c82f76e3115f,assigned
af5ac99e10cf9078a270b44410b1b0d7,af5ac99e10cf9078a270b44410b1b0d7,derived,3ad38ddb450c80988124c82f76e3115f,done,12. September 2026 15:00 (MESZ) → 16:00,12. September 2026 15:00,,Concert,https://app.notion.com/36638ddb450c80588feaea943786965f,,,60,,,,15:00,16:00,No,done,public,True,True,3ad38ddb450c80988124c82f76e3115f,assigned
3ad38ddb450c80d193aae322e15cd230,3ad38ddb450c80d193aae322e15cd230,notion,3ad38ddb450c800ea88bfaff193bd3f5,done,11. September 2026 17:00 (MESZ) → 18:00,11. September 2026 17:00,,Concert,https://app.notion.com/36638ddb450c80588feaea943786965f,,,60,,,,17:00,18:00,No,done,public,True,True,3ad38ddb450c800ea88bfaff193bd3f5,assigned
926267108c2092ea1e687d66c5a1e629,926267108c2092ea1e687d66c5a1e629,derived,3ad38ddb450c8093a31bd1abc6f2edf5,done,11. September 2026 18:00 (MESZ) → 19:00,11. September 2026 18:00,,Concert,https://app.notion.com/36638ddb450c80588feaea943786965f,,,60,,,,18:00,19:00,No,done,public,True,True,3ad38ddb450c8093a31bd1abc6f2edf5,assigned
f68fd0773cbcdccd6a2840a979e222e6,f68fd0773cbcdccd6a2840a979e222e6,derived,3ad38ddb450c8093a31bd1abc6f2edf5,done,12. September 2026 18:00 (MESZ) → 19:00,12. September 2026 18:00,,Concert,https://app.notion.com/36638ddb450c80588feaea943786965f,,,60,,,,18:00,19:00,No,done,public,True,True,3ad38ddb450c8093a31bd1abc6f2edf5,assigned
2940c212c268f20826a820cce26fd71b,2940c212c268f20826a820cce26fd71b,derived,3ad38ddb450c8009a14ae38967a5304b,done,12. September 2026 16:00 (MESZ) → 17:00,12. September 2026 16:00,,Concert,https://app.notion.com/36638ddb450c80588feaea943786965f,,,60,,,,16:00,17:00,No,done,public,True,True,3ad38ddb450c8009a14ae38967a5304b,assigned
317f272105ee63f7412ba37bfc8158f8,317f272105ee63f7412ba37bfc8158f8,derived,3ad38ddb450c8009a14ae38967a5304b,done,13. September 2026 15:00 (MESZ) → 16:00,13. September 2026 15:00,,Concert,https://app.notion.com/36638ddb450c80588feaea943786965f,,,60,,,,15:00,16:00,No,done,public,True,True,3ad38ddb450c8009a14ae38967a5304b,assigned
3ad38ddb450c806aa7b4e797dd90b8db,3ad38ddb450c806aa7b4e797dd90b8db,notion,3ad38ddb450c80d788f8c0e7128489f3,done,13. September 2026 16:00 (MESZ) → 17:00,13. September 2026 16:00,,Concert,https://app.notion.com/36638ddb450c80588feaea943786965f,,,60,,,,16:00,17:00,No,done,public,True,True,3ad38ddb450c80d788f8c0e7128489f3,assigned
3ae38ddb450c8055aa8acaaa20fc5238,3ae38ddb450c8055aa8acaaa20fc5238,notion,39e38ddb450c81ef89b7df7bfa6d03d3,done,12. September 2026 16:00 (MESZ) → 18:00,12. September 2026 16:00,https://mailworx.marketingsuite.info/Form?frm=3a171946-bb6c-4e93-b2db-d46f890d4b35,Workshop,https://app.notion.com/38338ddb450c80e3b7fbcc482b296b6d,EN,,120,,,,16:00,18:00,Yes,done,public,True,True,39e38ddb450c81ef89b7df7bfa6d03d3,assigned
3ae38ddb450c8034bf8ee5220f778b95,3ae38ddb450c8034bf8ee5220f778b95,notion,,offline,13. September 2026 11:05 (MESZ) → 11:35,13. September 2026 11:05,,Lecture & Talk,https://app.notion.com/38338ddb450c80f5b7fafe65509e43de,EN,,30,,,,11:05,11:35,No,offline,public_no_link,True,False,,project_not_public
102a63460f78bc04ea0885880265f7eb,102a63460f78bc04ea0885880265f7eb,derived,3ae38ddb450c8064a99fd5812df57c06,done,13. September 2026 10:30 (MESZ) → 12:00,13. September 2026 10:30,https://kupfticket.com/events/little-explorers-kids-tour-6b8ce505f1,Guided Tour,https://app.notion.com/3a438ddb450c8025acbcf7bc9663a06e,DE,,90,,,,10:30,12:00,Yes,done,public,True,True,3ae38ddb450c8064a99fd5812df57c06,assigned
8cacf21b80d85851b71de76569116196,8cacf21b80d85851b71de76569116196,derived,3ae38ddb450c8064a99fd5812df57c06,done,12. September 2026 10:30 (MESZ) → 12:00,12. September 2026 10:30,https://kupfticket.com/events/little-explorers-kids-tour-7c901fd87a,Guided Tour,https://app.notion.com/3a438ddb450c8025acbcf7bc9663a06e,DE,,90,,,,10:30,12:00,Yes,done,public,True,True,3ae38ddb450c8064a99fd5812df57c06,assigned
3ae38ddb450c807f9fbce47031537853,3ae38ddb450c807f9fbce47031537853,notion,3ae38ddb450c8027a884e9bced8ddc61,done,9. September 2026 14:00 (MESZ) → 16:00,9. September 2026 14:00,https://forms.cloud.microsoft/e/4FE2dQRsKx,Workshop,https://app.notion.com/34238ddb450c81b4afaef056ebf49217,"DE,EN",,120,,,,14:00,16:00,No,done,public,True,True,3ae38ddb450c8027a884e9bced8ddc61,assigned
3ae38ddb450c8000920ae8789dec3e26,3ae38ddb450c8000920ae8789dec3e26,notion,3ae38ddb450c80718228c1d986aaf492,done,10. September 2026 11:00 (MESZ) → 13:00,10. September 2026 11:00,https://forms.cloud.microsoft/e/4FE2dQRsKx,Workshop,https://app.notion.com/34238ddb450c81b4afaef056ebf49217,"DE,EN",,120,,,,11:00,13:00,Yes,done,public,True,True,3ae38ddb450c80718228c1d986aaf492,assigned
3ae38ddb450c807fb888feb123ebb56e,3ae38ddb450c807fb888feb123ebb56e,notion,3ae38ddb450c80d2b9bbdfde20cc69cf,done,10. September 2026 14:00 (MESZ) → 15:00,10. September 2026 14:00,,Lecture & Talk,https://app.notion.com/34238ddb450c81b4afaef056ebf49217,"DE,EN",,60,,,,14:00,15:00,No,done,public,True,True,3ae38ddb450c80d2b9bbdfde20cc69cf,assigned
3ae38ddb450c80539c20e6964447908f,3ae38ddb450c80539c20e6964447908f,notion,3ae38ddb450c80bebeaac30452d9fa0d,done,10. September 2026 17:00 (MESZ) → 19:00,10. September 2026 17:00,https://forms.cloud.microsoft/e/4FE2dQRsKx,Workshop,https://app.notion.com/34238ddb450c81b4afaef056ebf49217,"DE,EN",,120,,,,17:00,19:00,No,done,public,True,True,3ae38ddb450c80bebeaac30452d9fa0d,assigned
3ae38ddb450c80598544d5d2a11f40a1,3ae38ddb450c80598544d5d2a11f40a1,notion,3ae38ddb450c80d49d05f26229912792,done,11. September 2026 14:00 (MESZ) → 16:00,11. September 2026 14:00,https://forms.cloud.microsoft/e/4FE2dQRsKx,Workshop,https://app.notion.com/34238ddb450c81b4afaef056ebf49217,"DE,EN",,120,,,,14:00,16:00,No,done,public,True,True,3ae38ddb450c80d49d05f26229912792,assigned
3ae38ddb450c8050bf17ee61a4361989,3ae38ddb450c8050bf17ee61a4361989,notion,3ae38ddb450c8028bf38ff2bfa37e5b0,done,11. September 2026 17:00 (MESZ) → 19:00,11. September 2026 17:00,,Workshop,https://app.notion.com/34238ddb450c81b4afaef056ebf49217,"DE,EN",,120,,,,17:00,19:00,No,done,public,True,True,3ae38ddb450c8028bf38ff2bfa37e5b0,assigned
3ae38ddb450c8084af49d52674490303,3ae38ddb450c8084af49d52674490303,notion,3ae38ddb450c8087b338c73f6bc1e765,done,12. September 2026 14:00 (MESZ) → 16:00,12. September 2026 14:00,https://forms.cloud.microsoft/e/4FE2dQRsKx,Workshop,https://app.notion.com/34238ddb450c81b4afaef056ebf49217,"DE,EN",,120,,,,14:00,16:00,No,done,public,True,True,3ae38ddb450c8087b338c73f6bc1e765,assigned
32cfea9ea2c56b48e61fc814fa1a7d87,32cfea9ea2c56b48e61fc814fa1a7d87,derived,3ae38ddb450c811d949ccd0539e3d2a0,done,9. September 2026 14:30 (MESZ) → 15:30,9. September 2026 14:30,https://mailworx.marketingsuite.info/Form?frm=a2df2be6-65fc-4615-808c-d4a018e5b306,Panel Discussion,https://app.notion.com/3c338ddb450c801881bbd9ff6008b900,DE,,60,,,,14:30,15:30,No,done,public,True,True,3ae38ddb450c811d949ccd0539e3d2a0,assigned
200cc8bb5e22b7d915f18d8da3fa1e7a,200cc8bb5e22b7d915f18d8da3fa1e7a,derived,3ad38ddb450c8112af0bc1f863a616a5,done,9. September 2026 13:00 (MESZ) → 13:10,9. September 2026 13:00,,Lecture & Talk,https://app.notion.com/e8238ddb450c83cf931481594c432903,DE,,10,,,,13:00,13:10,No,done,public,True,True,3ad38ddb450c8112af0bc1f863a616a5,assigned
b318a67cba5bf82eb3003a1ae8ab320f,b318a67cba5bf82eb3003a1ae8ab320f,derived,3ad38ddb450c8112af0bc1f863a616a5,done,11. September 2026 13:00 (MESZ) → 13:10,11. September 2026 13:00,,Lecture & Talk,https://app.notion.com/e8238ddb450c83cf931481594c432903,DE,,10,,,,13:00,13:10,No,done,public,True,True,3ad38ddb450c8112af0bc1f863a616a5,assigned
3b138ddb450c8056b020faadcec57cf7,3b138ddb450c8056b020faadcec57cf7,notion,3b138ddb450c8044a758fb3be9981c7a,done,12. September 2026 11:00 (MESZ) → 12:00,12. September 2026 11:00,https://mailworx.marketingsuite.info/Form?ev=f4db7a2a-5a77-46ee-aab3-aa70a760a7eb,Experience,https://app.notion.com/34238ddb450c817fb09ef2747f5a3dcc,EN,,60,,,,11:00,12:00,Yes,done,public,True,True,3b138ddb450c8044a758fb3be9981c7a,assigned
cccd57ada14aa35b07a1af7f095cc358,cccd57ada14aa35b07a1af7f095cc358,derived,2f038ddb450c8366b3ac010417133dce,done,9. September 2026 18:00 (MESZ) → 18:10,9. September 2026 18:00,,Lecture & Talk,https://app.notion.com/e8238ddb450c83cf931481594c432903,EN,,10,,,,18:00,18:10,No,done,public,True,True,2f038ddb450c8366b3ac010417133dce,assigned
495a0b25d729d1dfbb723dbbdf3dc90e,495a0b25d729d1dfbb723dbbdf3dc90e,derived,2f038ddb450c8366b3ac010417133dce,done,10. September 2026 18:00 (MESZ) → 18:10,10. September 2026 18:00,,Lecture & Talk,https://app.notion.com/e8238ddb450c83cf931481594c432903,EN,,10,,,,18:00,18:10,No,done,public,True,True,2f038ddb450c8366b3ac010417133dce,assigned
3746c74e0094afd8389068242feec6e5,3746c74e0094afd8389068242feec6e5,derived,2f038ddb450c8366b3ac010417133dce,done,11. September 2026 18:00 (MESZ) → 18:10,11. September 2026 18:00,,Lecture & Talk,https://app.notion.com/e8238ddb450c83cf931481594c432903,EN,,10,,,,18:00,18:10,No,done,public,True,True,2f038ddb450c8366b3ac010417133dce,assigned
287c651fba7f981540ff9dc10b97ab78,287c651fba7f981540ff9dc10b97ab78,derived,2f038ddb450c8366b3ac010417133dce,done,12. September 2026 14:00 (MESZ) → 14:10,12. September 2026 14:00,,Lecture & Talk,https://app.notion.com/e8238ddb450c83cf931481594c432903,EN,,10,,,,14:00,14:10,No,done,public,True,True,2f038ddb450c8366b3ac010417133dce,assigned
393a5418ea36b3f6ca0eb4125879bc7f,393a5418ea36b3f6ca0eb4125879bc7f,derived,2f038ddb450c8366b3ac010417133dce,done,13. September 2026 14:00 (MESZ) → 14:10,13. September 2026 14:00,,Lecture & Talk,https://app.notion.com/e8238ddb450c83cf931481594c432903,EN,,10,,,,14:00,14:10,No,done,public,True,True,2f038ddb450c8366b3ac010417133dce,assigned
964d7e8b4a77c6dd65d01a19fa9fb25e,964d7e8b4a77c6dd65d01a19fa9fb25e,derived,3ad38ddb450c811bb9ddd38417594800,done,9. September 2026 17:00 (MESZ) → 17:10,9. September 2026 17:00,,Lecture & Talk,https://app.notion.com/e8238ddb450c83cf931481594c432903,DE,,10,,,,17:00,17:10,No,done,public,True,True,3ad38ddb450c811bb9ddd38417594800,assigned
1a0894834f07dde99276494db8c8577c,1a0894834f07dde99276494db8c8577c,derived,3ad38ddb450c811bb9ddd38417594800,done,10. September 2026 17:00 (MESZ) → 17:10,10. September 2026 17:00,,Lecture & Talk,https://app.notion.com/e8238ddb450c83cf931481594c432903,DE,,10,,,,17:00,17:10,No,done,public,True,True,3ad38ddb450c811bb9ddd38417594800,assigned
8406d3f4e13bd96ae67f0e2e3e8bf22b,8406d3f4e13bd96ae67f0e2e3e8bf22b,derived,3ad38ddb450c811bb9ddd38417594800,done,11. September 2026 17:00 (MESZ) → 17:10,11. September 2026 17:00,,Lecture & Talk,https://app.notion.com/e8238ddb450c83cf931481594c432903,DE,,10,,,,17:00,17:10,No,done,public,True,True,3ad38ddb450c811bb9ddd38417594800,assigned
4f0e402d0ef3eb1760f1976b34261ae6,4f0e402d0ef3eb1760f1976b34261ae6,derived,3ad38ddb450c811bb9ddd38417594800,done,12. September 2026 13:00 (MESZ) → 13:10,12. September 2026 13:00,,Lecture & Talk,https://app.notion.com/e8238ddb450c83cf931481594c432903,DE,,10,,,,13:00,13:10,No,done,public,True,True,3ad38ddb450c811bb9ddd38417594800,assigned
d9bcec8e79ef49709dc417f4bdbdc7a5,d9bcec8e79ef49709dc417f4bdbdc7a5,derived,3ad38ddb450c811bb9ddd38417594800,done,13. September 2026 13:00 (MESZ) → 13:10,13. September 2026 13:00,,Lecture & Talk,https://app.notion.com/e8238ddb450c83cf931481594c432903,DE,,10,,,,13:00,13:10,No,done,public,True,True,3ad38ddb450c811bb9ddd38417594800,assigned
07838a71a459e1af6b3842abc1c572d8,07838a71a459e1af6b3842abc1c572d8,derived,38238ddb450c815fa272d74c73cd62e0,done,12. September 2026 13:30 (MESZ) → 14:00,12. September 2026 13:30,https://mailworx.marketingsuite.info/Form?ev=4d20844e-a7c9-45c4-8287-3e3ab97747de,Screening,https://app.notion.com/34238ddb450c817fb09ef2747f5a3dcc,EN,,30,,,,13:30,14:00,No,done,public,True,True,38238ddb450c815fa272d74c73cd62e0,assigned
3b238ddb450c80b39d63e2fea1dad564,3b238ddb450c80b39d63e2fea1dad564,notion,3af38ddb450c8030aef5ce4d4f0e2953,done,10. September 2026 19:30 (MESZ) → 22:00,10. September 2026 18:45,,Award Ceremony,https://app.notion.com/34238ddb450c81928ccac3acfd14c095,EN,45,150,,,,19:30,22:00,No,done,public,True,True,3af38ddb450c8030aef5ce4d4f0e2953,assigned
3b238ddb450c80ad8ff2c580902726d9,3b238ddb450c80ad8ff2c580902726d9,notion,3ab38ddb450c80538391e8e4db8fb934,done,12. September 2026 2:00 (MESZ) → 2:45,12. September 2026 02:00,,Concert,https://app.notion.com/34238ddb450c809d80c0dc96ac1129e6,nonverbal,,45,,,,02:00,02:45,No,done,public,True,True,3ab38ddb450c80538391e8e4db8fb934,assigned
3b238ddb450c80fe83fcee41183e3191,3b238ddb450c80fe83fcee41183e3191,notion,3ab38ddb450c8062a78ce5969d1a635d,done,9. September 2026 22:45 (MESZ) → 22:55,9. September 2026 22:45,,Concert,https://app.notion.com/34238ddb450c8156a0b2e87f10c43d2e,"nonverbal,other",,10,,,,22:45,22:55,No,done,public,True,True,3ab38ddb450c8062a78ce5969d1a635d,assigned
3b338ddb450c8014a883f4ab7d8a8a23,3b338ddb450c8014a883f4ab7d8a8a23,notion,3b338ddb450c813885a3ffbae99c5d35,done,12. September 2026 14:45 (MESZ) → 15:30,12. September 2026 14:45,https://mailworx.marketingsuite.info/Form?frm=02242db3-323a-4918-8244-4be5ac0ad273,Networking Event,https://app.notion.com/38338ddb450c8081a52ff7fe61e40298,EN,,45,,,,14:45,15:30,No,done,public,True,True,3b338ddb450c813885a3ffbae99c5d35,assigned
80f5c526a8b100dc58dc27b8f29516e1,80f5c526a8b100dc58dc27b8f29516e1,derived,3b338ddb450c81578464dea3cc8895d6,done,12. September 2026 13:30 (MESZ) → 14:15,12. September 2026 13:30,https://mailworx.marketingsuite.info/Form?frm=437457a5-2189-47a4-80bf-7ed8e819372b,Networking Event,https://app.notion.com/38338ddb450c8081a52ff7fe61e40298,EN,,45,,,,13:30,14:15,No,done,public,True,True,3b338ddb450c81578464dea3cc8895d6,assigned
42e2cacde0cbf21fcad737db7efa54a4,42e2cacde0cbf21fcad737db7efa54a4,derived,39538ddb450c804cb40efcf4008dd0f2,done,11. September 2026 14:00 (MESZ) → 15:30,11. September 2026 14:00,https://kupfticket.com/events/spotlight-tour-festival-walk-negotiating-the-real-c1cd8a5fad,Guided Tour,https://app.notion.com/3a438ddb450c8025acbcf7bc9663a06e,"DE,EN",,90,,,,14:00,15:30,No,done,public,True,True,39538ddb450c804cb40efcf4008dd0f2,assigned
5c7bd5a6585daef8e6675b344128ae73,5c7bd5a6585daef8e6675b344128ae73,derived,39538ddb450c804487b4d97d74b94fc8,done,11. September 2026 12:00 (MESZ) → 13:30,11. September 2026 12:00,https://kupfticket.com/events/spotlight-tour-festival-walk-negotiating-the-real-c836e7f027,Guided Tour,https://app.notion.com/3a438ddb450c8025acbcf7bc9663a06e,EN,,90,,,,12:00,13:30,No,done,public,True,True,39538ddb450c804487b4d97d74b94fc8,assigned
3b338ddb450c80b5bf1de7bef149a9bf,3b338ddb450c80b5bf1de7bef149a9bf,notion,3b338ddb450c806aa9a8cfda0bec4d2d,done,11. September 2026 18:30 (MESZ) → 22:30,11. September 2026 18:30,,Experience,https://app.notion.com/34238ddb450c809d80c0dc96ac1129e6,"EN,other",,240,,,,18:30,22:30,No,done,public,True,True,3b338ddb450c806aa9a8cfda0bec4d2d,assigned
13e9095891e3fa765f53a02a86a253b7,13e9095891e3fa765f53a02a86a253b7,derived,3b338ddb450c818ab4fee7a6ae501faf,done,10. September 2026 10:00 (MESZ) → 13:00,10. September 2026 10:00,https://mailworx.marketingsuite.info/Form?frm=8d606c44-a886-4128-8c31-a225eb80a707,Workshop,https://app.notion.com/38338ddb450c8081a52ff7fe61e40298,EN,,180,,,,10:00,13:00,No,done,public,True,True,3b338ddb450c818ab4fee7a6ae501faf,assigned
3b538ddb450c80b18730cb99527ddbf4,3b538ddb450c80b18730cb99527ddbf4,notion,3b538ddb450c802da507e07b18355a55,done,12. September 2026 11:00 (MESZ) → 14:00,12. September 2026 11:00,,Workshop,https://app.notion.com/34238ddb450c81b4a366f6a774e81e77,"DE,EN",,180,,,,11:00,14:00,No,done,public,True,True,3b538ddb450c802da507e07b18355a55,assigned
ed33359483900c32cf0e3606280ddf2b,ed33359483900c32cf0e3606280ddf2b,derived,3b538ddb450c804daa62cab99039577d,done,11. September 2026 18:00 (MESZ) → 21:30,11. September 2026 18:00,,Experience,https://app.notion.com/34238ddb450c81b4a366f6a774e81e77,EN,,210,,,,18:00,21:30,No,done,public,True,True,3b538ddb450c804daa62cab99039577d,assigned
97a01e41d940bf4331beb3475807a8fa,97a01e41d940bf4331beb3475807a8fa,derived,3b538ddb450c804daa62cab99039577d,done,12. September 2026 18:00 (MESZ) → 21:30,12. September 2026 18:00,,Experience,https://app.notion.com/34238ddb450c81b4a366f6a774e81e77,EN,,210,,,,18:00,21:30,No,done,public,True,True,3b538ddb450c804daa62cab99039577d,assigned
ff8ff2b20d2e8ddc4631f82848fd955d,ff8ff2b20d2e8ddc4631f82848fd955d,derived,3ad38ddb450c81e9bcafd94adabd3eb1,done,11. September 2026 15:45 (MESZ) → 16:15,11. September 2026 15:45,,Workshop,https://app.notion.com/39238ddb450c80f98ecbf708c0f05fda,EN,,30,,,,15:45,16:15,No,done,public,True,True,3ad38ddb450c81e9bcafd94adabd3eb1,assigned
3b938ddb450c80238150d004c5d656c4,3b938ddb450c80238150d004c5d656c4,notion,3a038ddb450c815189a3db7931ae4841,done,11. September 2026 14:30 (MESZ) → 15:30,11. September 2026 14:30,https://mailworx.marketingsuite.info/Form?frm=67095d2f-4282-453e-abd1-8792e2cc2564,Networking Event,https://app.notion.com/38338ddb450c8081a52ff7fe61e40298,EN,,60,,,,14:30,15:30,Yes,done,public,True,True,3a038ddb450c815189a3db7931ae4841,assigned
a8180bbb9566a3cdfe0f24994bd2f96c,a8180bbb9566a3cdfe0f24994bd2f96c,derived,3ad38ddb450c81e9bcafd94adabd3eb1,done,10. September 2026 11:15 (MESZ) → 11:45,10. September 2026 11:15,,Workshop,https://app.notion.com/39238ddb450c80f98ecbf708c0f05fda,EN,,30,,,,11:15,11:45,No,done,public,True,True,3ad38ddb450c81e9bcafd94adabd3eb1,assigned
cc5e7a148eeaa6b239863666d8e268ab,cc5e7a148eeaa6b239863666d8e268ab,derived,3a538ddb450c81fba4fef0567a849723,done,10. September 2026 15:00 (MESZ) → 16:30,10. September 2026 15:00,https://mailworx.marketingsuite.info/Form?frm=cc5ab339-afb6-4c82-ac2b-ba29ec106527,Workshop,https://app.notion.com/39f38ddb450c80ee8f24c7f61d4a5c4c,EN,,90,,,,15:00,16:30,No,done,public,True,True,3a538ddb450c81fba4fef0567a849723,assigned
e39597f6b90697402b5d3f14bfa864dd,e39597f6b90697402b5d3f14bfa864dd,derived,3a538ddb450c81fba4fef0567a849723,done,12. September 2026 11:00 (MESZ) → 12:30,12. September 2026 11:00,https://mailworx.marketingsuite.info/Form?frm=43d9f37a-73e8-4864-a7bd-e43b4e6f226d,Workshop,https://app.notion.com/39f38ddb450c80ee8f24c7f61d4a5c4c,EN,,90,,,,11:00,12:30,No,done,public,True,True,3a538ddb450c81fba4fef0567a849723,assigned
c2549eb5ebfb294bafd0ac474826bca8,c2549eb5ebfb294bafd0ac474826bca8,derived,3b838ddb450c80f1a438ea41018d28e6,done,9. September 2026 16:00 (MESZ) → 16:30,9. September 2026 16:00,,Experience,https://app.notion.com/34238ddb450c809ab5beeb28249c21e2,EN,,30,,,,16:00,16:30,No,done,public,True,True,3b838ddb450c80f1a438ea41018d28e6,assigned
2cf323ab460f516d2fe0cd811e779e64,2cf323ab460f516d2fe0cd811e779e64,derived,3b838ddb450c80f1a438ea41018d28e6,done,10. September 2026 16:00 (MESZ) → 16:30,10. September 2026 16:00,,Experience,https://app.notion.com/34238ddb450c809ab5beeb28249c21e2,EN,,30,,,,16:00,16:30,No,done,public,True,True,3b838ddb450c80f1a438ea41018d28e6,assigned
10324a00b0e0aa4a76c397ee6e348917,10324a00b0e0aa4a76c397ee6e348917,derived,3b838ddb450c80f1a438ea41018d28e6,done,11. September 2026 12:00 (MESZ) → 12:30,11. September 2026 12:00,,Experience,https://app.notion.com/34238ddb450c809ab5beeb28249c21e2,EN,,30,,,,12:00,12:30,No,done,public,True,True,3b838ddb450c80f1a438ea41018d28e6,assigned
830e148581d4224b920ad8dfe74b4406,830e148581d4224b920ad8dfe74b4406,derived,3b838ddb450c80f1a438ea41018d28e6,done,12. September 2026 15:30 (MESZ) → 16:00,12. September 2026 15:30,,Experience,https://app.notion.com/34238ddb450c809ab5beeb28249c21e2,EN,,30,,,,15:30,16:00,No,done,public,True,True,3b838ddb450c80f1a438ea41018d28e6,assigned
e57b476ece3b15f44ad65408d4555461,e57b476ece3b15f44ad65408d4555461,derived,3b838ddb450c80f1a438ea41018d28e6,done,13. September 2026 13:30 (MESZ) → 14:00,13. September 2026 13:30,,Experience,https://app.notion.com/34238ddb450c809ab5beeb28249c21e2,EN,,30,,,,13:30,14:00,No,done,public,True,True,3b838ddb450c80f1a438ea41018d28e6,assigned
3ba38ddb450c8055964de100b2301d48,3ba38ddb450c8055964de100b2301d48,notion,3ba38ddb450c807aaa85f13e25ccf6ba,done,9. September 2026 18:00 (MESZ) → 19:00,9. September 2026 18:00,,Concert,https://app.notion.com/34238ddb450c81aeac39e3da86bbcdcc,,,60,,,,18:00,19:00,No,done,public,True,True,3ba38ddb450c807aaa85f13e25ccf6ba,assigned
3ba38ddb450c809b8f6dfd120bc4000e,3ba38ddb450c809b8f6dfd120bc4000e,notion,3b038ddb450c8034b7a7c131684e9b26,done,10. September 2026 16:30 (MESZ) → 16:45,10. September 2026 16:30,,Performance,https://app.notion.com/34238ddb450c81c6850bd9953b617d75,nonverbal,,15,,,,16:30,16:45,No,done,public,True,True,3b038ddb450c8034b7a7c131684e9b26,assigned
ed17f73742d2aedd783e8fa9b899a4e8,ed17f73742d2aedd783e8fa9b899a4e8,derived,3b238ddb450c804ba348d76e96e8e557,done,9. September 2026 12:00 (MESZ) → 14:00,9. September 2026 12:00,,Project,https://app.notion.com/36638ddb450c80588feaea943786965f,,,120,,,,12:00,14:00,No,done,public,True,True,3b238ddb450c804ba348d76e96e8e557,assigned
3fc48e53551d840d986d1581fc27d29a,3fc48e53551d840d986d1581fc27d29a,derived,3b238ddb450c804ba348d76e96e8e557,done,10. September 2026 12:00 (MESZ) → 14:00,10. September 2026 12:00,,Project,https://app.notion.com/36638ddb450c80588feaea943786965f,,,120,,,,12:00,14:00,No,done,public,True,True,3b238ddb450c804ba348d76e96e8e557,assigned
cf370056631750706ed6ae04e6405717,cf370056631750706ed6ae04e6405717,derived,3b238ddb450c804ba348d76e96e8e557,done,11. September 2026 12:00 (MESZ) → 14:00,11. September 2026 12:00,,Project,https://app.notion.com/36638ddb450c80588feaea943786965f,,,120,,,,12:00,14:00,No,done,public,True,True,3b238ddb450c804ba348d76e96e8e557,assigned
f2abcf0161200d7ff98494d3ea6ef728,f2abcf0161200d7ff98494d3ea6ef728,derived,3b238ddb450c804ba348d76e96e8e557,done,12. September 2026 12:00 (MESZ) → 14:00,12. September 2026 12:00,,Project,https://app.notion.com/36638ddb450c80588feaea943786965f,,,120,,,,12:00,14:00,No,done,public,True,True,3b238ddb450c804ba348d76e96e8e557,assigned
c91567849644886274f846d675d04625,c91567849644886274f846d675d04625,derived,3b238ddb450c804ba348d76e96e8e557,done,13. September 2026 12:00 (MESZ) → 14:00,13. September 2026 12:00,,Project,https://app.notion.com/36638ddb450c80588feaea943786965f,,,120,,,,12:00,14:00,No,done,public,True,True,3b238ddb450c804ba348d76e96e8e557,assigned
afc92e4b99aad1bd4100be3120a27614,afc92e4b99aad1bd4100be3120a27614,derived,39f38ddb450c80fd97d8c84172412397,done,9. September 2026 21:15 (MESZ) → 21:30,9. September 2026 21:15,,Concert,https://app.notion.com/34238ddb450c8156a0b2e87f10c43d2e,"nonverbal,other",,15,,,,21:15,21:30,No,done,public,True,True,39f38ddb450c80fd97d8c84172412397,assigned
a71e7419472e9e435f40f2277379621a,a71e7419472e9e435f40f2277379621a,derived,39f38ddb450c80fd97d8c84172412397,done,9. September 2026 22:00 (MESZ) → 22:25,9. September 2026 22:00,,Concert,https://app.notion.com/34238ddb450c8156a0b2e87f10c43d2e,"nonverbal,other",,25,,,,22:00,22:25,No,done,public,True,True,39f38ddb450c80fd97d8c84172412397,assigned
3bc38ddb450c80048175c94a4ac07440,3bc38ddb450c80048175c94a4ac07440,notion,3aa38ddb450c80b9b5c8ed16f45964a9,done,9. September 2026 20:25 (MESZ) → 20:45,9. September 2026 20:25,,Performance,https://app.notion.com/34238ddb450c8156a0b2e87f10c43d2e,other,,20,,,,20:25,20:45,No,done,public,True,True,3aa38ddb450c80b9b5c8ed16f45964a9,assigned
400b4411e3aedb6bf509510f5cfdbb9e,400b4411e3aedb6bf509510f5cfdbb9e,derived,39f38ddb450c80fd97d8c84172412397,done,9. September 2026 22:30 (MESZ) → 22:45,9. September 2026 22:30,,Concert,https://app.notion.com/34238ddb450c8156a0b2e87f10c43d2e,"nonverbal,other",,15,,,,22:30,22:45,No,done,public,True,True,39f38ddb450c80fd97d8c84172412397,assigned
3bf38ddb450c8074b433cbb3abc239c5,3bf38ddb450c8074b433cbb3abc239c5,notion,3bb38ddb450c81698f6aeb815a7a866d,done,12. September 2026 18:00 (MESZ) → 20:00,12. September 2026 18:00,,Networking Event,https://app.notion.com/34238ddb450c81db8331ed81749f47d2,EN,,120,,,,18:00,20:00,No,done,public,True,True,3bb38ddb450c81698f6aeb815a7a866d,assigned
3c038ddb450c80a28f28c26ce7d2f0fa,3c038ddb450c80a28f28c26ce7d2f0fa,notion,3a338ddb450c8099a1fee8b1cb111ae8,done,9. September 2026 17:00 (MESZ) → 18:30,9. September 2026 17:00,https://mailworx.marketingsuite.info/Form?frm=7cd9e4ab-328e-4fc1-8c16-140bbae9cf0f,Networking Event,https://app.notion.com/34238ddb450c819b92abdc1d7604a653,EN,,90,,,,17:00,18:30,No,done,public,True,True,3a338ddb450c8099a1fee8b1cb111ae8,assigned
3c038ddb450c80199e67ef5bc15f1b64,3c038ddb450c80199e67ef5bc15f1b64,notion,3ba38ddb450c8171ad86db52bab773fc,done,9. September 2026 16:00 (MESZ) → 17:30,9. September 2026 16:00,,Open Lab,,"DE,EN",,90,,,,16:00,17:30,No,done,public,True,True,3ba38ddb450c8171ad86db52bab773fc,assigned
3c038ddb450c809ab290f4a5c9424914,3c038ddb450c809ab290f4a5c9424914,notion,3c038ddb450c802e8639e98971177d72,done,10. September 2026 10:00 (MESZ) → 10:10,10. September 2026 10:00,,Intro Session,https://app.notion.com/38338ddb450c80f5b7fafe65509e43de,EN,,10,,,,10:00,10:10,No,done,public,True,True,3c038ddb450c802e8639e98971177d72,assigned
3c038ddb450c801eb58ceddbaaab48be,3c038ddb450c801eb58ceddbaaab48be,notion,3c038ddb450c80e9b2e4ee367321d60b,done,10. September 2026 10:10 (MESZ) → 10:40,10. September 2026 10:10,,Lecture & Talk,https://app.notion.com/38338ddb450c80f5b7fafe65509e43de,EN,,30,,,,10:10,10:40,No,done,public,True,True,3c038ddb450c80e9b2e4ee367321d60b,assigned
3c038ddb450c80c69dc9f43960fcc599,3c038ddb450c80c69dc9f43960fcc599,notion,3c038ddb450c8020a5daca787e1312e2,done,10. September 2026 10:40 (MESZ) → 11:00,10. September 2026 10:40,,Keynote,https://app.notion.com/38338ddb450c80f5b7fafe65509e43de,EN,,20,,,,10:40,11:00,No,done,public,True,True,3c038ddb450c8020a5daca787e1312e2,assigned
3c038ddb450c809d94c2dfa878907220,3c038ddb450c809d94c2dfa878907220,notion,3c038ddb450c8077ad0dda04c756c6a6,done,10. September 2026 11:00 (MESZ) → 11:20,10. September 2026 11:00,,Lecture & Talk,https://app.notion.com/38338ddb450c80f5b7fafe65509e43de,EN,,20,,,,11:00,11:20,No,done,public,True,True,3c038ddb450c8077ad0dda04c756c6a6,assigned
3c038ddb450c80d3a2f8de8751d91c2d,3c038ddb450c80d3a2f8de8751d91c2d,notion,3c038ddb450c8043a213d3f9aac68089,done,10. September 2026 11:20 (MESZ) → 11:40,10. September 2026 11:20,,Lecture & Talk,https://app.notion.com/38338ddb450c80f5b7fafe65509e43de,EN,,20,,,,11:20,11:40,No,done,public,True,True,3c038ddb450c8043a213d3f9aac68089,assigned
3c038ddb450c80749c2dfa882fa3285a,3c038ddb450c80749c2dfa882fa3285a,notion,3c038ddb450c8061bacee5e1730dce4a,done,10. September 2026 11:40 (MESZ) → 12:20,10. September 2026 11:40,,Panel Discussion,https://app.notion.com/38338ddb450c80f5b7fafe65509e43de,EN,,40,,,,11:40,12:20,No,done,public,True,True,3c038ddb450c8061bacee5e1730dce4a,assigned
3c038ddb450c80b0bfb7c1a20aac7d12,3c038ddb450c80b0bfb7c1a20aac7d12,notion,3c038ddb450c801c9bb5c124d173a99c,done,10. September 2026 13:30 (MESZ) → 14:00,10. September 2026 13:30,,Lecture & Talk,https://app.notion.com/38338ddb450c80f5b7fafe65509e43de,EN,,30,,,,13:30,14:00,No,done,public,True,True,3c038ddb450c801c9bb5c124d173a99c,assigned
3c038ddb450c803f9b4cd50a4a901c69,3c038ddb450c803f9b4cd50a4a901c69,notion,3c038ddb450c800cb571fc796e52a599,done,10. September 2026 14:00 (MESZ) → 14:20,10. September 2026 14:00,,Keynote,https://app.notion.com/38338ddb450c80f5b7fafe65509e43de,EN,,20,,,,14:00,14:20,No,done,public,True,True,3c038ddb450c800cb571fc796e52a599,assigned
97e2beb9232883978359d2a3f9270c36,97e2beb9232883978359d2a3f9270c36,derived,3c038ddb450c80828c04dee3aff39e98,done,10. September 2026 14:20 (MESZ) → 14:50,10. September 2026 14:20,,Panel Discussion,https://app.notion.com/38338ddb450c80f5b7fafe65509e43de,EN,,30,,,,14:20,14:50,No,done,public,True,True,3c038ddb450c80828c04dee3aff39e98,assigned
3c038ddb450c8007a2f6f2c200b415c5,3c038ddb450c8007a2f6f2c200b415c5,notion,3c038ddb450c809f8ebffd7564771649,done,10. September 2026 15:15 (MESZ) → 15:35,10. September 2026 15:15,,Keynote,https://app.notion.com/38338ddb450c80f5b7fafe65509e43de,EN,,20,,,,15:15,15:35,No,done,public,True,True,3c038ddb450c809f8ebffd7564771649,assigned
3c038ddb450c8099a82fd5eb2042502e,3c038ddb450c8099a82fd5eb2042502e,notion,3c038ddb450c80feaf4fde2b1098acf8,done,10. September 2026 15:35 (MESZ) → 15:55,10. September 2026 15:35,,Keynote,https://app.notion.com/38338ddb450c80f5b7fafe65509e43de,EN,,20,,,,15:35,15:55,No,done,public,True,True,3c038ddb450c80feaf4fde2b1098acf8,assigned
3c038ddb450c807ebd21e2d80779efea,3c038ddb450c807ebd21e2d80779efea,notion,3c038ddb450c80b18938ee9b24da9dec,done,10. September 2026 15:55 (MESZ) → 16:15,10. September 2026 15:55,,Lecture & Talk,https://app.notion.com/38338ddb450c80f5b7fafe65509e43de,EN,,20,,,,15:55,16:15,No,done,public,True,True,3c038ddb450c80b18938ee9b24da9dec,assigned
3c038ddb450c8097a9cfd0e6b1424bc4,3c038ddb450c8097a9cfd0e6b1424bc4,notion,3c038ddb450c800c9cb9c37d6a074d64,done,10. September 2026 16:15 (MESZ) → 16:35,10. September 2026 16:15,,Lecture & Talk,https://app.notion.com/38338ddb450c80f5b7fafe65509e43de,EN,,20,,,,16:15,16:35,No,done,public,True,True,3c038ddb450c800c9cb9c37d6a074d64,assigned
3c038ddb450c807b9038ff3811781898,3c038ddb450c807b9038ff3811781898,notion,3c038ddb450c80d79faece8f81a628e7,done,10. September 2026 16:35 (MESZ) → 16:45,10. September 2026 16:35,,Lecture & Talk,https://app.notion.com/38338ddb450c80f5b7fafe65509e43de,EN,,10,,,,16:35,16:45,No,done,public,True,True,3c038ddb450c80d79faece8f81a628e7,assigned
8793d9c4910b7202227bffa603216e07,8793d9c4910b7202227bffa603216e07,derived,39f38ddb450c8186a77cd25d8dde0373,done,13. September 2026 12:00 (MESZ) → 13:00,13. September 2026 12:00,,Workshop,https://app.notion.com/34238ddb450c81ac8432eab6e4831002,"DE,EN",,60,,,,12:00,13:00,Yes,done,public,True,True,39f38ddb450c8186a77cd25d8dde0373,assigned
3c238ddb450c8033987bd13e1fa98158,3c238ddb450c8033987bd13e1fa98158,notion,37c38ddb450c819cb0f3dab71d34305d,done,11. September 2026 11:00 (MESZ) → 20:00,11. September 2026 11:00,,Lecture & Talk,https://app.notion.com/39c38ddb450c805b833bf71f1bfdf71d,EN,,540,,,,11:00,20:00,No,done,public,True,True,37c38ddb450c819cb0f3dab71d34305d,assigned
3c238ddb450c8002b111f9cc95de8622,3c238ddb450c8002b111f9cc95de8622,notion,db938ddb450c83c4ac538176bf4192dd,done,12. September 2026 11:00 (MESZ) → 20:00,12. September 2026 11:00,,Lecture & Talk,https://app.notion.com/39c38ddb450c805b833bf71f1bfdf71d,EN,,540,,,,11:00,20:00,No,done,public,True,True,db938ddb450c83c4ac538176bf4192dd,assigned
b37adb586054b3de48e4e962309921cb,b37adb586054b3de48e4e962309921cb,derived,39e38ddb450c80bba772f6aef0523f69,done,9. September 2026 15:30 (MESZ) → 16:00,9. September 2026 15:30,,Keynote,https://app.notion.com/38338ddb450c80f5b7fafe65509e43de,EN,,30,,,,15:30,16:00,No,done,public,True,True,39e38ddb450c80bba772f6aef0523f69,assigned
88b98aa76fee2239b9c1e615f2b965ce,88b98aa76fee2239b9c1e615f2b965ce,derived,34a38ddb450c80b59fb5e33469d2912b,done,9. September 2026 10:00 (MESZ) → 18:00,9. September 2026 10:00,,Exhibition,https://app.notion.com/34238ddb450c813fbbffff132d6d8408,,,480,,,,10:00,18:00,Yes,done,public,True,True,34a38ddb450c80b59fb5e33469d2912b,assigned
13221cc7d25ed38d2b228f610572efd8,13221cc7d25ed38d2b228f610572efd8,derived,34a38ddb450c80b59fb5e33469d2912b,done,10. September 2026 10:00 (MESZ) → 20:00,10. September 2026 10:00,,Exhibition,https://app.notion.com/34238ddb450c813fbbffff132d6d8408,,,600,,,,10:00,20:00,Yes,done,public,True,True,34a38ddb450c80b59fb5e33469d2912b,assigned
81b5aacc48285522365be0c6ca86a2f3,81b5aacc48285522365be0c6ca86a2f3,derived,34a38ddb450c80b59fb5e33469d2912b,done,11. September 2026 10:00 (MESZ) → 18:00,11. September 2026 10:00,,Exhibition,https://app.notion.com/34238ddb450c813fbbffff132d6d8408,,,480,,,,10:00,18:00,Yes,done,public,True,True,34a38ddb450c80b59fb5e33469d2912b,assigned
ec9515d54cf74e3f41848cc3c7bf3c36,ec9515d54cf74e3f41848cc3c7bf3c36,derived,34a38ddb450c80b59fb5e33469d2912b,done,12. September 2026 10:00 (MESZ) → 18:00,12. September 2026 10:00,,Exhibition,https://app.notion.com/34238ddb450c813fbbffff132d6d8408,,,480,,,,10:00,18:00,Yes,done,public,True,True,34a38ddb450c80b59fb5e33469d2912b,assigned
28c19d2ed9e940b077190704268c349d,28c19d2ed9e940b077190704268c349d,derived,34a38ddb450c80b59fb5e33469d2912b,done,13. September 2026 10:00 (MESZ) → 18:00,13. September 2026 10:00,,Exhibition,https://app.notion.com/34238ddb450c813fbbffff132d6d8408,,,480,,,,10:00,18:00,Yes,done,public,True,True,34a38ddb450c80b59fb5e33469d2912b,assigned
97c5520ed5fc5604c4030dc8d74a6a8f,97c5520ed5fc5604c4030dc8d74a6a8f,derived,34a38ddb450c80e59541c1e2a638adce,done,9. September 2026 10:00 (MESZ) → 19:00,9. September 2026 10:00,,Exhibition,https://app.notion.com/34238ddb450c809ab5beeb28249c21e2,,,540,,,,10:00,19:00,Yes,done,public,True,True,34a38ddb450c80e59541c1e2a638adce,assigned
62ace760d71d6e92202a231edb12a74b,62ace760d71d6e92202a231edb12a74b,derived,34a38ddb450c80e59541c1e2a638adce,done,10. September 2026 10:00 (MESZ) → 19:00,10. September 2026 10:00,,Exhibition,https://app.notion.com/34238ddb450c809ab5beeb28249c21e2,,,540,,,,10:00,19:00,Yes,done,public,True,True,34a38ddb450c80e59541c1e2a638adce,assigned
fc64f38b4ed2189db4a21c2917b9e920,fc64f38b4ed2189db4a21c2917b9e920,derived,34a38ddb450c80e59541c1e2a638adce,done,11. September 2026 10:00 (MESZ) → 19:00,11. September 2026 10:00,,Exhibition,https://app.notion.com/34238ddb450c809ab5beeb28249c21e2,,,540,,,,10:00,19:00,Yes,done,public,True,True,34a38ddb450c80e59541c1e2a638adce,assigned
09e1e4ee508330e4523d2e901d58a779,09e1e4ee508330e4523d2e901d58a779,derived,34a38ddb450c80e59541c1e2a638adce,done,12. September 2026 10:00 (MESZ) → 19:00,12. September 2026 10:00,,Exhibition,https://app.notion.com/34238ddb450c809ab5beeb28249c21e2,,,540,,,,10:00,19:00,Yes,done,public,True,True,34a38ddb450c80e59541c1e2a638adce,assigned
49b38749cb36080fc6c94dfbd32ffbfe,49b38749cb36080fc6c94dfbd32ffbfe,derived,34a38ddb450c80e59541c1e2a638adce,done,13. September 2026 10:00 (MESZ) → 18:00,13. September 2026 10:00,,Exhibition,https://app.notion.com/34238ddb450c809ab5beeb28249c21e2,,,480,,,,10:00,18:00,Yes,done,public,True,True,34a38ddb450c80e59541c1e2a638adce,assigned
fad08d98830d3f4a940db946f16160d9,fad08d98830d3f4a940db946f16160d9,derived,38338ddb450c80b394f8d7c836a5ba35,done,9. September 2026 10:00 (MESZ) → 19:00,9. September 2026 10:00,,Exhibition,https://app.notion.com/38338ddb450c80c0b2ebf2a68ecb9a71,,,540,,,,10:00,19:00,Yes,done,public,True,True,38338ddb450c80b394f8d7c836a5ba35,assigned
65d17a4ce70f8d3ad3a1120ed6afd5db,65d17a4ce70f8d3ad3a1120ed6afd5db,derived,38338ddb450c80b394f8d7c836a5ba35,done,10. September 2026 10:00 (MESZ) → 19:00,10. September 2026 10:00,,Exhibition,https://app.notion.com/38338ddb450c80c0b2ebf2a68ecb9a71,,,540,,,,10:00,19:00,Yes,done,public,True,True,38338ddb450c80b394f8d7c836a5ba35,assigned
1380835feedfc69d88b1051107958a88,1380835feedfc69d88b1051107958a88,derived,38338ddb450c80b394f8d7c836a5ba35,done,11. September 2026 10:00 (MESZ) → 19:00,11. September 2026 10:00,,Exhibition,https://app.notion.com/38338ddb450c80c0b2ebf2a68ecb9a71,,,540,,,,10:00,19:00,Yes,done,public,True,True,38338ddb450c80b394f8d7c836a5ba35,assigned
5e476032061eed7482b0de48ee692c51,5e476032061eed7482b0de48ee692c51,derived,38338ddb450c80b394f8d7c836a5ba35,done,12. September 2026 10:00 (MESZ) → 19:00,12. September 2026 10:00,,Exhibition,https://app.notion.com/38338ddb450c80c0b2ebf2a68ecb9a71,,,540,,,,10:00,19:00,Yes,done,public,True,True,38338ddb450c80b394f8d7c836a5ba35,assigned
da651b25317d70477821af9b15e4808e,da651b25317d70477821af9b15e4808e,derived,38338ddb450c80b394f8d7c836a5ba35,done,13. September 2026 10:00 (MESZ) → 18:00,13. September 2026 10:00,,Exhibition,https://app.notion.com/38338ddb450c80c0b2ebf2a68ecb9a71,,,480,,,,10:00,18:00,Yes,done,public,True,True,38338ddb450c80b394f8d7c836a5ba35,assigned
4dd573e6218d4c980a872c1ca4bdaefb,4dd573e6218d4c980a872c1ca4bdaefb,derived,34a38ddb450c8068a57fe12cc2f48e1a,done,9. September 2026 10:00 (MESZ) → 19:00,9. September 2026 10:00,,Exhibition,https://app.notion.com/34238ddb450c8075b15efa28d82e2b65,,,540,,,,10:00,19:00,Yes,done,public,True,True,34a38ddb450c8068a57fe12cc2f48e1a,assigned
a1d9c43ac600e51091e8d70ceeb378d5,a1d9c43ac600e51091e8d70ceeb378d5,derived,34a38ddb450c8068a57fe12cc2f48e1a,done,10. September 2026 10:00 (MESZ) → 19:00,10. September 2026 10:00,,Exhibition,https://app.notion.com/34238ddb450c8075b15efa28d82e2b65,,,540,,,,10:00,19:00,Yes,done,public,True,True,34a38ddb450c8068a57fe12cc2f48e1a,assigned
4880c9892c2826273b537ca33377efc6,4880c9892c2826273b537ca33377efc6,derived,34a38ddb450c8068a57fe12cc2f48e1a,done,11. September 2026 10:00 (MESZ) → 19:00,11. September 2026 10:00,,Exhibition,https://app.notion.com/34238ddb450c8075b15efa28d82e2b65,,,540,,,,10:00,19:00,Yes,done,public,True,True,34a38ddb450c8068a57fe12cc2f48e1a,assigned
108c5b2897fc1de2cab4474e3a489b9b,108c5b2897fc1de2cab4474e3a489b9b,derived,34a38ddb450c8068a57fe12cc2f48e1a,done,12. September 2026 10:00 (MESZ) → 19:00,12. September 2026 10:00,,Exhibition,https://app.notion.com/34238ddb450c8075b15efa28d82e2b65,,,540,,,,10:00,19:00,Yes,done,public,True,True,34a38ddb450c8068a57fe12cc2f48e1a,assigned
8af1963f13b3e9714845ccfd0e34a254,8af1963f13b3e9714845ccfd0e34a254,derived,34a38ddb450c8068a57fe12cc2f48e1a,done,13. September 2026 10:00 (MESZ) → 18:00,13. September 2026 10:00,,Exhibition,https://app.notion.com/34238ddb450c8075b15efa28d82e2b65,,,480,,,,10:00,18:00,Yes,done,public,True,True,34a38ddb450c8068a57fe12cc2f48e1a,assigned
db4ad52a355b3dd4163bc7a0d16f17ff,db4ad52a355b3dd4163bc7a0d16f17ff,derived,34a38ddb450c8099aa01fc4acd2346bf,done,9. September 2026 11:00 (MESZ) → 20:00,9. September 2026 11:00,,Exhibition,https://app.notion.com/34238ddb450c817b9154dc6462cf41fc,,,540,,,,11:00,20:00,Yes,done,public,True,True,34a38ddb450c8099aa01fc4acd2346bf,assigned
a250f256ed55f98471309218193138bd,a250f256ed55f98471309218193138bd,derived,34a38ddb450c8099aa01fc4acd2346bf,done,10. September 2026 11:00 (MESZ) → 20:00,10. September 2026 11:00,,Exhibition,https://app.notion.com/34238ddb450c817b9154dc6462cf41fc,,,540,,,,11:00,20:00,Yes,done,public,True,True,34a38ddb450c8099aa01fc4acd2346bf,assigned
5b95c45da56c8d832e12f087d4537cb6,5b95c45da56c8d832e12f087d4537cb6,derived,34a38ddb450c8099aa01fc4acd2346bf,done,11. September 2026 11:00 (MESZ) → 20:00,11. September 2026 11:00,,Exhibition,https://app.notion.com/34238ddb450c817b9154dc6462cf41fc,,,540,,,,11:00,20:00,Yes,done,public,True,True,34a38ddb450c8099aa01fc4acd2346bf,assigned
429a03f87d4c48028eea18f6fe589b47,429a03f87d4c48028eea18f6fe589b47,derived,34a38ddb450c8099aa01fc4acd2346bf,done,12. September 2026 11:00 (MESZ) → 20:00,12. September 2026 11:00,,Exhibition,https://app.notion.com/34238ddb450c817b9154dc6462cf41fc,,,540,,,,11:00,20:00,Yes,done,public,True,True,34a38ddb450c8099aa01fc4acd2346bf,assigned
9e5c153f8c1a5c29802d0e6d599893c0,9e5c153f8c1a5c29802d0e6d599893c0,derived,34a38ddb450c8099aa01fc4acd2346bf,done,13. September 2026 11:00 (MESZ) → 18:00,13. September 2026 11:00,,Exhibition,https://app.notion.com/34238ddb450c817b9154dc6462cf41fc,,,420,,,,11:00,18:00,Yes,done,public,True,True,34a38ddb450c8099aa01fc4acd2346bf,assigned
1e5f2911885af7ef78311e1b1848766c,1e5f2911885af7ef78311e1b1848766c,derived,34a38ddb450c80678731f3394eab291f,done,9. September 2026 10:00 (MESZ) → 19:00,9. September 2026 10:00,,Exhibition,https://app.notion.com/34238ddb450c81939959c300c9dcbf08,,,540,,,,10:00,19:00,Yes,done,public,True,True,34a38ddb450c80678731f3394eab291f,assigned
96fbb34b38c64ab546100699e0a30c9c,96fbb34b38c64ab546100699e0a30c9c,derived,34a38ddb450c80678731f3394eab291f,done,10. September 2026 10:00 (MESZ) → 19:00,10. September 2026 10:00,,Exhibition,https://app.notion.com/34238ddb450c81939959c300c9dcbf08,,,540,,,,10:00,19:00,Yes,done,public,True,True,34a38ddb450c80678731f3394eab291f,assigned
36d1045c5b25e3ceb66aff725d9ac98b,36d1045c5b25e3ceb66aff725d9ac98b,derived,34a38ddb450c80678731f3394eab291f,done,11. September 2026 10:00 (MESZ) → 19:00,11. September 2026 10:00,,Exhibition,https://app.notion.com/34238ddb450c81939959c300c9dcbf08,,,540,,,,10:00,19:00,Yes,done,public,True,True,34a38ddb450c80678731f3394eab291f,assigned
f909b1a9e744d8f7defff97b6756e9c2,f909b1a9e744d8f7defff97b6756e9c2,derived,34a38ddb450c80678731f3394eab291f,done,12. September 2026 10:00 (MESZ) → 19:00,12. September 2026 10:00,,Exhibition,https://app.notion.com/34238ddb450c81939959c300c9dcbf08,,,540,,,,10:00,19:00,Yes,done,public,True,True,34a38ddb450c80678731f3394eab291f,assigned
5190534257d8bb58c1026f5c93877a29,5190534257d8bb58c1026f5c93877a29,derived,34a38ddb450c80678731f3394eab291f,done,13. September 2026 10:00 (MESZ) → 18:00,13. September 2026 10:00,,Exhibition,https://app.notion.com/34238ddb450c81939959c300c9dcbf08,,,480,,,,10:00,18:00,Yes,done,public,True,True,34a38ddb450c80678731f3394eab291f,assigned
7d99451c567d28ce47027aaa9af0a925,7d99451c567d28ce47027aaa9af0a925,derived,38238ddb450c80c9bdc2e6c2b570d674,done,9. September 2026 10:00 (MESZ) → 19:00,9. September 2026 10:00,,Exhibition,https://app.notion.com/39238ddb450c800288d3f3a06eea8390,,,540,,,,10:00,19:00,Yes,done,public,True,True,38238ddb450c80c9bdc2e6c2b570d674,assigned
0db0107ea9056f14551ca02842dfbf89,0db0107ea9056f14551ca02842dfbf89,derived,38238ddb450c80c9bdc2e6c2b570d674,done,10. September 2026 10:00 (MESZ) → 19:00,10. September 2026 10:00,,Exhibition,https://app.notion.com/39238ddb450c800288d3f3a06eea8390,,,540,,,,10:00,19:00,Yes,done,public,True,True,38238ddb450c80c9bdc2e6c2b570d674,assigned
690771b1223b872765b3c01bef7e33f6,690771b1223b872765b3c01bef7e33f6,derived,38238ddb450c80c9bdc2e6c2b570d674,done,11. September 2026 10:00 (MESZ) → 19:00,11. September 2026 10:00,,Exhibition,https://app.notion.com/39238ddb450c800288d3f3a06eea8390,,,540,,,,10:00,19:00,Yes,done,public,True,True,38238ddb450c80c9bdc2e6c2b570d674,assigned
c220133cce5ee77681b5820ac77893a7,c220133cce5ee77681b5820ac77893a7,derived,38238ddb450c80c9bdc2e6c2b570d674,done,12. September 2026 10:00 (MESZ) → 19:00,12. September 2026 10:00,,Exhibition,https://app.notion.com/39238ddb450c800288d3f3a06eea8390,,,540,,,,10:00,19:00,Yes,done,public,True,True,38238ddb450c80c9bdc2e6c2b570d674,assigned
4b0c635f726e33a98cdd07dd58984284,4b0c635f726e33a98cdd07dd58984284,derived,38238ddb450c80c9bdc2e6c2b570d674,done,13. September 2026 10:00 (MESZ) → 18:00,13. September 2026 10:00,,Exhibition,https://app.notion.com/39238ddb450c800288d3f3a06eea8390,,,480,,,,10:00,18:00,Yes,done,public,True,True,38238ddb450c80c9bdc2e6c2b570d674,assigned
35036969901e0173c2a3740fb0982158,35036969901e0173c2a3740fb0982158,derived,34a38ddb450c80cb984ac0ab4598ef15,done,9. September 2026 10:00 (MESZ) → 19:00,9. September 2026 10:00,,Exhibition,https://app.notion.com/34238ddb450c8161b52ecd1c41c405fa,,,540,,,,10:00,19:00,No,done,public,True,True,34a38ddb450c80cb984ac0ab4598ef15,assigned
80f0958153a255efd1d15f93222ae2c2,80f0958153a255efd1d15f93222ae2c2,derived,34a38ddb450c80cb984ac0ab4598ef15,done,10. September 2026 10:00 (MESZ) → 19:00,10. September 2026 10:00,,Exhibition,https://app.notion.com/34238ddb450c8161b52ecd1c41c405fa,,,540,,,,10:00,19:00,No,done,public,True,True,34a38ddb450c80cb984ac0ab4598ef15,assigned
84e7ca3213f1ead0e3e90be4eb2ae311,84e7ca3213f1ead0e3e90be4eb2ae311,derived,34a38ddb450c80cb984ac0ab4598ef15,done,11. September 2026 10:00 (MESZ) → 19:00,11. September 2026 10:00,,Exhibition,https://app.notion.com/34238ddb450c8161b52ecd1c41c405fa,,,540,,,,10:00,19:00,No,done,public,True,True,34a38ddb450c80cb984ac0ab4598ef15,assigned
4feb1d27627b5d89739d750d4d57d0b8,4feb1d27627b5d89739d750d4d57d0b8,derived,34a38ddb450c80cb984ac0ab4598ef15,done,12. September 2026 10:00 (MESZ) → 19:00,12. September 2026 10:00,,Exhibition,https://app.notion.com/34238ddb450c8161b52ecd1c41c405fa,,,540,,,,10:00,19:00,No,done,public,True,True,34a38ddb450c80cb984ac0ab4598ef15,assigned
f80d17485ce485fab119792e76225117,f80d17485ce485fab119792e76225117,derived,34a38ddb450c80cb984ac0ab4598ef15,done,13. September 2026 10:00 (MESZ) → 18:00,13. September 2026 10:00,,Exhibition,https://app.notion.com/34238ddb450c8161b52ecd1c41c405fa,,,480,,,,10:00,18:00,No,done,public,True,True,34a38ddb450c80cb984ac0ab4598ef15,assigned
e6385649a37ab9331f6e6eef964b662c,e6385649a37ab9331f6e6eef964b662c,derived,34a38ddb450c80eb87d7e2feb36ce9b0,done,9. September 2026 10:00 (MESZ) → 19:00,9. September 2026 10:00,,Exhibition,https://app.notion.com/39238ddb450c80f98ecbf708c0f05fda,,,540,,,,10:00,19:00,No,done,public,True,True,34a38ddb450c80eb87d7e2feb36ce9b0,assigned
1661ceb39502ba01ecc3c9d5441c8738,1661ceb39502ba01ecc3c9d5441c8738,derived,34a38ddb450c80eb87d7e2feb36ce9b0,done,10. September 2026 10:00 (MESZ) → 19:00,10. September 2026 10:00,,Exhibition,https://app.notion.com/39238ddb450c80f98ecbf708c0f05fda,,,540,,,,10:00,19:00,No,done,public,True,True,34a38ddb450c80eb87d7e2feb36ce9b0,assigned
d61955906314a1d60d5d65aaa86bc27b,d61955906314a1d60d5d65aaa86bc27b,derived,34a38ddb450c80eb87d7e2feb36ce9b0,done,11. September 2026 10:00 (MESZ) → 19:00,11. September 2026 10:00,,Exhibition,https://app.notion.com/39238ddb450c80f98ecbf708c0f05fda,,,540,,,,10:00,19:00,No,done,public,True,True,34a38ddb450c80eb87d7e2feb36ce9b0,assigned
30e833e98b73554b5e43612f91677246,30e833e98b73554b5e43612f91677246,derived,34a38ddb450c80eb87d7e2feb36ce9b0,done,12. September 2026 10:00 (MESZ) → 19:00,12. September 2026 10:00,,Exhibition,https://app.notion.com/39238ddb450c80f98ecbf708c0f05fda,,,540,,,,10:00,19:00,No,done,public,True,True,34a38ddb450c80eb87d7e2feb36ce9b0,assigned
f7138f2e418cf7e8b777b47c3772ee61,f7138f2e418cf7e8b777b47c3772ee61,derived,34a38ddb450c80eb87d7e2feb36ce9b0,done,13. September 2026 10:00 (MESZ) → 18:00,13. September 2026 10:00,,Exhibition,https://app.notion.com/39238ddb450c80f98ecbf708c0f05fda,,,480,,,,10:00,18:00,No,done,public,True,True,34a38ddb450c80eb87d7e2feb36ce9b0,assigned
4d038a124ec9ba906ec5f7bc6e70594b,4d038a124ec9ba906ec5f7bc6e70594b,derived,38b38ddb450c80778cf6e4873babe278,done,9. September 2026 10:00 (MESZ) → 19:00,9. September 2026 10:00,,Exhibition,https://app.notion.com/34238ddb450c815e8d84d29e8376bcb0,,,540,,,,10:00,19:00,No,done,public,True,True,38b38ddb450c80778cf6e4873babe278,assigned
cfde81c5907b2117b8b4dabbf02b047a,cfde81c5907b2117b8b4dabbf02b047a,derived,38b38ddb450c80778cf6e4873babe278,done,11. September 2026 10:00 (MESZ) → 19:00,11. September 2026 10:00,,Exhibition,https://app.notion.com/34238ddb450c815e8d84d29e8376bcb0,,,540,,,,10:00,19:00,No,done,public,True,True,38b38ddb450c80778cf6e4873babe278,assigned
9f245f6edca4e8e879cd4eec90fb11e1,9f245f6edca4e8e879cd4eec90fb11e1,derived,38b38ddb450c80778cf6e4873babe278,done,10. September 2026 10:00 (MESZ) → 19:00,10. September 2026 10:00,,Exhibition,https://app.notion.com/34238ddb450c815e8d84d29e8376bcb0,,,540,,,,10:00,19:00,No,done,public,True,True,38b38ddb450c80778cf6e4873babe278,assigned
3458abb0652c7c4645253a6a5a0f2ccb,3458abb0652c7c4645253a6a5a0f2ccb,derived,38b38ddb450c80778cf6e4873babe278,done,12. September 2026 10:00 (MESZ) → 19:00,12. September 2026 10:00,,Exhibition,https://app.notion.com/34238ddb450c815e8d84d29e8376bcb0,,,540,,,,10:00,19:00,No,done,public,True,True,38b38ddb450c80778cf6e4873babe278,assigned
edd8c29f47a8315dcd73af31cf0987cc,edd8c29f47a8315dcd73af31cf0987cc,derived,38b38ddb450c80778cf6e4873babe278,done,13. September 2026 10:00 (MESZ) → 18:00,13. September 2026 10:00,,Exhibition,https://app.notion.com/34238ddb450c815e8d84d29e8376bcb0,,,480,,,,10:00,18:00,No,done,public,True,True,38b38ddb450c80778cf6e4873babe278,assigned
faf6fbcf4d1341bda68730893999a9a6,faf6fbcf4d1341bda68730893999a9a6,derived,38438ddb450c815a91aac30837379922,done,9. September 2026 10:00 (MESZ) → 19:00,9. September 2026 10:00,,Exhibition,https://app.notion.com/38338ddb450c80ecb84af9021510bfb5,,,540,,,,10:00,19:00,No,done,public,True,True,38438ddb450c815a91aac30837379922,assigned
508e54f7abe0d559a0f967ad21a97da0,508e54f7abe0d559a0f967ad21a97da0,derived,38438ddb450c815a91aac30837379922,done,10. September 2026 10:00 (MESZ) → 19:00,10. September 2026 10:00,,Exhibition,https://app.notion.com/38338ddb450c80ecb84af9021510bfb5,,,540,,,,10:00,19:00,No,done,public,True,True,38438ddb450c815a91aac30837379922,assigned
e12d4da4ad5f594e6d6b3cc225195ae3,e12d4da4ad5f594e6d6b3cc225195ae3,derived,38438ddb450c815a91aac30837379922,done,11. September 2026 10:00 (MESZ) → 19:00,11. September 2026 10:00,,Exhibition,https://app.notion.com/38338ddb450c80ecb84af9021510bfb5,,,540,,,,10:00,19:00,No,done,public,True,True,38438ddb450c815a91aac30837379922,assigned
9b44377d71d78ec3afb45fe7ca6915ee,9b44377d71d78ec3afb45fe7ca6915ee,derived,38438ddb450c815a91aac30837379922,done,12. September 2026 10:00 (MESZ) → 19:00,12. September 2026 10:00,,Exhibition,https://app.notion.com/38338ddb450c80ecb84af9021510bfb5,,,540,,,,10:00,19:00,No,done,public,True,True,38438ddb450c815a91aac30837379922,assigned
c5a2d0f2aaf0575018aaa694caf00cb9,c5a2d0f2aaf0575018aaa694caf00cb9,derived,38438ddb450c815a91aac30837379922,done,13. September 2026 10:00 (MESZ) → 18:00,13. September 2026 10:00,,Exhibition,https://app.notion.com/38338ddb450c80ecb84af9021510bfb5,,,480,,,,10:00,18:00,No,done,public,True,True,38438ddb450c815a91aac30837379922,assigned
c3cda354d300fde6cce88542fffdf779,c3cda354d300fde6cce88542fffdf779,derived,34a38ddb450c800f93f1e2e284d718b8,done,9. September 2026 11:00 (MESZ) → 19:30,9. September 2026 11:00,,Exhibition,https://app.notion.com/34238ddb450c81909335d75307926d08,,,510,,,,11:00,19:30,No,done,public,True,True,34a38ddb450c800f93f1e2e284d718b8,assigned
5d3718aab081e1e024db98040685a871,5d3718aab081e1e024db98040685a871,derived,34a38ddb450c800f93f1e2e284d718b8,done,10. September 2026 11:00 (MESZ) → 19:30,10. September 2026 11:00,,Exhibition,https://app.notion.com/34238ddb450c81909335d75307926d08,,,510,,,,11:00,19:30,No,done,public,True,True,34a38ddb450c800f93f1e2e284d718b8,assigned
cbd5c395ad9aae63f8957997f9553c06,cbd5c395ad9aae63f8957997f9553c06,derived,34a38ddb450c800f93f1e2e284d718b8,done,11. September 2026 11:00 (MESZ) → 19:30,11. September 2026 11:00,,Exhibition,https://app.notion.com/34238ddb450c81909335d75307926d08,,,510,,,,11:00,19:30,No,done,public,True,True,34a38ddb450c800f93f1e2e284d718b8,assigned
df235a0c3bde186e86e0a8e2fc871ebb,df235a0c3bde186e86e0a8e2fc871ebb,derived,34a38ddb450c800f93f1e2e284d718b8,done,12. September 2026 11:00 (MESZ) → 19:30,12. September 2026 11:00,,Exhibition,https://app.notion.com/34238ddb450c81909335d75307926d08,,,510,,,,11:00,19:30,No,done,public,True,True,34a38ddb450c800f93f1e2e284d718b8,assigned
833c1f9ff45a95d9cf42514da74f4dc8,833c1f9ff45a95d9cf42514da74f4dc8,derived,34a38ddb450c800f93f1e2e284d718b8,done,13. September 2026 11:00 (MESZ) → 18:00,13. September 2026 11:00,,Exhibition,https://app.notion.com/34238ddb450c81909335d75307926d08,,,420,,,,11:00,18:00,No,done,public,True,True,34a38ddb450c800f93f1e2e284d718b8,assigned
984639d6128442f8e63c158ca982b1b5,984639d6128442f8e63c158ca982b1b5,derived,7c938ddb450c82789a648184906bd039,done,9. September 2026 21:40 (MESZ) → 22:00,9. September 2026 21:40,,Concert,https://app.notion.com/34238ddb450c8156a0b2e87f10c43d2e,"DE,EN",,20,,,,21:40,22:00,No,done,public,True,True,7c938ddb450c82789a648184906bd039,assigned
3c338ddb450c807d9ed9d7eb1473e207,3c338ddb450c807d9ed9d7eb1473e207,notion,39838ddb450c81ac9ccccbc5f40540a4,done,9. September 2026 21:30 (MESZ) → 21:40,9. September 2026 21:30,,Concert,https://app.notion.com/34238ddb450c8156a0b2e87f10c43d2e,"DE,EN",,10,,,,21:30,21:40,No,done,public,True,True,39838ddb450c81ac9ccccbc5f40540a4,assigned
3c438ddb450c803c9291f393a67cd1e7,3c438ddb450c803c9291f393a67cd1e7,notion,3c138ddb450c819bbe60d6038c37d4bc,done,9. September 2026 18:00 (MESZ) → 19:00,9. September 2026 18:00,,Performance,https://app.notion.com/34238ddb450c81aeac39e3da86bbcdcc,nonverbal,,60,,,,18:00,19:00,No,done,public,True,True,3c138ddb450c819bbe60d6038c37d4bc,assigned
866f4892b18a3188142dd57cbb309531,866f4892b18a3188142dd57cbb309531,derived,3ab38ddb450c80bda186fa5ee1388ee6,done,9. September 2026 23:15 (MESZ) → 23:20,9. September 2026 23:15,,Concert,https://app.notion.com/34238ddb450c8156a0b2e87f10c43d2e,other,,5,,,,23:15,23:20,No,done,public,True,True,3ab38ddb450c80bda186fa5ee1388ee6,assigned
aa6d31947a783c0a0e4b96be594e81a5,aa6d31947a783c0a0e4b96be594e81a5,derived,3c038ddb450c808095efc5357efb47bf,done,10. September 2026 13:00 (MESZ) → 15:00,10. September 2026 13:00,,Performance,https://app.notion.com/34238ddb450c809ab5beeb28249c21e2,nonverbal,,120,,,,13:00,15:00,No,done,public,True,True,3c038ddb450c808095efc5357efb47bf,assigned
f2a925dd35847bab287b051f05edff4c,f2a925dd35847bab287b051f05edff4c,derived,3c038ddb450c808095efc5357efb47bf,done,11. September 2026 13:00 (MESZ) → 16:30,11. September 2026 13:00,,Performance,https://app.notion.com/34238ddb450c809ab5beeb28249c21e2,nonverbal,,210,,,,13:00,16:30,No,done,public,True,True,3c038ddb450c808095efc5357efb47bf,assigned
43b96ac376703761431e2f5df543c76e,43b96ac376703761431e2f5df543c76e,derived,3a438ddb450c80a49529c7e9882dbc15,done,9. September 2026 10:00 (MESZ) → 18:00,9. September 2026 10:00,,Conference,https://app.notion.com/34238ddb450c81db8331ed81749f47d2,EN,,480,,,,10:00,18:00,Yes,done,public,True,True,3a438ddb450c80a49529c7e9882dbc15,assigned
9d5419cb8a5ca075520fee095b419cf0,9d5419cb8a5ca075520fee095b419cf0,derived,3a438ddb450c80a49529c7e9882dbc15,done,10. September 2026 10:00 (MESZ) → 18:00,10. September 2026 10:00,,Conference,https://app.notion.com/34238ddb450c81db8331ed81749f47d2,EN,,480,,,,10:00,18:00,Yes,done,public,True,True,3a438ddb450c80a49529c7e9882dbc15,assigned
a9cd972c177f94b6e58938ca8a5628bf,a9cd972c177f94b6e58938ca8a5628bf,derived,3a438ddb450c80a49529c7e9882dbc15,done,11. September 2026 10:00 (MESZ) → 18:00,11. September 2026 10:00,,Conference,https://app.notion.com/34238ddb450c81db8331ed81749f47d2,EN,,480,,,,10:00,18:00,Yes,done,public,True,True,3a438ddb450c80a49529c7e9882dbc15,assigned
3c738ddb450c80ad8e35f001a2446352,3c738ddb450c80ad8e35f001a2446352,notion,3c738ddb450c80e292b5fc372fb28016,done,13. September 2026 12:05 (MESZ) → 12:30,13. September 2026 12:05,,Panel Discussion,https://app.notion.com/38338ddb450c80f5b7fafe65509e43de,EN,,25,,,,12:05,12:30,No,done,public,True,True,3c738ddb450c80e292b5fc372fb28016,assigned
1de16d838469b63506f1c9e9ad58e226,1de16d838469b63506f1c9e9ad58e226,derived,3c738ddb450c800fae73f0ee20da5bdb,done,9. September 2026 11:00 (MESZ) → 13:00,9. September 2026 11:00,,Open Lab,https://app.notion.com/39938ddb450c8010a5b4cad7de3d9f07,,,120,,,,11:00,13:00,No,done,public,True,True,3c738ddb450c800fae73f0ee20da5bdb,assigned
964121fbd214d669bafb3eb575855104,964121fbd214d669bafb3eb575855104,derived,3c738ddb450c800fae73f0ee20da5bdb,done,10. September 2026 11:00 (MESZ) → 13:00,10. September 2026 11:00,,Open Lab,https://app.notion.com/39938ddb450c8010a5b4cad7de3d9f07,,,120,,,,11:00,13:00,No,done,public,True,True,3c738ddb450c800fae73f0ee20da5bdb,assigned
892f91786b39651e00fde8faa5623847,892f91786b39651e00fde8faa5623847,derived,3c738ddb450c800fae73f0ee20da5bdb,done,11. September 2026 11:00 (MESZ) → 13:00,11. September 2026 11:00,,Open Lab,https://app.notion.com/39938ddb450c8010a5b4cad7de3d9f07,,,120,,,,11:00,13:00,No,done,public,True,True,3c738ddb450c800fae73f0ee20da5bdb,assigned
160d7eddf04afcc70fc2bef327f1249e,160d7eddf04afcc70fc2bef327f1249e,derived,3c738ddb450c800fae73f0ee20da5bdb,done,12. September 2026 11:00 (MESZ) → 13:00,12. September 2026 11:00,,Open Lab,https://app.notion.com/39938ddb450c8010a5b4cad7de3d9f07,,,120,,,,11:00,13:00,No,done,public,True,True,3c738ddb450c800fae73f0ee20da5bdb,assigned
ce4a4162b8cd91842f6a5930013451e9,ce4a4162b8cd91842f6a5930013451e9,derived,3c738ddb450c800fae73f0ee20da5bdb,done,13. September 2026 11:00 (MESZ) → 13:00,13. September 2026 11:00,,Open Lab,https://app.notion.com/39938ddb450c8010a5b4cad7de3d9f07,,,120,,,,11:00,13:00,No,done,public,True,True,3c738ddb450c800fae73f0ee20da5bdb,assigned
3881b36bdbef2a994ba46705ae6c6606,3881b36bdbef2a994ba46705ae6c6606,derived,38f38ddb450c8187a872e89a0251e1bf,done,9. September 2026 19:00 (MESZ) → 23:30,9. September 2026 19:00,,Exhibition,https://app.notion.com/34238ddb450c8156a0b2e87f10c43d2e,,,270,,,,19:00,23:30,No,done,public,True,True,38f38ddb450c8187a872e89a0251e1bf,assigned
32776a7bcb3d07adefa65211fa0e1548,32776a7bcb3d07adefa65211fa0e1548,derived,38f38ddb450c8187a872e89a0251e1bf,done,10. September 2026 10:00 (MESZ) → 17:30,10. September 2026 10:00,,Exhibition,https://app.notion.com/34238ddb450c8156a0b2e87f10c43d2e,,,450,,,,10:00,17:30,No,done,public,True,True,38f38ddb450c8187a872e89a0251e1bf,assigned
8a18d4f4f08317b61bf8d5aa65ef965f,8a18d4f4f08317b61bf8d5aa65ef965f,derived,38f38ddb450c8187a872e89a0251e1bf,done,11. September 2026 10:00 (MESZ) → 17:30,11. September 2026 10:00,,Exhibition,https://app.notion.com/34238ddb450c8156a0b2e87f10c43d2e,,,450,,,,10:00,17:30,No,done,public,True,True,38f38ddb450c8187a872e89a0251e1bf,assigned
56c0028382e52ff1c30b1b35f1ebd3cc,56c0028382e52ff1c30b1b35f1ebd3cc,derived,38f38ddb450c8187a872e89a0251e1bf,done,12. September 2026 12:30 (MESZ) → 17:30,12. September 2026 12:30,,Exhibition,https://app.notion.com/34238ddb450c8156a0b2e87f10c43d2e,,,300,,,,12:30,17:30,No,done,public,True,True,38f38ddb450c8187a872e89a0251e1bf,assigned
903aac98bf7e643642217c1a5a3cd117,903aac98bf7e643642217c1a5a3cd117,derived,38f38ddb450c8187a872e89a0251e1bf,done,13. September 2026 12:30 (MESZ) → 17:30,13. September 2026 12:30,,Exhibition,https://app.notion.com/34238ddb450c8156a0b2e87f10c43d2e,,,300,,,,12:30,17:30,No,done,public,True,True,38f38ddb450c8187a872e89a0251e1bf,assigned
3c938ddb450c80b7a432f8f5b522f73f,3c938ddb450c80b7a432f8f5b522f73f,notion,3c938ddb450c818497d2cf790bed767e,done,11. September 2026 14:00 (MESZ) → 17:00,11. September 2026 14:00,,Performance,https://app.notion.com/3bb38ddb450c8079a0b3df24f92ffd20,EN,,180,,,,14:00,17:00,No,done,public,True,True,3c938ddb450c818497d2cf790bed767e,assigned
3c938ddb450c804fa5f1d6c8093aa29d,3c938ddb450c804fa5f1d6c8093aa29d,notion,3c938ddb450c8166a785d92546995ff8,done,12. September 2026 14:00 (MESZ) → 17:00,12. September 2026 14:00,,Performance,https://app.notion.com/3bb38ddb450c8079a0b3df24f92ffd20,EN,,180,,,,14:00,17:00,No,done,public,True,True,3c938ddb450c8166a785d92546995ff8,assigned
3c938ddb450c80a2b8addade361cca13,3c938ddb450c80a2b8addade361cca13,notion,3c938ddb450c816dad1ae9763533b9df,done,13. September 2026 12:00 (MESZ) → 14:30,13. September 2026 12:00,,Performance,https://app.notion.com/3bb38ddb450c8079a0b3df24f92ffd20,EN,,150,,,,12:00,14:30,No,done,public,True,True,3c938ddb450c816dad1ae9763533b9df,assigned
16c08f9adb347c30c0f98dc48ff11c55,16c08f9adb347c30c0f98dc48ff11c55,derived,39838ddb450c80948176e6172575df9c,done,10. September 2026 10:00 (MESZ) → 18:00,10. September 2026 10:00,,Workshop,https://app.notion.com/39838ddb450c801fb4b3efcf0b93c0cf,EN,,480,,,,10:00,18:00,No,done,public,True,True,39838ddb450c80948176e6172575df9c,assigned
3cb38ddb450c80b0bc0ccf332743886a,3cb38ddb450c80b0bc0ccf332743886a,notion,3cb38ddb450c80ab9590c73e8593ee1e,done,11. September 2026 15:00 (MESZ) → 17:00,11. September 2026 15:00,,Lecture & Talk,https://app.notion.com/3cd38ddb450c8043b4e1d42cadd0eedf,DE,,120,,,,15:00,17:00,No,done,public,True,True,3cb38ddb450c80ab9590c73e8593ee1e,assigned
3cd38ddb450c8082b8d8d75eb78f391d,3cd38ddb450c8082b8d8d75eb78f391d,notion,3cd38ddb450c8041a157e933fd983447,done,13. September 2026 11:05 (MESZ) → 11:35,13. September 2026 11:05,,Lecture & Talk,https://app.notion.com/38338ddb450c80f5b7fafe65509e43de,EN,,30,,,,11:05,11:35,No,done,public,True,True,3cd38ddb450c8041a157e933fd983447,assigned
3cd38ddb450c80b4aaeac963377ebd01,3cd38ddb450c80b4aaeac963377ebd01,notion,3cd38ddb450c8198b28fe58880e6c137,done,10. September 2026 10:00 (MESZ) → 13:00,10. September 2026 10:00,,Workshop,https://app.notion.com/34238ddb450c81348aacc66dce96a484,EN,,180,,,,10:00,13:00,No,done,public,True,True,3cd38ddb450c8198b28fe58880e6c137,assigned
3cf38ddb450c8007ac56dc57e6f974b3,3cf38ddb450c8007ac56dc57e6f974b3,notion,3cf38ddb450c808ea723d9166ccb5931,done,12. September 2026 15:00 (MESZ) → 17:00,12. September 2026 14:45,https://kupfticket.com/events/jku-med-campus-tours-23043d86d1,Guided Tour,https://app.notion.com/34238ddb450c803c9a4fc86c8270359d,DE,15,120,,,,15:00,17:00,No,done,public,True,True,3cf38ddb450c808ea723d9166ccb5931,assigned
a31b2282c7cad6d07216a3e46de58937,a31b2282c7cad6d07216a3e46de58937,derived,39f38ddb450c81b78334f6339bbcab43,done,9. September 2026 10:00 (MESZ) → 19:00,9. September 2026 10:00,,Exhibition,https://app.notion.com/34238ddb450c811d9acafb1be4f23432,,,540,,,,10:00,19:00,No,done,public,True,True,39f38ddb450c81b78334f6339bbcab43,assigned
b942396eb1c03998117496b40985ebfd,b942396eb1c03998117496b40985ebfd,derived,39f38ddb450c81b78334f6339bbcab43,done,10. September 2026 10:00 (MESZ) → 19:00,10. September 2026 10:00,,Exhibition,https://app.notion.com/34238ddb450c811d9acafb1be4f23432,,,540,,,,10:00,19:00,No,done,public,True,True,39f38ddb450c81b78334f6339bbcab43,assigned
45a356ad39f6621ff3894b0b9102097e,45a356ad39f6621ff3894b0b9102097e,derived,39f38ddb450c81b78334f6339bbcab43,done,11. September 2026 10:00 (MESZ) → 19:00,11. September 2026 10:00,,Exhibition,https://app.notion.com/34238ddb450c811d9acafb1be4f23432,,,540,,,,10:00,19:00,No,done,public,True,True,39f38ddb450c81b78334f6339bbcab43,assigned
718757388543144e209ddcda3299258f,718757388543144e209ddcda3299258f,derived,39f38ddb450c81b78334f6339bbcab43,done,12. September 2026 10:00 (MESZ) → 19:00,12. September 2026 10:00,,Exhibition,https://app.notion.com/34238ddb450c811d9acafb1be4f23432,,,540,,,,10:00,19:00,No,done,public,True,True,39f38ddb450c81b78334f6339bbcab43,assigned
b3d2e5ff7f8775cdf7751e993838e448,b3d2e5ff7f8775cdf7751e993838e448,derived,39f38ddb450c81b78334f6339bbcab43,done,13. September 2026 10:00 (MESZ) → 18:00,13. September 2026 10:00,,Exhibition,https://app.notion.com/34238ddb450c811d9acafb1be4f23432,,,480,,,,10:00,18:00,No,done,public,True,True,39f38ddb450c81b78334f6339bbcab43,assigned
e6629c33dc15faa9eb11633591ba13d2,e6629c33dc15faa9eb11633591ba13d2,derived,3a438ddb450c80d2acdadd5ac59b75f7,done,11. September 2026 9:30 (MESZ) → 18:30,11. September 2026 09:30,,Workshop,https://app.notion.com/3d038ddb450c80869719f2f69d7c17ec,,,540,,,,09:30,18:30,No,done,public,True,True,3a438ddb450c80d2acdadd5ac59b75f7,assigned
76f03d3a50ae51dc3bfc25c8c5736a0f,76f03d3a50ae51dc3bfc25c8c5736a0f,derived,3a438ddb450c80d2acdadd5ac59b75f7,done,12. September 2026 9:30 (MESZ) → 16:00,12. September 2026 09:30,,Workshop,https://app.notion.com/3d038ddb450c80869719f2f69d7c17ec,,,390,,,,09:30,16:00,No,done,public,True,True,3a438ddb450c80d2acdadd5ac59b75f7,assigned
