id,canonical_id,id_source,Name EN,Name DE,Category,Pronouns,Country,Description EN,Description DE,Linked Projects,Status Web,Website,Instagram,Facebook,LinkedIn,status_web,visibility_rule,public_for_hackathon,link_allowed
DepartmentofNewMediaArtTaipeiNationalUniversityoftheArts-36e38ddb450c81019f1ace21e82c5df7,36e38ddb450c81019f1ace21e82c5df7,notion,"Department of New Media Art, Taipei National University of the Arts",,Organization,,TW Taiwan,"The Department of New Media Art at Taipei National University of the Arts is one of Taiwan’s leading programs dedicated to media art, digital culture and interdisciplinary creation. Through artistic practice, technological experimentation and critical research, the department cultivates emerging artists working across interactive media, audiovisual performance, installation, AI and networked systems.","Der Fachbereich New Media Art an der Taipei National University of the Arts ist einer der führenden Studiengänge Taiwans in den Bereichen Medienkunst, digitale Kultur und interdisziplinäres künstlerisches Schaffen. Durch die Verbindung von künstlerischer Praxis, technologischem Experimentieren und kritischer Forschung fördert der Fachbereich aufstrebende Künstler*innen, die an den Schnittstellen von interaktiven Medien, audiovisueller Performance, Installation, Künstlicher Intelligenz und vernetzten Systemen arbeiten.",37038ddb450c8190a4c3f7ba7236f7cc,done,https://nma.tnua.edu.tw/,https://www.instagram.com/tnua_nma/,https://www.facebook.com/tnuanma,,done,public,True,True
NationalTsingHuaUniversity-37238ddb450c8190ab57d5147790494c,37238ddb450c8190ab57d5147790494c,notion,National Tsing Hua University,,Organization,,TW Taiwan,"Established in 1911, National Tsing Hua University (NTHU) was originally located in Beijing, China, under the name “Tsing Hua Academy”, but was re-located in 1956 to Hsinchu, Taiwan. NTHU has developed into a comprehensive research university offering a full range of degree programs in science, technology, engineering, humanities, social sciences, management, education and arts. NTHU consistently ranks as a premier university in East Asia, and is widely recognized as a leading institution for producing future leaders.","Die National Tsing Hua University (NTHU) wurde 1911 in Beijing, China, als “Tsing Hua Academy“ gegründet und 1956 nach Hsinchu, Taiwan, verlegt. Seither hat sie sich zu einer umfassenden Forschungsuniversität entwickelt, die ein breites Spektrum an Studiengängen in den Naturwissenschaften, den Ingenieur- und Technikwissenschaften sowie in den Geistes- und Sozialwissenschaften, im Management, in der Pädagogik und in den Künsten anbietet. Die NTHU gehört regelmäßig zu Ostasiens führenden Universitäten und genießt international hohes Ansehen als Kaderschmiede für die Führungspersönlichkeiten von morgen.",37238ddb450c81759550f9b4199cfd3e,done,https://www.nthu.edu.tw/,https://www.instagram.com/nthu_official/,https://www.facebook.com/nthu.tw/?locale=zh_TW,https://www.linkedin.com/school/national-tsing-hua-university/posts/?feedView=all,done,public,True,True
Po-yunKuo-37238ddb450c81f18d87d9833b982176,37238ddb450c81f18d87d9833b982176,notion,Po-yun Kuo,,Person,she/her,TW Taiwan,"Po-Yun Kuo is a Taiwanese interdisciplinary artist who graduated from the Royal College of Art. Her work explores intersections of the body, mobility and politics, focusing on how shifts in space reflect power dynamics and social hierarchies. Alongside her artistic practice, Kuo is a documentary and experimental film director. Her films focus on socio-political issues in East Asia, with an interest in women’s diary films and personal narratives. Her recent works have been exhibited in the UK, Japan and Hong Kong.","Po-Yun Kuo ist eine taiwanische interdisziplinäre Künstlerin und Absolventin des Royal College of Art. Ihre Arbeit untersucht die Verbindungen zwischen Körper, Mobilität und Politik und konzentriert sich darauf, wie Veränderungen im Raum Machtverhältnisse und soziale Hierarchien widerspiegeln. Neben ihrer künstlerischen Tätigkeit ist Kuo Regisseurin von Dokumentar- und Experimentalfilmen. Ihre Filme beschäftigen sich mit gesellschaftspolitischen Themen in Ostasien, insbesondere mit Tagebuchfilmen und persönlichen Erzählungen von Frauen. Ihre jüngsten Arbeiten wurden in Großbritannien, Japan und Hongkong ausgestellt.",37238ddb450c8196a207eaeef73e7995,done,https://www.poyunkuo.com/,https://www.instagram.com/poyunkuo_/,,,done,public,True,True
UMPRUMArtsArchitectureandDesigninPrague-37238ddb450c81caa418c7595a688cca,37238ddb450c81caa418c7595a688cca,notion,"UMPRUM Arts, Architecture, and Design in Prague",,Organization,,CZ Czechia,"UMPRUM is a leading art academy known for its individual approach to education, which supports talent, creativity and independent thinking. With around 600 students across 28 studios, UMPRUM fosters innovation and social responsibility. The academy regularly presents student work through Artsemestr exhibitions and hosts numerous international exhibitions. Ranked 76th globally in the QS Art & Design rankings, it is a top institution in Central and Eastern Europe.","Die UMPRUM ist eine führende Kunstakademie, die für ihren individuellen Bildungsansatz bekannt ist und Talent, Kreativität sowie unabhängiges Denken fördert. Mit rund 600 Studierenden in 28 Ateliers fördert die UMPRUM Innovation und soziales Verantwortungsbewusstsein. Die Akademie präsentiert regelmäßig studentische Arbeiten im Rahmen der Artsemestr-Ausstellungen und richtet zahlreiche internationale Ausstellungen aus. Im QS-Ranking für Kunst und Design belegt sie weltweit Platz 76 und zählt damit zu den renommiertesten Einrichtungen in Mittel- und Osteuropa.",37238ddb450c81d5a6f8e25e97466c15,done,https://www.umprum.cz/en,https://www.instagram.com/umprum_praha/,https://www.facebook.com/UMPRUM,,done,public,True,True
MakeSensePhD-37638ddb450c8165b7ebf8a0aeeb64ba,37638ddb450c8165b7ebf8a0aeeb64ba,notion,Make/Sense PhD,,Organization,,CH Switzerland,"Make/Sense is a three-year practice-based PhD program offered jointly by the Basel Academy of Art and Design FHNW and the University of Arts Linz. It supports artistic and design research that critically engages with infrastructures, situated practices and trans*feminist, anti-colonial perspectives. The curriculum includes individual mentoring, monthly colloquia and an annual assembly. Public events and collaborations with external partners further extend the program’s research environment.","Make/Sense ist ein dreijähriges praxisorientiertes Doktoratsprogramm, das gemeinsam von der Hochschule für Gestaltung und Kunst Basel (FHNW) und der Kunstuniversität Linz angeboten wird. Es fördert künstlerische und gestalterische Forschung, die sich kritisch mit Infrastrukturen, situierten Praktiken sowie trans*feministischen und antikolonialen Perspektiven auseinandersetzt. Das Programm umfasst individuelle Betreuung, monatliche Kolloquien und eine jährliche Versammlung. Öffentliche Veranstaltungen und Kooperationen mit externen Partnern erweitern das Forschungsumfeld des Programms zusätzlich.",37638ddb450c815c83a1c38ba0d000f5,done,https://makesensephd.ch/,,,,done,public,True,True
MATransversalDesign-37638ddb450c8142a102e87c6c4b3468,37638ddb450c8142a102e87c6c4b3468,notion,MA Transversal Design,,Organization,,CH Switzerland,"The MA in Transversal Design is a study program for practice-based research that aims to grow community infrastructures for worlds in transition. The program investigates the social, political, ecological and technological dynamics of the systems we live by to design for grounded transformation—from alternative media, speculative models and practices of care, to tools for solidarity and radical proposals for innovation.","Transversal Design ist ein Studiengang für praxisorientierte Forschung, der gemeinschaftliche Infrastrukturen für Welten im Wandel entwickelt. Wir untersuchen die sozialen, politischen, ökologischen und technologischen Dynamiken der Systeme, in denen wir leben, um eine fundierte Transformation zu gestalten – von alternativen Medien, spekulativen Modellen und Praktiken der Fürsorge bis hin zu Instrumenten der Solidarität und radikalen Innovationsvorschlägen.",37638ddb450c815c83a1c38ba0d000f5,done,https://www.transversaldesign.ch,,,,done,public,True,True
MAInteractionDesignZHdK-37638ddb450c81018233dbec272e6ba6,37638ddb450c81018233dbec272e6ba6,notion,"MA Interaction Design, ZHdK","MA Interaction Design, ZHdK",Organization,,CH Switzerland,"The MA in Interaction Design at ZHdK is a practice-based research program focusing on the entanglements of various societal, environmental and technological issues. It explores how planetary issues manifest locally in human and non-human experience, and prototypes alternative scenarios through project-based learning and theoretical reflection. Students learn methods for fieldwork, iterative prototyping and conceptual thinking, culminating in a thesis demonstrating design vision and critical thinking.","Der Masterstudiengang Interaction Design an der ZHdK ist ein praxisorientiertes Forschungsprogramm, das sich mit den Verflechtungen gesellschaftlicher, ökologischer und technologischer Themen befasst. Wir untersuchen, wie sich planetare Herausforderungen lokal in menschlichen und nicht-menschlichen Erfahrungen manifestieren, und entwickeln durch projektbasiertes Lernen und theoretische Reflexion Prototypen für alternative Szenarien. Die Studierenden erlernen Methoden der Feldforschung, des iterativen Prototyping und des konzeptionellen Denkens. Das Studium mündet in eine Abschlussarbeit, die gestalterische Vision und kritische Reflexionsfähigkeit unter Beweis stellt.",37b38ddb450c81f09a51dbb6f4ca3a33,done,https://interactiondesign.zhdk.ch/,https://www.instagram.com/interactiondesign_zhdk,https://www.facebook.com/viad.viad.750/,https://www.linkedin.com/company/11432177,done,public,True,True
Moholy-NagyUniversityofArtandDesign-37638ddb450c81ff91c2ef1464fb7ea6,37638ddb450c81ff91c2ef1464fb7ea6,notion,Moholy-Nagy University of Art and Design,,Organization,,HU Hungary,"As one of the leading design universities in the Central and Eastern European region, Moholy-Nagy University of Art and Design (MOME Budapest) strives to provide answers to the many challenges of the 21st century by combining science and art, design and creative innovation.","Als eine der führenden Designhochschulen in Mittel- und Osteuropa ist die Moholy-Nagy University of Art and Design (MOME Budapest) bestrebt, durch die Verbindung von Wissenschaft und Kunst, Design und kreativer Innovation Antworten auf die Herausforderungen des 21. Jahrhunderts zu finden.",37a38ddb450c81ca919ada6ae453385a,done,https://mome.hu/en/,https://www.instagram.com/mome_budapest/,https://www.facebook.com/momebudapest,https://www.linkedin.com/school/mome-budapest/,done,public,True,True
forumnassociationforimplementingsustainabilityinhighereducationinstitutions-37638ddb450c81999e03f85cbbd6ec8f,37638ddb450c81999e03f85cbbd6ec8f,notion,forum n – association for implementing sustainability in higher education institutions,forum n – Verein zur Vernetzung von Nachhaltigkeit an Hochschulen,Organization,,AT Austria,"The association forum n acts as a platform for supporting, connecting and facilitating dialogue among students at Austrian universities. It aims to contribute to a transformation of higher education institutions and, thereby, to a sustainable society by connecting students to organizations and professional fields beyond academia. With innovative concepts such as “arts of change“, forum n is breaking new ground at the intersection of the arts and professional practice.","Der Verein forum n versteht sich als Plattform zur Unterstützung, Vernetzung und Förderung des Dialogs unter Studierenden an österreichischen Hochschulen. Er trägt durch die Vernetzung von Studierenden mit Organisationen und Berufsfeldern außerhalb der akademischen Welt zu einer Transformation der Hochschulen und damit zu einer nachhaltigen Gesellschaft bei. Mit innovativen Konzepten wie ""arts of change"" beschreitet forum n neue Wege an der Schnittstelle zwischen Kunst und Berufspraxis.",37b38ddb450c8103ac2ce2ef785984e8,done,https://forum-n.at/,https://www.instagram.com/artsofchange/,,,done,public,True,True
TheCultureFuturesLabLASALLECollegeoftheArtsUniversityoftheArtsSingapore-37838ddb450c81a69d87f369d2345fbd,37838ddb450c81a69d87f369d2345fbd,notion,"The Culture Futures Lab, LASALLE College of the Arts, University of the Arts Singapore",,Organization,,SG Singapore,"The Culture Futures Lab is a transdisciplinary research hub at LASALLE College of the Arts, University of the Arts Singapore. Integrating research with artistic practice, the Lab bridges critical inquiry and creative action to help shape the future of culture. As a globally ranked institution anchored in Singapore and rooted in Asia, LASALLE’s interdisciplinary environment inspires the next generation of globally engaged creative leaders under the mentorship of award-winning faculty.","Das Culture Futures Lab ist ein transdisziplinäres Forschungszentrum am LASALLE College of the Arts der University of the Arts Singapore. Durch die Verbindung von Forschung und künstlerischer Praxis schlägt das Lab eine Brücke zwischen kritischer Reflexion und kreativem Handeln, um die Zukunft von Kultur mitzugestalten. Als international anerkannte Institution mit Sitz in Singapur und einer starken Verankerung im asiatischen Kontext inspiriert das interdisziplinäre Umfeld von LASALLE unter der Anleitung vielfach ausgezeichneter Lehrender die nächste Generation global engagierter kreativer Führungskräfte.",37838ddb450c8102b84ae7316552a6ee,done,https://culturefutures.net/ ; https://www.lasalle.edu.sg/,,,https://www.linkedin.com/company/114734009 ; https://www.linkedin.com/school/lasallesg/,done,public,True,True
NationalAsianCultureCenter-37938ddb450c81eba2ccd1144108c6bb,37938ddb450c81eba2ccd1144108c6bb,notion,National Asian Culture Center,,Organization,,KR South Korea,"The National Asian Culture Center (ACC), opened in November 2015, is a Ministry of Culture, Sports and Tourism-affiliated international arts and cultural exchange institution. The ACC produces future-oriented outcomes by combining Asia’s rich history of arts and culture together with new, innovative ideas. Through exchange, education and research into Asian culture and arts, the ACC enhances mutual understanding and serves as a key platform for the exchange, creation and dissemination of Asian cultural and artistic values.","Das National Asian Culture Center (ACC), das im November 2015 eröffnet wurde, ist eine dem Ministerium für Kultur, Sport und Tourismus angegliederte Einrichtung für internationalen Kunst- und Kulturaustausch. Das ACC schafft zukunftsorientierte Ergebnisse, indem es asiatische Kunst und Kultur mit innovativen Ideen verbindet. Mit seinen Aktivitäten in den Bereichen Austausch, Bildung und Forschung fördert das ACC das gegenseitige Verständnis und dient als zentrale Plattform für den Austausch sowie die Schaffung und Verbreitung asiatischer kultureller und künstlerischer Werte.",37938ddb450c81ad9359d7e19cdd9ea1,done,https://www.acc.go.kr/en/index.do,https://www.instagram.com/asianculturecenter?igsh=bXh5eWVlamdjcmwz,https://www.facebook.com/asiaculturecenter.eng,,done,public,True,True
V2_LabfortheUnstableMedia-37938ddb450c81c0b864cf3bcec106db,37938ddb450c81c0b864cf3bcec106db,notion,V2_ Lab for the Unstable Media,,Organization,,NL Netherlands,"V2_ Lab for the Unstable Media is an interdisciplinary center for art and media technology in Rotterdam (the Netherlands). V2_ presents, produces, archives and publishes research at the interface of art, technology and society. Founded in 1981, V2_ offers a platform for artists, designers, scientists, researchers, theorists and developers of software and hardware from various disciplines to discuss their work and share their findings.","V2_, Lab for the Unstable Media ist ein interdisziplinäres Zentrum für Kunst und Medientechnologie in Rotterdam (Niederlande). V2_ präsentiert, produziert, archiviert und veröffentlicht Forschungsergebnisse an der Schnittstelle von Kunst, Technologie und Gesellschaft. Das 1981 gegründete V2_ bietet Künstler*innen, Designer*innen, Wissenschaftler*innen, Forscher*innen, Theoretiker*innen sowie Software- und Hardwareentwickler*innen aus verschiedenen Disziplinen eine Plattform, um ihre Arbeit zu diskutieren und Erkenntnisse auszutauschen.",37a38ddb450c81c3a2b8eb28220c924b; 37a38ddb450c81ed964bc3188d264644; 37a38ddb450c814198dec1eee5c1f025; 39f38ddb450c813194bfccfae0cc78c5,done,https://v2.nl/,https://www.instagram.com/v2_unstable,,https://www.linkedin.com/authwall?trk=bf&trkInfo=AQH1pJ1txdG0QwAAAZ6mvqMgawo_Q-42Oa3JUWVyO9Au8HcfymDYUtZNNT53BWJUus_SXCly97jTfbL4TluwDh6ETEv5jJSYzwamprjtgqtSkwOffx1dFkbWAegYG7vfYBip05Y=&original_referer=&sessionRedirect=https%3A%2F%2Fwww.linkedin.com%2Fcompany%2Fv2_,done,public,True,True
WROArtCenter-37938ddb450c814caf63dd5b16e406d0,37938ddb450c814caf63dd5b16e406d0,notion,WRO Art Center,,Organization,,PL Poland,"WRO Art Center is Poland’s first institution focused on contemporary art, media and communication. It is run by a non-governmental organization. Since 2008, it has operated from a permanent venue in Wrocław, putting on exhibitions and carrying out educational, research and publishing programs. WRO explores the creative potential of new technologies in relations between image, sound and perception. Since 1989, it has organized the WRO Media Art Biennale. The 22nd edition will take place in May 2027.","Das WRO Art Center ist Polens erste Einrichtung, die sich auf zeitgenössische Kunst, Medien und Kommunikation konzentriert. Es wird von einer Nichtregierungsorganisation betrieben. Seit 2008 ist es an einem festen Standort in Wrocław tätig und führt Ausstellungs-, Bildungs-, Forschungs- und Publikationsprogramme durch. WRO erforscht das kreative Potenzial neuer Technologien im Zusammenspiel von Bild, Ton und Wahrnehmung. Seit 1989 organisiert es die WRO Media Art Biennale. Die 22. Ausgabe wird im Mai 2027 stattfinden.",37b38ddb450c819a8fd0dea66075bf3b; 37b38ddb450c81b4b8dee4ffff865d52,done,https://wrocenter.pl/en/,https://www.instagram.com/wroartcenter/,https://www.facebook.com/wroartcenter,,done,public,True,True
LudwigMaximilianUniversityofMunich-37938ddb450c81b1a1e9c1a3e8d322f9,37938ddb450c81b1a1e9c1a3e8d322f9,notion,Ludwig Maximilian University of Munich,,Organization,,DE Germany,"Ludwig Maximilian University of Munich (LMU) is one of Europe’s leading research universities, known for its rich history dating back to 1472 and its broad spectrum of academic disciplines.","Die LMU München ist eine der führenden Forschungsuniversitäten Europas. Sie ist bekannt für ihre lange Tradition, die bis ins Jahr 1472 zurückreicht, sowie für ihr breites Spektrum an akademischen Fachrichtungen.",37938ddb450c81f1a44fca338fcb14e0,done,https://www.lmu.de/de/,https://www.instagram.com/lmu.muenchen/,,,done,public,True,True
InstituteofArtEducationLMU-37938ddb450c81b68a5ff319c0a9d7fc,37938ddb450c81b68a5ff319c0a9d7fc,notion,"Institute of Art Education, LMU",,Organization,,DE Germany,"The Institute of Art Education is part of the Faculty of History and Art Studies. Together with the Institutes of Art History, Music Education, Musicology and Theatre Studies, it forms the Department of Art Studies at LMU. The program focuses on the teaching of fine arts both within and beyond public schools. It encompasses the development of practical artistic skills, as well as the acquisition of subject-related, theoretical and didactic knowledge.","Das Institut für Kunstpädagogik ist Teil der Fakultät für Geschichts- und Kunstwissenschaften. Zusammen mit den Instituten für Kunstgeschichte, Musikpädagogik, Musikwissenschaft und Theaterwissenschaft bildet es das Department Kunstwissenschaften an der LMU. Das Programm konzentriert sich auf den Unterricht in den bildenden Künsten sowohl innerhalb als auch außerhalb des öffentlichen Schulwesens. Es umfasst die Entwicklung praktischer künstlerischer Fähigkeiten sowie den Erwerb fachbezogener, theoretischer und didaktischer Kenntnisse.",37938ddb450c81f1a44fca338fcb14e0,done,https://www.lmu.de/kunstwissenschaften/de/faecher/kunstpaedagogik/,https://www.instagram.com/kunstlmu/,,,done,public,True,True
TheSchooloftheArtInstituteofChicago-37a38ddb450c8138b89fda0540b9cdba,37a38ddb450c8138b89fda0540b9cdba,notion,The School of the Art Institute of Chicago,,Organization,,US United States,"Art and Technology / Sound Practices (AT/SP) is a place to explore artistic production with technology, sound or their limitless hybrid forms through focused study and interdisciplinary exploration. AT/SP integrates skills-based learning with conceptual investigation and critical interrogation to prepare students to be creative and productive citizens in the realm of culture.","Art and Technology / Sound Practices (AT/SP) bietet einen Raum, in dem künstlerische Produktionsformen mit Technologie, Klang sowie deren vielfältigen hybriden Verbindungen durch vertieftes Studium und interdisziplinäre Auseinandersetzungen erkundet werden können. AT/SP verbindet praxisorientiertes Lernen mit konzeptioneller Forschung und kritischer Reflexion. Ziel ist es, Student*innen darauf vorzubereiten, als kreative und produktive Akteur*innen des kulturellen Lebens zu wirken.",37a38ddb450c81889fffee840f2e17ec; 38d38ddb450c819299c5c9e485b6770c,done,https://www.saic.edu/atsp,,,,done,public,True,True
DivisionofArtsandMachineCreativityTheHongKongUniversityofScienceandTechnology-37a38ddb450c8153b890f36403ce9fc6,37a38ddb450c8153b890f36403ce9fc6,notion,"Division of Arts and Machine Creativity, The Hong Kong University of Science and Technology",,Organization,,HK Hong Kong,"To cultivate greater creativity of science and technology in academia, the Division of Arts and Machine Creativity (AMC) will lead the establishment of an academic unit dedicated to the development of Art + Tech, leveraging its strengths in engineering and Artificial Intelligence, prioritizing applications particularly suitable for machine-assisted art practice in various art forms and contributing to this emerging academic field and industry.","Zur Förderung der Kreativität in Wissenschaft und Technik im akademischen Umfeld treibt die Division of Arts and Machine Creativity (AMC) den Aufbau einer akademischen Abteilung voran, die sich der Entwicklung von Art + Tech widmet. Dabei werden die vorhandenen Stärken in den Bereichen Ingenieurwissenschaften und künstliche Intelligenz genutzt, wobei der Schwerpunkt auf Anwendungen liegt, die sich besonders für eine maschinengestützte künstlerische Praxis in verschiedenen Kunstformen eignen. Damit soll ein Beitrag zur Entwicklung dieses aufstrebenden Forschungsfeldes sowie der damit verbundenen Industrie geleistet werden.",37a38ddb450c814382bdcae8a3b55769,done,https://amc.hkust.edu.hk/,https://www.instagram.com/hkust.amc,https://www.facebook.com/hkust.amc,https://www.linkedin.com/company/hkustamc,done,public,True,True
DepartmentofTransmediaArtXianAcademyofFineArts-37a38ddb450c816382a4fb29d0c6b1af,37a38ddb450c816382a4fb29d0c6b1af,notion,"Department of Transmedia Art, Xi'an Academy of Fine Arts",,Organization,,CN China,"Xi’an Academy of Fine Arts (XAFA), founded in 1949, is a leading art university in Northwest China. Drawing on both Chinese cultural traditions and contemporary artistic practice, the academy fosters creative research across art, design and visual culture. Its Department of Transmedia Art focuses on experimental and interdisciplinary approaches connecting art, technology and society.","Die 1949 gegründete Xi’an Academy of Fine Arts (XAFA) ist eine renommierte Kunsthochschule im Nordwesten Chinas. Auf der Grundlage sowohl chinesischer Kulturtraditionen als auch zeitgenössischer künstlerischer Praxis fördert die Akademie kreative Forschung in den Bereichen Kunst, Design und visuelle Kultur. Der Fachbereich für Transmediale Kunst konzentriert sich auf experimentelle und interdisziplinäre Ansätze, die Kunst, Technologie und Gesellschaft miteinander verbinden.",37a38ddb450c812ca3cdf6d19918742e,done,https://www.xafa.edu.cn,,,,done,public,True,True
DepartmentofDigitalMediaHongKongDesignInstituteHKDI-37a38ddb450c813f9301e4ea0927e0f6,37a38ddb450c813f9301e4ea0927e0f6,notion,"Department of Digital Media, Hong Kong Design Institute (HKDI)",,Organization,,HK Hong Kong,"Hong Kong Design Institute (HKDI), a Vocational Training Council (VTC) member, is a leading design institution in Hong Kong. HKDI offers quality education to nurture creative talent for the industry. With departments in Architecture, Interior and Product Design, Communication Design, Digital Media and Fashion and Image Design, HKDI provides over 20 full-time design programs, flexible pathways from higher diploma to bachelor degrees from UK or local universities, plus continuing education.","Das Hong Kong Design Institute (HKDI), ein Mitglied des Vocational Training Council (VTC), ist eine renommierte Designhochschule in Hongkong. Das HKDI bietet eine hochwertige Ausbildung zur Förderung kreativer Talente für die Branche. Mit Fachbereichen in Architektur, Innenarchitektur und Produktdesign, Kommunikationsdesign, Digitalen Medien sowie Mode- und Imagedesign bietet das HKDI mehr als 20 Vollzeit-Designstudiengänge. Darüber hinaus ermöglicht das Institut flexible Bildungswege vom Higher Diploma bis hin zu Bachelor-Abschlüssen britischer oder lokaler Universitäten sowie Weiterbildungsangebote.",37a38ddb450c81be9a12f8321a71f694; 3a438ddb450c81a98c57ea43822ff5f1,done,https://hkdi.edu.hk/EN,https://www.instagram.com/hkdi_hongkongdesigninstitute,https://www.facebook.com/HKDI.HongKongDesignInstitute,https://www.linkedin.com/school/hong-kong-design-institute/?originalSubdomain=hk,done,public,True,True
Tetem-37a38ddb450c81f69d89efd85893df23,37a38ddb450c81f69d89efd85893df23,notion,Tetem,,Organization,,NL Netherlands,"Through its broad programming, Tetem tells the story of an evolving society and adds context and meaning through various program lines. We operate in the broad field of digital media, technology, science and design. Connecting and imagining based on content are central to our programming. Engaged as we are with the modern world, we collaborate with makers, partners and the public on current societal issues.","Durch sein vielfältiges Programm erzählt Tetem die Geschichte einer sich wandelnden Gesellschaft und schafft durch unterschiedliche Programmlinien Kontext und Bedeutung. Tetem arbeitet im breiten Feld von digitalen Medien, Technologie, Wissenschaft und Design. Das Verbinden von Perspektiven sowie das gemeinsame Entwickeln von Zukunftsvorstellungen auf Basis relevanter Inhalte stehen dabei im Mittelpunkt der Programmarbeit. Die Organisation setzt sich mit den Herausforderungen der Gegenwart auseinander und arbeitet gemeinsam mit Kreativschaffenden, Partnerorganisationen und der Öffentlichkeit an aktuellen gesellschaftlichen Fragestellungen.",37a38ddb450c814abab3e9a35afa66f1,done,https://tetem.nl/,https://www.instagram.com/tetemcommunity/,https://www.facebook.com/TetemYoung,https://www.linkedin.com/company/tetem/,done,public,True,True
RaAsensi-37a38ddb450c81799829f73f2d56be5a,37a38ddb450c81799829f73f2d56be5a,notion,Ra Asensi,,Person,they/them,ES Spain,"Ra Asensi is an artist generating works to (ex)tend the material limits of the body. Their productions are influenced by ceramic processes, performances, photography and sculpture.","Ra Asensi ist Künstler*in und schafft Arbeiten, die sich den materiellen Grenzen des Körpers zuwenden und sie erweitern. Ihre Produktionen sind beeinflusst von keramischen Prozessen, Performance, Fotografie und Skulptur.",37a38ddb450c815da236cdf331323546; 37a38ddb450c814198dec1eee5c1f025,done,,https://www.instagram.com/raasensi/,https://www.facebook.com/raquelasensiART/,,done,public,True,True
GkayAtabek-37a38ddb450c81258c79d17354de31a3,37a38ddb450c81258c79d17354de31a3,notion,Gökay Atabek,,Person,he/him,TR Turkey,"Gökay Atabek is a media artist and musician, originally from Istanbul, who is currently based in The Hague. In 2018, he founded Volksamt! Kultur Manufaktur, a de facto collective for intermedia art and experimental music, specializing in genuine imitations.","Gökay Atabek ist Medienkünstler und Musiker. Er stammt ursprünglich aus Istanbul und lebt in Den Haag. 2018 gründete er Volksamt! Kultur Manufaktur, ein Kollektiv für intermediale Kunst und experimentelle Musik, das sich auf genuine Imitationen spezialisiert hat.",37a38ddb450c81dba99fd76d813af131; 39f38ddb450c813194bfccfae0cc78c5,done,https://volksamt.org/,,,,done,public,True,True
Sondi-37a38ddb450c8155bbdfe064af7591df,37a38ddb450c8155bbdfe064af7591df,notion,Sondi,,Person,she/her,"CM Cameroon, DE Germany","Sondi is a new media artist from Germany, who was born in Cameroon and is currently based in the Netherlands. Her artistic process centers around the concept of world-building, creating virtual environments where memory, ancestry and imagination enter into being.","Sondi ist eine New-Media-Künstlerin aus Deutschland, die in Kamerun geboren wurde und derzeit in den Niederlanden lebt. Im Zentrum ihres künstlerischen Schaffens steht das Konzept des World-Building: Sie erschafft virtuelle Umgebungen, in denen Erinnerung, Ahnenschaft und Imagination Gestalt annehmen.",37a38ddb450c814195a6d734e13b6349,done,https://www.sondi.online/,https://www.instagram.com/sondi.online/,,,done,public,True,True
BorisDebackere-37a38ddb450c81509751d9d15914b856,37a38ddb450c81509751d9d15914b856,notion,Boris Debackere,,Person,he/him,BE Belgium,"Boris Debackere is head of production at V2_ Lab in Rotterdam and also lectures at LUCA School of Arts, KU Leuven. As a media artist, his main interest is in the potential integration of different forms of expression, with a particular emphasis on electronic sound and image.","Boris Debackere ist Produktionsleiter am V2_ Lab in Rotterdam und lehrt an der LUCA School of Arts der KU Leuven. Als Medienkünstler interessiert er sich vor allem für die Verbindung verschiedener Ausdrucksformen, insbesondere elektronischer Klang- und Bildmedien.",37a38ddb450c81ed964bc3188d264644,done,https://v2.nl,,,,done,public,True,True
FlorianWeigl-37a38ddb450c81d886b2fadf4e597f9c,37a38ddb450c81d886b2fadf4e597f9c,notion,Florian Weigl,,Person,he/him,NL Netherlands,"Florian Weigl works as curator at V2_. He focuses on the intersection of art and contemporary technology, particularly in relation to societal questions. His work develops critical dialogue in close collaboration with artists, combining artistic reflection with practice-based research. He joined the curatorial team at V2_ in 2015, where he works on both presenting and co-producing artistic projects and research.","Florian Weigl ist Kurator am V2_. Seine Arbeit bewegt sich an der Schnittstelle von Kunst und zeitgenössischer Technologie und setzt sich insbesondere mit gesellschaftlichen Fragestellungen auseinander. Gemeinsam mit Künstler*innen entwickelt er kritische Dialoge, die künstlerische Reflexion und praxisbasierte Forschung miteinander verbinden. Seit 2015 ist er Teil des kuratorischen Teams am V2_ und wirkt dort an der Präsentation sowie an der Co-Produktion künstlerischer Projekte und Forschungsvorhaben mit.",37a38ddb450c81ed964bc3188d264644,done,https://v2.nl/,https://www.instagram.com/florianweigl_/,,,done,public,True,True
UniversityofSeville-37a38ddb450c81da8373e3aa3a1a5bf1,37a38ddb450c81da8373e3aa3a1a5bf1,notion,University of Seville,,Organization,,ES Spain,"Founded in 1505, the University of Seville is one of Spain’s leading public universities and the foremost institution in Andalusia. Renowned for its rich heritage, it offers a broad spectrum of degrees across all fields of knowledge. Ranked among the world’s top 2% of universities (CWUR 2025), it promotes excellence in research, education and knowledge transfer across all fields. Through international collaboration and societal engagement, it contributes to addressing contemporary challenges.","Die Universität Sevilla wurde 1505 gegründet und zählt zu den führenden öffentlichen Universitäten Spaniens. Die bedeutendsten Hochschule Andalusiens ist für ihre lange Tradition bekannt und bietet ein breites Spektrum an Studiengängen in sämtlichen Wissensbereichen an. Sie gehört zu den besten 2 % der Universitäten weltweit (CWUR 2025) und fördert Exzellenz in Forschung, Lehre und Wissenstransfer über alle Fachgebiete hinweg. Durch internationale Kollaborationen und gesellschaftliches Engagement trägt sie zur Bewältigung aktueller Herausforderungen bei.",37a38ddb450c81af8650e32a3f67db9b,done,https://www.us.es/,https://www.instagram.com/unisevilla/?hl=es,https://www.facebook.com/UniversidaddeSevillaoficial/?locale=es_ES,https://www.linkedin.com/school/universidad-de-sevilla/posts/?feedView=all,done,public,True,True
ASTERISMArt-Science-Technology-EngineeringResearchInnovationSynergiesandMethodologies-37a38ddb450c819c96f9f64f2fc710d6,37a38ddb450c819c96f9f64f2fc710d6,notion,"ASTERISM: Art-Science-Technology-Engineering: Research, Innovation, Synergies and Methodologies",,Organization,,ES Spain,"An Andalusian research group (ICT-247) that supports cross-pollination among arts, sciences and technologies through innovative interdisciplinary participatory practices.The group fosters computational, creative, critical thinking as well as emotional intelligence in both education and society. It develops transdisciplinary SciArt+Tech+Soc methodologies, STEAM learning with a service and gender focus, inclusive experiences and strategies for integrating ICT in classrooms and vulnerable social contexts.","Die andalusische Forschungsgruppe (ICT-247) fördert die wechselseitige Durchdringung von Kunst, Wissenschaft und Technologie durch innovative, interdisziplinäre partizipative Ansätze. Die Gruppe stärkt computergestütztes, kreatives und kritisches Denken sowie emotionale Intelligenz in Bildung und Gesellschaft. Sie entwickelt transdisziplinäre SciArt+Tech+Soc-Methodologien, STEAM-Lernansätze mit Fokus auf soziale Dienstleistungen und Gender, inklusive Erfahrungsräume sowie Strategien zur Integration von Informations- und Kommunikationstechnologien in den Unterricht und in sozial benachteiligten Kontexten.",37a38ddb450c81af8650e32a3f67db9b,done,https://investigacion.us.es/sisius/grupo/TIC247,,,,done,public,True,True
ASTERSArtScienceTechnologyEngineeringResearchforwithSociety-37a38ddb450c815899bad84cb72e6525,37a38ddb450c815899bad84cb72e6525,notion,"ASTER+S: Art, Science, Technology, Engineering: Research for + with Society",,Organization,,ES Spain,"ASTER+S is a research project that responds to social challenges by promoting transdisciplinary dialogue among Art, Science, Technology & Society. It fosters co-creation, art-science communication and cultural innovation to inspire new vocations and stimulate creative and critical thinking. By using their own “eco-SciArt” and “eco-STEAM"" methods in hackathons, exhibitions and public engagement activities, they investigate how knowledge and collective action may contribute to a more responsible society.","Das Forschungsprojekt ASTER+S reagiert auf gesellschaftliche Herausforderungen, indem es den transdisziplinären Dialog zwischen Kunst, Wissenschaft, Technologie und Gesellschaft fördert. Es unterstützt Co-Creation, die Kommunikation zwischen Kunst und Wissenschaft sowie kulturelle Innovation, um Talent zu fördern sowie Kreativität und kritisches Denken zu wecken. Durch die Anwendung der eigens entwickelten “eco-SciArt”- und “eco-STEAM”-Methoden in Hackathons, Ausstellungen und Vermittlungsformaten untersucht das Projekt, wie Wissen und kollektives Handeln zu einer verantwortungsbewussteren Gesellschaft beitragen können.",37a38ddb450c81af8650e32a3f67db9b,done,https://aster.us.es/alleditions/en/,https://www.instagram.com/asterproyecto/,https://www.facebook.com/people/Proyecto-ASTER/100084281882557/#,,done,public,True,True
PontificalCatholicUniversityofCampinas-37a38ddb450c810ab410ed42b97b5645,37a38ddb450c810ab410ed42b97b5645,notion,Pontifical Catholic University of Campinas,,Organization,,BR Brazil,"The Pontifical University of Campinas (PUC-Campinas) combines a strong tradition with a connection to the contemporary world and its various transformations. A focus on the future, innovation, entrepreneurship and sustainability forms the basis of its approach, which integrates the evolution of science, knowledge and technology in multidisciplinary ways. PUC-Campinas has 6 schools that are home to 68 undergraduate courses and 8 graduate programs, of which 5 offer both master’s and doctoral degrees.","Die PUC-Campinas University verbindet eine lange Tradition mit einer engen Verbindung zur heutigen Welt und ihren Transformationen. Zukunft, Innovation, Unternehmertum und Nachhaltigkeit bilden die Grundlage für ein Umfeld, das die Entwicklung von Wissenschaft, Wissen und Technologie auf multidisziplinäre Weise integriert. Die PUC-Campinas verfügt über sechs Fakultäten, an denen 68 Bachelor-und acht Master-Studiengänge angeboten werden, von denen fünf sowohl Master- als auch Promotionsabschlüsse ermöglichen.",37b38ddb450c81058d02e2ce0a99acf3,done,https://www.puc-campinas.edu.br/,https://www.instagram.com/puccampinas/,,https://www.linkedin.com/school/puccampinas/,done,public,True,True
CommunicationDesignSchoolofCultureandDesignUniversityofAppliedSciencesBerlin-37a38ddb450c817d9159e5c75bce5ddc,37a38ddb450c817d9159e5c75bce5ddc,notion,"Communication Design, School of Culture and Design, University of Applied Sciences Berlin","Kommunikationsdesign, School of Culture and Design, Hochschule für Technik und Wirtschaft Berlin",Organization,,DE Germany,"The Communication Design program at the University of Applied Sciences Berlin includes a wide-ranging curriculum that spans traditional design disciplines to designing with future and high technologies, and is closely interwoven with Berlin’s dynamic tech and media art landscape. The university offers degree programmes in the fields of engineering, computer science, business and design, and is located in one of the most important historical industrial areas in Europe, the so-called Elektropolis Berlin.","Der Studiengang Kommunikationsdesign der HTW Berlin umfasst ein breit gefächertes Curriculum, das von traditionellen Designdisziplinen bis hin zur Gestaltung mit Zukunfts- und Hochtechnologien reicht und eng mit der dynamischen Technologie- und Medienlandschaft Berlins verwoben ist. Die Hochschule bietet Studiengänge in den Bereichen Ingenieurwesen, Informatik, Wirtschaft und Design an und befindet sich in einem der wichtigsten historischen Industriegebiete Europas, der sogenannten Elektropolis.",37a38ddb450c81c0ac6cc9384dd61083; 38e38ddb450c812fbdeaf19f6dca8b94,done,https://kd.htw-berlin.de/,https://www.instagram.com/htwkd/,,,done,public,True,True
FederalUniversityofGois-37a38ddb450c8178aef6d67a1a936988,37a38ddb450c8178aef6d67a1a936988,notion,Federal University of Goiás,,Organization,,BR Brazil,"The Federal University of Goiás (UFG) is a teaching, research and outreach institution that aims to produce, systematize and disseminate knowledge and expertise, training individuals and professionals committed to the transformation and development of society. Throughout its more than 60-year history, UFG has diversified and expanded its activities and today offers more than 100 on-campus undergraduate programs and three distance learning programs.","Die Federal University of Goiás (UFG) ist eine Einrichtung für Lehre, Forschung und gesellschaftliches Engagement, deren Ziel es ist, Wissen und Fachkompetenz zu generieren, zu systematisieren und zu verbreiten. Sie bildet Fachkräfte und Bürger*innen aus, die sich für die Transformation und Weiterentwicklung der Gesellschaft einsetzen. Im Laufe ihrer mehr als 60-jährigen Geschichte hat die UFG ihre Aktivitäten diversifiziert und ausgebaut. Heute bietet sie mehr als 100 Präsenzstudiengänge auf Bachelor-Niveau sowie drei Fernstudienprogramme an.",37b38ddb450c81058d02e2ce0a99acf3,done,https://ufg.br,https://www.instagram.com/ufg_oficial,https://www.facebook.com/universidadefederaldegoias/?fref=ts#,,done,public,True,True
InstitutoMaudeTecnologia-37a38ddb450c816eba29ccf49d1b51cc,37a38ddb450c816eba29ccf49d1b51cc,notion,Instituto Mauá de Tecnologia,,Organization,,BR Brazil,"Instituto Mauá de Tecnologia (IMT) is a private, non-profit institution serving a public purpose. Founded in 1961 in São Paulo, Brazil, IMT operates a University Center and a Research and Testing Center across two campuses, encompassing 130,000 square meters. Serving around 3,000 students, it offers undergraduate and graduate programs in Engineering, Business, Design, Architecture and Technology, supported by applied research, innovation initiatives, laboratories and strong industry partnerships.","Das Instituto Mauá de Tecnologia (IMT) ist eine private, gemeinnützige Institution mit öffentlichem Auftrag. Es wurde 1961 in São Paulo gegründet und betreibt ein Universitätszentrum sowie ein Forschungs- und Prüfzentrum auf zwei Campusgeländen mit einer Gesamtfläche von 130.000 m².
Mit rund 3.000 Studierenden bietet das IMT Bachelor- und Masterstudiengänge in den Bereichen Ingenieurwesen, Betriebswirtschaft, Design, Architektur und Technologie an. Unterstützt werden diese Programme durch anwendungsorientierte Forschung, Innovationsinitiativen, Forschungslabore sowie enge Kooperationen mit der Industrie.",37b38ddb450c81058d02e2ce0a99acf3,done,https://www.maua.br/,https://www.instagram.com/infomaua/,https://www.facebook.com/InstitutoMaua,https://www.linkedin.com/school/479773,done,public,True,True
InstituteofCreativityandInnovationXiamenUniversity-37b38ddb450c8165bbd1e8def637e014,37b38ddb450c8165bbd1e8def637e014,notion,"Institute of Creativity and Innovation, Xiamen University",,Organization,,CN China,"The Institute of Creativity and Innovation (ICI) was established in 2019 through the joint partnership between Xiamen University (XMU), China and the University for the Creative Arts (UCA), UK. ICI currently offers three programs—Visual Communication Design, Environmental Design and Digital Media Arts—leveraging XMU’s academic breadth and UCA’s creative expertise to nurture independent thinkers with global vision, multidisciplinary knowledge, critical thinking, creativity and the capacity for innovation.","Das Institute of Creativity and Innovation (ICI) wurde 2019 im Rahmen einer Partnerschaft zwischen der Xiamen University (XMU) in China und der University for the Creative Arts (UCA) im Vereinigten Königreich gegründet. Das ICI bietet derzeit drei Studiengänge an – Visuelles Kommunikationsdesign, Umweltdesign und Digitale Medienkunst – und nutzt dabei die akademische Bandbreite der XMU sowie die kreative Expertise der UCA, um eigenständige Denker*innen mit globaler Perspektive, interdisziplinärem Wissen, kritischem Denkvermögen sowie Kreativität und Innovationsfähigkeit auszubilden.",37b38ddb450c81f3b0f0e03383de65db,done,https://ici.xmu.edu.cn/,,,,done,public,True,True
VCUartsQatar-37b38ddb450c81d49a62e89d017e8351,37b38ddb450c81d49a62e89d017e8351,notion,VCUarts Qatar,,Organization,,QA Qatar,"VCUarts Qatar is the Qatar campus of the prestigious Virginia Commonwealth University School of the Arts in Richmond, Virginia. Established in 1998 through a partnership with the Qatar Foundation, VCUarts Qatar offers students the opportunity to earn a Bachelor of Fine Arts degree in Graphic Design, Interior Design, Kinetic Imaging and Painting and Printmaking; a Bachelor of Arts degree in Art History; and a Master of Fine Arts degree in Design.","VCUarts Qatar ist der Standort in Katar der renommierten Virginia Commonwealth University School of the Arts in Richmond, Virginia. Gegründet 1998 in Partnerschaft mit der Qatar Foundation, bietet der Campus Studierenden die Möglichkeit, einen Bachelor of Fine Arts in Grafikdesign, Innenarchitektur, Kinetic Imaging sowie Malerei und Druckgrafik zu erwerben, einen Bachelor of Arts in Kunstgeschichte sowie einen Master of Fine Arts in Design.",37b38ddb450c81499808fbe6b791bd1c,done,https://qatar.vcu.edu/,https://www.instagram.com/vcuqatar/,https://www.facebook.com/VCUQatar/,https://www.linkedin.com/school/virginia-commonwealth-university-school-of-the-arts-in-qatar/,done,public,True,True
FrancescaBrigand-37b38ddb450c81d69656ee17f49bfbc7,37b38ddb450c81d69656ee17f49bfbc7,notion,Francesca Brigandí,,Person,she/her,IT Italy,"BSP is the stage name of Italian artist Francesca Brigandí, creator of a synesthetic performance system where live singing, painting and sensor-equipped canvases merge into a single instrument, transforming every brushstroke into sound. Her work explores perception, socio-ecological change and interconnectedness. BSP has performed at the Venice Biennale and Tate Modern, and her practice was featured in the Sky Arts documentary The Blending of Senses.","BSP ist der Künstler*innenname der italienischen Künstlerin Francesca Brigandí. Sie entwickelte ein synästhetisches Performancesystem, bei dem Live-Gesang, Malerei und mit Sensoren ausgestattete Leinwände zu einem einzigen Instrument verschmelzen, sodass jeder Pinselstrich in Klang verwandelt wird. Ihre Arbeiten beschäftigen sich mit Wahrnehmung, sozioökologischem Wandel und der Verbundenheit aller Dinge. BSP trat unter anderem auf der Biennale von Venedig und in der Tate Modern auf. Ihre künstlerische Praxis wurde außerdem im Sky Arts Dokumentarfilm The Blending of Senses porträtiert.",37b38ddb450c81869cbdf07f1245b795,done,https://bspworld.art/,https://www.instagram.com/bsp.performs/,,,done,public,True,True
SungkyunkwanUniversitySKKU-Seoul-37b38ddb450c81b1acdddc15d3f13dd1,37b38ddb450c81b1acdddc15d3f13dd1,notion,Sungkyunkwan University (SKKU)-Seoul,,Organization,,KR South Korea,"School of Convergence at Sungkyunkwan University (SKKU) advances interdisciplinary education and research across Artificial Intelligence, data science, culture, and technology. Founded in 2019 as Korea’s pioneering AI convergence program, it has expanded to integrate data science and culture-technology education, cultivating students who connect technical expertise with human, social, and cultural understanding to address real-world challenges through creative practice and collaboration.","Die School of Convergence der Sungkyunkwan University (SKKU) fördert interdisziplinäre Lehre und Forschung in den Bereichen Künstliche Intelligenz, Data Science, Kultur und Technologie. Gegründet im Jahr 2019 als Südkoreas erstes Programm für KI-Konvergenz, wurde die School of Convergence kontinuierlich erweitert und integriert heute auch Data Science sowie Lehre im Bereich Kultur und Technologie. Ziel ist es, Studierende auszubilden, die technisches Fachwissen mit menschlichem, gesellschaftlichem und kulturellem Verständnis verbinden, um aktuelle Herausforderungen durch kreative Praxis und Kollaboration zu bewältigen.",37b38ddb450c8147a843cf90cfcc4cc6,done,https://www.skku.edu/,,,,done,public,True,True
KoreaNationalUniversityofArtsArtandTechnologyLab-37b38ddb450c815cb3c5d3a6e10501a6,37b38ddb450c815cb3c5d3a6e10501a6,notion,Korea National University of Arts – Art and Technology Lab,,Organization,,KR South Korea,"The Art and Technology Lab at Korea National University of Arts is an interdisciplinary research and creation lab exploring the intersections of art, technology, immersive media, Artificial Intelligence, performance and future storytelling. Through experimental projects, exhibitions and international collaborations, the lab supports artists and researchers in developing new forms of creative expression across Virtual Reality, Extended Reality, generative Artificial Intelligence and interactive environments.","Das Art and Technology Lab der Korea National University of Arts ist ein interdisziplinäres Forschungs- und Kreativlabor, das die Schnittstellen von Kunst, Technologie, immersiven Medien, KI, Performance und Future Storytelling erkundet. Durch experimentelle Projekte, Ausstellungen und internationale Kooperationen unterstützt das Labor Künstler*innen sowie Forscher*innen bei der Entwicklung neuer Formen kreativen Ausdrucks in den Bereichen VR, XR, generative KI und interaktive Umgebungen.",39e38ddb450c81178441fe16eb8078e1,done,http://kartsat.com/,https://www.instagram.com/karts_at,,,done,public,True,True
ligeticenter-37b38ddb450c81e1a9beff370e0d2fd7,37b38ddb450c81e1a9beff370e0d2fd7,notion,ligeti center,,Organization,,DE Germany,"The ligeti center is an interdisciplinary translation center in Hamburg, Germany, which bridges the arts, science, technology and health. Named after composer György Ligeti, the center was established in 2023 as a joint project of the Hamburg University of Music and Drama, the Hamburg University of Applied Sciences, the Hamburg University of Technology and the University Medical Center Hamburg-Eppendorf. It is funded through the federal and state initiative “Innovative Hochschule”.","Das ligeti zentrum ist ein interdisziplinäres Transferzentrum in Hamburg, das Brücken zwischen den Künsten, der Wissenschaft, Gesundheit und Technologien schlägt. Benannt nach dem Komponisten György Ligeti, wurde das Zentrum 2023 als gemeinsames Projekt der Hochschule für Musik und Theater Hamburg, der Hochschule für Angewandte Wissenschaften Hamburg, der Technischen Universität Hamburg und des Universitätsklinikums Hamburg-Eppendorf gegründet. Gefördert wird das ligeti zentrum im Rahmen der Bund-Länder-Initiative “Innovative Hochschule”.",38038ddb450c81119265da26c0b37b56,done,https://ligeti-zentrum.de,https://www.instagram.com/ligetizentrum/,,https://www.linkedin.com/company/ligeti-zentrum,done,public,True,True
SouthernUniversityofScienceandTechnologySUSTech-37b38ddb450c8170ad1dc5edbb171718,37b38ddb450c8170ad1dc5edbb171718,notion,Southern University of Science and Technology (SUSTech),,Organization,,CN China,"The Southern University of Science and Technology (SUSTech) is a research-oriented university located in Shenzhen, China. It promotes interdisciplinary education and research across science, engineering, technology, medicine, the humanities and design. Through an international and innovation-driven environment, SUSTech encourages collaboration and the development of new approaches to complex social, technological and environmental challenges.","Die Southern University of Science and Technology (SUSTech) ist eine forschungsorientierte Universität in Shenzhen. Sie fördert interdisziplinäre Lehre und Forschung in den Bereichen Naturwissenschaften, Ingenieurwissenschaften, Technologie, Medizin, Geisteswissenschaften und Design. Durch ein internationales und innovationsorientiertes Umfeld unterstützt die SUSTech die Zusammenarbeit über Fachgrenzen hinweg sowie die Entwicklung neuer Ansätze zur Bewältigung komplexer gesellschaftlicher, technologischer und ökologischer Herausforderungen.",37b38ddb450c8129b0f8f02c7aedd52f,done,https://www.sustech.edu.cn/,,,,done,public,True,True
ComputationalMediaandArtsCMAHongKongUniversityofScienceandTechnologyGuangzhouHKUST-GZ-37b38ddb450c815882bbf9eb9fa548cc,37b38ddb450c815882bbf9eb9fa548cc,notion,"Computational Media and Arts (CMA), Hong Kong University of Science and Technology (Guangzhou) (HKUST-GZ)",,Organization,,CN China,"Computational Media and Arts (CMA) within the Information Hub at the Hong Kong University of Science and Technology (Guangzhou) explores the intersection of technology, art and design. The program’s focus is on computational art, including AR, VR and AI art, as well as robotics, sonic arts, games, design, data visualization, human-computer interaction, computer graphics, and cinema, integrating technology with artistic practice to push creative boundaries and make a lasting social impact.","Der Studiengang Computational Media and Arts (CMA) am Information Hub der Hong Kong University of Science and Technology (Guangzhou) befasst sich mit der Schnittstelle zwischen Technologie, Kunst und Design. Der Schwerpunkt des Programms liegt auf computergestützter Kunst, darunter AR-, VR- und KI-Kunst, Robotik, Klangkunst, Spielentwicklung, Design, Datenvisualisierung, Mensch-Computer-Interaktion (HCI), Computergrafik und Film. Dabei werden Technologie und künstlerische Praxis miteinander verbunden, um kreative Grenzen zu erweitern und einen nachhaltigen gesellschaftlichen Einfluss zu erzielen.",37b38ddb450c8105ba03f1b3ff04ebae,done,https://cma.hkust-gz.edu.cn/,https://www.instagram.com/hkustgz_cma/,https://www.facebook.com/hkustguangzhou,https://www.linkedin.com/school/hkustguangzhou/,done,public,True,True
CenterforHuman-MachineCreativityUniversityofChicago-37b38ddb450c818c8f73feb07d99fb8b,37b38ddb450c818c8f73feb07d99fb8b,notion,"Center for Human-Machine Creativity, University of Chicago",,Organization,,US United States,"The Center for Human-Machine Creativity (CHMC) at the University of Chicago examines creativity as a cultural, cognitive and material process. Bringing together researchers from the arts, humanities, social sciences and computational fields, CHMC situates emerging AI technologies within broader historical, aesthetic and ethical contexts, developing critical frameworks for understanding creativity, authorship and collaboration in an age of generative systems.","Das Center for Human-Machine Creativity (CHMC) an der University of Chicago untersucht Kreativität als kulturellen, kognitiven und materiellen Prozess. Das CHMC bringt Forscher*innen aus den Bereichen Kunst, Geistes- und Sozialwissenschaften sowie computergestützten Feldern zusammen und verortet neue KI-Technologien in breiteren historischen, ästhetischen und ethischen Zusammenhängen. Dabei entwickelt es kritische Rahmenkonzepte um Kreativität, Urheberschaft und Zusammenarbeit im Zeitalter generativer Systeme besser zu verstehen.",37b38ddb450c81afa580f01ab46c0642,done,,,,,done,public,True,True
KyotoCityUniversityofArtsincollaborationwithCPLab.Kyoto-37b38ddb450c8169a4dce36939b82c13,37b38ddb450c8169a4dce36939b82c13,notion,Kyoto City University of Arts in collaboration with CP Lab. Kyoto,,Organization,,JP Japan,"Founded in 1880 as the Kyoto Prefectural School of Painting, the first public painting specialist school in Japan, Kyoto City University of Arts is the oldest art university in Japan. With a history spanning over 130 years, and with the rich beauty of the cultural capital of Kyoto as its background, this art and music school has contributed to both the Japanese and international art and industrial worlds by producing a great number of highly talented individuals.",Die Kyoto City University of Arts wurde 1880 als Kyoto Prefectural School of Painting gegründet. Sie ist die erste öffentliche Fachschule für Malerei in Japan und damit die älteste Kunstuniversität des Landes. Mit einer Geschichte von über 130 Jahren und vor dem Hintergrund der reichen kulturellen Schönheit der ehemaligen Hauptstadt Kyoto hat die Hochschule für Kunst und Musik durch die Ausbildung zahlreicher hochbegabter Persönlichkeiten einen bedeutenden Beitrag zur japanischen und internationalen Kunstwelt und Industrie geleistet.,37b38ddb450c8116b812f10df294c863,done,https://www.kcua.ac.jp/,https://www.instagram.com/kyoto_geidai/,https://www.facebook.com/kcua.ac.jp,,done,public,True,True
ChairsofMediaEnvironmentsandAcousticEcologiesattheFacultyofMediaArtandDesignBauhausUniversittWeimar-37b38ddb450c81a9bda6f6500902dcd3,37b38ddb450c81a9bda6f6500902dcd3,notion,"Chairs of Media Environments and Acoustic Ecologies at the Faculty of Media Art and Design, Bauhaus Universität Weimar",Bauhaus Universität Weimar,Organization,,DE Germany,"The Chairs of Media Environments and Acoustic Ecologies at Bauhaus-Universität Weimar approach ecology as both research and practice. Drawing upon the 1950s concept of “environment”, they explore the interplay of art, life and technology. Through transdisciplinary work, they examine how organisms co-exist within relational networks, fostering awareness of our embeddedness within complex ecological systems.","Die Lehrstühle für Media Environments und Akustische Ökologien an der Bauhaus-Universität Weimar verstehen Ökologie sowohl als Forschungsgebiet als auch als Praxis. Ausgehend vom Konzept der “Umwelt” aus den 1950er-Jahren untersuchen sie das Zusammenspiel von Kunst, Leben und Technologie. Durch transdisziplinäre Arbeitsweisen erforschen sie, wie Organismen in relationalen Netzwerken koexistieren, und schärfen so das Bewusstsein für unsere Einbettung in komplexe ökologische Systeme.",37b38ddb450c8195b659c02ab684394c,done,https://www.uni-weimar.de/en/art-and-design/profile/about-the-faculty/,,,,done,public,True,True
MADesignComputationTechnicalUniversityBerlin-37b38ddb450c81dc823cc6fd3a610bfc,37b38ddb450c81dc823cc6fd3a610bfc,notion,"MA Design & Computation, Technical University Berlin","MA Design & Computation, Technischen Universität Berlin",Organization,,DE Germany,"Through the joint MA program in Design & Computation, the Technical University Berlin (TU Berlin) and the Berlin University of the Arts (UdK Berlin) aim to respond to rapid social and technological changes as well as an increasingly dynamic academic culture. In this program, both universities collaborate across disciplines to develop new formats for teaching and research. Students, faculty members and researchers gain access to a broad range of research opportunities offered by both institutions.","Mit dem gemeinsamen Masterstudiengang Design & Computation reagieren die Technische Universität Berlin (TU Berlin) und die Universität der Künste Berlin (UdK Berlin) auf die rasanten gesellschaftlichen und technologischen Veränderungen sowie auf eine zunehmend dynamische Wissenschafts- und Forschungskultur. Im Rahmen des Studiengangs arbeiten beide Hochschulen interdisziplinär zusammen, um neue Formate für Lehre und Forschung zu entwickeln. Student*innen, Lehrende und Wissenschaftler*innen erhalten dabei Zugang zu einem breiten Spektrum an Forschungsmöglichkeiten, die von beiden Institutionen gemeinsam angeboten werden.",37b38ddb450c81efbe1cd9236f668184,done,https://www.newpractice.net/,https://www.instagram.com/designandcomputation/,,,done,public,True,True
TEKSTrondheimElectronicArtsCentre-37b38ddb450c817e8ef6f11921c9f503,37b38ddb450c817e8ef6f11921c9f503,notion,TEKS – Trondheim Electronic Arts Centre,,Organization,,NO Norway,"TEKS – Trondheim Electronic Arts Centre – is a non-profit resource and competence platform for art and technology established in 2002. It facilitates the production and dissemination of art practices that make use of new technologies, and comments on the development of technology and society today. TEKS is the initiator and producer of the Trondheim Biennale for Art and Technology – Meta.Morf, the art lab TEKS.studio, and the publication archive Norwegian Media Art Library.","TEKS – Trondheim Electronic Arts Centre ist eine gemeinnützige Ressourcen- und Kompetenzplattform für Kunst und Technologie, die 2002 gegründet wurde. TEKS unterstützt die Produktion und Vermittlung künstlerischer Praktiken, die neue Technologien nutzen und sich kritisch mit der gegenwärtigen Entwicklung von Technologie und Gesellschaft auseinandersetzen. Darüber hinaus ist TEKS Initiator und Veranstalter der Trondheim Biennale for Art and Technology – Meta.Morf, des Kunstlabors TEKS.studio sowie des Publikationsarchivs Norwegian Media Art Library.",37b38ddb450c81669b58fc617691c5d7,done,https://teks.no/,https://www.instagram.com/teks.no,https://www.facebook.com/teks.no,,done,public,True,True
InstituteofDesignandCommunication-FHJOANNEUM-37b38ddb450c81ccbeefc3f2210954a9,37b38ddb450c81ccbeefc3f2210954a9,notion,Institute of Design and Communication - FH JOANNEUM,Institut für Design und Kommunikation - FH JOANNEUM,Organization,,AT Austria,"The Institute of Design and Communication at FH JOANNEUM offers degree programs that combine design practice with theoretical and methodological approaches. Students work on projects individually and in interdisciplinary teams, often in collaboration with external partners such as companies, design agencies and cultural institutions. The programs emphasize the relationship between design, technology, communication and societal contexts.","Das Institut für Design und Kommunikation an der FH JOANNEUM bietet Studiengänge an, die Designpraxis mit theoretischen und methodischen Ansätzen verbinden. Die Studierenden arbeiten einzeln und in interdisziplinären Gruppen an Projekten, häufig in Kollaboration mit externen Partnern wie Unternehmen, Designagenturen und kulturellen Institutionen. Die Studiengänge legen den Schwerpunkt auf die Wechselbeziehungen zwischen Design, Technologie, Kommunikation und gesellschaftlichen Kontexten.",37b38ddb450c81ba9f1debfec6c05d84; 37b38ddb450c81e7b77eed14187e07b0,done,https://www.fh-joanneum.at,https://www.instagram.com/fh_joanneum_idk/,https://www.facebook.com/design.fhjoanneum/,,done,public,True,True
SwinburneUniversityofTechnologySarawakCampus-37c38ddb450c8131bf1fe32a33e41899,37c38ddb450c8131bf1fe32a33e41899,notion,Swinburne University of Technology (Sarawak Campus),,Organization,other,MY Malaysia,"Swinburne University of Technology Sarawak is the international branch campus of Swinburne University of Technology, Australia. Located in Sarawak, Malaysian Borneo, the university combines global education with local perspectives. The School of Design and Arts fosters innovation across design, media, communication, Artificial Intelligence, immersive technologies and prepares students to engage with contemporary cultural and technological and societal challenges through creative practice and research.","Die Swinburne University of Technology Sarawak ist der internationale Zweig der Swinburne University of Technology in Australien. Die Universität befindet sich in Sarawak auf dem malaysischen Teil der Insel Borneo und verbindet internationale Bildung mit lokalen Perspektiven. Die School of Design and Arts fördert Innovation in den Bereichen Design, Medien, Kommunikation, KI und immersive Technologien. Sie bereitet Student*innen darauf vor, sich durch kreative Praxis und Forschung mit aktuellen kulturellen, technologischen und gesellschaftlichen Herausforderungen auseinanderzusetzen.",37938ddb450c81b68ebdf68ba3f58451; 38d38ddb450c81cd8e20fec13bfba1d4,done,https://www.swinburne.edu.my/faculty/faculty-of-business-design-and-arts/fbd-design/,https://www.instagram.com/swinburne_soda/,https://www.facebook.com/swinburnesarawak/,,done,public,True,True
ShanghaiTechUniversity-37c38ddb450c81c5be5fc00ca2da50bc,37c38ddb450c81c5be5fc00ca2da50bc,notion,ShanghaiTech University,,Organization,,CN China,"Jointly founded by Shanghai Municipal People’s Government and the Chinese Academy of Sciences (CAS) in 2013, ShanghaiTech University aspires to be a small-scale, high-standard, international university oriented towards research and innovation and designed to nurture the next generation of innovative scientists, inventors and entrepreneurs. On February 14th, 2022, ShanghaiTech joined the list of China’s World-Class Universities Project as the youngest university on that list.","Die ShanghaiTech University wurde 2013 gemeinsam von der Stadt Shanghai und der Chinesischen Akademie der Wissenschaften (CAS) gegründet. Die Universität verfolgt das Ziel, eine kleine, aber hochklassige und international ausgerichtete Forschungs- und Innovationsuniversität zu sein. Ihr Schwerpunkt liegt auf der Ausbildung der nächsten Generation innovativer Wissenschaftler*innen, Erfinder*innen sowie Unternehmer*innen. Am 14. Februar 2022 wurde die ShanghaiTech University als jüngste Universität in Chinas Liste für Weltklasse-Universitäten aufgenommen.",37c38ddb450c81e1a7b4cd9821be771f,done,https://www.shanghaitech.edu.cn/en/main.htm,,,,done,public,True,True
BASoundArtsHKBHochschulederKnsteBernBernAcademyoftheArts-37c38ddb450c8140957ad74d0421e724,37c38ddb450c8140957ad74d0421e724,notion,BA Sound Arts – HKB Hochschule der Künste Bern / Bern Academy of the Arts,,Organization,other,CH Switzerland,"The bachelor’s program in Sound Arts at HKB focuses on music in a media context: sound art, film music, electronic music and the many possibilities and interfaces that connect space, movement, sound and light. The goal of the bachelor’s program in Sound Arts is to develop both musical and artistic foundations for the conception and creation of music within the context of media art. Central to this is the realization of projects in collaboration with students and other disciplines.","Der Bachelor-Studiengang Sound Arts an der HKB konzentriert sich auf Musik im medialen Kontext: Klangkunst, Filmmusik, elektronische Musik sowie die vielfältigen Möglichkeiten und Schnittstellen, die Raum, Bewegung, Klang und Licht miteinander verbinden. Ziel des Studiengangs ist es, musikalische und künstlerische Grundlagen für die Konzeption und Gestaltung von Musik im Kontext der Medienkunst zu entwickeln. Im Mittelpunkt steht dabei die Umsetzung von Projekten in Zusammenarbeit mit Studierenden und anderen Fachbereichen.",36c38ddb450c8104bb34d1fa0d35e09e,done,https://www.hkb.bfh.ch/de/studium/bachelor/sound-arts/,https://www.instagram.com/hkb_soundarts/,,,done,public,True,True
SebastianGfellner-37d38ddb450c8069b6f3c2aacee120f1,37d38ddb450c8069b6f3c2aacee120f1,notion,Sebastian Gfellner,Sebastian Gfellner,Person,he/him,AT Austria,"Dr. Sebastian Gfellner received his doctorate from the Exobiology Group at the CNRS – Center for Molecular Biophysics and the University of Orléans, France. His scientific journey began in geosciences and continued in astrobiology. His research focuses on extremophile microorganisms, their survivability under extreme conditions, and the analysis of their biosignatures. He is particularly interested in the search for traces of microbial life on other planets, especially Mars. Through the collaboration with artist Anna Steward, he found a way to add a transcendental narrative to his research, thus building a bridge between the two worlds of art and science.","Dr. Sebastian Gfellner promovierte in der Exobiologie-Gruppe am CNRS – Zentrum für Molekulare Biophysik und an der Universität Orléans in Frankreich. Seine wissenschaftliche Laufbahn begann in den Geowissenschaften und setzte sich in der Astrobiologie fort. Seine Forschungsschwerpunkte sind extremophile Mikroorganismen, ihre Überlebensfähigkeit unter extremen Bedingungen und die Analyse ihrer Biosignaturen. Sein besonderes Interesse gilt der Suche nach Spuren mikrobiellen Lebens auf anderen Planeten, insbesondere auf dem Mars. Durch die Zusammenarbeit mit der Künstlerin Anna Steward fand er einen Weg, seiner Forschung eine transzendentale Erzählung hinzuzufügen und so eine Brücke zwischen den beiden Welten der Kunst und der Wissenschaft zu schlagen.",37d38ddb450c808f988fed9983f5e53e,done,,,,https://linktr.ee/sebastian_gfellner,done,public,True,True
EstonianAcademyofArts-37d38ddb450c8167b1ebd4b47dbdf24d,37d38ddb450c8167b1ebd4b47dbdf24d,notion,Estonian Academy of Arts,,Organization,,EE Estonia,"Established in 1914, the Estonian Academy of Arts is the only public university in Estonia providing higher education in fine arts, design, architecture, media, visual studies, art history and conservation.","Die Estonian Academy of Arts wurde 1914 gegründet und ist die einzige staatliche Universität Estlands, die Hochschulbildung in den Bereichen Bildende Kunst, Design, Architektur, Medien, Visual Studies, Kunstgeschichte sowie Konservierung und Restaurierung anbietet.",37d38ddb450c818fb3d5fbde83f5a1ff,done,https://www.artun.ee/en/home/,https://www.instagram.com/eka_estonian_academy_of_arts/,https://www.facebook.com/Eestikunstiakadeemia,https://www.linkedin.com/school/estonianacademyofarts/,done,public,True,True
BSCCreativeIntelligenceLab-38138ddb450c810b98cddf20fd2c6d5c,38138ddb450c810b98cddf20fd2c6d5c,notion,BSC Creative Intelligence Lab,,Organization,,ES Spain,"The Creative Intelligence Lab of the Barcelona Supercomputing Center is the first laboratory of its kind integrated into a supercomputing center in Europe. With over thirteen years of experience, it explores artistic practice as part of the scientific research process. It operates across three main areas—arts, studio and solutions—through an interdisciplinary team of researchers, creatives and technologists to translate research into tangible tools, products and services for both industry and society.","Das Creative Intelligence Lab des Barcelona Supercomputing Center ist das erste Labor seiner Art in Europa, das in ein Supercomputing-Zentrum integriert ist. Mit über dreizehn Jahren Erfahrung erforscht es künstlerisches Schaffen als Teil des wissenschaftlichen Forschungsprozesses. Es ist in drei Bereichen tätig – Kunst, Studio und Lösungen – und setzt dabei auf ein interdisziplinäres Team aus Forscher*innen, Kreativen und Technolog*innen. Gemeinsam übersetzen sie Forschungsergebnisse in konkrete Werkzeuge, Produkte und Dienstleistungen für Industrie und Gesellschaft.",38138ddb450c8182b1bfffa11ce35911,done,https://creativeintelligencelab.bsc.es/,https://www.instagram.com/creativeintelligencelab/,,https://www.linkedin.com/company/bsccilab/,done,public,True,True
MonikaMachtov-38138ddb450c81a281a3ffca8b86ee4f,38138ddb450c81a281a3ffca8b86ee4f,notion,Monika Machútová,,Person,she/her,SK Slovakia,"Monika Machútová is a Slovak-born intermedia artist and writer. Her practice focuses on feminist themes and curiosity about everyday life: noticing, observing, experiencing, seeking joy and the tragicomedy of life itself. She works across media, with analogue and digital techniques, from author’s books to interactive installations, with an emphasis on bringing text into physical spaces. Words play a big role in both the way she thinks and creates.","Monika Machútová ist eine in der Slowakei geborene Intermedia-Künstlerin und Autorin. Im Mittelpunkt ihrer Arbeit stehen feministische Themen und ihre Neugier auf den Alltag: das Wahrnehmen, Beobachten, Erleben, die Suche nach Freude und die Tragikomik des Lebens selbst. Sie arbeitet medienübergreifend mit analogen und digitalen Techniken, von Buchveröffentlichungen bis hin zu interaktiven Installationen, wobei ihr Schwerpunkt darauf liegt, Text in den physischen Raum zu bringen. Worte spielen eine große Rolle in ihrer Denk- und Arbeitsweise.",38138ddb450c81b4ab90c39ee6e669bf,done,,https://www.instagram.com/simpson_mony/,,,done,public,True,True
Yen-ChunLin-38238ddb450c81e392ded58313c397e5,38238ddb450c81e392ded58313c397e5,notion,Yen-Chun Lin,,Person,she/her,TW Taiwan,"Yen-Chun Lin is a Taiwanese new media artist and founder of Beprez Studio. Her practice spans interactive projection, sensor-based installation, Extended Reality storytelling, AI-assisted 3D generation, Virtual Reality and digital culture. She creates game-like participatory systems that transform cultural memory into spatial experiences. Her works and research have been recognized by KDIAF 2025, ISAT 2025 and the TNUA New Media Art Excellence Award.","Yen-Chun Lin ist eine taiwanesische Medienkünstlerin und Gründerin des Beprez Studio. Ihre künstlerische Praxis umfasst interaktive Projektionen, sensorbasierte Installationen, Storytelling mit Extended Reality, KI-gestützte 3D-Generierung, Virtual Reality und digitale Kultur. Sie entwickelt spielähnliche partizipative Systeme, die kulturelles Gedächtnis in räumliche Erfahrungen verwandeln. Ihre Arbeiten und ihre Forschung wurden unter anderem bei KDIAF 2025 und ISAT 2025 sowie mit dem TNUA New Media Art Excellence Award ausgezeichnet.",38238ddb450c815892e9ddf89f08135b,done,,https://www.instagram.com/june_art_ilike/,,https://www.linkedin.com/in/yenchun-lin-%E1%AF%85-234a4a263/,done,public,True,True
AntonBrucknerUniversity-38238ddb450c804db589cb1a665e1111,38238ddb450c804db589cb1a665e1111,notion,Anton Bruckner University,Anton Bruckner Privatuniversität,Organization,,AT Austria,"The Anton Bruckner University, situated at the foot of the Pöstlingberg, specializes in the fields of music, acting and dance. During the Ars Electronica Festival, it hosts Sonic Saturday—a gathering of artists and researchers exploring electroacoustic music, digital art and spatial audio through concerts, performances, installations and shared listening.","Die BrucknerUni am Fuße des Pöstlingbergs setzt im Studienbetrieb ihren Fokus auf die Bereiche Musik, Schauspiel und Tanz. Während des Ars Electronica Festival wird sie zum Schauplatz von Sonic Saturday – einem Treffen von Künstler*innen und Forscher*innen, die elektroakustische Musik, digitale Kunst und Spatial Audio in Konzerten, Performances, Installationen und gemeinsamen Hörerfahrungen erkunden.",38238ddb450c80f8881dccf6abfc5734,done,https://www.bruckneruni.ac.at,,,,done,public,True,True
Sputniko-38238ddb450c81a486ecfe6151d15ef9,38238ddb450c81a486ecfe6151d15ef9,notion,Sputniko!,,Person,she/her,JP Japan,"Sputniko! is a British-Japanese multimedia artist exploring technology, identity and contemporary society through films, robotics, music and installations. Exhibited at major institutions such as MoMA, the V&A, and Centre Pompidou-Metz, she critiques social norms, gender dynamics and biotechnology. Sputniko! was an Assistant Professor at the MIT Media Lab and later Associate Professor at the University of Tokyo, and is currently a Guest Professor at Tokyo University of the Arts.","Sputniko! ist eine britisch-japanische Multimedia-Künstlerin, die sich in Filmen, Robotik, Musik und Installationen mit Technologie, Identität und der zeitgenössischen Gesellschaft auseinandersetzt. Ihre Werke waren bereits in bedeutenden Institutionen wie dem MoMA, dem V&A und dem Centre Pompidou-Metz zu sehen und hinterfragen gesellschaftliche Normen, Geschlechterdynamiken und Biotechnologie. Sie war Assistant Professor am MIT Media Lab, später Associate Professor an der University of Tokyo, und ist derzeit Gastprofessorin an der Tokyo University of the Arts.",38238ddb450c815fa272d74c73cd62e0,done,https://sputniko.com/,https://www.instagram.com/5putniko/,,,done,public,True,True
AiranBerg-38238ddb450c8127917bc866538b5d63,38238ddb450c8127917bc866538b5d63,notion,Airan Berg,Airan Berg,Person,he/him,AT Austria,"Airan Berg is a theater maker and artistic director known for his socially engaged and interdisciplinary work. As Circus Director of the Circus of Knowledge, he connects both arts and science. He has led cultural institutions, festivals and theaters, and is particularly recognized for integrating diverse communities into artistic processes.","Airan Berg ist Theatermacher und künstlerischer Leiter, bekannt für seine gesellschaftlich engagierte und interdisziplinäre Arbeit. Als Zirkusdirektor des Circus of Knowledge verbindet er Kunst und Wissenschaft. Er leitete Kulturinstitutionen, Festivals und Theater und ist besonders dafür bekannt, vielfältige gesellschaftliche Gruppen in künstlerische Prozesse zu integrieren.",38238ddb450c81b0a777e893ee4bc703,done,https://www.jku.at/zirkus-des-wissens/,,,,done,public,True,True
AndreaHummer-38238ddb450c8117898fd214a44fbac7,38238ddb450c8117898fd214a44fbac7,notion,Andrea Hummer,Andrea Hummer,Person,she/her,AT Austria,"Andrea Hummer is the production manager of the Circus of Knowledge. She has designed and organized numerous exhibitions, conferences and events. Her focus is cultural work at the intersection of politics, social issues, flight/migration and activism.","Andrea Hummer ist Produktionsleiterin des Zirkus des Wissens. Sie hat zahlreiche Ausstellungen, Konferenzen und Veranstaltungen konzipiert und organisiert. Ihr Schwerpunkt ist Kulturarbeit an der Schnittstelle von Politik, Soziales, Flucht/Migration und Aktivismus.",38238ddb450c81b0a777e893ee4bc703,done,https://www.jku.at/zirkus-des-wissens/,,,,done,public,True,True
RajivBhagwanbali-38238ddb450c81f9b4afd50ce75996d0,38238ddb450c81f9b4afd50ce75996d0,notion,Rajiv Bhagwanbali,Rajiv Bhagwanbali,Person,he/him,NL Netherlands,"Rajiv “Jiv the Chief“ Bhagwanbali is a Rotterdam-based multidisciplinary theater director who works at the intersection of urban culture, live performance and technology. His immersive works reveal how systems of manipulation slowly transform the innocent into the guilty. Rajiv is a previous winner of the FEDORA Opera Prize (2022) and a recipient of the Doro Siepelprijs.","Rajiv Bhagwanbali (Jiv the Chief) ist ein in Rotterdam ansässiger multidisziplinärer Theaterregisseur, der an der Schnittstelle von urbaner Kultur, Live-Performance und Technologie arbeitet. Seine immersiven Arbeiten zeigen, wie Systeme der Manipulation das Unschuldige nach und nach in Schuld verwandeln. Er ist Gewinner des FEDORA Opera Prize (2022) und des Doro Siepelprijs.",38238ddb450c81b0a777e893ee4bc703,done,https://jivthechief.nl/,,,,done,public,True,True
SaraKoniarek-38238ddb450c81e18ad4f2483cca014e,38238ddb450c81e18ad4f2483cca014e,notion,Sara Koniarek,Sara Koniarek,Person,she/her,AT Austria,"Sara Koniarek is a visual artist and art director who combines gamification, human-computer interaction, extended stage design and spatial narratives in the realms between physical and virtual space.","Sara Koniarek ist visuelle Künstlerin und Art Director. Sie verbindet Gamification, Mensch-Computer-Interaktion, erweiterte Bühnenbilder und räumliche Erzählungen in den Bereichen zwischen physischem und virtuellem Raum.",38238ddb450c81b0a777e893ee4bc703,done,,,,,done,public,True,True
GnterWallner-38238ddb450c81989b8cefa3331e2880,38238ddb450c81989b8cefa3331e2880,notion,Günter Wallner,Günter Wallner,Person,he/him,AT Austria,"Günter Wallner is a professor in Game Computing at JKU Linz. His research interests lie at the intersection of games user research, data analytics and information visualization. In particular, his work centers on understanding player behavior in games to derive actionable insights for game design and development.","Günter Wallner ist Professor für Game Computing an der JKU Linz. Seine Forschung liegt an der Schnittstelle von Games User Research, Data Analytics und Informationsvisualisierung. Seine Arbeit konzentriert sich insbesondere darauf, das Verhalten von Spielenden zu verstehen, um Erkenntnisse für Spieldesign und Spielentwicklung abzuleiten.",38238ddb450c81b0a777e893ee4bc703,done,https://www.jku.at/en/institute-of-computer-graphics/,,,,done,public,True,True
BarbaraStiglbauer-38238ddb450c8124a4e7c78e20154a01,38238ddb450c8124a4e7c78e20154a01,notion,Barbara Stiglbauer,Barbara Stiglbauer,Person,she/her,AT Austria,"Barbara Stiglbauer is a psychologist and professor at JKU Linz. She studies how social and organizational conditions shape health, well-being and development. In Radical Gaming, she contributes her expertise to the project’s psychological framework and evaluation, focusing on notions of belonging and resilience in digital environments.","Barbara Stiglbauer ist Psychologin und Professorin an der JKU Linz. Sie untersucht, wie soziale und organisationale Bedingungen Gesundheit, Wohlbefinden und Entwicklung prägen. In Radical Gaming bringt sie ihre Expertise in die psychologische Konzeption und Evaluation ein und fokussiert sich auf Zugehörigkeit und Resilienz in digitalen Lebenswelten.",38238ddb450c81b0a777e893ee4bc703,done,https://www.jku.at/en/institute-of-psychology/,,,,done,public,True,True
LindaHuber-38238ddb450c81a39cdacf797e635f3b,38238ddb450c81a39cdacf797e635f3b,notion,Linda Huber,Linda Huber,Person,she/her,AT Austria,"Linda Huber is a project manager and, for several years, she has developed a broad range of event formats, from scientific symposia to mental health awareness events. She is also involved in staging theater productions at JKU’s Circus of Knowledge. As a certified herbalist, she infuses her love of nature into her work, valuing the principles of sustainability, seasonality and regionality.","Linda Huber ist Projektmanagerin und hat über mehrere Jahre hinweg eine breite Palette an Veranstaltungsformaten mitentwickelt – von wissenschaftlichen Symposien bis hin zu Events im Bereich Mental Health Awareness. Sie ist zudem an der Inszenierung von Theaterproduktionen im Zirkus des Wissens an der JKU beteiligt. Als zertifizierte Kräuterpädagogin bringt sie ihre Naturverbundenheit auch in ihre Arbeit ein und legt großen Wert auf die Prinzipien von Nachhaltigkeit, Saisonalität und Regionalität.",38238ddb450c81b0a777e893ee4bc703,done,,,,,done,public,True,True
AlinaLugovskaya-38238ddb450c81bfb85ec3a0102c3528,38238ddb450c81bfb85ec3a0102c3528,notion,Alina Lugovskaya,Alina Lugovskaya,Person,she/her,RU Russia,"Alina Lugovskaya is a freelance dance and performance artist, originally from Ukraine/Russia and currently based in Linz. She holds a BA in Performance and Pedagogy from the Anton Bruckner University Linz and is currently pursuing an MA in Movement Research. She tours internationally, including with the Joshua Monten Dance Company, and develops her own artistic projects. She also teaches urban-contemporary dance and movement workshops across Europe.","Alina Lugovskaya ist freischaffende Tanz- und Performancekünstlerin, ursprünglich aus der Ukraine/Russland und derzeit in Linz ansässig. Sie hat einen BA in Performance und Pädagogik an der Anton Bruckner Privatuniversität Linz abgeschlossen und absolviert derzeit ein Masterstudium in Movement Research. Sie tourt international, unter anderem mit der Joshua Monten Dance Company, und entwickelt eigene künstlerische Projekte. Darüber hinaus unterrichtet sie Urban- und Contemporary Dance sowie Bewegungsworkshops in ganz Europa.",38238ddb450c81b0a777e893ee4bc703,done,,,,,done,public,True,True
AnnaHazarian-38238ddb450c816e8f9ff3046a993e6d,38238ddb450c816e8f9ff3046a993e6d,notion,Anna Hazarian,Anna Hazarian,Person,she/her,UA Ukraine,"Anna Hazarian is a composer, dancer and performer, who aims to bring a distinct message to the stage by incorporating all these disciplines in her performances—while often also adding in piano playing as well as lyrical and extreme vocals. She is currently pursuing a BA in Computer Composition at Anton Bruckner University. Anna also writes music for various ensembles and music groups, and is a practitioner of the Krump dance style, which is highly expressive and requires a great deal of inner confidence.","Anna Hazarian ist Komponistin, Tänzerin und Performerin. Sie bringt eine Botschaft auf die Bühne und verbindet dabei all diese Ausdrucksformen in ihren Performances, häufig ergänzt durch ihr Klavierspiel sowie lyrischen und extremen Gesang. Anna komponiert zudem Musik für verschiedene Ensembles und Musikgruppen. Außerdem repräsentiert sie den Krump-Tanzstil, der sehr ausdrucksstark ist und ein hohes Maß an innerer Selbstsicherheit erfordert.",38238ddb450c81b0a777e893ee4bc703,done,,,,,done,public,True,True
PhilippFlipKroll-38238ddb450c813c8284d87ca6002576,38238ddb450c813c8284d87ca6002576,notion,Philipp “Flip” Kroll,Philipp “Flip” Kroll,Person,he/him,AT Austria,"Philipp “Flip” Kroll is a Linz-based hip-hop artist who has been active for more than 30 years. He is an MC, producer and DJ known not only for his rapcrew TEXTA—co-founding fathers of Austrian hip-hop—but also for being an international hip-hop producer and sound engineer.","Philipp “Flip” Kroll ist ein in Linz ansässiger Hip-Hop-Künstler mit mehr als 30 Jahren Erfahrung. Er ist als MC, Produzent und DJ bekannt – nicht nur für seine Rapcrew TEXTA, die zu den Mitbegründer*innen des österreichischen Hip-Hop zählt, sondern auch als international tätiger Hip-Hop-Produzent und Toningenieur.",38238ddb450c81b0a777e893ee4bc703,done,,,,,done,public,True,True
TjaLeghissa-38238ddb450c815e9efce8c246e57ccd,38238ddb450c815e9efce8c246e57ccd,notion,Tjaš Leghissa,Tjaš Leghissa,Person,he/him,"IT Italy, SI Slovenia","Tjaš Leghissa is an MA student in Computer Science (Software Engineering) at JKU Linz. He has a background in multimedia engineering and a strong interest in game development and game design. In the Radical Gaming project, he is responsible for developing game scenes.",Tjaš Leghissa ist Masterstudent der Informatik (Software Engineering) an der JKU Linz. Er hat einen Hintergrund im Multimedia Engineering und ein starkes Interesse an Game Development und Game Design. Im Projekt Radical Gaming ist er für die Entwicklung der Spielszenen verantwortlich.,38238ddb450c81b0a777e893ee4bc703,done,,,,,done,public,True,True
ShlokNahar-38238ddb450c816db4f2d760e44237f1,38238ddb450c816db4f2d760e44237f1,notion,Shlok Nahar,Shlok Nahar,Person,he/him,IN India,"Shlok Nahar is currently a student at JKU Linz, where he studies Artificial Intelligence. With experience in game development using Unity and C#, he has worked on various self-initiated projects and has developed a strong interest in level design. In this project, Shlok contributes to the design of the main character and various environmental sequences.",Shlok Nahar studiert KI an der JKU Linz und hat Erfahrung in der Spieleentwicklung mit Unity und C#. Er hat an verschiedenen eigenen Projekten gearbeitet und dabei ausgeprägtes Interesse am Leveldesign entwickelt. In diesem Projekt wirkte er an der Gestaltung der Hauptfigur und der Umgebungssequenzen mit.,38238ddb450c81b0a777e893ee4bc703,done,,,,,done,public,True,True
AnnaAumller-38238ddb450c817cbd73c7b65a2ae35c,38238ddb450c817cbd73c7b65a2ae35c,notion,Anna Aumüller,Anna Aumüller,Person,she/her,AT Austria,"Anna Aumüller is a psychologist and research associate at JKU Linz. Her research focuses on the psychological aspects of digitalization in the professional world and human-computer interaction, with a particular emphasis on gender issues.","Anna Aumüller ist Psychologin und wissenschaftliche Mitarbeiterin an der JKU Linz. Ihre Forschung befasst sich mit den psychologischen Aspekten von Digitalisierung in der Arbeitswelt und der Mensch-Computer-Interaktion, mit einem besonderen Schwerpunkt auf Gender-Aspekten.",38238ddb450c81b0a777e893ee4bc703,done,,,,,done,public,True,True
AndreasWinklbauer-38238ddb450c8178b2dff16413012806,38238ddb450c8178b2dff16413012806,notion,Andreas Winklbauer,Andreas Winklbauer,Person,he/him,AT Austria,"Andreas Winklbauer is a psychologist and research associate at JKU Linz. He studies how digital game worlds affect players' experiences and behaviour, combining surveys with behavioural data from games. In RADICAL GAMING, he contributes his expertise to the project's psychological framework and evaluation.","Andreas Winklbauer ist Psychologe und wissenschaftlicher Mitarbeiter an der JKU Linz. Er erforscht, wie sich digitale Spielwelten auf das Erleben und Verhalten von Spieler*innen auswirken, und verbindet dabei Befragungen mit Verhaltensdaten aus Games. In Radical Gaming bringt er seine Expertise in die psychologische Konzeption und Evaluation ein.",38238ddb450c81b0a777e893ee4bc703,done,,,,,done,public,True,True
UmnveMstArtintheCity-38238ddb450c81e5baeae45cf60fc629,38238ddb450c81e5baeae45cf60fc629,notion,Umění ve Městě | Art in the City,,Organization,,CZ Czechia,"NPO Umění ve městě’s long-term goal is to enliven public spaces by connecting contemporary art with the everyday lives of citizens. Its primary activity is organizing sculpture festivals that transform streets, parks and landscapes into open-air galleries. Operating predominantly in České Budějovice and South Bohemia, it has recently expanded to the Vysočina Region and also collaborates on a variety of exhibition projects across the Czech Republic. The association supports contemporary creation and community dialogue.","Die gemeinnützige Organisation Umění ve městě belebt langfristig den öffentlichen Raum und verbindet zeitgenössische Kunst mit dem Alltag der Einwohner*innen. Ihre Hauptaktivität ist die Organisation eines Skulpturenfestivals, das Straßen, Parks und Landschaften in eine Freiluftgalerie verwandelt. Die Organisation ist vor allem in České Budějovice und Südböhmen tätig, hat ihre Arbeit jedoch kürzlich auf die Region Vysočina ausgeweitet und arbeitet an Ausstellungsprojekten in ganz Tschechien mit. Der Verein fördert das zeitgenössische Kunstschaffen und den gesellschaftlichen Dialog.",38238ddb450c81848692e3a3563ce544; 3a638ddb450c8131a483d737de892f46,done,https://umenivemeste.cz/,https://www.instagram.com/umenivemeste/,,,done,public,True,True
UniversityofSouthBohemiaineskBudjovice-38238ddb450c81dc9af1eb5d6159ccdd,38238ddb450c81dc9af1eb5d6159ccdd,notion,University of South Bohemia in České Budějovice,,Organization,,CZ Czechia,"The University of South Bohemia is a modern public university based in České Budějovice. It educates about 9,000 students at eight different faculties in more than 200 degree programmes, focusing on education and research in natural, human, health, social sciences and technology. It prioritizes the transfer of research results into practice. In 2012, it established a Technology Transfer Office serving all faculties and connecting academia with industry, supporting cooperation with companies in R&D.","Die Universität Südböhmen ist eine moderne öffentliche Universität mit Sitz in České Budějovice (Budweis). Sie bildet rund 9.000 Studierende an acht verschiedenen Fakultäten in mehr als 200 Studiengängen aus, mit Schwerpunkt auf Bildung und Forschung in den Natur-, Geistes-, Gesundheits- und Sozialwissenschaften sowie der Technik. Sie legt besonderen Wert auf den Transfer von Forschungsergebnissen in die Praxis. 2012 gründete sie ein Technologietransferzentrum, das alle Fakultäten unterstützt, Wissenschaft und Wirtschaft miteinander verbindet und die Zusammenarbeit mit Unternehmen in Forschung und Entwicklung fördert.",38238ddb450c81848692e3a3563ce544; 3a638ddb450c8131a483d737de892f46,done,https://www.jcu.cz/en,https://www.instagram.com/u_south_bohemia/,,https://www.linkedin.com/school/jihoceska-univerzita-v-ceskych-budejovicich/people/,done,public,True,True
LITOpenInnovationCenteratJKULinz-38238ddb450c81da88c9fcf697d27520,38238ddb450c81da88c9fcf697d27520,notion,LIT Open Innovation Center at JKU Linz,,Organization,,AT Austria,"The LIT Open Innovation Center (LIT OIC) at Johannes Kepler University Linz is a place where science, academia and business join forces. The LIT OIC is a knowledge transfer center, home to JKU’s research alliance, industrial companies, interest groups and various businesses. Interdisciplinary and transdisciplinary working groups conduct technological research but, at the same time, the LIT OIC provides small and medium-sized companies with low-threshold access to university expertise.","Das LIT Open Innovation Center (LIT OIC) der Johannes Kepler Universität Linz ist ein Ort, an dem Wissenschaft, Forschung und Wirtschaft zusammenkommen. Als Zentrum für Wissens- und Technologietransfer vereint das LIT OIC Forschungsallianzen der JKU, Industrieunternehmen, Interessensvertretungen und weitere Partner aus der Wirtschaft. In inter- und transdisziplinären Arbeitsgruppen werden technologische Fragestellungen erforscht. Gleichzeitig bietet das LIT OIC insbesondere kleinen und mittleren Unternehmen einen niederschwelligen Zugang zu universitärer Expertise.",38238ddb450c81848692e3a3563ce544; 3a638ddb450c8131a483d737de892f46,done,https://www.jku.at/en/lit-open-innovation-center/,https://www.instagram.com/lit_open_innovation_center/,,https://www.linkedin.com/company/jku-open-innovation-center/,done,public,True,True
CreativeRegion-38238ddb450c8190b18dd1d2a16feeb8,38238ddb450c8190b18dd1d2a16feeb8,notion,Creative Region,,Organization,,AT Austria,"The Creative Region boosts, connects and evolves creative industries in Linz and Upper Austria. It inspires, initiates and connects ideas, people and businesses. It supports entrepreneurs who want to create outstanding products and services, and it advises, guides and coaches anyone looking to push the boundaries of what is possible in the future.","Die Creative Region stärkt, vernetzt und entwickelt die Kreativwirtschaft in Linz und Oberösterreich. Sie inspiriert, initiiert und verbindet Ideen, Menschen und Unternehmen. Darüber hinaus unterstützt sie Unternehmer*innen bei der Entwicklung herausragender Produkte und Dienstleistungen und berät, begleitet und coacht all jene, die in Zukunft die Grenzen des Machbaren verschieben wollen.",38238ddb450c81848692e3a3563ce544; 3a638ddb450c8131a483d737de892f46; 3cd38ddb450c8198b28fe58880e6c137,done,https://creativeregion.org/,https://www.instagram.com/creativeregion/,,https://www.linkedin.com/company/creative-region/,done,public,True,True
JelleKorevaar-38238ddb450c81d2ac6efa35eae2f836,38238ddb450c81d2ac6efa35eae2f836,notion,Jelle Korevaar,,Person,he/him,NL Netherlands,"Since 2014, Jelle Korevaar (b. 1989, NL) has been creating kinetic installations and moving sculptures that bring social themes to light. Inspired by nature and notions of interdependence, he uses movement as a medium. Whilst his early work centred on frustration with religious tensions and political powerlessness, he now focuses on that which offers hope. Korevaar explores how people relate to one another—the place where, in his view, the divine becomes visible.","Jelle Korevaar (*1989, NL) erschafft seit 2014 kinetische Installationen: bewegte Skulpturen, die gesellschaftliche Themen sichtbar machen. Inspiriert von der Natur und wechselseitiger Abhängigkeit, nutzt er Bewegung als Medium. Während sich seine frühen Arbeiten mit der Frustration über religiöse Spannungen und politische Machtlosigkeit befassten, konzentriert er sich heute auf das, was Hoffnung birgt. Korevaar erforscht, wie Menschen miteinander in Beziehung stehen – jenen Ort, an dem sich seiner Ansicht nach das Göttliche zeigt.",38238ddb450c811382fdcb2cf16c8e20,done,https://www.jellekorevaar.com/sola-tarantula-jelle-korevaar,https://www.instagram.com/jelle_korevaar_art/,https://www.facebook.com/jellekorevaar/,https://www.linkedin.com/in/jelle-korevaar-38196757/,done,public,True,True
AlessandroMartinelli-38238ddb450c814989e8c2f390f3a12b,38238ddb450c814989e8c2f390f3a12b,notion,Alessandro Martinelli,,Person,he/him,IT Italy,"Alessandro Martinelli is a post-doctoral researcher at Johannes Kepler University Linz. He holds a PhD from La Sapienza University of Rome, where he specialized in computer graphics, descriptive geometry and Virtual Reality. His research focuses on the application of advanced digital technologies within educational contexts. As a project investigator, he manages international initiatives such as Horizon Europe and Erasmus+ in the Linz School of Education.","Alessandro Martinelli ist Postdoc an der Johannes Kepler Universität in Linz. Er promovierte an der Universität La Sapienza in Rom, wo er sich auf Computergrafik, darstellende Geometrie und Virtuelle Realität spezialisierte. Seine Forschungsschwerpunkte liegen auf der Anwendung fortgeschrittener digitaler Technologien im Bildungsbereich. Als Projektleiter betreut er an der Linz School of Education internationale Initiativen wie Horizon Europe und Erasmus+.",38138ddb450c81eb8bcdf39d30f610b5,done,https://www.jku.at/linz-school-of-education/linz-school-of-education/abteilung-fuer-mint-didaktik/team/martinelli-alessandro/,,,,done,public,True,True
SandraMariaSiedl-38238ddb450c810284f3c5e830d5310d,38238ddb450c810284f3c5e830d5310d,notion,Sandra Maria Siedl,,Person,she/her,AT Austria,"Sandra Maria Siedl is a psychologist and a postdoctoral researcher at the LIT Robopsychology Lab at JKU Linz. She has extensive experience in conducting human-centred research into wearable robotics. Her work focuses on how people experience emerging technologies, such as exoskeletons and conversational AI, in real workplaces, and the effect this has on self-perception, social evaluation, agency and technology acceptance.","Sandra Maria Siedl ist Psychologin und Postdoktorandin am LIT Robopsychology Lab der JKU Linz. Sie verfügt über umfangreiche Erfahrung in der nutzerzentrierten Forschung zu tragbarer Robotik. Im Mittelpunkt ihrer Arbeit steht die Frage, wie Menschen neue Technologien wie Exoskelette und dialogorientierte KI in realen Arbeitsumgebungen erleben und welche Auswirkungen dies auf Selbstwahrnehmung, soziale Bewertung, Agency und Technologieakzeptanz hat.",38238ddb450c811994dbe058f9a51b03,done,,,,https://www.linkedin.com/in/sandramariasiedl/,done,public,True,True
SophieSkach-38238ddb450c8144ad75c45efc1a3712,38238ddb450c8144ad75c45efc1a3712,notion,Sophie Skach,,Person,she/her,AT Austria,"Sophie Skach is a textile and fashion designer turned researcher. She is currently a postdoctoral research fellow in the Textile Robotics Lab of the BioRobotics Institute at Scuola Superiore Sant’Anna, works at the intersection of wearable robotics, knitting technology, textile sensors and actuators and interaction design. Her recent investigations have been geared towards developing textile-based hand exosuits for rehabilitation purposes and actuators made with 3D digital knitting technology.","Sophie Skach ist Textil- und Modedesignerin sowie Forscherin. Derzeit arbeitet sie als Postdoktorandin am Textile Robotics Lab des BioRobotics Institute der Scuola Superiore Sant’Anna. Ihre Arbeit bewegt sich an den Schnittstellen von tragbarer Robotik, Stricktechnologie, textilen Sensoren und Aktuatoren sowie Interaktionsdesign. Aktuell beschäftigt sie sich mit der Entwicklung textilbasierter Hand-Exosuits für Rehabilitationszwecke sowie mit Bedienteilen, die mittels digitaler 3D-Stricktechnologie hergestellt werden.",38238ddb450c811994dbe058f9a51b03,done,https://sophieskach.com/,,,https://www.linkedin.com/in/sophie-skach-b9014b68/,done,public,True,True
KristinaOntensone-38338ddb450c81e1bef6df2e67ede2e9,38338ddb450c81e1bef6df2e67ede2e9,notion,Kristina Ontensone,,Person,she/her,RU Russia,"Kristina Ontensone (b. 2006, Russia) is an artist who works across fine art, 3D, space and sculpture. Her practice explores form, texture and color. She is interested in the connection between nature and the human soul, and is currently studying Time-based and Interactive Media Art at the University of Arts Linz.","Kristina Ontensone wurde 2006 in Russland geboren. Sie ist Künstlerin und arbeitet in den Bereichen Bildende Kunst, 3D, Raum und Skulptur. Ihre Arbeit erforscht Form, Textur und Farbe. 
Ihr Interesse gilt der Verbindung zwischen der menschlichen Seele und der Natur. Derzeit studiert sie Zeitbasierte und Interaktive Medienkunst an der Kunstuniversität Linz.",38338ddb450c812585ebce0f36820e8f,done,https://drive.google.com/file/d/1CDxrgFsHLTd3id_WBY2xAwxt7k0zOZtp/view,https://www.instagram.com/sserrkk/,,https://www.linkedin.com/feed/?st=true,done,public,True,True
TimothyThomasson-38438ddb450c812b8eded2beb946fde0,38438ddb450c812b8eded2beb946fde0,notion,Timothy Thomasson,,Person,he/him,"CA Canada, GB United Kingdom","Timothy Thomasson is an artist whose work explores slowness and duration, while questioning how moving images are produced and consumed in both historical and contemporary contexts. His practice examines the effects of computer-generated imagery and emerging technologies on society, culture, aesthetics and perception. Using computer animation and game engine technology, he creates durational, real-time works. Thomasson’s work has received international awards and been exhibited globally.","Timothy Thomasson ist ein Künstler, dessen Arbeit Langsamkeit und Dauer erkundet und zugleich hinterfragt, wie Bewegtbilder in historischen wie zeitgenössischen Kontexten produziert und konsumiert werden. Seine Praxis untersucht die Auswirkungen computergenerierter Bilder und neuer Technologien auf Gesellschaft, Kultur, Ästhetik und Wahrnehmung. Mithilfe von Computeranimation und Game-Engine-Technologie schafft er zeitlich ausgedehnte Echtzeit-Arbeiten. Thomassons Arbeiten wurden international ausgezeichnet und weltweit ausgestellt.",37a38ddb450c812e97b4dd416a77e283,done,https://timothythomasson.com/,https://www.instagram.com/tim.thom/,https://www.facebook.com/timothy.thomasson/,https://www.linkedin.com/in/timothythomasson/,done,public,True,True
k0j0-KoiRenJoeyVerbeke-38438ddb450c81168058e773a01a8d6d,38438ddb450c81168058e773a01a8d6d,notion,"k0j0 - Koi Ren, Joey Verbeke",,Group,they/them,"CN China, US United States","k0j0 (Koi Ren and Joey Verbeke) is a new media art duo exploring unconscious friction within phantasmagoric systems. They create subversive and frictional “intrafaces”—artifacts that reveal power, politics and posthuman subjectivities embedded in systemic interactions. Their research-based practice draws on human-computer interaction, Artificial Intelligence, media studies and speculative design. Their work has been shown internationally at Ars Electronica, SIGGRAPH, ACC, MUTEK, M+ and Sundance.","k0j0 (Koi Ren und Joey Verbeke) ist ein New-Media-Art-Duo, das unbewusste Reibungen innerhalb phantasmagorischer Systeme untersucht. Sie schaffen subversive und reibungsbehaftete „Intrafaces“ – Artefakte, die sichtbar machen, wie Macht, Politik und posthumane Subjektivitäten in systemische Interaktionen eingeschrieben sind. Ihre forschungsbasierte Praxis verbindet Mensch-Computer-Interaktion, KI, Medienwissenschaft und spekulatives Design. Ihre Arbeiten wurden international gezeigt, unter anderem bei Ars Electronica, SIGGRAPH, ACC, MUTEK, M+ und Sundance Film Festival.",37a38ddb450c81aca91aec87b6089124,done,https://www.k0j0.com/,https://www.instagram.com/joey.verbeke/,,,done,public,True,True
MaxSabitzer-38438ddb450c81eebb5cd0861223dbcc,38438ddb450c81eebb5cd0861223dbcc,notion,Max Sabitzer,,Person,he/him,AT Austria,"Max Sabitzer, born in Vienna in 2001, combines digital technologies with ecology in his films, photography and installations. Having studied environmental management in Vienna, he is now living in Linz, where he is studying and working at the University of Art and Design. Intimate stories are found in natural, but also virtual landscapes and ultimately visualized through a variety of digital media.","Max Sabitzer, 2001 in Wien geboren, verbindet in seinen Filmen, Fotografien und Installationen digitale Technologien mit Ökologie. Er studierte Umweltmanagement in Wien und lebt heute in Linz, wo er an der Kunstuniversität Linz studiert und arbeitet. Intime Geschichten findet er in natürlichen, aber auch in virtuellen Landschaften und visualisiert sie schließlich mithilfe unterschiedlicher digitaler Medien.",38438ddb450c81a8bbd9c893e13b6d66,done,https://https://sabitzer.cargo.site/,https://www.instagram.com/maxsabitzer/,,https://www.linkedin.com/in/max-sabitzer-131837320/,done,public,True,True
JeanineVerloop-38438ddb450c81008f3cc50871224f38,38438ddb450c81008f3cc50871224f38,notion,Jeanine Verloop,,Person,she/her,NL Netherlands,"Jeanine Verloop is a Dutch visual artist who creates multimedia works and kinetic sculptures. Her practice invites audiences into alternative realities, where technology evolves not through control and precision, but through vulnerability, malfunction and destruction. Verloop’s work includes abstract printing devices, media archaeology, scientific glassblowing, destructive machine performances, experimental sound, interactive installations and experimental film.","Jeanine Verloop ist eine bildende Künstlerin aus den Niederlanden, die multimediale Arbeiten und kinetische Skulpturen kreiert. Ihre Kunst entführt das Publikum in alternative Realitäten, in denen sich Technologie nicht durch Kontrolle und Präzision, sondern durch Verletzlichkeit, Fehlfunktionen und Zerstörung entwickelt. Verloops Werk umfasst abstrakte Druckgeräte, Medienarchäologie, wissenschaftliches Glasblasen, destruktive Maschinenperformances, experimentellen Sound, interaktive Installationen und Experimentalfilm.",37a38ddb450c814abab3e9a35afa66f1,done,https://jannetjejeanine.nl/introduction/,https://www.instagram.com/jannetje.jeanine/,,,done,public,True,True
ANIMAPLUS-38438ddb450c81958abfd21787ffe697,38438ddb450c81958abfd21787ffe697,notion,ANIMA PLUS,,Organization,,AT Austria,"ANIMA PLUS is a non-profit association based in Linz, Austria, dedicated to animation, media art and artistic research. Through exhibitions, films, installations and interdisciplinary collaborations, the association explores new forms of storytelling at the intersection of art, technology and culture. The project team consists of Juergen Hagler, Nils Gallist, Lisa Gierlinger, Celine Pham, Sara Trawöger, Norbert Artner and Elisabeth Nowak-Thaller.","ANIMA PLUS ist ein gemeinnütziger Verein mit Sitz in Linz, der sich Animation, Medienkunst und künstlerischer Forschung widmet. Mit Ausstellungen, Filmen, Installationen und interdisziplinären Kooperationen erkundet der Verein neue Formen des Erzählens an der Schnittstelle von Kunst, Technologie und Kultur. Das Projektteam besteht aus Juergen Hagler, Nils Gallist, Lisa Gierlinger, Celine Pham, Sara Trawöger, Norbert Artner und Elisabeth Nowak-Thaller.",38438ddb450c81c2afdaddd9e3b72fa7,done,https://animaplus.at/,https://www.instagram.com/animaplus.at/,,https://www.linkedin.com/company/animaplus/,done,public,True,True
DorisWeichselbaumer-38438ddb450c810c9e35cffa2358afd4,38438ddb450c810c9e35cffa2358afd4,notion,Doris Weichselbaumer,,Person,she/her,AT Austria,"Doris Weichselbaumer is an economist and professor for Women's and Gender Studies. She is head of the Institute of Women’s and Gender Studies at Johannes Kepler University Linz. Her focus is on gender studies, feminist economics and discrimination in labor markets.","Doris Weichselbaumer ist Wirtschaftswissenschaftlerin, Professorin für Frauen- und Geschlechterforschung und Leiterin des Instituts für Frauen- und Geschlechterforschung an der Johannes Kepler Universität Linz. Ihre Forschungsschwerpunkte sind Gender Studies, feministische Ökonomie und Diskriminierung am Arbeitsmarkt.",38438ddb450c818d971df3daaea825ea; 39c38ddb450c808e8579db789c15d23d,done,,,,,done,public,True,True
FredericHeine-38438ddb450c8131bc86cd9133fb02f9,38438ddb450c8131bc86cd9133fb02f9,notion,Frederic Heine,,Person,,DE Germany,"Frederic Heine is a senior scientist at the Institute of Women’s and Gender Studies at Johannes Kepler University Linz. He specializes in topics such as critical men and masculinity studies, political economy, right-wing political movements and, most recently, on masculinities and cryptocurrencies.","Frederic Heine ist Senior Scientist am Institut für Frauen- und Geschlechterforschung der Johannes Kepler Universität Linz. Er hat sich auf die Themenbereiche kritische Männer- und Männlichkeitsforschung, politische Ökonomie sowie rechtsgerichtete politische Bewegungen spezialisiert. Derzeit beschäftigt er sich unter anderem mit Männlichkeitskonstruktionen und Kryptowährungen.",38438ddb450c818d971df3daaea825ea,done,,,,,done,public,True,True
StephanPhringer-38438ddb450c816b963dcecdb8e08e9a,38438ddb450c816b963dcecdb8e08e9a,notion,Stephan Pühringer,,Person,he/him,AT Austria,"Stephan Pühringer is a socioeconomist and head of the Socio-Ecological Transformation Lab at the Linz Institute for Transformative Change at Johannes Kepler University Linz (JKU). He researches the dynamics of wealth concentration and their economic, political, societal and ecological implications.","Stephan Pühringer ist Sozioökonom und Leiter des Socio-Ecological Transformation Lab am Linz Institute for Transformative Change der Johannes Kepler Universität Linz (JKU). In seiner Forschung untersucht er die Dynamiken von Vermögenskonzentration sowie deren wirtschaftliche, politische, gesellschaftliche und ökologische Auswirkungen.",38438ddb450c818d971df3daaea825ea; 39c38ddb450c808e8579db789c15d23d,done,,,,,done,public,True,True
bankleer-38438ddb450c8111bad9d52258f3bf6b,38438ddb450c8111bad9d52258f3bf6b,notion,bankleer,,Group,,DE Germany,"bankleer lead the Department of Plastic and Environment at the University of Arts Linz. For them, art is a practice intended to respond to societal, political and ecological events, and which seeks to experience the world as shapable despite all the upheavals, fractures and tensions generated by neoliberalism. Their works are situated somewhere between discursive media and the aesthetic transmission of emotions and speculation, explored through the use of situative sculpture, performance, text and video.","bankleer leiten den Fachbereich Plastik und Environment an der Kunstuniversität Linz. Für bankleer ist Kunst eine Praxis, um auf gesellschaftliche, politische und ökologische Entwicklungen zu reagieren und die Welt trotz aller durch den Neoliberalismus verursachten Umbrüche, Brüche und Spannungen als gestaltbar zu erfahren. Die Arbeiten bewegen sich zwischen diskursiven Medien und ästhetischen Vermittlungen von Emotionen und Spekulationen und bedienen sich dabei situativer Skulptur, Performance, Text und Video.",38438ddb450c81f09ee2d375d245352c,done,,,,,done,public,True,True
AnnaLerchbaumer-38438ddb450c8133a103e801c046c56a,38438ddb450c8133a103e801c046c56a,notion,Anna Lerchbaumer,,Person,she/her,AT Austria,"Anna Lerchbaumer is a university assistant in the Department of Plastic and Environment at the University of Arts Linz. In her artwork, she explores the intersections of gender, technology and the environment, working with installations, video, sound and sculpture.","Anna Lerchbaumer ist Universitätsassistentin am Fachbereich Plastik und Environment der Kunstuniversität Linz. In ihrer künstlerischen Arbeit untersucht sie die Schnittstellen von Geschlecht, Technologie und Umwelt und arbeitet dabei mit Installationen, Video, Klang und Skulptur.",38438ddb450c81dab8d3e08a896769ff,done,,,,,done,public,True,True
HsienYuCheng-38538ddb450c81a0b0edc5b249bd6d1d,38538ddb450c81a0b0edc5b249bd6d1d,notion,HsienYu Cheng,,Person,he/him,TW Taiwan,"HsienYu Cheng (b. 1984, Kaohsiung) is an artist and software developer creating artworks, software and bio-electronic devices exploring human behavior, emotion and relationships with machines—often with humor. Awards include the Taipei Digital Art Award (2014), Kaohsiung Art Award (2017), Tung Chung Art Award (2019), and the 19th Taishin Arts Award (2021). Recent shows: Ars Electronica, Sónar Barcelona, YPAM Yokohama, Ludwig Budapest.","HsienYu Cheng (1984 in Kaohsiung) ist Künstler und Softwareentwickler. Er schafft Kunstwerke, Software und bioelektronische Geräte, die menschliches Verhalten, Emotionen und Beziehungen zu Maschinen erkunden – oft mit Humor. Ausgezeichnet wurde er unter anderem mit dem Taipei Digital Art Award (2014), dem Kaohsiung Art Award (2017), dem Tung Chung Art Award (2019) und dem 19. Taishin Arts Award (2021). Zuletzt waren seine Arbeiten bei Ars Electronica, Sónar Barcelona, YPAM Yokohama und im Ludwig Museum Budapest zu sehen.",,done,https://chenghsienyu.com,,,,done,public,True,True
CamillaScholz-38538ddb450c81429941e27d9e645077,38538ddb450c81429941e27d9e645077,notion,Camilla Scholz,,Person,she/her,DE Germany,"Camilla Scholz is a creative technologist and media artist who works at the intersection of embodied interaction, art and science and interactive environments. She holds an MA in Interface Cultures from the University of Arts Linz. In addition, Camilla has a background in Human-Computer Interaction, having studied for a BSc in Creative Technology at the University of Twente. Working with creative coding, she imagines narratives and real-time systems that transform complex research into immersive experiences.","Camilla Scholz ist Creative Technologist und Medienkünstlerin und arbeitet an der Schnittstelle von verkörperter Interaktion, Kunst und Wissenschaft sowie interaktiven Umgebungen. Sie hat einen Masterabschluss in Interface Cultures von der Kunstuniversität Linz sowie einen Hintergrund in Human-Computer-Interaction (HCI) mit einem Bachelor of Science in Creative Technology von der Universität Twente. Mithilfe von Creative Coding entwickelt sie Narrative und Echtzeitsysteme, die komplexe Forschung in immersive Erlebnisse übersetzen.",38538ddb450c81498229e3e77c551f1b,done,https://camilla-scholz.com/,https://www.instagram.com/camilla_scholz?igsh=MTh6eDM4dWplbTc0ZA%3D%3D&utm_source=qr,,https://www.linkedin.com/in/camilla-scholz/,done,public,True,True
FriedaEmmrich-38538ddb450c8152b75de5ec90f8c524,38538ddb450c8152b75de5ec90f8c524,notion,Frieda Emmrich,,Person,she/her,DE Germany,"Frieda Emmrich is a composer and designer. After receiving a professional certificate in music theory and composition, she now studies design and management, broadening her artistic horizons and gaining more intricate knowledge of the wider art world. Her interests include music composition and production, art and sports. Through her music, she creates personal connections between the audience and the visuals while offering an escape into a different world of sound.","Frieda Emmrich ist Komponistin und Designerin. Nach einem Zertifikat in Musiktheorie und Komposition studiert sie nun Design and Management Studies. Dadurch erweitert sie ihren künstlerischen Horizont und vertieft ihr Verständnis der Kunstwelt. Ihre Interessen umfassen Musikkomposition und -produktion, Kunst und Sport. Mit ihrer Musik schafft sie persönliche Verbindungen zwischen dem Publikum und der visueller Ebene und lädt zugleich dazu ein, in eine andere Klangwelt einzutauchen.",38538ddb450c81498229e3e77c551f1b,done,https://www.friedaemmrich.com/,https://www.instagram.com/frie.music?igsh=cHZzNjA2Nmlzam8z,,https://www.linkedin.com/in/frieda-emmrich,done,public,True,True
VincentMugg-38538ddb450c810c87a7f7e6e902a69c,38538ddb450c810c87a7f7e6e902a69c,notion,Vincent Mugg,,Person,he/him,CH Switzerland,"Vincent Mugg’s work unfolds between nature and its echoes. Through film, photography, text and media art, he gathers together fragments, archives and writings, tracing emotional landscapes where reality and memory begin to blur. Moving through these collected personal and environmental traces, his practice exists between preservation and artificial reproduction, shaped by longing and the instability of memory.","Vincent Muggs Arbeit entfaltet sich zwischen der Natur und ihrem Nachhall. In Film, Fotografie, Text und Medienkunst führt er Fragmente, Archive und Schriften zusammen und zeichnet emotionale Landschaften nach, in denen Realität und Erinnerung ineinander verschwimmen. Seine Praxis folgt diesen gesammelten persönlichen und ökologischen Spuren und bewegt sich zwischen Bewahrung und künstlicher Reproduktion, geprägt von Sehnsucht und der Unbeständigkeit der Erinnerung.",38538ddb450c8131ad88d275b9e87f00,done,https://sincerelyvinelliot.com,https://www.instagram.com/sincerelyvinelliot/,,https://www.linkedin.com/in/vincent-mugg-a788a7266,done,public,True,True
Ivanukovi-38538ddb450c81de8a29d2de0410e9a6,38538ddb450c81de8a29d2de0410e9a6,notion,Ivan Šuković,,Person,he/him,ME Montenegro,"Ivan Šuković (1981, Podgorica) is an artist whose practice examines memory, past events and the associations they produce, often using archival materials to transform fragmented images of the past into coherent artistic narratives. In 2025, he co-authored Terram Intelligere: INTERSTITIUM, Montenegro’s Pavilion at the 19th International Architecture Exhibition – La Biennale di Venezia.","Ivan Šuković (1981, Podgorica) untersucht in seiner künstlerischen Praxis Erinnerung, vergangene Ereignisse und die daraus entstehenden Assoziationen. Häufig arbeitet er mit Archivmaterialien, um fragmentarische Bilder der Vergangenheit in zusammenhängende künstlerische Erzählungen zu überführen. 2025 hat er Terram Intelligere: INTERSTITIUM, den Beitrag Montenegros bei der 19. Internationalen Architekturausstellung – La Biennale di Venezia, mitentwickelt.",38638ddb450c81b1b219d502e09179f0; 39c38ddb450c805ab52ddb607d9a503a,done,https://www.ivansukovic.com,https://www.instagram.com/ivansukovic/,,,done,public,True,True
DejanTodorovi-38538ddb450c81ce850ac941749d6053,38538ddb450c81ce850ac941749d6053,notion,Dejan Todorović,,Person,he/him,RS Serbia,"Dejan Todorović (*1990, Travnik) is an architect whose work connects architectural design, scene design, spatial research and visual arts, exploring the overlaps between creative processes and related disciplines. In 2025, he co-authored Terram Intelligere: INTERSTITIUM, Montenegro’s Pavilion at the 19th International Architecture Exhibition – La Biennale di Venezia.","Dejan Todorović (*1990 in Travnik) ist Architekt. Seine Arbeit verbindet Architektur, Szenografie, Raumforschung und bildende Kunst und erkundet die Überschneidungen kreativer Prozesse mit angrenzenden Disziplinen. 2025 hat er Terram Intelligere: INTERSTITIUM, den Beitrag Montenegros bei der 19. Internationalen Architekturausstellung – La Biennale di Venezia, mitentwickelt.",39c38ddb450c805ab52ddb607d9a503a; 38638ddb450c81b1b219d502e09179f0,done,,https://www.instagram.com/dejantodorovic.arh/,,,done,public,True,True
Emirehanovi-38538ddb450c81eda48bdceec15f708c,38538ddb450c81eda48bdceec15f708c,notion,Emir Šehanović,,Person,he/him,RS Serbia,"Emir Šehanović (*1981, Tuzla) is an artist whose practice explores objects, bodies, material identity and transformation, often creating hybrid forms that question how the body relates to its aesthetic environment. In 2025, he co-authored Terram Intelligere: INTERSTITIUM, Montenegro’s Pavilion at the 19th International Architecture Exhibition – La Biennale di Venezia.","Emir Šehanović (*1981, Tuzla) erkundet in seiner Praxis als Künstler Objekte, Körper, materielle Identität und Transformation. Dabei schafft er oft hybride Formen, die das Verhältnis des Körpers zu seiner ästhetischen Umgebung hinterfragen. 2025 hat er Terram Intelligere: INTERSTITIUM, den Beitrag Montenegros bei der 19. Internationalen Architekturausstellung – La Biennale di Venezia, mitentwickelt.",38638ddb450c81b1b219d502e09179f0; 39c38ddb450c805ab52ddb607d9a503a,done,,https://www.instagram.com/emirsehanovic,,,done,public,True,True
ProcessingFoundation-38638ddb450c8162a9e5e662a840174a,38638ddb450c8162a9e5e662a840174a,notion,Processing Foundation,,Organization,,US United States,"Processing Foundation’s mission is to promote software learning within the arts, artistic learning within technology-related fields and to celebrate the diverse communities that make these fields vibrant, liberatory and innovative. The organization supports people of all backgrounds in learning how to program and make creative works with code, especially those who might not otherwise have access to tools and resources.","Die Mission der Processing Foundation besteht darin, das Erlernen von Software im Kunstbereich und das künstlerische Lernen in technologiebezogenen Disziplinen zu fördern sowie die vielfältigen Gemeinschaften zu würdigen, die diese Bereiche lebendig, befreiend und innovativ machen. Die Organisation unterstützt Menschen aller Hintergründe dabei, Programmieren zu lernen und kreative Arbeiten mit Code zu entwickeln – insbesondere jene, die sonst nur eingeschränkten Zugang zu entsprechenden Werkzeugen und Ressourcen hätten.",38638ddb450c819c8ba7cfc7e53aff87; 38f38ddb450c81ac9b50d75577230360; 39f38ddb450c818b88d6cc6267264a26; 3a838ddb450c814694adda1fb5f190a1; 3a838ddb450c81c59d98ff44c33d4c4b; 3a838ddb450c8145a55bc3a79dfd6046; 3a838ddb450c816c85dbd8ba658d933d; 3a838ddb450c81f396ddfbb621ddeaa0; 3a838ddb450c81d39acadf12fbdb148f,done,https://processingfoundation.org/,https://www.instagram.com/processingorg/,https://www.facebook.com/page.processing/,https://www.linkedin.com/company/processing-foundation/,done,public,True,True
EmanuelGollob-38638ddb450c819d8e5cedb62588c81a,38638ddb450c819d8e5cedb62588c81a,notion,Emanuel Gollob,Emanuel Gollob,Person,he/him,AT Austria,"Emanuel Gollob is an artist and researcher at the Creative Robotics department of the University of Arts Linz, where he is completing his PhD on “Fruitful Frictions” between humans, AI and robots. In 2023, he was a guest artist at ZKM Karlsruhe and an EMAP resident at WRO Art Center. His work has been exhibited at the Smithsonian Arts and Industries Building, Washington DC; the Science Gallery Melbourne; the ArtScience Museum, Singapore; HEK, Basel; and the World Economic Forum, Dalian.","Emanuel Gollob ist Künstler und Forscher an der Abteilung Creative Robotics der Kunstuniversität Linz, wo er sein Doktorat zu “Fruchtbare Reibungen” zwischen Menschen, KI und Robotern abschließt. 2023 war er Gastkünstler am ZKM Karlsruhe und EMAP Artist in Residence am WRO Art Center. Seine Arbeiten wurden im Smithsonian Arts and Industries Building, Washington DC; in der Science Gallery Melbourne; im ArtScience Museum, Singapur; im HEK, Basel und am World Economic Forum, Dalian, gezeigt.",38838ddb450c812ebe8bc3edbd7480e8,done,https://www.emanuelgollob.com/,https://www.instagram.com/emanuelgollob/,,https://www.linkedin.com/in/emanuelgollob/,done,public,True,True
RemoStuflesser-38638ddb450c818eb8d6fbcdbecf2182,38638ddb450c818eb8d6fbcdbecf2182,notion,Remo Stuflesser,,Person,he/him,IT Italy,"Remo Stuflesser lives and works in Linz. His artistic work focuses on interactive sound installations, performance, videoart, his strong emotions and art as a relationship between artist, artwork and viewer.","Remo Stuflesser (2002 in Bozen, Italien) lebt und arbeitet in Linz. Seine künstlerische Arbeit begann er in den bildenden Künsten, später kamen interaktive Installationen, Videoarbeiten, Performance und Konzeptkunst hinzu. Die Beschäftigung mit seinen intensiven Gefühlen und der Kunst als Beziehungsgestaltung zwischen Künstler*in, Werk und Betrachter*in sind Schwerpunkte seiner Arbeiten.",38838ddb450c81329a94ddd094bc91b7; 38e38ddb450c805d9233f94a61e5ca23,done,https://remoportfolio.cargo.site/,,,,done,public,True,True
MartinaMenegon-38738ddb450c81eab673f5f8d2d05d9f,38738ddb450c81eab673f5f8d2d05d9f,notion,Martina Menegon,,Person,she/her,IT Italy,"Martina Menegon (she/her, b. Italy, 1988) is an artist, educator and researcher based in Vienna. She is a senior artist and lecturer at the University of Applied Arts Vienna, and a PhD researcher in Transformation Studies: Art x Science (University of Applied Arts Vienna/JKU Linz). Her artistic practice spans transmedia, interactive, digital and Extended Reality art, exploring the mechanics of embodiment, the hybrid nature of the contemporary self and the poetics of the in-between.","Martina Menegon (sie/ihr, Italien, 1988) ist Künstlerin, Dozentin und Forscherin und lebt in Wien. Sie ist Senior Artist und Dozentin an der Universität für angewandte Kunst Wien sowie Doktorandin im interuniversitären Programm Transformation Studies: Art x Science (Universität für angewandte Kunst Wien / JKU Linz). Ihre künstlerische Praxis umfasst transmediale, interaktive, digitale und Extended-Reality-Kunst und untersucht dabei die Mechanismen von Verkörperung, die hybride Natur des zeitgenössischen Selbst und die Poetik des Dazwischen.",,done,https://martinamenegon.xyz/,https://www.instagram.com/martina.menegon/,,https://www.linkedin.com/in/martinamenegon/,done,public,True,True
YlvieMoschitz-38738ddb450c814f86b4fe871ee3c496,38738ddb450c814f86b4fe871ee3c496,notion,Ylvie Moschitz,,Person,she/her,AT Austria,"Ylvie Moschitz is a Vienna-based, interdisciplinary artist and designer. Holding a BA in Transformation Studies Art x Science and currently studying Design Investigations at the University of Applied Arts Vienna, she explores ethical and societal questions through artistic research and experimental practice. Driven by curiosity and a desire to explore the unfamiliar, she works across diverse media, technologies, materials and methods to create approachable entry points to complex topics.","Ylvie Moschitz ist eine in Wien lebende, interdisziplinäre Künstlerin und Designerin. Sie hat einen BA in Transformation Studies Art x Science und studiert derzeit Design Investigations an der Universität für angewandte Kunst Wien. Ylvie erforscht ethische und gesellschaftliche Fragestellungen durch künstlerische Forschung und experimentelle Praxis. Angetrieben von Neugier und dem Wunsch, sich mit Unbekanntem auseinanderzusetzen, arbeitet sie mit verschiedensten Medien, Technologien, Materialien und Methoden, um zugängliche Einstiegspunkte in komplexe Themenfelder zu schaffen.",38738ddb450c81c3a411cea04c85d15a,done,,https://www.instagram.com/_Ylvie,,,done,public,True,True
JohannesGrafinger-38738ddb450c81dfbf9dcb50c8083f74,38738ddb450c81dfbf9dcb50c8083f74,notion,Johannes Grafinger,,Person,he/him,AT Austria,"Johannes Grafinger is currently a bachelor’s student in Artificial Intelligence at Johannes Kepler University Linz. During his studies, he has taken particular interest in Reinforcement Learning centric applications as well as in the general perceptual qualities of Artificial Intelligence systems.",Johannes Grafinger studiert im Bachelorstudiengang Artificial Intelligence an der Johannes Kepler Universität Linz. Im Laufe seines Studiums hat er ein besonderes Interesse an Anwendungen mit Schwerpunkt Reinforcement Learning sowie an wahrnehmungsbezogenen Eigenschaften von KI-Systemen entwickelt.,38738ddb450c81c3a411cea04c85d15a,done,,,,,done,public,True,True
JanSchlter-38738ddb450c8112b1c3c37b0c222344,38738ddb450c8112b1c3c37b0c222344,notion,Jan Schlüter,,Person,he/him,DE Germany,"Since 2010, Jan Schlüter has been pursuing research on deep learning for audio processing, but he is also interested in other applications of AI. Currently, he is a postdoctoral university assistant in the Institute of Computational Perception at Johannes Kepler University Linz. He teaches on both the Artificial Intelligence and the Art x Science programs.","Jan Schlüter forscht seit 2010 zu Deep Learning für Audioverarbeitung, ist aber auch an anderen Anwendungsbereiche von KI interessiert. Derzeit ist er als Postdoktorand am Institut für Computational Perception der Johannes Kepler Universität Linz tätig. Er unterrichtet sowohl im Studiengang Artificial Intelligence als auch an der Art x Science School for Transformation.",38738ddb450c81c3a411cea04c85d15a,done,https://jan-schlueter.de,,,,done,public,True,True
PavithrenVSPakianathan-38738ddb450c8104b399f48be9fdf550,38738ddb450c8104b399f48be9fdf550,notion,Pavithren V S Pakianathan,,Person,he/him,SG Singapore,"Pavithren is an award-winning inclusive design technologist shaping the future of healthcare through human-AI and human-data interaction. Guided by his personal philosophy that “we shape technology; thereafter it shapes us”, his work explores the reciprocal relationship between digital systems and humans. Currently, as a PhD candidate at LMU Munich and Ludwig Boltzmann Institute for Digital Health and Prevention, Salzburg, he researches the design of digital tools to support cardiovascular prevention.","Pavithren ist ein preisgekrönter Technologe für inklusives Design, der die Zukunft des Gesundheitswesens durch Mensch-KI- und Mensch-Daten-Interaktion mitgestaltet. Geleitet von seiner persönlichen Philosophie “Wir gestalten Technologie; danach gestaltet sie uns”, untersucht seine Arbeit die wechselseitige Beziehung zwischen digitalen Systemen und Menschen. Derzeit promoviert er an der LMU München und am Ludwig Boltzmann Institut für Digital Health and Prevention in Salzburg, wo er zur Gestaltung digitaler Werkzeuge zur Unterstützung der kardiovaskulären Prävention forscht.",38838ddb450c812ebe8bc3edbd7480e8,done,https://www.pavithren.com,,,https://www.linkedin.com/in/pavithren,done,public,True,True
BarUla-38738ddb450c81c59021f5cd1c34411b,38738ddb450c81c59021f5cd1c34411b,notion,Barış Ulaş,,Person,they/them,DK Denmark,"Barış Ulaş studies game design at Uppsala University, having previously graduated from the School for Transformation at the University of Applied Arts Vienna and Johannes Kepler University Linz. They are mainly occupied with questions surrounding art, value and labor, with a particular interest in processes of speculation and legitimization.","Barış Ulaş studiert Game Design an der Universität Uppsala und absolvierte zuvor die School for Transformation an der Universität für angewandte Kunst Wien sowie der Johannes Kepler Universität Linz. Im Zentrum von deren Arbeit stehen Fragen zu Kunst, Wert und Arbeit, mit besonderem Interesse an Prozessen der Spekulation und Legitimierung.",38738ddb450c81c3a411cea04c85d15a,done,,,,,done,public,True,True
PariaDayyani-38738ddb450c81f1ba0ae67d37cccf5a,38738ddb450c81f1ba0ae67d37cccf5a,notion,Paria Dayyani,,Person,she/her,IR Iran,"Paria Dayyani (1998, Tehran) is an Iranian experimental filmmaker and New Media artist based in Linz, Austria. She holds a BA in Botanical Science from the University of Tehran. Since 2023 Paria has studied Media Arts at the Art University of Linz. Her work explores light as a political and poetical force, questioning visibility.","Paria Dayyani, geboren 1998 in Teheran, ist eine iranische Experimentalfilmemacherin und New Media Artist und lebt in Linz. Sie hat einen Bachelorabschluss in Botanik von der Universität Teheran. Seit 2023 studiert sie Medienkunst an der Kunstuniversität Linz. In ihrer Arbeit untersucht sie Licht als politische und poetische Kraft und setzt sich dabei mit Fragen von Sichtbarkeit auseinander.",38738ddb450c81b795a4d86dfc6a88d7,done,,https://www.instagram.com/pariadayyani/,,,done,public,True,True
VahidQaderi-38738ddb450c812bacb2c81c4d45f11d,38738ddb450c812bacb2c81c4d45f11d,notion,Vahid Qaderi,,Person,he/him,IR Iran,"Vahid Qaderi is an Iranian media artist, electronic musician and visual artist based in Linz, Austria. His artistic practice focuses on sound design, electronic music production, Augmented Reality/Virtual Reality experiences, video games, 3D animation and interactive audiovisual environments. Working across disciplines, he combines technology with artistic research to create immersive, spatial and perception-based experiences that connect sound, image and interaction.","Vahid Qaderi ist ein iranischer Medienkünstler, elektronischer Musiker und bildender Künstler, der in Linz lebt. Seine künstlerische Praxis umfasst Sounddesign, elektronische Musikproduktion, Augmented-Reality-/Virtual-Reality-Erlebnisse, Videospiele, 3D-Animation und interaktive audiovisuelle Umgebungen. Disziplinübergreifend kombiniert er Technologie mit künstlerischer Forschung und schafft immersive, räumliche und wahrnehmungsbasierte Erfahrungen, die Klang, Bild und Interaktion verbinden.",38738ddb450c81b795a4d86dfc6a88d7,done,,https://www.instagram.com/vahidqaderi,,,done,public,True,True
MisaghSaboori-38838ddb450c81908358eb812a72b601,38838ddb450c81908358eb812a72b601,notion,Misagh Saboori,,Person,he/him,IR Iran,"Misagh Saboori is a technical artist and motion designer who explores the intersection of immersive XR, interactive art and machine intelligence. Driven by a strong visual aesthetics, he transforms complex technical pipelines—from real-time rendering to AI-driven systems—into responsive digital experiences. His work focuses on crafting autonomous virtual entities and dynamic environments, constantly pushing the expressive and emotional boundaries of human-computer interaction.","Misagh Saboori ist Technical Artist und Motion Designer und arbeitet an der Schnittstelle von immersiver Extended Reality, interaktiver Kunst und maschineller Intelligenz. Angetrieben von einer ausgeprägten visuellen Ästhetik verwandelt er komplexe technische Arbeitsabläufe – von Echtzeit-Rendering bis hin zu KI-gestützten Systemen – in reaktionsfähige digitale Erlebnisse. Der Schwerpunkt seiner Arbeit liegt auf der Gestaltung autonomer virtueller Entitäten und dynamischer Umgebungen, wobei er fortlaufend neue Ausdrucksmöglichkeiten und emotionale Grenzen der Mensch-Computer-Interaktion auslotet.",38838ddb450c812ebe8bc3edbd7480e8,done,https://linktr.ee/misaghsaboori,https://www.instagram.com/misaghsaboori,,https://www.linkedin.com/in/misaghsaboori/,done,public,True,True
JanDavidSmeddinck-38838ddb450c812a90afd651b0651184,38838ddb450c812a90afd651b0651184,notion,Jan David Smeddinck,,Person,he/him,DE Germany,"Jan Smeddinck is a human-AI interaction and digital health researcher, who is Co-Director of the Ludwig Boltzmann Institute for Digital Health and Prevention. Building on a background in human-computer interaction, he works to make AI-based systems trustworthy, individually fitting and truly useful in sensitive domains. His interest in how authority, trust and accountability shift as AI enters clinical practice grounds his advice on the experimental triadic care relations in Intimate Triage.","Jan Smeddinck forscht zu Mensch-KI-Interaktion und digitaler Gesundheit und ist Co-Direktor des Ludwig Boltzmann Institut Digitale Gesundheit und Prävention. Ausgehend von seinem Hintergrund im Bereich Mensch-Computer-Interaktion arbeitet er daran, KI-basierte Systeme in sensiblen Bereichen vertrauenswürdig, individuell anpassbar und sinnvoll einsetzbar zu gestalten. Sein Interesse dafür, wie sich Autorität, Vertrauen und Verantwortlichkeit durch die Einführung von KI in die klinische Praxis verändern, bildet die Grundlage für seine beratende Perspektive auf die experimentellen triadischen Versorgungsbeziehungen in Intimate Triage.",38838ddb450c812ebe8bc3edbd7480e8,done,https://www.smeddinck.com/,,,https://www.linkedin.com/in/smeddinck/,done,public,True,True
UlrikeMair-38838ddb450c81108f19f1cba704628c,38838ddb450c81108f19f1cba704628c,notion,Ulrike Mair,Ulrike Mair,Person,she/her,AT Austria,"Ulrike Mair, born 1980 in Vöcklabruck, is active across a broad spectrum of educational and creative fields. Art as an essential element of teaching is a particular focus of her work in primary education. This includes the board game Earth Treasure (Bodenschatz), which was tested at Feldkirchen-Donau Primary School.

Publications in the field of digital literacy:
Mein Medienheft, öbv Verlag
Da ist Tardi – A tardigrade at the Ars Electronica Center","Ulrike Mair, geboren 1980 in Vöcklabruck, ist in einem breiten pädagogischen und kreativen Schaffensfeld tätig. Kunst als wesentliches Element der Vermittlung steht besonders bei ihrer Arbeit im Primarschulbereich im Fokus. Dazu zählt auch das Brettspiel Bodenschatz, das in der Volksschule Feldkirchen an der Donau getestet wurde. 

Publikationen im Bereich Digitale Grundbildung:
Mein Medienheft, öbv Verlag
Da ist Tardi - Ein Bärtierchen im Ars Electronica Center",38838ddb450c81828fc2e7746ea187bb,done,https://www.youtube.com/@UlrikeMair,,,,done,public,True,True
HolunderHei-38838ddb450c81c39bc2d394349648ce,38838ddb450c81c39bc2d394349648ce,notion,Holunder Heiß,,Person,he/him,AT Austria,"Holunder Heiß is a media artist who mainly works at the interface between technology, art and humans. The interaction and experience of his artistic works are essential components of his work. Holunder Heiß was born in Innsbruck, lives in Vienna and graduated from the Digital Art program at the University of Applied Arts Vienna. Since 2016, he has been working as a senior artist in the team of the Time-Based and Interactive Media Art program at the University of Art Linz.","Holunder Heiß ist Medienkünstler und arbeitet vor allem an der Schnittstelle von Technologie, Kunst und Mensch. Interaktion und Erleben sind zentrale Bestandteile seiner künstlerischen Praxis. Holunder Heiß wurde in Innsbruck geboren und lebt heute in Wien. Er ist Absolvent des Studienganges Digitale Kunst an der Universität für angewandte Kunst Wien. Seit 2016 ist er Senior Artist im Team des Studienbereichs Zeitbasierte und Interaktive Medienkunst an der Kunstuniversität Linz.",38838ddb450c81329a94ddd094bc91b7,done,,,,,done,public,True,True
FlorianKlammer-38838ddb450c81ccb6e7c7c4f9fc5233,38838ddb450c81ccb6e7c7c4f9fc5233,notion,Florian Klammer,,Person,he/him,AT Austria,"Florian Klammer is an artist studying Time-based and Interactive Media Art at Kunstuniversität Linz. His work explores the intersection of the digital and analogue, bridging technology with human connection. His practice spans interactive installations, generative art and dance or music performances. Committed to continuous learning, he engages deeply with theoretical discourse. For Klammer, mediums are tools to realize concepts, keeping ideas at the core of his art.","Der Künstler Florian Klammer studiert Zeitbasierte und Interaktive Medienkunst an der Kunstuniversität Linz. In seinen Arbeiten untersucht er die Schnittstelle von Digitalem und Analogem und schlägt dabei eine Brücke zwischen Technologie und menschlichen Beziehungen. Sein Schaffen umfasst interaktive Installationen, generative Kunst sowie Tanz- und Musikperformances. Er versteht künstlerische Arbeit als kontinuierlichen Lernprozess und setzt sich intensiv mit theoretischen Diskursen auseinander. Medien begreift Klammer als Werkzeuge, um Konzepte umzusetzen; im Zentrum seiner Kunst stehen dabei stets die Ideen.",38838ddb450c81c1a926f7b3f7c6a09a,done,,https://www.instagram.com/flo.makesart/,,,done,public,True,True
DennisHong-38838ddb450c8114b439d334b49f84ac,38838ddb450c8114b439d334b49f84ac,notion,Dennis Hong,,Person,he/him,US United States,"Dennis Hong (b. 1971, California, USA) is a roboticist and artist whose work explores motion, agency and the invisible forces that shape behavior. Founder of UCLA’s Robotics & Mechanisms Laboratory (RoMeLa), he draws on decades of robotics research to create kinetic installations in which embodied agents negotiate physical constraints and dynamic environments. Through robotics as a medium, Hong shifts machines from instruments of utility toward instruments of reflection.","Dennis Hong (1971, Kalifornien) ist Robotiker und Künstler und erkundet Bewegung, Agency und unsichtbare Kräfte, die Verhalten formen. Als Gründer des Robotics & Mechanisms Laboratory (RoMeLa) an der UCLA baut er auf jahrzehntelanger Robotikforschung auf, um kinetische Installationen zu kreieren, in denen verkörperte Agenten physische Grenzen und dynamische Umgebungen aushandeln. Robotik wird bei Hong zum Medium: Maschinen werden von Instrumenten des Nutzens zu Instrumenten der Reflexion.",38838ddb450c8118a666fd0af73e5e86,done,,https://www.instagram.com/dennishongrobot/,https://www.facebook.com/hong.dennis,https://www.linkedin.com/in/dehong/,done,public,True,True
AnnaSteward-38938ddb450c80c39a02c9c168a500fc,38938ddb450c80c39a02c9c168a500fc,notion,Anna Steward,,Person,she/her,DE Germany,"Anna Steward is an artist working at the intersection of art, microbiology, and astrobiology. Her transdisciplinary practice originated in theatre before moving into Live Art and visual art. The same questions—contact, otherness, thresholds between the living and the non-living – have migrated across forms. She collaborates with the German Archaea Center at the University of Regensburg, Germany, and the CNRS – Center for Molecular Biophysics in Orléans, France.","Anna Steward ist eine Künstlerin, die an der Schnittstelle von Kunst, Mikrobiologie und Astrobiologie arbeitet. Ihre transdisziplinäre Praxis begann im Theater, bevor sie zur Live-Art und bildenden Kunst überging. Die gleichen Fragen – Kontakt, Andersartigkeit, Grenzen zwischen Lebendigem und Nicht-Lebendigem – haben sich über verschiedene Formen hinweg fortgesetzt. Sie arbeitet mit dem Deutschen Archaeenzentrum an der Universität Regensburg sowie dem CNRS – Zentrum für Molekulare Biophysik in Orléans, Frankreich, zusammen.",37d38ddb450c808f988fed9983f5e53e,done,https://www.anna-steward.com/,,,https://www.linkedin.com/in/anna-steward-56441a321/,done,public,True,True
ArchitectureandHumanAugmentation-38938ddb450c81239fedee97af737881,38938ddb450c81239fedee97af737881,notion,Architecture and Human Augmentation,Architektur und Human Augmentation,Organization,,CH Switzerland,"The Architecture and Human Augmentation group researches and investigates how spatial computing technologies transform the ways architecture is designed, fabricated, experienced and deconstructed. Their work focuses on this ongoing technological shift: from architecture mediated primarily through drawings, models and screens, to architecture shaped through situated, embodied and interactive computational systems.","Die Forschungsgruppe Architektur und Human Augmentation untersucht, wie Spatial-Computing-Technologien die Gestaltung, Herstellung, Wahrnehmung und Dekonstruktion von Architektur verändern. Im Mittelpunkt steht der aktuelle technologische Wandel: Architektur entsteht zunehmend nicht mehr nur über Zeichnungen, Modelle und Bildschirme, sondern auch durch räumlich verortete, körperbezogene und interaktive computergestützte Systeme.",38938ddb450c816db093e78c21f4f4e3,done,https://aha.ethz.ch,https://www.instagram.com/aha.ethz/,,https://www.linkedin.com/company/aha-ethz,done,public,True,True
MAEID-38938ddb450c817888abc233478ad2c7,38938ddb450c817888abc233478ad2c7,notion,MAEID,MAEID Büro für Architektur und transmediale Kunst,Organization,,"AT Austria, CH Switzerland","MAEID Office for Architecture and Transmedia Art is an interdisciplinary studio that explores the relationship between people, space and performativity. Their work is to be understood as a seamless interaction between computation, the material and the virtual, living systems and machines. MAEID is led by Daniela Mitterberger and Tiziano Derme. The team collaborates on an on-going basis with a variety of different professionals and artists.","MAEID Büro für Architektur und transmediale Kunst ist ein interdisziplinäres Studio, das die Beziehungen zwischen Mensch, Raum und Performativität hinterfragt. Die Arbeit ist als nahtloses Zusammenspiel von Datenverarbeitung, Materiellem und Virtuellem, lebenden Systemen und Maschinen zu verstehen. MAEID wird von Daniela Mitterberger und Tiziano Derme geleitet. Das Team arbeitet kontinuierlich mit wechselnden Expert*innen und Künstler*innen zusammen.",38938ddb450c816db093e78c21f4f4e3,done,https://maeid.com,https://www.instagram.com/maeid.office,,https://www.linkedin.com/company/maeid/,done,public,True,True
HannesBuchwieser-38938ddb450c80d0a925e2cb4f7c0864,38938ddb450c80d0a925e2cb4f7c0864,notion,Hannes Buchwieser,,Person,he/him,DE Germany,"Hannes Buchwieser is an experimental musician and interdisciplinary artist who explores the intersections of art, science and technology. In his sound performances, he uses microscopes that “communicate” with analog synthesizers via coding. This creates a synthesis of organic sounds and electronic sound processing that makes the inaudible audible and enables collaborative music-making with microorganisms. The work translates biological processes into sound, thereby creating a shared space of perception between human experience and microbiological processes. The functioning of this musical approach can also be experienced as part of the Ars Electronica Festival 2026 in the installation UNSEEN FREQUENCIES.","Hannes Buchwieser ist experimenteller Musiker und interdisziplinärer Künstler, der sich intensiv mit den Schnittstellen von Kunst, Wissenschaft und Technologie auseinandersetzt. In seinen Soundperformances nutzt er Mikroskopien, die mittels Coding mit analogen Synthesizern “kommunizieren“. So entsteht eine Synthese aus organischen Klängen und elektronischer Klangverarbeitung, die Unhörbares hörbar macht und ein gemeinsames Musizieren mit Mikroorganismen ermöglicht. Die Arbeit übersetzt biologische Prozesse in Klang und schafft so einen gemeinsamen Wahrnehmungsraum zwischen menschlicher Erfahrung und mikrobiologischem Geschehen. Die Funktionsweise dieses musikalischen Ansatzes kann im Rahmen des Ars Electronica Festivals 2026 auch in der Installation UNSEEN FREQUENCIES erlebt werden.",37d38ddb450c808f988fed9983f5e53e,done,,https://www.instagram.com/jdb_records_vienna/,,,done,public,True,True
DennisSiering-38938ddb450c81d5adf3c18b9fcdbce5,38938ddb450c81d5adf3c18b9fcdbce5,notion,Dennis Siering,,Person,he/him,DE Germany,"Dennis Siering’s artistic practice moves in between art and science. By looking at how nature, technology and society interact, his works make it possible to experience the structures and processes of an environment that is increasingly shaped by humans. To this end, Siering often designs speculative scenarios that open up critical perspectives on our present and test alternative patterns of thought. In his most recent works, the artist also places a special focus on collaboration in between species.","Dennis Sierings künstlerische Praxis bewegt sich zwischen Kunst und Wissenschaft. Seine Arbeiten untersuchen das Zusammenspiel von Natur, Technologie und Gesellschaft und machen dadurch Strukturen und Prozesse einer zunehmend vom Menschen geprägten Umwelt erfahrbar. Dafür entwirft Siering häufig spekulative Szenarien, die kritische Perspektiven auf unsere Gegenwart eröffnen und alternative Denkmuster erproben. In seinen jüngsten Arbeiten richtet er zudem besonderes Augenmerk auf die Kollaboration zwischen verschiedenen Spezies.",38938ddb450c81449c72ced8f34d5e9a,done,https://dennissiering.com/,https://www.instagram.com/dennis_siering/,,,done,public,True,True
NordicoStadtmuseum-38938ddb450c8114b669c415497aaaaf,38938ddb450c8114b669c415497aaaaf,notion,Nordico Stadtmuseum,Nordico Stadtmuseum,Organization,,AT Austria,"Typically Linz?! The Nordico Stadtmuseum offers a unique experience for everyone who wants to get to know the history, identity and culture of Linz. With the exhibition Made in Linz and two permanent exhibitions on the city’s history, Linz can be experienced from different perspectives – from local success stories to 2000 years of Linz in fast motion: everything is possible at the Nordico.","Typisch Linz?! Das Nordico Stadtmuseum bietet ein einzigartiges Erlebnis für alle, die die Geschichte, Identität und Kultur von Linz kennenlernen möchten. Mit der Sonderausstellung „Made in Linz“ und zwei Dauerausstellungen zur Stadtgeschichte wird Linz aus unterschiedlichen Perspektiven erlebbar – von lokalen Erfolgsgeschichten bis zu 2000 Jahren Stadtgeschichte im Zeitraffer.",38938ddb450c81e68c7ce329dd8a6718,done,https://www.nordico.at/en,https://www.instagram.com/nordicolinz/,,,done,public,True,True
QMInteractiveGmbH-38938ddb450c815f8ef0d99c9b3d2c80,38938ddb450c815f8ef0d99c9b3d2c80,notion,QM Interactive GmbH,QM Interactive GmbH,Organization,,DE Germany,"QM Interactive is an independent Munich‑based studio specializing in serious games and interactive applications. The team led by founder Quirin Münch develops playful solutions for learning, training and knowledge transfer—from educational games to immersive simulations and VR training. More than 120 projects reflect their passion for game design, creative concepts and agile development. For medical and health‑related topics, they work closely with their sister company CAT PRODUCTION.","QM Interactive ist ein unabhängiges Münchner Studio für Serious Games und interaktive Anwendungen. Das Team um Gründer Quirin Münch entwickelt spielerische Lösungen für Lernen, Training und Wissensvermittlung – von Lernspielen über immersive Simulationen bis zu VR‑Trainings. Über 120 realisierte Projekte zeigen ihre Leidenschaft für Game Design, kreative Konzepte und agile Entwicklung. Für Themen zu Medizin und Gesundheit arbeiten sie eng mit ihrem Schwesterunternehmen CAT PRODUCTION zusammen.",38938ddb450c8199bc4ce4191209e6b2,done,https://qm-interactive.com/,https://www.instagram.com/qminteractive,,https://www.linkedin.com/company/qm-interactive/,done,public,True,True
PolycularGmbH-38938ddb450c81ac849df3a3103db12e,38938ddb450c81ac849df3a3103db12e,notion,Polycular GmbH,,Organization,,AT Austria,"Polycular is an interactive design and technology studio that pairs creativity and technological innovation to create experience spaces in both the real and virtual world. With over 20 years of work experience, the studio creates immersive, science-backed Virtual and Augmented Reality experiences that train 21st-century skills. Well-crafted storytelling, state-of-the-art technology and a gameful approach are underlying qualities that shape the products and services.","Polycular ist ein Studio für interaktives Design und Technologie, das Kreativität mit technologischer Innovation verbindet, um Erlebnisräume in der realen und virtuellen Welt zu schaffen. Mit über 20 Jahren Erfahrung entwickelt Polycular immersive, wissenschaftlich fundierte Virtual- und Augmented-Reality-Erfahrungen, die Kompetenzen für das 21. Jahrhundert trainieren. Sorgfältiges Storytelling, modernste Technologie und ein spielerischer Ansatz prägen die Produkte und Dienstleistungen.",38a38ddb450c81f0bda7c9f201789c1e,done,https://www.polycular.com/,,,https://www.linkedin.com/company/polycular/,done,public,True,True
CATPRODUCTIONGmbHCATMEDIC-38938ddb450c81ca9671c89023dd01c0,38938ddb450c81ca9671c89023dd01c0,notion,CAT PRODUCTION GmbH/CAT MEDIC,CAT PRODUCTION GmbH/CAT MEDIC,Organization,,DE Germany,"CAT PRODUCTION GmbH/CAT MEDIC is a Munich‑based media and technology company specializing in medical visualization. Since 2010, it has focused on creating precise, biomechanically accurate 3D anatomy models. Its work includes 3D animations, medical illustrations, interactive apps and VR/AR solutions for clients in medicine, pharma and medtech. Many research projects reflect its strong expertise. Gamification and VR applications are realized with its sister company QM Interactive.","CAT PRODUCTION GmbH/CAT MEDIC ist ein Münchner Medien‑ und Technologieunternehmen mit Schwerpunkt auf medizinischer Visualisierung. Seit 2010 entwickelt das Team präzise 3D‑Anatomiemodelle, 3D‑Animationen, medizinische Illustrationen sowie AR/VR‑Anwendungen für Medizin, Pharma und Medizintechnik. Zahlreiche Forschungsprojekte belegen die hohe Expertise. Gamification‑ und VR‑Anwendungen werden gemeinsam mit dem Schwesterunternehmen QM Interactive realisiert.",38938ddb450c8199bc4ce4191209e6b2,done,https://www.cat-medic.de/ueber-cat-medic/,,,https://www.linkedin.com/company/catmedic/,done,public,True,True
TUDelft-38938ddb450c81958170e6dcffc0129a,38938ddb450c81958170e6dcffc0129a,notion,TU Delft,,Organization,,NL Netherlands,"TU Delft is the oldest and largest public technical university in the Netherlands. TU Delft’s elite engineering, architecture and technology programs frequently rank among the top universities worldwide. This exhibition is a collaboration between the TU Delft Library and Crossing Parallels—places on campus where artists, researchers and students engage in a multi-directional exchange. Creativity and fresh perspectives are integrated here with scientific methods and educational formats.","Die TU Delft ist die älteste und größte öffentliche technische Universität der Niederlande. Ihre renommierten Studienprogramme in Ingenieurwissenschaften, Architektur und Technologie belegen regelmäßig Spitzenplätze in internationalen Hochschulrankings. Diese Ausstellung ist eine Zusammenarbeit zwischen der TU Delft Library und Crossing Parallels – Orten auf dem Campus, an denen Künstler*innen, Forschende und Studierende in einen vielschichtigen Austausch treten. Hier verbinden sich Kreativität und frische Perspektiven mit wissenschaftlichen Methoden und Bildungsformaten.",38a38ddb450c81508151e7935b5bd811,done,https://crossingparallels.nl/,https://www.instagram.com/crossingparallels,https://www.facebook.com/CrossingParallels52,https://www.linkedin.com/company/tu-delft-library/,done,public,True,True
goldextra-38a38ddb450c8117bef3f64021dcf06b,38a38ddb450c8117bef3f64021dcf06b,notion,gold extra,gold extra,Group,they/them,AT Austria,"gold extra is a group of artists working at the intersections of games, digital art, theater, film and the visual arts. They explore the development of new formats—such as documentary video games—and examine games as platforms for communicating sociopolitical issues. The ongoing exploration of innovative forms of artistic expression is a central focus of their work.","gold extra ist eine Gruppe von Künstler*innen, die an den Schnittstellen von Spielen, digitaler Kunst, Theater, Film und bildender Kunst arbeitet. Sie forschen an der Entwicklung neuer Formate, z.B. im Bereich dokumentarischer Computerspiele und beschäftigen sich mit Spielen als Kommunikationsplattformen für gesellschaftspolitische Themen. Im Zentrum ihrer Arbeit steht die kontinuierliche Erforschung innovativer Formen des künstlerischen Ausdrucks.",38a38ddb450c81aab9dffb601ae7227a; 38a38ddb450c81edbd07c65e9b1942ef,done,https://goldextra.com/en/idyll,https://www.instagram.com/gold_extra/,https://www.facebook.com/goldextra/,,done,public,True,True
Nhkche.EineoffeneNhwerkstatt-38a38ddb450c8163be46fd72291a7612,38a38ddb450c8163be46fd72291a7612,notion,Nähküche. Eine offene Nähwerkstatt,Nähküche. Eine offene Nähwerkstatt,Organization,,AT Austria,"Saving the world with a sewing machine—or working together to combat the throwaway culture evident in society? Where “Doing It Yourself” will not save the world alone, “Doing It Together” sounds much more promising. Since 2012, this Linz-based association has taken on the task of contributing to a vision of a more sustainable society. The craft of sewing is given a new lease of life: discarded materials are transformed into unique pieces that can be worn once again, to be gifted and admired with joy.","Die Welt retten mit der Nähmaschine oder gemeinsam und mit Spaß der Wegwerfgesellschaft entgegennähen? “Do It Yourself” allein kann die Welt nicht retten; “Do It Together” klingt schon vielversprechender. Seit 2012 hat sich der Linzer Verein zur Aufgabe gemacht, einen Beitrag zur Vision einer nachhaltigen Gesellschaft zu leisten. Das Handwerk des Nähens erhält ein neues Gesicht. Ausgedientes verwandelt sich in besondere Einzelstücke, die wieder gerne getragen, verschenkt und bewundert werden.",38a38ddb450c810cafe8da0654b7569f,done,https://naehkueche.wordpress.com,https://www.instagram.com/naehkuechelinz/,https://www.facebook.com/naehkueche,,done,public,True,True
IrinaParaschivoiu-38a38ddb450c81709c5bef7a283973c4,38a38ddb450c81709c5bef7a283973c4,notion,Irina Paraschivoiu,Irina Paraschivoiu,Person,she/her,RO Romania,"Irina Paraschivoiu is a researcher and entrepreneur working at the intersection of Extended Reality (XR), urban technology and human-computer interaction. As COO of Polycular, an interactive design studio, she creates meaningful experiences with immersive technology. She has designed and led interdisciplinary R&D projects blending technology, media, cities and society, and publishes on XR’s role in public space, co-creation and citizen engagement.","Irina Paraschivoiu ist Forscherin und Unternehmerin an der Schnittstelle von Extended Reality (XR), Urban Technology und Mensch-Computer-Interaktion. Als COO von Polycular, einem Studio für interaktives Design, gestaltet sie bedeutungsvolle Erfahrungen mit immersiver Technologie. Sie konzipierte und leitete interdisziplinäre F&E-Projekte, die Technologie, Medien, Stadt und Gesellschaft verbinden. Daneben publiziert sie zu XR im öffentlichen Raum, Co-Creation und Bürger*innenbeteiligung.",38a38ddb450c81f0bda7c9f201789c1e,done,https://www.polycular.com/,,,https://www.linkedin.com/in/paraschivoiu/,done,public,True,True
ThomasLayer-Wagner-38a38ddb450c814c946cfeefc7a4db63,38a38ddb450c814c946cfeefc7a4db63,notion,Thomas Layer-Wagner,Thomas Layer-Wagner,Person,he/him,AT Austria,"Thomas Layer-Wagner is a designer, developer and entrepreneur with over 15 years experience in immersive technology, experiential learning and game and XR design. He is founder and CEO of Polycular, the EdTech studio behind Escape Fake and Crew Together XR. Thomas studied Interface Culture in Linz and researched games and Augmented Reality at FH Salzburg. His award-winning works build upon one conviction: people grow through experience and reflection, not through consuming content.","Thomas Layer-Wagner ist Designer, Entwickler und Unternehmer mit über fünfzehn Jahren Erfahrung in immersiver Technologie, erfahrungsbasiertem Lernen sowie Game- und XR-Design. Er ist Gründer und CEO von Polycular, dem EdTech-Studio hinter Escape Fake und Crew Together XR. Er studierte Interface Culture in Linz und forschte zu Games und Augmented Reality an der FH Salzburg. Seine vielfach ausgezeichnete Arbeit folgt einer Überzeugung: Menschen wachsen durch Erfahrung und Reflexion, nicht durch Konsum.",38a38ddb450c81f0bda7c9f201789c1e,done,https://www.polycular.com/,,,https://www.linkedin.com/in/thomas-layer-wagner/,done,public,True,True
BenjaminArzt-38a38ddb450c81a3aebcf81b31c3f073,38a38ddb450c81a3aebcf81b31c3f073,notion,Benjamin Arzt,Benjamin Arzt,Person,he/him,AT Austria,"Benjamin Arzt is a digital artist at Polycular, who works on concept, level design, 2D/3D art and technical art in both Unity and Unreal. He holds an MA in MultiMediaArt from FH Salzburg, which focused on computer animation. Before Polycular, Benjamin worked as an animation and VFX artist at various studios, including Scanline VFX and The Third Floor. He has contributed to films such as Transformers: Bumblebee, X-Men: Dark Phoenix and Game of Thrones, and has also taught animation and rigging at FH Salzburg.","Benjamin Arzt ist Digital Artist bei Polycular und arbeitet an Konzeption, Level Design, 2D- und 3D-Art sowie Technical Art in Unity und Unreal. Er hat einen Master of Arts in MultiMediaArt der FH Salzburg mit Schwerpunkt Computeranimation. Zuvor war er als Animations- und VFX-Artist bei Studios wie Scanline VFX und The Third Floor tätig und wirkte an Kinofilmen wie Transformers: Bumblebee, X-Men: Dark Phoenix und Game of Thrones mit. Zudem lehrte er Animation und Rigging an der FH Salzburg.",38a38ddb450c81f0bda7c9f201789c1e,done,,,,,done,public,True,True
DimensionPlus-38a38ddb450c81c3b3b8c5d5064c4eeb,38a38ddb450c81c3b3b8c5d5064c4eeb,notion,Dimension Plus,,Organization,,HK Hong Kong,"Dimension Plus, an Arts & Technology collective, focuses on artwork creation, curation, and education and exchange in art and technology. Their work has been invited to exhibit internationally, including at the Hong Kong Museum of Art, MoCA Taipei, the National Art Center Tokyo, the New Technological Art Award Biennial in Belgium and the Fukuoka Asian Art Museum. Dimension Plus has received numerous awards, including the Prix Ars Electronica, as well as recognition at festivals such as the Japan Media Arts Festival.","Dimension Plus, ein Kollektiv im Bereich Kunst & Technologie, widmet sich der künstlerischen Produktion, der Kuration sowie der Vermittlung und dem Austausch im Feld von Kunst und Technologie. Die Arbeiten des Kollektivs wurden international gezeigt, unter anderem im Hong Kong Museum of Art, im MoCA Taipei, im National Art Center Tokyo, bei der New Technological Art Award Biennial in Belgien sowie im Fukuoka Asian Art Museum. Dimension Plus wurde mit zahlreichen Preisen ausgezeichnet, darunter dem Prix Ars Electronica, sowie bei Festivals wie dem Japan Media Arts Festival gewürdigt.",38e38ddb450c81e69beecad0d5fb7010,done,http://dimensionlpus.co,https://www.instagram.com/dimension_plus/,,,done,public,True,True
TobiasHoffmann-38a38ddb450c811a8912c5027998b0e4,38a38ddb450c811a8912c5027998b0e4,notion,Tobias Hoffmann,Tobias Hoffmann,Person,he/him,DE Germany,"Tobias Hoffmann is the lead developer of Escape Fake, who has been with the project from the very beginning and is responsible for developing and programming all of its chapters. At Polycular he works on games, web and interactive applications, with earlier projects spanning human-robot interaction in Virtual Reality and Augmented Reality escape rooms. He holds an MSc in MultiMediaTechnology from FH Salzburg, where he majored in Game & Simulation Engineering, and his work ranges from game and Augemented Reality development to machine learning.","Tobias Hoffmann ist leitender Entwickler von Escape Fake. Er ist seit Beginn des Projekts dabei und für die Entwicklung und Programmierung aller Spielkapitel verantwortlich. Bei Polycular arbeitet er an Games, Web- und interaktiven Anwendungen; frühere Projekte reichten von Mensch-Roboter-Interaktion in VR bis zu AR-Escape-Rooms. Er hat einen MSc in MultiMediaTechnology der FH Salzburg, Schwerpunkt Game & Simulation Engineering. Seine Arbeit reicht von Game- und AR-Entwicklung bis hin zu Machine Learning.",38a38ddb450c81f0bda7c9f201789c1e,done,,,,,done,public,True,True
JulianWatzinger-38a38ddb450c8165a95bd05a0beff2cd,38a38ddb450c8165a95bd05a0beff2cd,notion,Julian Watzinger,Julian Watzinger,Person,he/him,AT Austria,"Julian Watzinger is a senior game developer at Polycular, focusing on the technical architecture behind the studio’s interactive experiences. He developed Polycular’s internal localization module, which streamlines translation in Unity 3D and underpins multilingual versions of projects like Escape Fake. He holds an MA in MultiMediaTechnology from FH Salzburg, specializing in games and Augmented Reality, and brings deep low-level engineering experience, including game engines built from scratch in C++.","Julian Watzinger ist Senior Spielentwickler bei Polycular und befasst sich vor allem mit der technischen Architektur hinter den interaktiven Erfahrungen des Studios. Er entwickelte Polyculars internes Lokalisierungsmodul, das Übersetzungen in Unity3D vereinfacht und mehrsprachige Versionen von Projekten wie Escape Fake ermöglicht. Er hat einen Master in MultiMediaTechnology der FH Salzburg, Schwerpunkt Games und AR, und bringt tiefe Low-Level-Erfahrung mit, darunter selbstgebaute Engines in C++.",38a38ddb450c81f0bda7c9f201789c1e,done,,,,,done,public,True,True
SummitShareCollective-38a38ddb450c810c987ae563101e3f86,38a38ddb450c810c987ae563101e3f86,notion,SummitShare Collective,,Organization,,ZM Zambia,"SummitShare is an open digital infrastructure that democratizes access to cultural heritage. A multidisciplinary collective of technologists, researchers and academics, SummitShare builds frameworks enabling researchers and institutions collaboratively to document artefacts and enrich their provenance. By combining this with transparent revenue distribution, communities historically separated from their artefacts can reclaim knowledge and derive economic benefit at the same time.","SummitShare ist eine offene digitale Infrastruktur, die den Zugang zu kulturellem Erbe demokratisiert. Als multidisziplinäres Kollektiv aus Technolog*innen, Forscher*innen und Wissenschaftler*innen entwickelt SummitShare Rahmenwerke, die es Forscher*innen und Institutionen ermöglichen, Artefakte gemeinschaftlich zu dokumentieren und deren Provenienz zu erweitern. In Verbindung mit einer transparenten Gewinnverteilung können so Gemeinschaften, die historisch von ihren Kunstobjekten getrennt wurden, Wissen zurückgewinnen und wirtschaftlich davon profitieren.",39538ddb450c811e94c2fb100285dfea; 39138ddb450c8052b084f91f1275b2d2,done,https://summitshare.co,https://www.instagram.com/summitshare.eth/,,https://www.linkedin.com/company/summitshare,done,public,True,True
MaryMaggic-38a38ddb450c818c8f9fdfcc06e78f39,38a38ddb450c818c8f9fdfcc06e78f39,notion,Mary Maggic,,Person,they/them,"AT Austria, US United States","Mary Maggic is an artist, researcher and pedagogue whose practice revolves around workshopology as a shared process of knowledge production and care. These workshopologies center ecological crisis as the starting point for embodying our permeability and vulnerability, informed by the more-than-human. With this participatory practice, Maggic constantly seeks to dissolve the boundaries between the personal and the planetary, entering into new, de-colonial modalities of shared world-making.","Mary Maggic ist Künstler*in, Forscher*in und Pädagog*in. Im Zentrum der Praxis steht die sogenannte “Workshopology” – ein gemeinschaftlicher Prozess der Wissensproduktion und Fürsorge. Diese Workshopologys nehmen die ökologische Krise als Ausgangspunkt, um unsere Durchlässigkeit und Verletzlichkeit aus einer mehr-als-menschlichen Perspektive erfahrbar zu machen. Mit diesem partizipativen Ansatz versucht Maggic fortlaufend, die Grenzen zwischen dem Persönlichen und dem Planetaren aufzulösen und neue, dekoloniale Formen des gemeinsamen Weltgestaltens zu eröffnen.",3a738ddb450c81698729c804e3fc5c05,done,https://maggic.ooo/,https://www.instagram.com/marymaggic,https://www.facebook.com/maggic.ooo,https://www.linkedin.com/in/marymaggic/,done,public,True,True
EmergenceDelft-38a38ddb450c81ecb56efd9d293c1bac,38a38ddb450c81ecb56efd9d293c1bac,notion,Emergence Delft,,Group,,NL Netherlands,"Emergence Delft is a student team from TU Delft founded in 2023. It brings together TU Delft and other art academies to create interactive art installations that make emerging technologies tangible, inspire curiosity and spark critical conversations about their impact on our digital society.","Emergence Delft ist ein studentisches Team der TU Delft, das 2023 gegründet wurde. Emergence bringt die TU Delft mit Kunstakademien zusammen, um interaktive Kunstinstallationen zu schaffen, die neue Technologien erfahrbar machen, Neugier wecken und kritische Auseinandersetzungen über deren Auswirkungen auf unsere digitale Gesellschaft anregen.",38a38ddb450c81969f0bce8fc40bc527; 38a38ddb450c813ea287c375fad21e80; 38a38ddb450c816191fee0a75c9e36c3,done,https://www.emergencedelft.nl/,https://www.instagram.com/emergencedelft/,,https://www.linkedin.com/company/emergence-delft/,done,public,True,True
CognitivexCreativeRoboticsTUDelft-38a38ddb450c8157a6bdfeef5451a289,38a38ddb450c8157a6bdfeef5451a289,notion,Cognitive x Creative Robotics (TU Delft),,Group,,NL Netherlands,"The Creative Robotics in Spatial Design studio is a collaboration between the faculties of Architecture and the Built Environment, Mechanical Engineering and Industrial Design Engineering at TU Delft. It is supported by TU Delft Science Centre, RoboHouse and TU Delft Robotics Institute.","Das Studio Creative Robotics in Spatial Design ist eine Kooperation der Fakultäten Architecture and the Built Environment, Mechanical Engineering und Industrial Design Engineering der TU Delft. Unterstützt wurde es vom TU Delft Science Centre, RoboHouse und dem TU Delft Robotics Institute.",38a38ddb450c81649522fd2366f737ab; 38a38ddb450c81a8856df2a8d543ac71,done,https://studiegids.tudelft.nl/courses/study-guide/educations/12141,,,,done,public,True,True
LouisBraddockClarke-38a38ddb450c81a6ae8ae66b938a5820,38a38ddb450c81a6ae8ae66b938a5820,notion,Louis Braddock Clarke,,Person,they/them,"NL Netherlands, UA Ukraine","Louis Braddock Clarke is an artist and researcher who interweaves concepts taken from geology, deep-time cinema and esoteric philosophy. Methods such as listening and amplification have become key approaches to their work relating to disrupted ecologies. Through field work, film-making, sonic tuning and divinating geologies, their projects seek to speculate on the future surfaces of the Earth.","Louis Braddock Clarke ist Künstler*in und Forscher*in und verwebt Ansätze aus Geologie, Deep-Time Cinema und esoterischer Philosophie. Zuhören und Verstärken sind zentrale Methoden von Louis’ Arbeit geworden, die sich mit gestörten Ökologien auseinandersetzt. Durch Feldforschung, Filmemachen, Soundgestaltung und prophezeiender Geologien spekulieren deren Projekte über die zukünftigen Oberflächen der Erde.",38a38ddb450c8133b6daef7a40155be8,done,https://louisbraddockclarke.com/,https://www.instagram.com/louisbclarke/,,,done,public,True,True
ErzeDinarama-38a38ddb450c8199b9d6face6be88927,38a38ddb450c8199b9d6face6be88927,notion,Erze Dinarama,,Person,she/her,AL Albania,"Erze Dinarama (XK) is an artist, architect, and researcher working across critical environmental research, spatial practice and critical computation. Her work explores shifting ecologies, disturbance, uncertainty and non-linear temporalities. She has exhibited, taught and worked internationally. In 2025, she represented Kosovo at the 19th International Architecture Exhibition – La Biennale di Venezia.","Erze Dinarama (XK) ist Künstlerin, Architektin und Wissenschaftlerin und arbeitet an der Schnittstelle von kritischer Umweltforschung, räumlicher Praxis und Critical Computation. Ihre Arbeit untersucht sich wandelnde Ökologien, Störung, Ungewissheit und nicht-lineare Zeitlichkeiten. Sie hat international ausgestellt, gelehrt und gearbeitet. 2025 vertrat sie Kosovo bei der 19. Internationalen Architekturausstellung – La Biennale di Venezia.",38a38ddb450c81e3b68ee3eb94f3cd8c; d0f38ddb450c830db8b8816298fd921d,done,https://erzedinarama.com/,https://www.instagram.com/erze_dinarama/,,,done,public,True,True
MatteoHolyokeMarangoni-38a38ddb450c81bcaac6d54c1b1faa1f,38a38ddb450c81bcaac6d54c1b1faa1f,notion,Matteo Holyoke Marangoni,,Person,he/him,NL Netherlands,"Matteo Holyoke Marangoni combines music with visual art, theatre and new technologies. He develops robotic instruments and artificial creatures to create spaces in which sound is experienced with the whole body and the senses. His work draws inspiration from animal communication, bioacoustics and ecoacoustics, exploring how sound can mediate relationships between humans, machines and other life forms, and proposing embodied and ecological notions of intelligence, consciousness and subjecthood.","Matteo Holyoke Marangoni verbindet Musik mit visueller Kunst, Theater und neuen Technologien. Er entwickelt robotische Instrumente und künstliche Wesen, um Räume zu erschaffen, in denen Sound mit dem ganzen Körper und allen Sinnen erfahrbar wird. Seine Arbeit ist von Tierkommunikation, Bioakustik und Ökoakustik inspiriert und untersucht, wie Sound Beziehungen zwischen Menschen, Maschinen und anderen Lebensformen vermitteln kann. Dabei entwirft er verkörperte und ökologische Vorstellungen von Intelligenz, Bewusstsein und Subjektivität.",38a38ddb450c81579dbdc1a1f31b9ff9; 39838ddb450c811abbb7f7dfa824c778,done,https://matteomarangoni.com/,https://www.instagram.com/matteo_h_marangoni/,https://www.facebook.com/matteoholyokemarangoni,,done,public,True,True
VincentA.Cellucci-38a38ddb450c81c49176d470041098ff,38a38ddb450c81c49176d470041098ff,notion,Vincent A. Cellucci,,Person,he/him,"NL Netherlands, US United States","Vincent A. Cellucci is a writer and program maker at the TU Delft Library, where he founded and runs the AI in the Library knowledge community, curates exhibitions, collaborates with researchers and educators and develops academic and cultural programming. As a PhD candidate at Leiden University, he explores computational creativity in order to continue to push the envelopes of experimental poetry, publishing, performance, interactivity and exhibitions in the worlds of education and fine arts.","Vincent A. Cellucci ist Autor und Programmgestalter an der TU Delft Library, wo er die Wissenscommunity AI in the Library gegründet hat und seither leitet, Ausstellungen kuratiert, mit Forschenden und Lehrenden zusammenarbeitet und akademische wie kulturelle Programme entwickelt. Als PhD-Kandidat an der Universität Leiden erforscht er Computational Creativity, um die Grenzen experimenteller Poesie, des Publizierens, der Performance, der Interaktivität und des Ausstellens in den Bereichen Bildung und bildender Kunst weiter zu verschieben.",38a38ddb450c81288fc2d08734ac989d,done,https://www.vincentacellucci.com/,,https://www.facebook.com/vincent.cellucci/,https://www.linkedin.com/in/vincent-cellucci-87b06b1b/,done,public,True,True
AnaSoutoNeves-38a38ddb450c819f8e15dcb3aeafe465,38a38ddb450c819f8e15dcb3aeafe465,notion,Ana Souto Neves,,Person,she/her,PT Portugal,"Ana Souto Neves is a Portuguese designer and creative technologist based in the Netherlands. Currently completing a Creative Intelligence and Technology MA at Leiden University, her practice is focused on human-computer interaction, immersive experiences, mental health and accessibility. Guided by empathy, she blends technology and human-centred design to develop tools for use in installations, games and personal development.","Ana Souto Neves ist eine portugiesische Designerin und Kreativtechnologin, die in den Niederlanden lebt. Derzeit absolviert sie den Masterstudiengang Creative Intelligence and Technology an der Universität Leiden. Ihre Schwerpunkte liegen in den Bereichen Mensch-Computer-Interaktion, immersive Erlebnisse, psychische Gesundheit und Barrierefreiheit. Mit viel Empathie verbindet sie Technologie und menschenzentriertes Design, um Tools für Installationen, Spiele und die persönliche Weiterentwicklung zu schaffen.",38a38ddb450c81189230cb26d6a201d4,done,https://anasoutoneves.com/,https://www.instagram.com/ana.soutoneves/,,https://www.linkedin.com/in/ana-souto-neves/,done,public,True,True
AbdolrahimRahimTooranian-38a38ddb450c8177a31ad253bb711ad7,38a38ddb450c8177a31ad253bb711ad7,notion,Abdolrahim “Rahim” Tooranian,,Person,he/him,IR Iran,"Abdolrahim “Rahim” Tooranian is an Iranian computer scientist based in Sweden. His practice and research revolve around machine learning, music informatics, AI music and computational creativity. He is currently completing his thesis in the MUSAiC Lab at KTH Sweden. Rahim was an exchange student in Leiden University’s Creative Intelligence and Technology MSc programme.","Abdolrahim “Rahim” Tooranian ist ein iranischer Informatiker, der in Schweden lebt. Seine Arbeit bewegt sich an der Schnittstelle von maschinellem Lernen, Musikinformatik, KI-basierter Musik und computergestützter Kreativität. Derzeit arbeitet er im MUSAiC Lab an der KTH in Schweden an seiner Abschlussarbeit. Zudem war er Austauschstudent im Masterstudiengang Creative Intelligence and Technology an der Universität Leiden.",38a38ddb450c81189230cb26d6a201d4,done,https://isole-01.github.io/,https://www.instagram.com/trn.017/,,https://www.linkedin.com/in/tooranian/,done,public,True,True
NanyangTechnologicalUniversitySchoolofArtDesignandMedia-38b38ddb450c81ba8337c26786c04c80,38b38ddb450c81ba8337c26786c04c80,notion,"Nanyang Technological University, School of Art, Design and Media",,Organization,,SG Singapore,"Established in 2005 as Singapore’s pioneering design and media arts institution, ADM at NTU provides world-class education and conducts cutting-edge research in technologically enabled art, design and media practice. According to the QS World University Rankings by Subject 2026 (Art and Design), ADM is ranked 7th globally for employer reputation among design schools.","Gegründet 2005 als Singapurs Pionierinstitution für Design und Medienkunst, bietet ADM an der NTU eine erstklassige Ausbildung und betreibt wegweisende Forschung in technologiegestützter Kunst-, Design- und Medienpraxis. Laut dem QS World University Ranking nach Fachbereichen 2026 (Art and Design) belegt ADM weltweit Platz 7 in Bezug auf das Ansehen bei Arbeitgeber*innen unter Design-Hochschulen.",38b38ddb450c81ab9f38c93812084100,done,https://www.ntu.edu.sg/adm,https://www.instagram.com/ntu_adm/,,https://www.linkedin.com/in/ntuadm/,done,public,True,True
Demokratiewasgeht-38b38ddb450c81ce94fbd39183e4bd9d,38b38ddb450c81ce94fbd39183e4bd9d,notion,"Demokratie, was geht?","Demokratie, was geht?",Organization,,AT Austria,"Demokratie, was geht? is a participatory youth project in civic education that invites young people to actively experience and shape democracy. Through workshops, creative methods and spaces for dialogue, topics such as participation, social inclusion and justice are made tangible. At its core, the project strengthens young voices and fosters expression, reflection and engagement in democratic processes.","Demokratie, was geht? ist ein partizipatives Jugendprojekt der politischen Bildung, das junge Menschen dazu einlädt, Demokratie aktiv zu erleben und mitzugestalten. Durch Workshops, kreative Methoden und Diskussionsräume werden Themen wie Mitbestimmung, gesellschaftliche Teilhabe und soziale Gerechtigkeit erfahrbar gemacht. Im Zentrum steht die Stärkung junger Stimmen und die Förderung von Ausdruck, Reflexion und Engagement in demokratischen Prozessen.",38a38ddb450c813a93e0cf639ecebc97; 38b38ddb450c8157a430cf5460770999,done,https://www.demokratiewasgeht.net,https://www.instagram.com/demokratiewasgeht,https://www.facebook.com/profile.php?id=100089203015754,,done,public,True,True
KamillaSabitova-38b38ddb450c814f8650de1c637bec3d,38b38ddb450c814f8650de1c637bec3d,notion,Kamilla Sabitova,,Person,she/her,KZ Kazakhstan,"Kamilla Sabitova, who was born in 2003 in Almaty, Kazakhstan, completed her studies at the Almaty College of Applied Arts, specializing in fine arts and graphic design. She went on to have her paintings exhibited locally. Currently, she is based in Linz, where she studies Media Arts. Kamilla naturally leans towards self-exploration through the medium of art, which is often playful, colorful, loud and introspective.","Kamilla Sabitova wurde 2003 in Almaty, Kasachstan, geboren. Sie studierte Bildende Kunst und Grafikdesign am Almaty College of Applied Arts. Nach Abschluss ihrer Ausbildung wurden ihre Werke lokal ausgestellt. Derzeit lebt sie in Linz und studiert Medienkunst. Kamillas künstlerische Praxis ist von Selbsterforschung geprägt. Ihre Arbeiten sind oft spielerisch und farbenfroh, laut und zugleich introspektiv.",38b38ddb450c81ca838cc996b30cbb42,done,,https://www.instagram.com/toksinblack?igsh=MXhzZGRmb3plNHo5Mg==,,,done,public,True,True
BoramSoh-38b38ddb450c81ecba4ae6781a4b1715,38b38ddb450c81ecba4ae6781a4b1715,notion,Boram Soh,,Person,they/them,KR South Korea,"Boram Soh is a Korean artist and researcher whose practice explores the relationships between language, microbial life and technology. Working with microbial cultivation, biofabrication and installation, they investigate how human and non-human bodies are classified, transformed and exchanged as resources. Combining biological materials with speculative narratives, their work examines the ethics of extraction, ecological relationships and contemporary technological systems.","Boram Soh ist koreanische Künstler*in und Forscher*in. Ihre Praxis untersucht Sprache, mikrobielles Leben und Technologie. Mit mikrobieller Kultivierung, Biofabrikation und Installationen erforschen sie, wie menschliche und nicht-menschliche Körper klassifiziert, transformiert und als Ressourcen getauscht werden. Ihre Arbeiten verbinden biologische Materialien mit spekulativen Narrativen und nehmen die Ethik der Gewinnung, ökologische Beziehungen und technologische Systeme in Augenschein.",38b38ddb450c8123adb9e450242d00bf,done,https://www.sohboram.com/en,https://www.instagram.com/sohboram/,,,done,public,True,True
MaryMayrhofer-38b38ddb450c801a865fe02adb3c8f60,38b38ddb450c801a865fe02adb3c8f60,notion,Mary Mayrhofer,Mary Mayrhofer,Person,she/her,AT Austria,"Mary Mayrhofer (b. 2002) spent her childhood in the Mühlviertel region before exchanging its rural idyllic surroundings for life in Linz. It was there that she discovered her deep interest in art, activism and people, and at a young age founded the non-profit organisation Charity Heroes Austria. In 2022, Mayrhofer received the Golden Nica in the u19—create your world category of the Prix Ars Electronica with The Black Blanket and has returned to the festival every year since. This year, the social worker and aspiring arts and ethics teacher curated the Youth Exchange Project for the second time.","Mary Mayrhofer (*2002) verbrachte ihre Kindheit im Mühlviertel, tauschte später allerdings das Leben in der Idylle für ein Leben in Linz. Dort entdeckte sie ihr tiefgreifendes Interesse für Kunst, Aktivismus und Menschen und gründete früh den gemeinnützigen Verein Charity Heroes Austria. Mayrhofer gewann 2022 die Goldene Nica in der Kategorie u19—create your world des Prix Ars Electronica mit ihrem Werk Die Schwarze Decke und kehrt seither jährlich zum Festival zurück. Dieses Jahr kuratiert die Sozialarbeiterin und angehende Kunst- und Ethiklehrerin bereits zum zweiten Mal das Youth Exchange Project.",38438ddb450c8088a7e9c0bf0b7405b2,done,,,,,done,public,True,True
ArtxScienceSchoolforTransformation-38b38ddb450c81b5bc19f90a3c5fdcb2,38b38ddb450c81b5bc19f90a3c5fdcb2,notion,Art x Science School for Transformation,,Organization,,AT Austria,The Johannes Kepler University Linz and the University of Applied Arts Vienna have joined forces to create a space situated at the very crossroads of art and science through the establishment of an inter-university Art x Science School for Transformation. This School pools together the universities’ respective strengths and expertise in order to confront the pressing issues of our time as well as to shape the interdisciplinary future of education and research.,"Die Johannes Kepler Universität Linz und die Universität für angewandte Kunst Wien haben sich zusammengeschlossen, um mit der Gründung der interuniversitären Art x Science School for Transformation einen Raum an der Schnittstelle von Kunst und Wissenschaft zu schaffen. Sie bündelt dabei die Stärken und das Fachwissen beider Universitäten, um die drängenden Fragen unserer Zeit anzugehen und die interdisziplinäre Zukunft von Bildung und Forschung zu gestalten.",38b38ddb450c8167b6d1c693f46c23da,done,https://www.jku.at/en/art-science-transformation/,,,,done,public,True,True
PaoloAlmario-38c38ddb450c81b9b0c7e57f414509e4,38c38ddb450c81b9b0c7e57f414509e4,notion,Paolo Almario,,Person,he/him,"CA Canada, CO Colombia","Paolo Almario is a Colombian-Canadian artist based in Saguenay, Québec, who works with custom algorithms, robotics and interactive installations, exploring how individuals negotiate their existence within constructed environments. His work draws on a decades-long political persecution of his family in Colombia, which grounded Canada’s 2015 refugee protection. He co-founded Ubchihica, the first digital-arts research-creation center in Saguenay, and teaches at the Université du Québec à Chicoutimi.","Paolo Almario ist ein kolumbianisch-kanadischer Künstler, der in Saguenay, Québec, lebt. Er arbeitet mit maßgeschneiderten Algorithmen, Robotik und interaktiven Installationen und untersucht, wie Individuen ihre Existenz in konstruierten Umgebungen verhandeln. Seine Arbeit greift die jahrzehntelange politische Verfolgung seiner Familie in Kolumbien auf, aufgrund derer er 2015 in Kanada Flüchtlingsstatus erhielt. Er ist Mitbegründer von Ubchihica, dem ersten Forschungs- und Kreativzentrum für digitale Kunst in Saguenay, und lehrt an der Université du Québec à Chicoutimi.",38c38ddb450c81949c1ecdc95cace360,done,https://paoloalmario.com,https://www.instagram.com/paoloalm,https://www.facebook.com/paoloalmario,https://www.linkedin.com/in/paoloalmario/,done,public,True,True
elekhlekha-38c38ddb450c81fa94ccfd9d414ce2a9,38c38ddb450c81fa94ccfd9d414ce2a9,notion,elekhlekha (อีเหละเขละขละ),,Group,,"TH Thailand, US United States","elekhlekha (อีเหละเขละขละ) is a collaborative research-based group consisting of Thai diaspora Bangkok-born, Brooklyn-based artists Kengchakaj (เก่งฉกาจ) and Nitcha Tothong (ณิชชา โตทอง). They delve into subversive storytelling by exploring non-hegemonic sounds and visual archives, historical research, decoding and unlearning biases. They were awarded the 2022 Lumen Prize Gold Award.","elekhlekha (อีเหละเขละขละ) ist eine kollaborative, forschungsbasierte Gruppe, die aus den in Bangkok geborenen und in Brooklyn lebenden Künstler*innen der thailändischen Diaspora Kengchakaj–เก่งฉกาจ und Nitcha Tothong–ณิชชา โตทอง besteht. In ihrer Arbeit erkunden sie subversives Storytelling, indem sie nicht-hegemoniale Sounds und visuelle Archive untersuchen, historische Recherchen betreiben sowie Vorurteile entschlüsseln und verlernen. 2022 wurden sie mit dem Lumen Prize Gold Award ausgezeichnet.",38c38ddb450c81558b17f0135a765464; 39f38ddb450c818b88d6cc6267264a26,done,https://elekhlekha.xyz/,https://www.instagram.com/elekhlekha/,,,done,public,True,True
LaJunMcMillan-38c38ddb450c81ed82e2f46af84909bb,38c38ddb450c81ed82e2f46af84909bb,notion,LaJuné McMillan,,Person,they/them,US United States,"LaJuné McMillian is a multidisciplinary artist and educator who creates art that integrates performance, Extended Reality and physical computing to question our current forms of communication. They are passionate about discovering, learning, manifesting and stewarding spaces for liberated Black Realities and the Black Imagination and making room for different ways of being.","LaJuné McMillian ist multidisziplinäre*r Künstler*in und Pädagog*in. Ihre Arbeiten verbinden Performance, Extended Reality und Physical Computing, um gegenwärtige Kommunikationsformen zu hinterfragen. Ihre Leidenschaft ist das Entdecken, Lernen, Gestalten und Bewahren von Räumen für befreite Schwarze Realitäten und Schwarze Vorstellungswelten sowie das Schaffen von Raum für unterschiedliche Lebensweisen.",38c38ddb450c81aab650d6e4b4acccd4,done,,https://www.instagram.com/_lovelaja/,,https://www.linkedin.com/in/lajunemcmillian/,done,public,True,True
SpencerChang-38c38ddb450c81a3acecdd3b0318c60e,38c38ddb450c81a3acecdd3b0318c60e,notion,Spencer Chang,,Person,they/them,US United States,"Spencer Chang is an artist, engineer and toymaker who is interested in the play, creation and care that emerges from our relationships with and through technology. They make communal computing infrastructure—playful, intimate and empowering forms of technology made to be used and loved by people. Their practice—spanning internet spaces, interactive sculpture and creative infrastructure—transforms technology from a tool for institutional control into one for collective well-being.","Spencer Chang ist Künstler*in, Ingenieur*in und Spielzeugmacher*in und interessiert sich für das Spiel, das schöpferische Gestalten und die Fürsorge, die aus unseren Beziehungen zu und durch Technologie entstehen. Chang entwickelt gemeinschaftliche Computing-Infrastrukturen – spielerische, intime und ermächtigende Formen von Technologie, die dafür geschaffen sind, von Menschen genutzt und geliebt zu werden. Ihre Praxis – die sich über Räume im Internet, interaktive Skulptur und kreative Infrastruktur erstreckt – verwandelt Technologie von einem Werkzeug institutioneller Kontrolle in eines für kollektives Wohlergehen.",38c38ddb450c816c8424e0a1cb97b39a,done,https://spencer.place/,https://www.instagram.com/spence.r.chang/,,,done,public,True,True
RolandCorporation-38d38ddb450c8179bfaae8da9eb94f85,38d38ddb450c8179bfaae8da9eb94f85,notion,Roland Corporation,,Organization,,JP Japan,"For more than 50 years, Roland’s innovative electronic musical instruments and multimedia products have fueled inspiration in artists and creators around the world. Embraced by hobbyists and professionals alike, the company’s trendsetting gear spans multiple categories, from pianos, synthesizers, guitar products, drum and percussion products, and more. As technology evolves, Roland continue to lead the way for music makers and creators, providing modern solutions using new technologies.","Seit mehr als 50 Jahren inspirieren die innovativen elektronischen Musikinstrumente und Multimedia-Produkte von Roland Künstler*innen und Kreative auf der ganzen Welt. Sowohl Hobby-Musiker*innen als auch Profis vertrauen auf das wegweisende Sortiment des Unternehmens, das von Pianos, Synthesizern sowie Gitarren-, Schlagzeug- und Percussion-Instrumenten bis hin zu vielen weiteren Produkten reicht. Im Zuge der technologischen Weiterentwicklung setzt Roland kontinuierlich Maßstäbe für Musiker*innen und Kreative und bietet innovative Lösungen mit neuen Technologien.",38d38ddb450c815ab56cd0b384bb53e5,done,https://www.roland.com/us/,,https://www.facebook.com/RolandGlobalOfficial/?brand_redir=72272268297#,,done,public,True,True
MarleneKloud-38d38ddb450c818186bdf548b010e575,38d38ddb450c818186bdf548b010e575,notion,Marlene Kloud,Marlene Kloud,Person,she/her,AT Austria,"Marlene Kloud is a 17-year-old artist from Salzburg. She is currently attending the HTL for Graphic and Communication Design while pursuing her artistic practice. She has been passionate about art since childhood and has participated in various creative competitions. Her work has been exhibited publicly and awarded prizes on numerous occasions. Through her art, she explores socially critical themes such as democracy and the future.",Marlene Kloud ist eine 17-jährige Künstlerin aus Salzburg. Derzeit besucht sie die HTL für Grafik- und Kommunikationsdesign und beschäftigt sich mit bildender Kunst. Schon seit ihrer Kindheit begeistert sie sich für Kunst und nahm an Kreativwettbewerben teil. Ihre Arbeiten wurden bereits mehrfach öffentlich präsentiert und prämiert. In ihrer künstlerischen Praxis setzt sie sich insbesondere mit gesellschaftskritische Themen wie Demokratie und Zukunft auseinander.,38d38ddb450c818bb3c0c48bf7cca804,done,,https://www.instagram.com/marlene.cloud/,,,done,public,True,True
SaraAzadkhani-38d38ddb450c8164be2cdcd8329e5a1f,38d38ddb450c8164be2cdcd8329e5a1f,notion,Sara Azadkhani,,Person,she/her,IR Iran,"Sara Azadkhani is a multimedia artist from Iran, based in Vienna, Austria, whose work explores the intersections of identity, gender and the space between personal and shared experience. Across different projects, she engages with themes such as memory, displacement, inequality and patriarchy, translating lived experience into visual, spatial and sensory forms.","Sara Azadkhani ist eine iranische Multimedia-Künstlerin, die in Wien lebt und arbeitet. Ihre künstlerische Praxis bewegt sich an den Schnittstellen von Identität, Geschlecht sowie dem Raum zwischen individueller und kollektiver Erfahrung. In ihren Arbeiten beschäftigt sie sich mit Erinnerung, Vertreibung, Ungleichheit und patriarchalen Strukturen und überführt gelebte Erfahrungen in visuelle, räumliche und sinnlich erfahrbare Formen.",38d38ddb450c81a2b031e5c2db6d7e50,done,,https://www.instagram.com/saraa_khanii/,,,done,public,True,True
MerveSahin-38d38ddb450c8149a256f06de00e2ab0,38d38ddb450c8149a256f06de00e2ab0,notion,Merve Sahin,,Person,she/her,TR Turkey,"Merve Şahin is an architect, researcher and digital artist based in Vienna. Her work explores the relationships between immersive media, ecological systems and the built environment. Through transmedia installations and real-time 3D environments, she examines how digital technologies shape the way we experience and understand urban spaces. Her practice expands architectural visualization to reveal the ecological, cultural, political and intangible dimensions of cities.","Merve Şahin ist Architektin, Forscherin und digitale Künstlerin mit Sitz in Wien. Ihre Arbeit erforscht die Beziehungen zwischen immersiven Medien, ökologischen Systemen und der gebauten Umwelt. Durch transmediale Installationen und Echtzeit-3D-Umgebungen untersucht sie, wie digitale Technologien die Art und Weise prägen, wie wir urbane Räume erleben und verstehen. Ihre Praxis erweitert architektonische Visualisierung, um die ökologischen, kulturellen, politischen und immateriellen Dimensionen von Städten sichtbar zu machen.",38d38ddb450c81b1b50cff759475496a,done,https://mervesahin.me,https://www.instagram.com/mervxshn,,https://www.linkedin.com/in/mervesahin-0/,done,public,True,True
P.A.I.N.Collective-38d38ddb450c81a5acf7c1e2ee2299b6,38d38ddb450c81a5acf7c1e2ee2299b6,notion,P.A.I.N. Collective,,Group,,"AT Austria, GR Greece, HK Hong Kong, MX Mexico, PL Poland","The P.A.I.N Collective is an interdisciplinary group of artists (Mary Maggic, Dora Siafla, Hollis Hui and Dominika Kolenda), alongside computer scientist Michael Artner, AI researcher Christian Stelmach, network scientist Ines Gerard-Ursin, UX/UI developer Isra Viadest and facilitator Mathieu Mahve-Beydokhti (LBG-OIS). The collective formed during the Impact Initiative on AI, Art and Health hackathon, which was organized by JKU Linz and Ars Electronica in 2025.","Das P.A.I.N Collective ist eine interdisziplinäre Gruppe von Künstler*innen (Mary Maggic, Dora Siafla, Hollis Hui, Dominika Kolenda) sowie dem Informatiker Michael Artner, dem KI-Forscher Christian Stelmach, der Netzwerkwissenschaftlerin Ines Gerard-Ursin, UX/UI-Developer Isra Viadest und dem Moderator Mathieu Mahve-Beydokhti (LBG-OIS). Das Kollektiv entstand im Rahmen des Hackathons Impact Initiative on AI, Art, and Health, der 2025 von der JKU Linz und Ars Electronica organisiert wurde.",38e38ddb450c813fb61cf19ba69e41af,done,https://p-a-i-n.world/,,,,done,public,True,True
DynatraceAustriaGmbH-38e38ddb450c81ba919afd8e4fea2b7d,38e38ddb450c81ba919afd8e4fea2b7d,notion,Dynatrace Austria GmbH,Dynatrace Austria GmbH,Organization,,AT Austria,"Founded in 2005 in Linz, Austria, Dynatrace is advancing AI-powered observability for today’s digital businesses, helping to transform the complexity of modern digital ecosystems into powerful business assets. By leveraging insights offered by Artificial Intelligence, Dynatrace enables organizations to analyze, automate and innovate faster to drive their business forward. Fueled by a strong belief in the power of curiosity and creativity, Dynatrace supports this event to connect people with technology.","Dynatrace wurde 2005 in Linz, Österreich, gegründet und treibt KI-gestützte Observability für digitale Unternehmen von heute voran. Das Unternehmen hilft, die Komplexität moderner digitaler Ökosysteme in leistungsstarke geschäftliche Vorteile zu verwandeln. Durch die Nutzung von KI-basierten Erkenntnissen ermöglicht Dynatrace Organisationen, schneller zu analysieren, zu automatisieren und Innovationen anzustoßen, um ihr Geschäft voranzutreiben. Angetrieben von einem starken Glauben an die Kraft von Neugier und Kreativität unterstützt Dynatrace diese Veranstaltung, um Menschen mit Technologie zu verbinden.",38e38ddb450c8125a76ff11af80990d0,done,https://www.dynatrace.com/careers/locations/linz/,https://www.instagram.com/dynatracelife/,https://www.facebook.com/dynatracelife/,https://www.linkedin.com/company/dynatrace/,done,public,True,True
CoderDojoLinz-38e38ddb450c81a89c52c23a0cc8f1a8,38e38ddb450c81a89c52c23a0cc8f1a8,notion,CoderDojo Linz,CoderDojo Linz,Organization,,AT Austria,"CoderDojo is a club for children and teens who want to learn to code and have fun. During regular meetings, participants learn how to write code, develop websites and program apps and games. Children and teens aged 8 to 17 are welcome to join. No prior experience is required and participation is free.","Das CoderDojo ist ein Club für Kinder und Jugendliche, die programmieren lernen und Spaß haben wollen. In regelmäßigen Treffen wird gelernt, wie man Code schreibt, Webseiten entwickelt oder Apps und Spiele programmiert. Teilnehmen können Kinder und Jugendliche im Alter von 8 bis 17 Jahren. Es sind keine Vorkenntnisse notwendig und die Teilnahme ist kostenfrei.",38e38ddb450c8125a76ff11af80990d0,done,https://linz.coderdojo.net/,,,,done,public,True,True
UniversityofAppliedArtsVienna-38e38ddb450c81fa8470f7435850e376,38e38ddb450c81fa8470f7435850e376,notion,University of Applied Arts Vienna,Universität für angewandte Kunst Wien,Organization,,AT Austria,"Die Angewandte (University of Applied Arts Vienna) is one of Austria’s leading institutions for art, design and architecture education, combining artistic practice with critical and scientific inquiry. Its students and faculty work across a wide range of disciplines, investigating technology, materiality and the body through hands-on, practice-based research. Die Angewandte regularly presents student and faculty work at international exhibitions and festivals.","Die Angewandte (Universität für angewandte Kunst Wien) zählt zu den führenden österreichischen Bildungseinrichtungen für Kunst, Design und Architektur und verbindet künstlerische Praxis mit kritischer und wissenschaftlicher Forschung. Studierende und Lehrende arbeiten in zahlreichen Disziplinen und untersuchen Technologie, Materialität und den Körper durch hands-on, praxisbasierte Forschung. Die Angewandte präsentiert regelmäßig Arbeiten von Studierenden und Lehrenden bei internationalen Ausstellungen und Festivals.",38e38ddb450c81e8a03be43d3d886efe,done,https://www.dieangewandte.at,https://www.instagram.com/dieangewandte,,,done,public,True,True
PaulEis-38e38ddb450c81cbb107d8ec49555b5c,38e38ddb450c81cbb107d8ec49555b5c,notion,Paul Eis,,Person,he/him,DE Germany,"Paul Eis (b. 1998, Berlin) began studying architecture in Linz in 2016 and earned his degree in 2024. Since then, he has been running his own studio in Vienna and Berlin. His work explores the intersection of architecture, photography and art. A central theme is the visual transformation of the built environment. Paul’s work ranges from media projects—which have garnered him significant international attention—to built interactive and spatial architectures.","Paul Eis (*1998, Berlin) studierte ab 2016 Architektur in Linz und schloss 2024 mit dem Master of Architecture ab. Seither führt er sein eigenes Studio in Wien und Berlin. Seine Arbeiten bewegen sich im Spannungsfeld von Architektur, Fotografie und Kunst. Zentrales Thema ist die visuelle Transformation der gebauten Umwelt. Das Werk reicht von medialen Projekten, mit denen er international große mediale Aufmerksamkeit erhielt, bis hin zu gebauten interaktiven und räumlichen Architekturen.",38e38ddb450c8177aa45de96794106b2,done,https://www.paul-eis.com,https://www.instagram.com/eis_works/,,https://www.linkedin.com/in/paul-eis/,done,public,True,True
AndrewHerzog-38e38ddb450c810d8f23c055ec7f9e09,38e38ddb450c810d8f23c055ec7f9e09,notion,Andrew Herzog,,Person,he/him,US United States,"Andrew Herzog is an interdisciplinary artist whose medium-agnostic practice examines the constructed boundaries between humanity and the natural world. His experiences as a father and caregiver shape these inquiries, informing investigations into masculinity, lineage and the proliferation of human systems amid the Anthropocene.","Andrew Herzog ist ein interdisziplinär arbeitender Künstler, dessen medien-agnostische Praxis die konstruierten Grenzen zwischen Mensch und Natur untersucht. Geprägt von seinen Erfahrungen als Vater und Caregiver setzt er sich mit Männlichkeit, Abstammung und der Ausbreitung menschlicher Systeme im Anthropozän auseinander.",38e38ddb450c815bb5cdc954a78d503b; 39138ddb450c804ab2c6fb6774934b62; 39938ddb450c80de8d88e975adbe98e3,done,https://www.andrewherzog.com/,https://www.instagram.com/andrew_herzog/,,,done,public,True,True
LiaGiannakou-38e38ddb450c81898faad19de490dcd5,38e38ddb450c81898faad19de490dcd5,notion,Lia Giannakou,,Person,she/her,GR Greece,"Lia Giannakou is a performer, activist and visual artist. She graduated from the Drama School of the National Theatre of Northern Greece. Her work raises questions about what it means to be human and is inspired by collective artistic practices. She developed “Constructualism”, an approach to human presence across the arts and diverse ecosystems.","Lia Giannakou ist Performerin, Aktivistin und bildende Künstlerin. Sie absolvierte die Schauspielschule des National Theatre of Northern Greece. Ihre Arbeit wirft Fragen danach auf, was es bedeutet, Mensch zu sein, und ist von kollektiven künstlerischen Praktiken inspiriert. Mit “Constructualism” entwickelte sie einen Ansatz zur menschlichen Präsenz über die Künste und unterschiedliche Ökosysteme hinweg.",38e38ddb450c813084a3d9d2a10a080a,done,https://lia-paralia.com/,,,,done,public,True,True
KevinBlackistone-38e38ddb450c81679f87d401ed4d8e97,38e38ddb450c81679f87d401ed4d8e97,notion,Kevin Blackistone,,Person,he/him,US United States,"Kevin Blackistone is an artistic researcher who uses immersive, tangible, participatory and performative elements to explore interactions between our human organism(s), its habitats and inhabitants and their technological interrelations. His background includes a digital arts BA, post-bacc research in behavioral genomics and MAs in both tangible interfaces and interactive art and exhibitions, including Ars Electronica, Mapping Festival, Siggraph Asia, Fulldome Festival and Miraikan.","Als Artistic Researcher untersucht Kevin Blackistone mit immersiven, greifbaren, partizipativen und performativen Mitteln das Zusammenspiel zwischen unserem menschlichen Organismus, dessen Lebensräumen und Bewohner*innen sowie deren technologischen Verflechtungen. Sein Hintergrund umfasst einen Bachelor in Digital Arts, eine anschließende Forschungstätigkeit im Bereich Verhaltensgenomik sowie zwei Masterabschlüsse in Tangible Interfaces und Interactive Art. Seine Arbeiten wurden unter anderem bei Ars Electronica, dem Mapping Festival, Siggraph Asia, dem Fulldome Festival und dem Miraikan gezeigt.",38e38ddb450c8108937ace74543497c8,done,https://www.blackistone.com,https://www.instagram.com/blackistone_/,,https://www.linkedin.com/in/blackistone/,done,public,True,True
ATIcollective-38e38ddb450c8198a569d773a5908e90,38e38ddb450c8198a569d773a5908e90,notion,ATI collective,,Organization,,IT Italy,"Founded in Rome in 2013, ATI is an interdisciplinary collective of architects, visual artists and philosophers. Operating at the intersection of performance art and urban participation, the group employs a fluid identity, frequently changing its name to mirror its shifting members and psychogeographical environments. For ATI, relational interaction is the ultimate artistic medium. Their latest project explores the phenomenon of laughter, initially developed with artist-researcher Ayan Rezaei and continued in collaboration with Künstlerhaus Stuttgart and the Space and Design Department from Kunstuni.","ATI wurde 2013 in Rom gegründet und ist ein interdisziplinäres Kollektiv aus Architekt*innen, bildenden Künstler*innen und Philosoph*innen. An der Schnittstelle von Performancekunst und urbaner Partizipation angesiedelt, pflegt die Gruppe eine fluide Identität und ändert häufig ihren Namen, um die wechselnde Zusammensetzung ihrer Mitglieder und die sich wandelnden psychogeografischen Umgebungen widerzuspiegeln. Für ATI ist die relationale Interaktion das ultimative künstlerische Medium. Ihr jüngstes Projekt widmet sich dem Phänomen des Lachens, das zunächst gemeinsam mit der Künstlerin und Forscherin Ayan Rezaei entwickelt und anschließend in Zusammenarbeit mit dem Künstlerhaus Stuttgart und der Abteilung raum&designstrategien der Kunstuni fortgeführt wurde.",38e38ddb450c81aea359dd3a888c0ed5,done,https://atisuffix.net/,,,,done,public,True,True
OnassisONX-38e38ddb450c81b6956be80072a0b0f1,38e38ddb450c81b6956be80072a0b0f1,notion,Onassis ONX,,Organization,,"GR Greece, US United States","Onassis ONX is the Onassis Foundation’s global platform for art and advanced technologies. As a catalyst for digital cultures, it empowers creatives who build transformative works while also bolstering a network of institutions and industries ready to respond to new forms of creative expression. The modular infrastructure of Onassis ONX enables experimentation and circulation, fostering innovative projects that meaningfully engage with audiences around the world.","Onassis ONX ist die globale Plattform der Onassis-Stiftung für Kunst und fortschrittliche Technologien. Als Katalysator für digitale Kulturen fördert sie Kreativschaffende, die transformative Werke schaffen, und stärkt zugleich ein Netzwerk aus Institutionen und Branchen, die bereit sind, auf neue Formen kreativen Ausdrucks zu reagieren. Die modulare Infrastruktur von Onassis ONX ermöglicht Experimentierfreude und Zirkulation und fördert innovative Projekte, die auf bedeutungsvolle Weise mit einem Publikum weltweit in Kontakt treten.",38e38ddb450c8121bdead6947c2afd1a,done,https://onx.onassis.org,https://www.instagram.com/onassis.onx,,,done,public,True,True
GabrielBarcia-Colombo-38e38ddb450c818f960ac1b02bb7d741,38e38ddb450c818f960ac1b02bb7d741,notion,Gabriel Barcia-Colombo,,Person,he/him,US United States,"Gabriel Barcia-Colombo is a mixed media artist whose work focuses on collections, memorialization and the act of leaving one’more s digital imprint for the next generation. His work takes the form of video sculptures, immersive performances, large scale projections and vending machines that sell human DNA. His video artwork plays upon this modern exigency in our culture to chronicle, preserve and wax nostalgic, an idea which Barcia-Colombo renders visually by “collecting” human portraits on video.","Gabriel Barcia-Colombo ist ein Mixed-Media-Künstler, dessen Arbeit sich mit Sammlungen, Erinnerung und dem Hinterlassen des eigenen digitalen Fußabdrucks für die nächste Generation beschäftigt. Seine Werke reichen von Videoskulpturen über immersive Performances und großformatige Projektionen bis hin zu Verkaufsautomaten, die menschliche DNA verkaufen. Seine Videokunst greift den modernen Drang unserer Kultur auf, zu dokumentieren, zu bewahren und Nostalgie zu pflegen – eine Idee, die Barcia-Colombo visuell umsetzt, indem er menschliche Porträts auf Video “sammelt”.",38e38ddb450c8121bdead6947c2afd1a,done,https://www.gabebc.com/,https://www.instagram.com/gabebc/,,,done,public,True,True
PeterBurr-38e38ddb450c8110a536f449b3524191,38e38ddb450c8110a536f449b3524191,notion,Peter Burr,,Person,he/him,US United States,"Peter Burr is an artist from Brooklyn, NY who transforms complex computational systems into emotional, sensory experiences through immersive environments. Drawing from early experiments with computational graphics in the mid-nineties, Burr's practice has evolved to incorporate techniques that merge fundamental computing operations with modern real-time rendering systems. His work frequently explores the relationship between human-machine interfaces and the underlying systems that drive them.","Peter Burr ist ein Künstler aus Brooklyn, NY, der komplexe computergestützte Systeme durch immersive Umgebungen in emotionale, sinnliche Erfahrungen verwandelt. Ausgehend von frühen Experimenten mit computergestützter Grafik Mitte der Neunzigerjahre hat sich seine Praxis weiterentwickelt und verbindet heute grundlegende Computeroperationen mit modernen Echtzeit-Rendering-Systemen. Seine Arbeit erforscht immer wieder das Verhältnis zwischen Mensch-Maschine-Schnittstellen und den dahinterliegenden Systemen, die sie antreiben.",38e38ddb450c8121bdead6947c2afd1a,done,https://www.peterburr.org/,https://www.instagram.com/peterburr/,,,done,public,True,True
EiriniLinardaki-38e38ddb450c81d8a766c355994595bf,38e38ddb450c81d8a766c355994595bf,notion,Eirini Linardaki,,Person,she/her,"FR France, GR Greece","Eirini Linardaki is a visual artist with an MFA from the École supérieure des Beaux-Arts de Marseille. An environmental activist since the age of sixteen, her practice has evolved into public art and digital media exploring memory, migration, climate change and the resilience of communities connected to the sea. She develops projects between Crete, Cameroon and the United States, and currently directs the NOUS_Public Art Lab at the Institut Français du Cameroun.","Eirini Linardaki ist eine bildende Künstlerin mit einem MFA von der École supérieure des Beaux-Arts de Marseille. Seit ihrem sechzehnten Lebensjahr als Umweltaktivistin tätig, hat sich ihre Praxis zu öffentlicher Kunst und digitalen Medien entwickelt, die sich mit Erinnerung, Migration, Klimawandel und der Resilienz meeresverbundener Gemeinschaften auseinandersetzen. Sie realisiert Projekte zwischen Kreta, Kamerun und den Vereinigten Staaten und leitet derzeit das NOUS_Public Art Lab am Institut Français du Cameroun.",38e38ddb450c8121bdead6947c2afd1a,done,https://www.linardaki-parisot.com/,https://www.instagram.com/linardakiandco/,,,done,public,True,True
WinslowPorter-38e38ddb450c81678e4cfc310c26f98e,38e38ddb450c81678e4cfc310c26f98e,notion,Winslow Porter,,Person,he/him,US United States,"Winslow Porter is an award-winning director, producer and creative technologist specializing in virtual/augmented reality as well as large-scale immersive installations. His work focuses on embodying the unique timescales of non-human organisms through various emerging technologies. His impact-based virtual reality projects Tree, Forager and Giant are known for pushing the boundaries of immersion through custom multisensory elements like scent, wind, heat, haptics and installation design.","Winslow Porter ist ein preisgekrönter Regisseur, Produzent und Creative Technologist, spezialisiert auf Virtual/Augmented Reality sowie großformatige immersive Installationen. Seine Arbeit konzentriert sich darauf, die einzigartigen Zeitmaße nichtmenschlicher Organismen mithilfe verschiedener neu entstehender Technologien erfahrbar zu machen. Seine wirkungsorientierten Virtual-Reality-Projekte Tree, Forager und Giant sind dafür bekannt, die Grenzen von Immersion durch maßgeschneiderte multisensorische Elemente wie Duft, Wind, Hitze, Haptik und Installationsdesign zu erweitern.",38e38ddb450c8121bdead6947c2afd1a,done,,https://www.instagram.com/winslowturnerporteriii/,,https://www.linkedin.com/in/winslowporter/,done,public,True,True
ElieZananiri-38e38ddb450c8184be65c8aed8bbf7cd,38e38ddb450c8184be65c8aed8bbf7cd,notion,Elie Zananiri,,Person,he/him,"CA Canada, EG Egypt","Elie Zananiri is an award-winning new media artist, designer, computer programmer and educator. Zananiri specializes in large-scale installations, graphics programming, and virtual reality that redefines social boundaries in public spaces through immersive experiences and generative compositions. Zananiri has been the recipient of numerous grants and awards, notably an Emmy Award for Zero Days VR (2018), and has exhibited extensively internationally.","Elie Zananiri ist ein mehrfach ausgezeichneter New-Media-Künstler, Designer, Programmierer und Lehrender. Sein Schwerpunkt liegt auf großformatigen Installationen, Grafikprogrammierung und Virtual Reality. Mit immersiven Erfahrungen und generativen Kompositionen verschiebt er gesellschaftliche Grenzen im öffentlichen Raum. Zananiri erhielt zahlreiche Förderungen und Auszeichnungen, darunter 2018 einen Emmy Award für Zero Days VR, und stellte international vielfach aus.",38e38ddb450c8121bdead6947c2afd1a,done,,https://www.instagram.com/prisonerjohn/,,https://www.linkedin.com/in/prisonerjohn/,done,public,True,True
CreativeComputingInstituteUniversityoftheArtsLondon-38e38ddb450c8129858ced923c64e544,38e38ddb450c8129858ced923c64e544,notion,"Creative Computing Institute, University of the Arts London",,Organization,,GB United Kingdom,"The Creative Computing Institute (CCI) at the University of the Arts London (UAL) is a dedicated hub exploring the intersection of computer science and the creative arts. It offers a variety of courses and cutting-edge research in Artificial Intelligence, machine learning, human-computer interaction, and creative coding, while emphasizing digital inclusion and technological ethics.","Das Creative Computing Institute (CCI) an der University of the Arts London (UAL) ist ein spezialisiertes Zentrum, das sich mit den Schnittstellen zwischen Informatik und künstlerischer Praxis befasst. Mit Studienprogrammen und Forschungsprojekten in den Bereichen Künstliche Intelligenz, maschinelles Lernen, Mensch-Computer-Interaktion und Creative Coding fördert das Institut innovative Ansätze für digitale Technologien und legt dabei besonderen Wert auf digitale Teilhabe sowie ethische Fragestellungen.",38e38ddb450c8138ab85e255de82b1bb,done,https://www.arts.ac.uk/creative-computing-institute,https://www.instagram.com/ual_cci/,,,done,public,True,True
XCEPT-38f38ddb450c8118865dfa1c277cd44a,38f38ddb450c8118865dfa1c277cd44a,notion,XCEPT,,Group,,HK Hong Kong,"XCEPT is a trans-disciplinary art collective based in Hong Kong, crafting unique experiences at the junction of art, technology, design and culture. The collective creates timeless immersive experiences that heighten imagination and sensory connections. As a pioneer in new media arts, XCEPT explores different media with unique concepts and experimental approaches, constantly at the vanguard of technology.","XCEPT ist ein transdisziplinäres Künstlerkollektiv mit Sitz in Hongkong, das einzigartige Erlebnisse an der Schnittstelle von Kunst, Technologie, Design und Kultur schafft. Das Kollektiv gestaltet zeitlose immersive Erfahrungen, die Vorstellungskraft und sinnliche Wahrnehmung intensivieren. Als Pionier der neuen Medienkunst erkundet XCEPT verschiedene Medien mit unverwechselbaren Konzepten und experimentellen Ansätzen und bewegt sich dabei stets an der Spitze der technologischen Entwicklung.",38f38ddb450c81f7850ff2844e7bccd6,done,https://www.xcept.hk/,https://www.instagram.com/xcept.hk/,https://www.facebook.com/xcept.hk/,,done,public,True,True
ChrisCheungHonHimh0nh1m-38f38ddb450c817e931aef8325e21d6f,38f38ddb450c817e931aef8325e21d6f,notion,Chris Cheung Hon Him (h0nh1m),,Person,he/him,HK Hong Kong,"Chris Cheung Hon Him (h0nh1m) is a Hong Kong artist best known for his installation art and audiovisual performances. His unique artistic expression and aesthetic perspective blend traditional and futuristic concepts, innovatively interpreting Eastern and Western philosophies. In 2008, he established the art collectives XCEPT and XCEED. In the following years, he also established the innovation lab XPLOR and a platform called FutureTense, focusing on sustainable living aesthetics and media art education.","Chris Cheung Hon Him (h0nh1m) ist ein Künstler aus Hongkong, der vor allem für seine Installationskunst und audiovisuellen Performances bekannt ist. Sein unverwechselbarer künstlerischer Ausdruck und seine ästhetische Perspektive verbinden traditionelle und futuristische Konzepte und interpretieren östliche wie westliche Philosophien auf innovative Weise. 2008 gründete er das Künstlerkollektiv XCEPT sowie XCEED. In den darauffolgenden Jahren rief er zudem das Innovationslabor XPLOR sowie die Plattform FutureTense ins Leben, die sich auf die Ästhetik von Nachhaltigkeit und Bildung im Bereich Medienkunst konzentrieren.",38f38ddb450c81f7850ff2844e7bccd6,done,,https://www.instagram.com/h0nh1m/,https://www.facebook.com/h0nh1m/,,done,public,True,True
ColetteHerry-38f38ddb450c814b9838d667fbe3cec2,38f38ddb450c814b9838d667fbe3cec2,notion,Colette Herry,,Person,she/her,FR France,"Colette Herry is a French artist and the Visual Art Director of XCEPT and XCEED, currently based in Hong Kong. A graduate of École de Condé with a Master’s degree in Global Design–Research & Innovation, she specialises in interactive 3D art and digital scenography. She participated in the debut of Perpetual Records at digi_fi 2023 in Taiwan and directed iterations of Perpetual Records through collaborations with notable artists, with a recent iteration at the FutureScope art dome in Hong Kong.","Colette Herry ist eine französische Künstlerin und Visual Art Director von XCEPT und XCEED und lebt derzeit in Hongkong. Sie schloss an der École de Condé einen Master in Global Design – Research & Innovation ab und ist auf interaktive 3D-Kunst und digitale Szenografie spezialisiert. 2023 war sie an der Premiere von Perpetual Records bei digi_fi in Taiwan beteiligt. In Zusammenarbeit mit renommierten Künstler*innen leitete sie weitere Ausgaben des Projekts, zuletzt im FutureScope Art Dome in Hongkong.",38f38ddb450c81f7850ff2844e7bccd6,done,,,,,done,public,True,True
JanineWeger-38f38ddb450c818e9c50d2e71fbfd333,38f38ddb450c818e9c50d2e71fbfd333,notion,Janine Weger,Janine Weger,Person,she/her,AT Austria,"Janine Weger (b. 1993 in Hall in Tirol) lives and works in Vienna. Rooted in painting as a performative practice, her work spans photography, video, installation and performance. She explores perception, image politics and the manipulation of images between analogue and digital systems. Weger studied in Canterbury and at the University of Applied Arts Vienna. In 2025, she was awarded the Professor Hilde Goldschmidt Prize.","Janine Weger (*1993 in Hall in Tirol) lebt und arbeitet in Wien. Ihre Praxis verbindet Malerei, Fotografie, Video, Installation und Performance. Ausgehend von Malerei als performativem Akt untersucht sie Wahrnehmung, Bildpolitik und die Manipulierbarkeit von Bildern zwischen analogen und digitalen Verfahren. Sie studierte in Canterbury und an der Universität für angewandte Kunst Wien. 2025 erhielt sie den Professor-Hilde-Goldschmidt-Preis.",38f38ddb450c81eea33bd85dba2cd05a,done,https://janineweger.net/,https://www.instagram.com/_janineweger/,,,done,public,True,True
ArthurHnatek-38f38ddb450c81be88cbfe79c781fa0b,38f38ddb450c81be88cbfe79c781fa0b,notion,Arthur Hnatek,,Person,he/him,CH Switzerland,"Swiss drummer, composer and electronic artist Arthur Hnatek is recognised for merging acoustic drumming with live electronics and modular synthesis. Winner of the Swiss Music Prize (2022), he has collaborated with Barker, Tigran Hamasyan and Erik Truffaz. His solo work has been supported by BBC Radio 6 and Laurent Garnier. A graduate of The New School in New York, he lives in Zurich and performs internationally.","Der Schweizer Schlagzeuger, Komponist und Elektronikkünstler Arthur Hnatek verbindet akustisches Schlagzeugspiel mit Live-Elektronik und modularer Synthese. 2022 wurde er mit dem Schweizer Musikpreis ausgezeichnet. Er hat mit Barker, Tigran Hamasyan und Erik Truffaz zusammengearbeitet, sein Solowerk wurde von BBC Radio 6 und Laurent Garnier unterstützt. Hnatek studierte an der The New School in New York, lebt in Zürich und tritt international auf.",38f38ddb450c81a1a087ce63ca360c9b,done,https://www.arthurhnatek.com/,https://www.instagram.com/ahnatek/,,,done,public,True,True
SophieLeMeillour-38f38ddb450c81958e89f080bb38a36a,38f38ddb450c81958e89f080bb38a36a,notion,Sophie Le Meillour,,Person,she/her,FR France,"Sophie Le Meillour is a Geneva-based transmedia visual artist and graduate of HEAD – Geneva. Working with macro-filmed textures inspired by the natural world, she creates immersive visual environments that blur the boundaries between organic and digital, abstraction and reality. Her work has been presented internationally across Europe, the Americas, Africa and Australia. She also teaches mapping and VJing and is a member of the Mapping Festival in Geneva.","Sophie Le Meillour ist eine in Genf lebende transmediale bildende Künstlerin und Absolventin der HEAD – Genève. Sie arbeitet mit makrogefilmten Texturen, die von der natürlichen Welt inspiriert sind, und schafft immersive visuelle Umgebungen, die die Grenzen zwischen Organischem und Digitalem, Abstraktion und Realität verschwimmen lassen. Ihre Arbeiten wurden international in Europa, Amerika, Afrika und Australien präsentiert. Zudem lehrt sie Mapping und VJing und ist Mitglied des Mapping Festival in Genf.",38f38ddb450c81a1a087ce63ca360c9b,done,https://sophielemeillour.ch/home/,https://www.instagram.com/sophielemeillour/,,,done,public,True,True
ZOBAYDA-38f38ddb450c817e9560d492113d9e92,38f38ddb450c817e9560d492113d9e92,notion,ZOBAYDA,,Person,she/her,EG Egypt,"ZOBAYDA is an Egyptian DJ and multidisciplinary artist based in Amsterdam. Guided by rhythm and percussion, her sets are centered around energy and the tradition of bringing people together. She blends sounds from the Global South and its diaspora with a disregard for strict genre boundaries. Her practice extends to photography, audio-visual direction, archiving and cultural programming. She explores storytelling, memory and sound as tools for gathering, reflection and resistance.","ZOBAYDA ist eine ägyptische DJ und multidisziplinäre Künstlerin mit Sitz in Amsterdam. Rhythmus und Perkussion stehen im Zentrum ihrer energiegeladenen Sets und knüpfen an die Tradition von Musik als gemeinschaftsstiftender Kraft an. Sie verbindet Klänge aus dem Globalen Süden und seiner Diaspora, ohne sich an feste Genregrenzen zu halten. Ihre Praxis erstreckt sich auf Fotografie, audiovisuelle Regie, Archivierung und kulturelle Programmgestaltung. Dabei erforscht sie Erzählung, Erinnerung und Klang als Mittel der Begegnung, der Reflexion und des Widerstands.",38f38ddb450c81a1bc5eeafe2b4faed6,done,https://poing-rotterdam.nl/zobayda/,https://www.instagram.com/zobayda__/,,,done,public,True,True
RataufDraht-38f38ddb450c81d0bfb5e56537676617,38f38ddb450c81d0bfb5e56537676617,notion,Rat auf Draht,Rat auf Draht,Organization,,AT Austria,"Since 1987, Rat auf Draht has been an important support service for children, teenagers and young adults facing problems or crises. Through the nationwide emergency helpline 147, counseling is available across Austria 24 hours a day, free of charge and anonymously. Since 2021, parents and caregivers have also been able to access support through the “Elternseite”. An interdisciplinary team responds to around 50,000 enquiries each year, providing up to 140 counseling sessions on an average day.","Rat auf Draht ist seit 1987 eine wichtige Anlaufstelle für Kinder, Jugendliche und junge Erwachsene in Problemen und Krisen. Unter 147 ist die Notrufnummer österreichweit rund um die Uhr, anonym und kostenlos erreichbar. Auch Eltern und Bezugspersonen erhalten seit 2021 über die Elternseite Beratung. Ein interdisziplinäres Team beantwortet jährlich rund 50.000 Anfragen. Im Schnitt werden täglich bis zu 140 Beratungsgespräche geführt.",38f38ddb450c813abe2dc0b605dcf201,done,https://www.rataufdraht.at/,https://www.instagram.com/147rataufdraht,https://www.facebook.com/rataufdraht,,done,public,True,True
MakiUeda-38f38ddb450c81a7ae4fdafab2d3eb96,38f38ddb450c81a7ae4fdafab2d3eb96,notion,Maki Ueda,,Person,she/her,JP Japan,"Maki Ueda’s practice explores the relationships between smell, space and movement through immersive sensory experiences. A pioneering olfactory artist and educator, her work has featured in major exhibitions worldwide, including The Ether, Smell It!, The Smell of War, and If There Ever Was. She was a 2025 CCBT artist fellow and the recipient of the Commissioner for Cultural Affairs Award 2024 and Sadakichi Award for Experimental Work with Scent at the Art and Olfaction Awards 2022.","Maki Uedas Praxis erforscht die Beziehungen zwischen Geruch, Raum und Bewegung durch immersive sinnliche Erfahrungen. Als Pionierin der olfaktorischen Kunst und Vermittlerin war ihre Arbeit in bedeutenden Ausstellungen weltweit zu sehen, darunter The Ether, Smell It!, The Smell of War und If There Ever Was. Sie war 2025 CCBT Artist Fellow und erhielt 2024 den Commissioner for Cultural Affairs Award sowie 2022 den Sadakichi Award for Experimental Work with Scent bei den Art and Olfaction Awards.",38f38ddb450c81aca236f0e4ef957bae; 38f38ddb450c81778164c1b8b95920c4; 38f38ddb450c8163a6bdc48188c053a1; d0f38ddb450c830db8b8816298fd921d,done,https://ueda.nl/,https://www.instagram.com/makiueda/,https://www.facebook.com/maki.ueda,https://www.linkedin.com/in/makiueda,done,public,True,True
CivicCreativeBaseTokyoCCBT-38f38ddb450c81108e81d98bfac26ce9,38f38ddb450c81108e81d98bfac26ce9,notion,Civic Creative Base Tokyo [CCBT],,Organization,,JP Japan,"Civic Creative Base Tokyo [CCBT] is a hub where the public can explore their creative imaginations in society through the use of digital technology. Equipped with creative spaces and studios, CCBT organizes a wide-ranging program of events and projects to serve as a driving force for making Tokyo better through creativity and technology.","Bei Civic Creative Base Tokyo [CCBT] kann die Öffentlichkeit ihre kreative Vorstellungskraft in der Gesellschaft mithilfe digitaler Technologie erkunden. Ausgestattet mit kreativen Räumen und Studios organisiert CCBT ein breit gefächertes Programm aus Veranstaltungen und Projekten, um als treibende Kraft dazu beizutragen, Tokio durch Kreativität und Technologie zu verbessern.",38f38ddb450c81aca236f0e4ef957bae; 38f38ddb450c81778164c1b8b95920c4; 38f38ddb450c8163a6bdc48188c053a1,done,https://ccbt.rekibun.or.jp/en/,https://www.instagram.com/ccb_tokyo/,https://www.facebook.com/civiccreativebasetokyo/,,done,public,True,True
RoopaVasudevan-38f38ddb450c8165bcf4e776364fa40f,38f38ddb450c8165bcf4e776364fa40f,notion,Roopa Vasudevan,,Person,she/her,US United States,"Roopa Vasudevan is a South Asian-American media artist and researcher. Through her technologically-driven research and creative practice, she investigates the gaps between the stories we tell ourselves about digital systems and the realities of their implementations. She has exhibited her work internationally and is steadfastly committed to artist-run and DIY initiatives. Vasudevan is an Assistant Professor in the Department of Art at the University of Massachusetts Amherst.","Roopa Vasudevan ist eine südasiatisch-amerikanische Medienkünstlerin und Forscherin. Durch ihre technologiegetriebene Forschung und kreative Praxis untersucht sie die Lücken zwischen den Geschichten, die wir uns selbst über digitale Systeme erzählen, und der Realität ihrer tatsächlichen Umsetzung. Ihre Arbeiten wurden international ausgestellt; parallel dazu engagiert sie sich konstant für künstler*innengeführte und DIY-Initiativen. Vasudevan lehrt als Assistant Professor am Department of Art der University of Massachusetts Amherst.",38638ddb450c819c8ba7cfc7e53aff87,done,https://roopavasudevan.com/,https://www.instagram.com/rouxpz/,,,done,public,True,True
evala-38f38ddb450c8111972cf13a7f85b414,38f38ddb450c8111972cf13a7f85b414,notion,evala,,Person,he/him,JP Japan,"evala is a sound artist and composer known for his See by Your Ears project, which presents immersive experiences to awaken the latent potential of human hearing. Through his unique “spatial composition”―utilizing 3D sound systems that transcend existing formats―he transforms environments into installations that dissolve sensory boundaries. His globally acclaimed work was awarded the Prix Ars Electronica Isao Tomita Special Prize (2025) and the Minister of Education’s Art Encouragement Prize (2026).","evala ist Klangkünstler und Komponist. Sein bekanntes Projekt See by Your Ears schafft immersive Erlebnisse, die das verborgene Potenzial des menschlichen Gehörs wecken. Mithilfe von 3D-Soundsystemen, die über bestehende Formate hinausgehen, entwickelt er einzigartige räumliche Kompositionen. So verwandelt er Umgebungen in Installationen, die die Grenzen der Sinne auflösen. Für seine weltweit viel beachtete Arbeit wurde er 2025 mit dem Prix Ars Electronica Isao Tomita Special Prize und 2026 mit dem Minister of Education’s Art Encouragement Prize ausgezeichnet.",38f38ddb450c8187a872e89a0251e1bf; 39138ddb450c81098377d9843efc9e87,done,https://seebyyourears.jp/,https://www.instagram.com/evalaport,https://www.facebook.com/evalaport/,,done,public,True,True
MANA-38f38ddb450c81ebbf63f8b504acc7ce,38f38ddb450c81ebbf63f8b504acc7ce,notion,MANA,MANA,Person,he/him,AF Afghanistan,"𝑴𝑨𝑵𝑨 is a young artist based in Austria. Working at the intersection of technology, sound and visual culture, his practice brings together music, beat-making, photography, digital worlds and cybersecurity. He is interested in the structures that lie beneath the visible and in how meaning is created in an increasingly data-driven world. His work is an ongoing exploration of identity, perception and meaning within the dynamic relationship between humans and systems.","𝑴𝑨𝑵𝑨 ist ein in Österreich lebender junger Künstler. Seine Praxis bewegt sich an der Schnittstelle von Technologie, Klang und visueller Kultur und verbindet Musik, Beats, Fotografie, digitale Welten und Cybersecurity. Er interessiert sich für die Strukturen hinter dem Sichtbaren und dafür, wie Bedeutung in einer zunehmend datengetriebenen Welt entsteht. Seine Arbeit ist eine kontinuierliche Suche nach Identität, Wahrnehmung und Sinn im Spannungsfeld zwischen Mensch und System.",38f38ddb450c8104a9eeca744aa23951,done,,https://www.instagram.com/mana.invisible?igsh=ODIzdXJjMzMwaW1l&utm_source=qr,,,done,public,True,True
AriathneyCoyne-39038ddb450c80e29e40eb0c4806d23a,39038ddb450c80e29e40eb0c4806d23a,notion,Ariathney Coyne,Ariathney Coyne,Person,she/her,"AT Austria, GR Greece","Ariathney Coyne is a Vienna-based dancer, performer and media artist with a background in neuroscience. Her works are inherently transdisciplinary and process-enthusiastic. Her practice is rooted in movement, visuals and filmmaking, sound and writing. She thrives in collaborative and hive-mind environments and is guided by curiosity, improvisation and the subtle art of being delighted.","Ariathney Coyne ist eine in Wien lebende Tänzerin, Performerin und Medienkünstlerin mit einem Hintergrund in Neurowissenschaften. Ihre Arbeiten sind von Natur aus transdisziplinär und prozessbegeistert. Ihre Praxis ist in Bewegung, Bild- und Filmschaffen, Klang und Schreiben verwurzelt. Sie blüht in kollaborativen und schwarmintelligenten Umgebungen auf und lässt sich von Neugier, Improvisation und der feinen Kunst des Entzückt-Seins leiten.",38e38ddb450c8108937ace74543497c8,done,https://ariathney.cargo.site,https://www.instagram.com/ariathney/,,,done,public,True,True
NeutoneInc.-39038ddb450c80c4858eddbc65f11456,39038ddb450c80c4858eddbc65f11456,notion,Neutone Inc.,,Organization,,JP Japan,"Neutone is an independent music technology studio based in Tokyo. Neutone collaborates with artists to design interfaces that explore the latent space of cutting-edge technologies. Their instruments extend creative possibilities. Through minimal and precise design, Neutone creates environments where new, organic timbres and textures can emerge.","Neutone ist ein unabhängiges Studio für Musiktechnologie mit Sitz in Tokio. Neutone arbeitet mit Künstler*innen zusammen, um Interfaces zu gestalten, die verborgene Möglichkeitsräume neuester Technologien ausloten. Die Instrumente des Studios erweitern kreative Möglichkeiten. Durch minimalistisches und präzises Design schafft Neutone Umgebungen, in denen neue, organische Klangfarben und Texturen entstehen können.",38d38ddb450c815ab56cd0b384bb53e5,done,https://neutone.jp/,,,,done,public,True,True
MoritzSimonGeist-39038ddb450c8148a944f3ad39941498,39038ddb450c8148a944f3ad39941498,notion,Moritz Simon Geist,,Person,he/him,DE Germany,"Moritz Simon Geist is an artist, researcher and music producer whose work centers on the intersection of robotics, physical sound and algorithmic agency. His practice explores the transition from functional mechanical instruments to autonomous entities. With a research foundation in semiconductor physics and robotics, Geist deconstructs complex technical systems to investigate material and algorithmic behavior.","Moritz Simon Geist ist ein Künstler, Forscher und Musikproduzent, dessen Arbeit sich auf die Schnittstelle von Robotik, physischem Sound und algorithmischer Eigenständigkeit konzentriert. Seine Praxis erkundet den Übergang von funktionalen mechanischen Instrumenten zu autonomen Wesen. Ausgehend von Forschungen im Bereich Halbleiterphysik und Robotik dekonstruiert Geist komplexe technische Systeme, um materielles und algorithmisches Verhalten zu untersuchen.",39038ddb450c81d190d4c17b9c5597ef,done,https://www.moritzsimongeist.com/,https://www.instagram.com/moritzsimongeist/,,https://www.linkedin.com/in/moritzsimongeist/,done,public,True,True
CosminHaias-39038ddb450c8111bd78cf6227143cb7,39038ddb450c8111bd78cf6227143cb7,notion,Cosmin Haias,,Person,he/him,RO Romania,"Cosmin Haiaș is a visual artist and engineer based in Timișoara, Romania. Originally trained in industrialautomation and computers, he later turned to painting and completed an MA in European Cultural Policies and a PhD in Visual Arts. His practice connects art, technology, scientific research and critical theory, exploring AI, ecological vulnerability, cosmic time and humanity’s future. He has exhibited in New York, Vienna, Berlin and Paris and collaborated with NTNU/PoreLab in Norway.","Cosmin Haiaș ist Künstler und Ingenieur. Nach Ausbildungen in Industrieautomatisierung und Informatik schloss er ein Malereistudium und einen Master in European Cultural Policies ab und promovierte in Bildender Kunst. Seine Praxis verbindet Kunst, Technologie, Forschung und kritische Theorie und untersucht KI, ökologische Vulnerabilität, kosmische Zeit und die Zukunft der Menschheit. Er stellte in New York, Wien, Berlin und Paris aus und arbeitete mit dem PoreLab an der NTNU in Norwegen.",39038ddb450c817886d9fcd75be38abf,done,https://haias.ro,https://www.instagram.com/cosminhaias/?hl=en,https://www.facebook.com/cosmin.haias,https://www.linkedin.com/in/cosmin-haias-6205251b/,done,public,True,True
CalleLibre-39038ddb450c81aaba48d3092c247d7b,39038ddb450c81aaba48d3092c247d7b,notion,Calle Libre,,Organization,,AT Austria,"Calle Libre is Austria’s largest urban art festival, transforming public space through large-scale murals, community projects and participatory workshops. Bringing together international and local artists, the festival fosters cultural exchange, social dialogue and creative collaboration, making street art a catalyst for inclusion, urban regeneration and positive social change.","Calle Libre ist Österreichs größtes Urban-Art-Festival und verwandelt den öffentlichen Raum durch großformatige Murals, Gemeinschaftsprojekte und partizipative Workshops. Internationale und lokale Künstler*innen kommen zusammen, um kulturellen Austausch, gesellschaftlichen Dialog und kreative Zusammenarbeit zu fördern. Street Art wird dabei zum Katalysator für Teilhabe, Stadterneuerung und positiven sozialen Wandel.",39038ddb450c81dc8de9f95a702c1077,done,https://www.callelibre.at,https://www.instagram.com/callelibre/,,,done,public,True,True
InstituteforWickedProblemsINVI-39038ddb450c81e79415c82e1b8f78b7,39038ddb450c81e79415c82e1b8f78b7,notion,Institute for Wicked Problems (INVI),,Organization,,DK Denmark,"The Institute for Wicked Problems (INVI) is a Copenhagen-based non-profit think tank that operates at the intersection of democracy, technology and complex societal challenges. INVI develops tools and methods that help organizations and political systems to navigate complexity and to act in the face of uncertainty. Their work spans participatory design, AI-ethnographic research and civic imagination.","Das Institute for Wicked Problems (INVI) ist ein gemeinnütziger Think Tank mit Sitz in Kopenhagen, der an der Schnittstelle von Demokratie, Technologie und komplexen gesellschaftlichen Herausforderungen arbeitet. Das Institut entwickelt Werkzeuge und Methoden, die Organisationen und politischen Systemen helfen, Komplexität zu navigieren und auch unter Ungewissheit handlungsfähig zu bleiben. Seine Arbeit umfasst partizipatives Design, KI-ethnografische Forschung und gesellschaftliche Vorstellungskraft.",39038ddb450c8158b6a3fd10f4d4ff0d; 39838ddb450c81b0931ee838bd5d6102,done,https://www.invi.nu/,https://www.instagram.com/invi.taenketanken/,,https://www.linkedin.com/company/invi-institut-for-vilde-problemer/?viewAsMember=true,done,public,True,True
StefanGppel-39038ddb450c813cb1c3fc3f0e7ca342,39038ddb450c813cb1c3fc3f0e7ca342,notion,Stefan Göppel,,Person,he/him,DE Germany,"Stefan Göppel is an XR pioneer and founder of govar GmbH in Munich. An extended-reality specialist since 2012, he has realized more than 200 award-winning XR projects, honoured with the German Digital Award, the Red Dot Design Award and the Grimme Online Award. In 2023 he entered the art field together with Ugo Dossi, whose installation Meta-Alchemia won the international Next Reality Award. With govar, he creates immersive experiences at the interface of technology, art and social relevance.","Stefan Göppel ist XR-Pionier und Gründer der govar GmbH in München. Seit 2012 ist er auf Extended Reality spezialisiert und hat mehr als 200 preisgekrönte XR-Projekte realisiert, die unter anderem mit dem German Digital Award, dem Red Dot Design Award und dem Grimme Online Award ausgezeichnet wurden. 2023 begann er gemeinsam mit Ugo Dossi im Kunstbereich zu arbeiten, dessen Installation Meta-Alchemia den internationalen Next Reality Award erhielt. Mit govar entwickelt Göppel immersive Erlebnisse an der Schnittstelle von Technologie, Kunst und gesellschaftlicher Relevanz.",39538ddb450c819a966cf91ddfa22fb5; 39738ddb450c81af9c94eb06c5647033; 3b338ddb450c81578464dea3cc8895d6,done,https://www.govar.de/,https://www.instagram.com/govar.io/,,https://www.linkedin.com/in/stefan-g%C3%B6ppel-925977137/,done,public,True,True
UgoDossi-39038ddb450c817bb596dd6265507813,39038ddb450c817bb596dd6265507813,notion,Ugo Dossi,,Person,he/him,DE Germany,"Ugo Dossi is a renowned artist exploring consciousness, signs and archetypes. His installations have been shown twice at documenta (6 and 8) and at the Venice Biennale (1986, 2011, 2022), plus Paris, Buenos Aires, and numerous international museums. From 1986 to 1999 he taught in Munich, Berlin, Salzburg, Bombay and the USA. His Trinity Tarot, the result of over 60 years of research into Tarot and semiotics, transposes this lifelong inquiry into extended reality—a world premiere for Tarot.","Ugo Dossi ist ein renommierter Künstler, der sich mit Bewusstsein, Zeichen und Archetypen beschäftigt. Seine Installationen wurden zweimal auf der documenta (6 und 8), im Rahmen von La Biennale di Venezia (1986, 2011 und 2022), außerdem in Paris und Buenos Aires sowie in zahlreichen internationalen Museen gezeigt. Von 1986 bis 1999 lehrte er in München, Berlin, Salzburg, Bombay und den USA. Trinity Tarot, das Ergebnis von über 60 Jahren Forschung zu Tarot und Semiotik, überträgt diese lebenslange Auseinandersetzung in die Extended Reality – eine Weltpremiere für das Tarot.",39538ddb450c819a966cf91ddfa22fb5; 3b338ddb450c81578464dea3cc8895d6,done,https://ugodossi.com/,https://www.instagram.com/ugo_dossi/,,https://www.linkedin.com/in/ugo-dossi-7bb35054/,done,public,True,True
AyakoTanaka-39138ddb450c816e9851d8b2fc83e1a0,39138ddb450c816e9851d8b2fc83e1a0,notion,Ayako Tanaka,,Person,she/her,JP Japan,"Ayako Tanaka is a coloratura soprano. She moved to Vienna at the age of 18 and made her soloist debut at the opera at Bern Theatre in Switzerland at 22. Known for her exceptionally high, crystalline coloratura voice, she has performed internationally in Vienna, London, Paris, Copenhagen, Buenos Aires and beyond. Her recordings have received international acclaim, including a five-star review from BBC Music Magazine and the Best Premiere Award in Argentina.","Ayako Tanaka ist Koloratursopranistin. Im Alter von 18 Jahren zog sie nach Wien. Mit 22 gab sie ihr Solodebüt am Stadttheater Bern, Schweiz. Bekannt für ihre außergewöhnlich hohe, kristallklare Koloraturstimme, trat sie international unter anderem in Wien, London, Paris, Kopenhagen und Buenos Aires auf. Ihre Aufnahmen wurden international ausgezeichnet und besprochen, darunter mit einer Fünf-Sterne-Kritik des BBC Music Magazine und dem Best Premiere Award in Argentinien.",39138ddb450c81098377d9843efc9e87,done,https://ayakotanakaofficial.com/,https://www.instagram.com/ayakotanaka_official,https://www.facebook.com/info.ayakotanaka/,,done,public,True,True
WomensHistoryMuseumofZambia-39138ddb450c81f48d96dd4504753d0e,39138ddb450c81f48d96dd4504753d0e,notion,Women’s History Museum of Zambia,,Organization,,ZM Zambia,"The Women’s History Museum of Zambia documents, preserves and revives African histories through the lens of women. It researches Indigenous knowledge, oral histories and cultural practices, transforming them into archives, exhibitions and public learning resources that deepen understanding of women’s roles in governance, trade, medicine, food security, justice, family and society.","Das Women’s History Museum of Zambia dokumentiert, bewahrt und belebt afrikanische Geschichte(n) aus der Perspektive von Frauen neu. Es erforscht indigenes Wissen, mündliche Überlieferungen und kulturelle Praktiken und wandelt sie in Archive, Ausstellungen und öffentliche Bildungsangebote um, die das Verständnis der Rolle von Frauen in Governance, Handel, Medizin, Ernährungssicherheit, Recht, Familie und Gesellschaft vertiefen.",39538ddb450c811e94c2fb100285dfea,done,https://www.whmzambia.org,https://www.instagram.com/womensmuseumzed,https://www.facebook.com/MuseumofWomensHistoryZambia,https://www.linkedin.com/company/mwhz,done,public,True,True
AgnesMeyer-Brandis-39138ddb450c815e9514e3d27a25d203,39138ddb450c815e9514e3d27a25d203,notion,Agnes Meyer-Brandis,,Person,she/her,DE Germany,"Agnes Meyer-Brandis has a background in sculpture and new media. She creates works on the fringes of science, technology and the imagination, and founded the ResearchRaft FFUR, an Institute for Art & Subjective Science that “is asking questions but gives no answers“ in fields such as climate research as well as synthetic and artistic biology. Meyer-Brandis’ work has been exhibited worldwide and awarded many prizes, including two Prix Ars Electronica Awards of Distinction and the European Kairos prize.","Agnes Meyer-Brandis hat einen Hintergrund in Bildhauerei und Neuen Medien. Sie entwickelt Arbeiten an den Schnittstellen von Wissenschaft, Technologie und Imagination und gründete das ResearchRaft FFUR, ein Institut für Kunst und subjektive Wissenschaft, das “Fragen stellt, aber keine Antworten gibt” – unter anderem in den Bereichen Klimaforschung sowie synthetische und künstlerische Biologie. Meyer-Brandis’ Arbeiten wurden weltweit ausgestellt und mit zahlreichen Preisen ausgezeichnet, darunter zwei Awards of Distinction des Prix Ars Electronica sowie der Europäische Kairos-Preis.",39138ddb450c81f7a684d4e6111a0e12; 39138ddb450c8052b084f91f1275b2d2; 3c038ddb450c80b18938ee9b24da9dec,done,http://www.ffur.de,https://www.instagram.com/agnesmeyerbrandis/,,,done,public,True,True
LauraGagliardi-39138ddb450c80fe9d80c83aa94172c3,39138ddb450c80fe9d80c83aa94172c3,notion,Laura Gagliardi,Laura Gagliardi,Person,she/her,IT Italy,"Laura Gagliardi has a BSc in Biology, a BA in Contemporary Dance from Trinity Laban London and an MA in Dance from Anton Bruckner University Linz. She has a multifaceted career: a dancer in Laura Boato’s INDACO; an associate artist of Liz King’s http://d.id/ and Michela Barasciutti’s Tocnadanza company; a member of Inner Suspension by Susanne Linke; a curator of dance workshops at M9 Museum, Mestre; an artistic director of A Piede Libero dance festival, Mogliano Veneto; an assistant director and choreographer in Mariano Bauduin’s productions; and a pre-trainer of GYROTONIC® and GYROKINESIS® methods.","Laura Gagliardi hat einen BSc in Biologie, einen BA in Contemporary Dance vom Trinity Laban London und einen MA in Dance von der Anton Bruckner Privatuniversität Linz. Ihre facettenreiche Karriere umfasst: Tänzerin in Laura Boatos INDACO; assoziierte Künstlerin bei Liz Kings http://d.id/ und bei Michela Barasciuttis Kompanie Tocnadanza; Mitglied von Inner Suspension von Susanne Linke; Kuratorin von Tanzworkshops am M9-Museum in Mestre; künstlerische Leiterin des Tanzfestivals A Piede Libero in Mogliano Veneto; Regieassistentin und Choreografin in einer Produktion von Mariano Bauduin; Pre-Trainerin der GYROTONIC®- und GYROKINESIS®-Methoden.",38e38ddb450c8108937ace74543497c8,done,,https://www.instagram.com/laura_gagl/,,,done,public,True,True
AttacAustria-39138ddb450c8190b7f3c8c51262c5f2,39138ddb450c8190b7f3c8c51262c5f2,notion,Attac Austria,Attac Österreich,Organization,,AT Austria,"Attac is a civil society movement and organization that challenges the prevailing economic system and opposes the uncontrolled power of corporations that profit from crises and wars. Attac fights for democratization, a good life for all and alternative forms of economy. Democracy and solidarity thrive on engagement—especially now, as authoritarian forces continue to gain strength.","Attac ist eine zivilgesellschaftliche Bewegung und Organisation, die das herrschende Wirtschaftssystem infrage stellt – gegen die unkontrollierte Macht von Konzernen, die von Krisen und Kriegen profitieren. Attac kämpft für Demokratisierung, ein gutes Leben für alle und alternative Wirtschaftsformen. Demokratie und Solidarität leben vom Engagement – gerade jetzt, wo autoritäre Kräfte erstarken.",39138ddb450c81549688e8455fea68f2; 39138ddb450c81659f40da3fce7bfa86; 39138ddb450c81c29dfde66337ae2140; 39238ddb450c814d959bcb7e64564979; 39738ddb450c81088b6fe52306e932ad; 39738ddb450c81a9a4d8f12333452e5b; 39738ddb450c816cbe90ff06d00c0f76; 37c38ddb450c81c2abf2dd51df60e2c6; 3a538ddb450c8042a6e2c78244bdcd22; 38138ddb450c80339a17ee6363b963c8,done,https://www.attac.at/,https://www.instagram.com/attacaustria/,https://www.facebook.com/attac.at,,done,public,True,True
AlexanderDamianos-39138ddb450c81b19c4adc19586fa5f4,39138ddb450c81b19c4adc19586fa5f4,notion,Alexander Damianos,,Person,he/him,"GB United Kingdom, GR Greece","Alexander Damianos is a lecturer and researcher in environmental law at the University of Kent. He is a fellow of the Institute of Advanced Legal Studies, University of London, where he founded and convenes the Law and Environmental Humanities Network. He is the author of Science, Politics and the Anthropocene Working Group: What was the Anthropocene?. His work has been published in journals including Law & Critique; Global Sustainability and Social Studies of Science.","Alexander Damianos ist Lehrender und Forscher für Umweltrecht an der University of Kent. Er ist Fellow am Institute of Advanced Legal Studies der University of London, wo er das Law and Environmental Humanities Network gründete und koordiniert. Er ist Autor von Science, Politics and the Anthropocene Working Group: What was the Anthropocene?. Seine Arbeiten erschienen unter anderem in den Fachzeitschriften Law & Critique, Global Sustainability und Social Studies of Science.",39d38ddb450c8146ac57dbcbd4b97583; 3a538ddb450c81f58ae1f5d343fbcee1,done,http://www.alexdamianos.com,,,https://www.linkedin.com/in/alexander-damianos,done,public,True,True
CarinaDanzer-39138ddb450c8096907ee139def08adc,39138ddb450c8096907ee139def08adc,notion,Carina Danzer,Carina Danzer,Person,they/them,AT Austria,"Carina Danzer is an ever-evolving art student with an affinity for interactive and digital media. With interests spanning various art forms, media and topics, including (retro-)futurism, video games, biomechanics, absurdism and dystopias, they create art that often showcases the innermost workings of their mind.","Carina Danzer ist eine sich stetig weiterentwickelnde Kunststudentin mit einer besonderen Affinität zu interaktiven und digitalen Medien. Ihre Interessen erstrecken sich über verschiedenste Kunstformen, Medien und Themen – darunter (Retro-)Futurismus, Videospiele, Biomechanik, Absurdismus und Dystopien. In ihren Arbeiten bringt Carina häufig die Gedankenwelt und inneren Prozesse ihres Denkens zum Ausdruck.",38838ddb450c818aaacdc92459930b93,done,,,,,done,public,True,True
TerritorialAgency-39138ddb450c8190b52adabb6280c44a,39138ddb450c8190b52adabb6280c44a,notion,Territorial Agency,,Organization,,GB United Kingdom,"Territorial Agency is an independent organisation established by architects and urbanists John Palmesino and Ann-Sofi Rönnskog. They combine contemporary architecture, art, science, advocacy and action to promote comprehensive territorial transformations in the Anthropocene epoch. Territorial Agency’s work engages different polities to re-evaluate the relations to the complex material, energy and information fluxes that mark contemporary territories. Territorial Agency have been awarded the STARTS Prize.","Territorial Agency ist eine unabhängige Organisation, die von den Architekt*innen und Urbanist*innen Ann-Sofi Rönnskog und John Palmesino gegründet wurde. Sie verbindet Architektur, Kunst, Wissenschaft, politisches Engagement und konkretes Handeln, um umfangreiche räumliche Transformationen im Anthropozäns zu fördern. In ihrer Arbeit bindet Territorial Agency unterschiedliche Gemeinwesen ein, um deren Beziehungen zu den komplexen Material-, Energie- und Informationsflüssen, die heutige Territorien prägen, neu zu bewerten. Territorial Agency wurde mit dem STARTS Prize ausgezeichnet.",39d38ddb450c8146ac57dbcbd4b97583; 3a538ddb450c81f58ae1f5d343fbcee1,done,https://www.territorialagency.com,https://www.instagram.com/territorialagency,,,done,public,True,True
GerhardFunk-39138ddb450c81d297b6f9578d2b69e2,39138ddb450c81d297b6f9578d2b69e2,notion,Gerhard Funk,Gerhard Funk,Person,he/him,AT Austria,"Gerhard Funk studied mathematics and art education, and received his PhD in computer science. From 2004 until 2022, he was a full professor at the University of Arts Linz and head of the Time-based and Interactive Media Arts department. Since 2014, he has been developing the concept of “Cooperative Aesthetics”, a collection of programs designed to enable audiences to create collective audiovisual experiences. His works have been shown in Linz, Milan, Shanghai, Boston and Zagreb, among other cities.","Gerhard Funk studierte Mathematik und Kunstpädagogik und promovierte in theoretischer Informatik. Von 2004 bis 2022 war er Professor an der Kunstuniversität Linz und leitete die Abteilung Zeitbasierte und Interaktive Medienkunst. Seit 2014 entwickelt er das Konzept der “Kooperativen Ästhetik“, eine Reihe von Programmen, die es dem Publikum ermöglichen, kollektive audiovisuelle Erfahrungen zu erleben. Seine Arbeiten werden unter anderem in Linz, Mailand, Shanghai, Boston und Zagreb gezeigt.",37b38ddb450c815a9cc0ebed8dfd2628,done,,,,,done,public,True,True
VeronikaLiebl-39138ddb450c80f09c44d6a2ce4b0db0,39138ddb450c80f09c44d6a2ce4b0db0,notion,Veronika Liebl,,Person,she/her,AT Austria,"Veronika Liebl is currently Director of European Cooperation at Ars Electronica and Managing Director of the Festival/Prix/Exhibitions Department. She studied Economics and Business at Johannes Kepler University Linz (graduating in 2010), with study visits at Harvard University (USA) and the University of Fribourg (Switzerland), and has an interdisciplinary background in nonprofit and innovation management. Since 2011, she has been responsible for cultural management and European project development at Ars Electronica Linz and serves as a member of the Linz Cultural Advisory Board, the board of UNESCO City of Media Arts Linz, and the Content Innovation Council of The ARTS+ program at the Frankfurt Book Fair. For more than ten years, she has been involved in the programming and production of cooperative projects with partners from the arts, science, and industry. She leads Ars Electronica’s European cooperation projects in the fields of culture, research, and education, and in this capacity—together with her team—she has developed, initiated, and implemented numerous EU projects such as the STARTS Prize and the European ARTificial Intelligence Lab.","Veronika Liebl ist derzeit Direktorin für Europäische Kooperationen bei Ars Electronica und Leiterin der Abteilung Festival/Prix/Exhibitions. Sie studierte Wirtschafts- und Betriebswissenschaften an der Johannes Kepler Universität Linz (Abschluss 2010) mit Studienaufenthalten an der Harvard University (USA) und der Universität Fribourg (CH) und verfügt über einen interdisziplinären Hintergrund in den Bereichen Nonprofit- und Innovationsmanagement. Seit 2011 ist sie bei Ars Electronica Linz für Kulturmanagement und europäische Projektentwicklung zuständig und Mitglied des Linzer Kulturbeirates, des Vorstandes der UNESCO City of Media Arts Linz und des Content Innovation Council des ARTS+ Programms der Frankfurter Buchmesse. Seit mehr als zehn Jahren ist sie in der Programmierung und Produktion von Kooperationsprogrammen mit Partnern aus Kunst, Wissenschaft und Wirtschaft tätig. Sie leitet die europäischen Kooperationsprojekte der Ars Electronica in den Bereichen Kultur, Forschung und Bildung und hat in dieser Funktion – gemeinsam mit ihrem Team – zahlreiche EU-Projekte wie den STARTS Award oder das European ARTificial Intelligence Lab entwickelt, initiiert und umgesetzt.",39138ddb450c80db926cdd2baf7b37e2; 39138ddb450c80a198bbd22e698dd3cc,done,,,,,done,public,True,True
ChristlBaur-39138ddb450c80938ee4e7857bd3e4dd,39138ddb450c80938ee4e7857bd3e4dd,notion,Christl Baur,,Person,she/her,"AT Austria, DE Germany","Christl Baur is the Head of the Ars Electronica Festival and an interdisciplinary researcher working at the intersection of art, science and society. She has curated and co-produced numerous exhibitions and performances, including 40 Years of Humanizing Technology – Art, Technology and Society in collaboration with CAFA and the Design Society in Shenzhen, China. Her expertise spans video art, new media, computer art, biotechnology and interactive art, and she teaches at the University of Applied Sciences Upper Austria. Baur’s research and writing, published in outlets such as the Journal of Visual Art Practice, address topics from the preservation of bio art to intersections of media art and the art market. She is a frequent speaker at international conferences including ISEA and Montreal Digital Week, and serves on prestigious juries such as the NTU Global Digital Art Prize, the Global Creative Technology Design Award and the German Federal Cultural Foundation.","Christl Baur ist Leiterin des Ars Electronica Festivals und forscht interdisziplinär an der Schnittstelle von Kunst, Wissenschaft und Gesellschaft. Sie hat zahlreiche Ausstellungen und Performances kuratiert und mitproduziert, darunter 40 Years of Humanizing Technology – Art, Technology, and Society in Zusammenarbeit mit der Central Academy of Fine Arts (CAFA) und der Design Society in Shenzhen, China. Ihre Expertise umfasst Video- und Computerkunst, Neue Medien, Biotechnologie und interaktive Kunst. Zudem lehrt sie an der Fachhochschule Oberösterreich. Ihre wissenschaftlichen Publikationen – unter anderem in Journal of Visual Art Practice – befassen sich mit Themen wie der Erhaltung von Bio Art und den Schnittstellen zwischen Medienkunst und Kunstmarkt. Baur ist regelmäßig als Vortragende bei internationalen Konferenzen wie ISEA und der Montreal Digital Week vertreten und wirkt in renommierten Jurys wie dem NTU Global Digital Art Prize, dem Global Creative Technology Design Award sowie der Jury der Kulturstiftung des Bundes mit.",3a438ddb450c804bb060d823a2db6a47; 39138ddb450c803a8818e559249f1bc3; 3a438ddb450c80b6bd73ce9df6780e40; 40838ddb450c82f0904c8102b2498028; 39138ddb450c80db926cdd2baf7b37e2; 39138ddb450c80a198bbd22e698dd3cc,done,,,,,done,public,True,True
UniversityofEdinburgh-39138ddb450c8180af60fdb78fe3e52b,39138ddb450c8180af60fdb78fe3e52b,notion,University of Edinburgh,,Organization,,GB United Kingdom,"In the ekip engine, the University of Edinburgh are the catalyst, bringing sector-specific innovation insight to policy design, sparking new ways innovation policy can be effectively tailored for the benefit of all CCI practitioners. Researchers from the Institute for Design Informatics based in Edinburgh College of Art and from the School of Social and Political Sciences are collaborating to spark these innovations for CCI policymaking.","Im Rahmen der ekip-Engine fungiert die University of Edinburgh als Katalysator: Sie bringt branchenspezifisches Innovationswissen in die Politikgestaltung ein und eröffnet neue Wege, wie sich Innovationspolitik wirksam und zum Nutzen aller in der Kultur- und Kreativwirtschaft Tätigen zuschneiden lässt. Forschende des Institute for Design Informatics am Edinburgh College of Art und der School of Social and Political Sciences arbeiten zusammen, um diese Innovationen für die CCI-Politikgestaltung anzustoßen.",39538ddb450c810ba965c4a0e378835c,done,https://www.sps.ed.ac.uk/,,,,done,public,True,True
TechnopolisGroup-39138ddb450c81b2ae35eba9b5e13446,39138ddb450c81b2ae35eba9b5e13446,notion,Technopolis Group,,Organization,,GB United Kingdom,"Technopolis Group is an international research and consulting organisation working for the public sector providing strategic advice, based on evidence and scientific insights and operational support to help decision makers understand the pressing societal challenges of our time and shape a sustainable society. In the ekip engine, Technopolis is the co-architect of workshops and Policy Labs, gathering voices where the living lab experiences meet collaborative exploration.","Die Technopolis Group ist eine internationale Forschungs- und Beratungsorganisation, die für den öffentlichen Sektor arbeitet. Sie bietet strategische Empfehlungen, die auf Evidenz und wissenschaftlichen Erkenntnissen basieren, sowie operative Unterstützung, um Entscheidungsträger*innen dabei zu helfen, die drängenden gesellschaftlichen Herausforderungen unserer Zeit zu verstehen und eine nachhaltige Gesellschaft zu gestalten. Im Rahmen der ekip Engine ist Technopolis Mitgestalterin der Workshops und Policy Labs. Dabei bringt die Organisation dort Stimmen zusammen, wo die Erfahrungen aus dem Living Lab mit gemeinsamer Erforschung verbunden werden.",39538ddb450c810ba965c4a0e378835c,done,https://technopolis-group.com/,,,https://www.linkedin.com/company/technopolis-group/posts/?feedView=all,done,public,True,True
ekip-39138ddb450c81db997acd1d0b4c3dbf,39138ddb450c81db997acd1d0b4c3dbf,notion,ekip,,Organization,,SE Sweden,"ekip is a collaborative platform designed to boost the development of innovation capacity in ecosystems to include the Cultural and Creative Industries (CCI). Rooted in open innovation, ekip brings together broad stakeholder groups to co-create and deliver evidence-based policy recommendations. Together, we are shaping smarter innovation policies for ecosystems where collaborative processes and cross and open innovation are standard practice.","ekip ist eine kollaborative Plattform, die den Aufbau von Innovationskapazität in Ökosystemen fördert und dabei die Cultural and Creative Industries (CCI) einbezieht. Auf Basis von Open Innovation bringt ekip vielfältige  Stakeholder*innen zusammen, um gemeinsam evidenzbasierte Politikempfehlungen zu entwickeln und umzusetzen. Ziel sind intelligentere Innovationspolitiken für Ökosysteme, in denen kollaborative Prozesse sowie branchenübergreifende und offene Innovation selbstverständlich sind.",39538ddb450c810ba965c4a0e378835c,done,https://ekipengine.eu/,,,https://www.linkedin.com/company/ekip-cultural-creative-industries/posts/?feedView=all,done,public,True,True
SwedishMuseumofEthnography-39138ddb450c81ad969be2eef281c8bc,39138ddb450c81ad969be2eef281c8bc,notion,Swedish Museum of Ethnography,,Organization,,SE Sweden,"The Museum of World Culture in Gothenburg is part of Sweden’s National Museums of World Culture. It explores global cultures through exhibitions, collections, learning activities and public dialogue, connecting history, the present and future perspectives.","Das Museum der Weltkulturen in Göteborg ist Teil der schwedischen Nationalmuseen für Weltkulturen (The National Museums of World Culture). Es erkundet globale Kulturen durch Ausstellungen, Sammlungen, Bildungsangebote und öffentlichen Dialog und verbindet dabei Geschichte, Gegenwart und Zukunftsperspektiven.",39538ddb450c811e94c2fb100285dfea,done,https://www.varldskulturmuseet.se/en/,https://www.instagram.com/varldskulturmuseet/,https://www.facebook.com/varldskulturmuseet,https://www.linkedin.com/company/the-national-museums-of-world-culture-sweden,done,public,True,True
VoluspaJarpa-39138ddb450c81d7ad39d7df7de0691c,39138ddb450c81d7ad39d7df7de0691c,notion,Voluspa Jarpa,,Person,she/her,CL Chile,"Voluspa Jarpa maintains an extensive artistic practice that is grounded in long-term research into archives, memories, social trauma, ancestral knowledge and environmental sacrifice zones. Her exhibitions include the Istanbul Biennial 2011, São Paulo Biennial 2014, MALBA 2016, Shanghai Biennale 2018 and Altered Views at the Venice Biennale 2019 (Chile Pavilion). She received the Julius Baer Prize in 2020, a Prize at the 16th Cuenca Biennial in 2023 and the STARTS Buen-TEK Prize in 2026.","Voluspa Jarpas umfangreiche künstlerische Praxis basiert auf langjähriger Forschung zu Archiven, Erinnerungen, gesellschaftlichen Traumata, über Generationen überliefertem Wissen und ökologischen Opferzonen. Sie hat bei der Istanbul Biennale 2011, der São Paulo Biennale 2014, MALBA 2016, der Shanghai Biennale 2018 und Altered Views im chilenischen Pavillon der Biennale von Venedig 2019 ausgestellt. Sie erhielt 2020 den Julius Baer Preis, 2023 einen Preis bei der 16. Cuenca Biennial und 2026 den STARTS Buen-TEK Prize.",39138ddb450c81178bf7da8c0f89b83a,done,https://www.voluspajarpa.com/artworks/,https://www.instagram.com/voluspa.jarpa.studio/?hl=es,,https://www.linkedin.com/in/voluspa-jarpa-97394836/,done,public,True,True
xlabYasuakiKakehiLabUTokyo-39238ddb450c816881cae486bd266e39,39238ddb450c816881cae486bd266e39,notion,"xlab (Yasuaki Kakehi Lab, UTokyo)",,Organization,,JP Japan,"xlab (Yasuaki Kakehi Lab, The University of Tokyo) is an interdisciplinary group led by Yasuaki Kakehi, a media artist, HCI researche and professor. Treating transient materials like air, water and heat as interactive media, the lab creates interfaces and artworks reconnecting humans, technology and the environment. Presenting at Ars Electronica annually since 2014, it has received an Honorary Mention at the STARTS Prize 2022 and the Excellence Award at the 23rd Japan Media Arts Festival.","xlab (Yasuaki Kakehi Lab, The University of Tokyo) ist eine interdisziplinäre Gruppe unter der Leitung des Medienkünstlers, HCI-Forschers und Professors Yasuaki Kakehi. Das Lab begreift flüchtige Materialien wie Luft, Wasser und Wärme als interaktive Medien und entwickelt Interfaces und Kunstwerke, die Menschen, Technologie und Umwelt neu verbinden. Seit 2014 ist xlab jährlich bei Ars Electronica vertreten. Die Gruppe erhielt eine Honorary Mention beim STARTS Prize 2022 sowie den Excellence Award beim 23. Japan Media Arts Festival.",39238ddb450c816ea67dc850c37d7b5c,done,https://xlab.iii.u-tokyo.ac.jp/,https://www.instagram.com/xlab_utokyo/,https://www.facebook.com/xlab.utokyo,,done,public,True,True
LauraWelzenbach-39238ddb450c80f6a93ae06b2683cd3f,39238ddb450c80f6a93ae06b2683cd3f,notion,Laura Welzenbach,,Person,she/her,AT Austria,"Laura Welzenbach produces and directs visionary art projects at the intersection of technology, society and politics. She is a strategic planner whose current superpower is a deep passion for generating social impact through art and public engagement. As Head of Ars Electronica Export, Laura creates experiences that connect art and science. These international collaborations take shape in the form of exhibitions workshops, and art-science residencies. Previously, she directed the artist residency program at Eyebeam in New York (2014–2017) and served as Executive Manager of the sound:frame festival in Vienna (2010–2013). She has collaborated with institutions such as the Guggenheim Museum, the Austrian Cultural Forum in New York, the Toronto International Film Festival (TIFF) in Canada, and the MAK – Museum of Applied Arts, MuseumsQuartier (MQ), and Künstlerhaus (K/haus) in Vienna.",,3a538ddb450c804dbad4ee79b9e55359,done,,,,,done,public,True,True
VISTAScienceExperienceCenter-39238ddb450c81c09f53da07ec66b4f3,39238ddb450c81c09f53da07ec66b4f3,notion,VISTA Science Experience Center,VISTA Science Experience Center,Organization,,AT Austria,"The VISTA Science Experience Center is a vibrant space where science and society come together. Located on the campus of the Institute of Science and Technology Austria (ISTA) in Klosterneuburg, it offers direct access to cutting-edge research. An interactive exhibition invites visitors to explore scientific ideas, hands-on workshops encourage experimentation and its outreach program fosters dialogue beyond the campus. The Center’s mission is to show how science creates knowledge.","Das VISTA Science Experience Center ist ein lebendiger Ort der Begegnung zwischen Wissenschaft und Gesellschaft. Direkt am Campus des Institute of Science and Technology Austria (ISTA) in Klosterneuburg gelegen, ermöglicht es unmittelbare Einblicke in aktuelle Spitzenforschung. Die interaktive Ausstellung lädt zum Entdecken ein, Workshops bieten Raum zum Experimentieren, und mit dem Outreach-Angebot entstehen Dialoge an wechselnden Orten. Die Mission des VISTA Science Experience Centers ist es, zu vermitteln, wie Wissenschaft Wissen schafft.",39238ddb450c8186bdead4740548293a,done,https://www.vistascience.at/de/about,https://www.instagram.com/vista.science/,,,done,public,True,True
RomanKhimeiandYaremaMalashchuk-39338ddb450c819885a7c8cbdfd91897,39338ddb450c819885a7c8cbdfd91897,notion,Roman Khimei and Yarema Malashchuk,,Group,they/them,UA Ukraine,"Based in Kyiv, Roman Khimei and Yarema Malashchuk work together as filmmakers and visual artists, making films and video installations that examine war, memory and the institutions that shape how both are represented. Their practice moves between documentary method and staged reconstruction, often returning to how public image-making—museums, archives, media—mediates the experience of war. Their work is held in the collections of TBA21, M HKA Antwerp, Kiasma Helsinki and Frac Bretagne, among others.","Roman Khimei und Yarema Malashchuk leben in Kyjiw und arbeiten gemeinsam als Filmemacher*innen und bildende Künstler*innen. In ihren Filmen und Videoinstallationen untersuchen sie Krieg, Erinnerung und jene Institutionen, die deren Darstellung prägen. Ihre Praxis bewegt sich zwischen dokumentarischen Methoden und inszenierten Rekonstruktionen. Dabei beschäftigen sie sich immer wieder mit der Frage, wie öffentliche Bildproduktion – in Museen, Archiven und Medien – die Erfahrung von Krieg vermittelt. Ihre Arbeiten befinden sich unter anderem in den Sammlungen von TBA21, M HKA Antwerpen, Kiasma Helsinki und Frac Bretagne.",39338ddb450c8199b6abfe56a66edf93,done,https://ym-rk.com,https://www.instagram.com/yaremaandkhimei/,,,done,public,True,True
MushonZer-Aviv-39338ddb450c81beb553ee0df7c1c693,39338ddb450c81beb553ee0df7c1c693,notion,Mushon Zer-Aviv,,Person,he/him,"CH Switzerland, IL Israel","Mushon Zer-Aviv is a designer, writer, educator and activist whose work explores mapping, wayfinding and political imagination. His current research, The Future Does Not Exist, develops a navigation system for political agency. He is a senior faculty member at Shenkar College, a board member of A Land for All – Two States, One Homeland, and an Eyebeam alum.","Mushon Zer-Aviv ist Designer, Autor, Pädagoge und Aktivist, dessen Arbeit sich mit Kartografie, Wegfindung und politischer Vorstellungskraft beschäftigt. Seine aktuelle Forschungsarbeit, The Future Does Not Exist, entwickelt ein Navigationssystem für politisches Handeln. Er ist leitendes Fakultätsmitglied am Shenkar College, Vorstandsmitglied von A Land for All – Two States, One Homeland und ehemaliges Mitglied von Eyebeam",39338ddb450c810ca82cc22747b9c0c2; 3a538ddb450c81fba4fef0567a849723; 39e38ddb450c8090af5ecc0acad9db17,done,https://mushon.com,https://www.instagram.com/mushon,,https://www.linkedin.com/in/mushonzeraviv,done,public,True,True
ALandForAllTwoStatesOneHomeland-39338ddb450c817db33ee797f913c74f,39338ddb450c817db33ee797f913c74f,notion,A Land For All—Two States One Homeland,,Organization,,"IL Israel, PS Palestine","A Land for All: Two States, One Homeland is a joint movement rooted in the lived reality of this land. It was founded by Israelis and Palestinians to craft a shared political vision grounded in dignity, equality and belonging. ALFA envisions two democratic, sovereign states—Israel and Palestine—linked in confederation, with self-determination for both peoples and a framework that reflects their interdependence.","A Land for All: Two States, One Homeland ist eine gemeinsame Bewegung, die in der gelebten Realität dieses Landes verwurzelt ist. Sie wurde von Israelis und Palästinenser*innen gegründet, um eine gemeinsame politische Vision zu entwickeln, die auf Würde, Gleichheit und Zugehörigkeit basiert. ALFA sieht zwei demokratische, souveräne Staaten vor – Israel und Palästina – , die in einer Konföderation miteinander verbunden sind, mit Selbstbestimmung für beide Völker und einem Rahmen, der ihre gegenseitige Abhängigkeit widerspiegelt.",39338ddb450c810ca82cc22747b9c0c2; 3a538ddb450c81fba4fef0567a849723,done,https://2s1h.org/en,https://www.instagram.com/alandforall.global,,,done,public,True,True
ShinHanagata-39438ddb450c81449dabc6630bb7ef66,39438ddb450c81449dabc6630bb7ef66,notion,Shin Hanagata,Shin Hanagata,Person,he/him,JP Japan,"Shin Hanagata (b. 1995, Tokyo) works across performance, media art and contemporary art. In a technologically accelerating capitalist society where the notions of the “self” and the “human” are increasingly destabilized, his practice focuses on technologies that mediate the relationship between the body and the world—such as communication systems, wearable devices and prosthetics—to attempt a “twisting of humanity” in the present day.","Geboren 1995 in Tokio, arbeitet Shin Hanagata in den Bereichen Performance, Medienkunst und zeitgenössische Kunst. In der Realität einer technologisch beschleunigten kapitalistischen Gesellschaft, in der die Idee von “Ich” und “Mensch” ins Wanken geraten, richtet sich seine Praxis auf Technologien, die den Körper mit der Welt in Beziehung setzen – Kommunikationssysteme, Wearables, Prothesen – und versucht ein “Verdrehen des Menschlichen” in der Gegenwart.",39438ddb450c81c08484f792653c9a49; 39138ddb450c8052b084f91f1275b2d2,done,https://www.shinhanagata.com/,https://www.instagram.com/shin.hanagata/,https://www.facebook.com/shin.hanagata/,,done,public,True,True
AKOTANZFEST-39438ddb450c8136aed8f1922a99f091,39438ddb450c8136aed8f1922a99f091,notion,A!KO TANZ FEST,,Organization,,"AT Austria, KR South Korea","Founded in 2022 to mark 130 years of Austria-Korea diplomatic relations, A!KO TANZ FEST connects artists and audiences through dance. Rooted in Linz, it supports emerging artists, fosters international exchange and presents diverse programs across Austria and Korea through research, workshops, performances and global collaborations.","A!KO TANZ FEST wurde 2022 zum 130-jährigen Jubiläum der diplomatischen Beziehungen zwischen Österreich und Korea gegründet und verbindet Künstler*innen und Publikum durch Tanz. Von Linz aus fördert es Nachwuchskünstler*innen und den internationalen Austausch. Mit Recherchen, Workshops, Performances und globalen Kooperationen präsentiert es vielfältige Programme in Österreich und Korea.",39438ddb450c815cb1dbd5177e1062f9; 39438ddb450c8116a82ac3c4b4e05c63; 39438ddb450c81a298bad0833a7f79af,done,https://www.akotanzfest.com/,https://www.instagram.com/ako_tanz_fest/,https://www.facebook.com/akodancefest,,done,public,True,True
sikaupbalov-39438ddb450c816f9336f7d83a603072,39438ddb450c816f9336f7d83a603072,notion,sikau/půbalová,,Group,"she/her, they/them","CZ Czechia, DE Germany, NL Netherlands","Since 2020, sikau/pubalova have collaborated as a queer-feminist duo, consisting of artist and coder Denisa Pubalova (CZ/NL, *1999) and opera singer, sound scholar and ethnomusicologist Dr. Lea Luka Sikau (GE, *1996). They explore “incommensurabilities” at the nexus of vibroacoustic ethnography, multisensory art and new opera. Their multisensory sound environments were commissioned, amongst others, by the European Commission, ZKM | Center for Art and Media, STARTS, STUDIOTOPIA and Mediamatic.","Seit 2020 arbeiten sikau/pubalova als queerfeministisches Duo zusammen, bestehend aus der Künstler*in und Coderin Denisa Pubalova (CZ/NL, *1999) und der Opernsänger*in, Klangwissenschaftler*in und Ethnomusikolog*in Dr. Lea Luka Sikau (GE, *1996). Sie untersuchen “Inkommensurabilitäten” im Spannungsfeld von vibroakustischer Ethnografie, multisensorischer Kunst und neuer Oper. Ihre multisensorischen Klangumgebungen entstanden unter anderem im Auftrag der Europäischen Kommission, des ZKM | Zentrum für Kunst und Medien, von STARTS, STUDIOTOPIA und Mediamatic.",39438ddb450c8138bc15db805c18820f,done,https://sikau-pubalova.com,,,,done,public,True,True
DenisaPbalov-39438ddb450c81598c95fee8aa4c508c,39438ddb450c81598c95fee8aa4c508c,notion,Denisa Půbalová,,Person,she/her,CZ Czechia,"Denisa Půbalová is an artist, researcher and creative coder working as part of the duo sikau/půbalová. She develops multisensory methods of attunement to socio-ecological incommensurabilities, including human-fungi technology entanglements, diatom-climate archives, and gut-soil microbiomes. Within the framework of environmental humanities and STS, she creates installations, publications and participatory tools that invite bodily, material and more-than-human forms of knowing.","Denisa Půbalová ist Künstlerin, Forscherin und Creative Coderin und ist Teil des Duos sikau/půbalová. Sie entwickelt multisensorische Methoden der Annäherung an sozioökologische Inkommensurabilitäten, unter anderem Mensch-Pilz-Technologie-Verflechtungen, Kieselalgen-Klima-Archive und Darm-Boden-Mikrobiome. Ausgehend von Environmental Humanities und STS schafft sie Installationen, Publikationen und partizipative Werkzeuge für körperliche, materielle und mehr-als-menschliche Formen des Wissens.",39438ddb450c8138bc15db805c18820f; d0f38ddb450c830db8b8816298fd921d,done,https://denisapubalova.com,https://www.instagram.com/denisapubalova/,,https://www.linkedin.com/in/denisa-pubalova/,done,public,True,True
HanitaHajiabolhassan-39438ddb450c8111825cccdbe5af3851,39438ddb450c8111825cccdbe5af3851,notion,Hanita Hajiabolhassan,Hanita Hajiabolhassan,Person,she/her,IR Iran,"Hanita Hajiabolhassan (b. 2008, Iran) is an interdisciplinary artist and researcher based in Austria. Her work connects science, art, and technology, exploring how scientific processes can inspire new forms of perception and creativity. She has received awards including a Gold Medal at the International Mathematics and Science Olympiad (IMSO) and a Bronze Medal at the Styrian Mathematics Olympiad. In 2025, her video project for the Austrian Research Promotion Agency (FFG) also received recognition.","Hanita Hajiabolhassan (*2008, Iran) ist eine in Österreich tätige interdisziplinäre Künstlerin und Wissenschaftlerin. Ihre Arbeit verbindet Wissenschaft, Kunst und Technologie und untersucht, wie wissenschaftliche Prozesse neue Formen von Wahrnehmung und Kreativität inspirieren. Sie erhielt verschiedene Auszeichnungen, darunter eine Goldmedaille bei der International Mathematics and Science Olympiad (IMSO) und eine Bronzemedaille bei der Steirischen Mathematik-Olympiade. 2025 wurde ihr Projektvideo für die Österreichische Forschungsförderungsgesellschaft (FFG) ebenfalls ausgezeichnet.",39438ddb450c8149afe4d24e20173c49,done,,,,,done,public,True,True
Dr.LeaLukaSikau-39438ddb450c816293bcc53b6215c3c1,39438ddb450c816293bcc53b6215c3c1,notion,Dr. Lea Luka Sikau,,Person,she/her,DE Germany,"As a media artist, mezzo-soprano, musicologist and curator, Dr. Lea Luka Sikau works at the intersection of contemporary opera and multisensory media art. She received her doctorate from the University of Cambridge, was a Fellow at Harvard University and Visiting Researcher at CAST (MIT). She collaborated with Romeo Castellucci, Marina Abramović, Danielle Brathwaite-Shirley, Laetitia Sonami and Rimini Protokoll. She is a member of the board of the German National Academy of Sciences Leopoldina.","Als Medienkünstlerin, Mezzosopranistin, Musikwissenschaftlerin und Kuratorin arbeitet Dr. Lea Luka Sikau an der Schnittstelle zwischen Oper und multisensorischer Kunst. Sie promovierte an der Universität Cambridge, war Fellow an der Harvard University und Gastforscherin am CAST (MIT). Sie arbeitete mit Romeo Castellucci, Marina Abramović, Danielle Brathwaite-Shirley, Laetitia Sonami und Rimini Protokoll zusammen. Sie ist Mitglied des Vorstands der Deutschen Akademie der Naturforscher Leopoldina.",39438ddb450c8138bc15db805c18820f; d0f38ddb450c830db8b8816298fd921d,done,https://leasikau.com,https://www.instagram.com/lealukasikau/,,https://www.linkedin.com/in/dr-lea-luka-tiziana-sikau-85b93b118/,done,public,True,True
GuillermoAntioloGil-39538ddb450c81a1a89cd979a6d07843,39538ddb450c81a1a89cd979a6d07843,notion,Guillermo Antiñolo Gil,,Person,he/him,ES Spain,"Guillermo Antiñolo Gil is a professor of Obstetrics and Gynecology at the University of Seville and in the Andalusian Health System, who has extensive international experience in the fields of Biomedicine, Human Genetics and Medical Genomics, Fetal Medicine and Reproductive Health. He has received numerous awards, and has been named by Forbes as one of the best doctors in Spain (2018–21 and 2023) within the field of Gynecology and Obstetrics.","Guillermo Antiñolo Gil ist Professor für Gynäkologie und Geburtshilfe an der Universität Sevilla und im andalusischen Gesundheitssystem. Er verfügt über umfangreiche internationale Erfahrung in Biomedizin, Humangenetik und medizinischer Genomik, Fetalmedizin und reproduktiver Gesundheit. Er wurde vielfach ausgezeichnet und von Forbes als einer der besten Ärzt*innen Spaniens im Bereich Gynäkologie und Geburtshilfe gelistet (2018–21 und 2023).",39538ddb450c81ecad69ff3d8d67cdda,done,https://investigacion.us.es/sisius/sis_showpub.php?idpers=9330,https://www.instagram.com/guillermoantinolo/,,https://www.linkedin.com/posts/guillermo-anti%C3%B1olo-761144210_somoshuvr-activity-6886799303357071360-s1Bq/,done,public,True,True
MihaelaKavdanska-39538ddb450c81318104ef5e5c5d2b3c,39538ddb450c81318104ef5e5c5d2b3c,notion,Mihaela Kavdanska,,Person,she/her,BG Bulgaria,"Mihaela Kavdanska works as a media artist, researcher and cultural producer and is currently based in Austria. Since the late 1990s, she has created numerous personal and collaborative projects across media, performance and interactive art, often site-specific or participatory. With a primary focus on intermedia oneness (a term she herself coined) and, more recently, on contemplative practices from various disciplines, her work has been shown internationally, and has received various grants and awards.","Mihaela Kavdanska arbeitet als Medienkünstlerin, Forscherin und Kulturproduzentin und lebt derzeit in Österreich. Seit den späten 1990er-Jahren realisiert sie zahlreiche eigene sowie kollaborative Projekte an der Schnittstelle von Medienkunst, Performance und interaktiver Kunst, häufig ortsspezifisch oder partizipativ angelegt. Im Zentrum ihrer Arbeit steht das von ihr geprägte Konzept der “Intermedia Oneness” sowie – in jüngerer Zeit – die Auseinandersetzung mit kontemplativen Praktiken aus unterschiedlichen Disziplinen. Ihre Arbeiten wurden international präsentiert und mit zahlreichen Stipendien und Auszeichnungen gewürdigt.",39538ddb450c810e99e9c6be3088c1c8,done,https://kavdanska.eu/,https://www.instagram.com/atha.raum/,,https://www.linkedin.com/in/mihaela-kavdanska-8097872/,done,public,True,True
SabineFolie-39538ddb450c80caa9bbeadcbe29ce41,39538ddb450c80caa9bbeadcbe29ce41,notion,Sabine Folie,Sabine Folie,Person,she/her,AT Austria,"Sabine Folie is an art historian, author, curator and currently director of the Art Collections of the Academy of Fine Arts Vienna. She has been the Director of the VALIE EXPORT Center Linz, Research Center for Media and Performance Art (2017–2021), the Director of the Generali Foundation, Vienna (2008–2014) and Chief Curator at Kunsthalle Wien (1998–2008). She has been Professor for Performance Art and Time-related Media at the University of Art Linz and Guest Professor of Theory at the MFA Programme Public Art and New Artistic Strategies at Bauhaus-University Weimar(2017–2019). Since the 1990s she has curated numerous https://www.sabinefolie.com/ausstellungen_a.htmland edited many https://www.sabinefolie.com/publikationen_a.html.","Sabine Folie ist Kunsthistorikerin, Autorin und Kuratorin. Seit Jänner 2022 ist sie Direktorin der Kunstsammlungen der Akademie der bildenden Künste Wien. Zwischen 2017 und 2021 war sie Direktorin des VALIE EXPORT Center Linz_Forschungszentrum für Medien- und Performancekunst und Professorin für Performance und zeitbezogene Medien an der Kunstuniversität Linz. Sie lehrte Theorie an der Bauhaus Universität Weimar im Rahmen des MFA Public Art and New Artistic Strategies (2017–2019). Von 2008 bis 2014 war sie Direktorin der Generali Foundation, Wien und von 1998 bis 2008 Chefkuratorin der Kunsthalle Wien. Seit Anfang der 1990er-Jahre hat sie zahlreiche https://www.sabinefolie.com/ausstellungen_a.html kuratiert und https://www.sabinefolie.com/publikationen_a.html herausgegeben.",39238ddb450c814ea5f9f798db70295c,done,https://www.sabinefolie.com/,,,,done,public,True,True
ChristaSommerer-39538ddb450c81c3b9f8d2e657173a36,39538ddb450c81c3b9f8d2e657173a36,notion,Christa Sommerer,Christa Sommerer,Person,she/her,AT Austria,"Christa Sommerer is an internationally renowned media artist, researcher and pioneer of interactive art. Together with Laurent Mignonneau she founded the Interface Cultures Department at the University of Art Linz, where she was a professor. She won many awards including the Austrian State Art Award, the Wu Guanzhong Art and Science Innovation Prize of the People’s Republic of China as well as the Golden Nica Award at Ars Electronica. Her works were shown in around 400 exhibitions world-wide.","Christa Sommerer ist eine international anerkannte Medienkünstlerin. Gemeinsam mit Laurent Mignonneau gründete sie das Department Interface Cultures an der Kunstuniversität Linz, wo sie als Professorin lehrte. Für ihr Werk wurde sie mit zahlreichen internationalen Preisen ausgezeichnet, darunter der Österreichische Staatspreis für Medienkunst, der Wu Guanzhong Art and Science Innovation Prize der Republik China sowie der Golden Nica Award der Ars Electronica. Ihre Arbeiten waren in rund 400 internationalen Ausstellungen zu sehen.",39038ddb450c81749ca5c8947f44f2a4; 39e38ddb450c816c8432e7e6ef61cfe9,done,https://interface.ufg.ac.at/christa-laurent/,https://www.instagram.com/christasommerer/,https://www.facebook.com/christa.sommerer,,done,public,True,True
VictoriaVesna-39538ddb450c816b9339db027a11a559,39538ddb450c816b9339db027a11a559,notion,Victoria Vesna,,Person,she/her,US United States,"Victoria Vesna is professor at UCLA’s Department of Design Media Arts and director of the Art|Sci Center.  She specializes in experimental art research and the impact of communication technologies on identity and behavior. She has a PhD from CAiiA-STAR, University of Wales (2000), collaborates with scientists across disciplines—from neuroscience to nanotechnology. Vesna has exhibited in many international exhibitions. She edits AI & Society; Database Aesthetics and Context Providers.","Victoria Vesna ist Professorin am Department of Design Media Arts der UCLA und Direktorin des Art|Sci Center. Sie ist spezialisiert auf experimentelle Kunstforschung und die Auswirkungen von Kommunikationstechnologien auf Identität und Verhalten. Sie promovierte 2000 an der CAiiA-STAR, University of Wales, und arbeitet mit Wissenschaftler*innen verschiedenster Disziplinen zusammen – von Neurowissenschaften bis Nanotechnologie. Vesna hat in zahlreichen internationalen Ausstellungen ausgestellt. Sie ist Mitherausgeberin von AI & Society; Database Aesthetics und Context Providers.",39038ddb450c81749ca5c8947f44f2a4; 39e38ddb450c816c8432e7e6ef61cfe9,done,https://victoriavesna.com,,,,done,public,True,True
JillScott-39538ddb450c8114962de549a0c63e8b,39538ddb450c8114962de549a0c63e8b,notion,Jill Scott,,Person,she/her,CH Switzerland,"Prof. Dr. Jill Scott is a media artist, curator, writer and an art and science researcher. She is professor emerita at the Zurich University of the Arts (ZHdK) in Switzerland, and founded their Artists-in-Labs Program. She is president of the SciArt Verein in Switzerland and has been involved in many international exhibitions on feminism, ecology, neuroscience and molecular biology. She writes books on SciArt (published by Springer and De Gruyter) and curates LASER for Leonardo.","Jill Scott ist Medienkünstlerin, Kuratorin, Autorin und Forscherin an der Schnittstelle von Kunst und Wissenschaft. Sie ist emeritierte Professorin an der Zürcher Hochschule der Künste (ZHdK) und Gründerin des dortigen Artists-in-Labs Program. Sie ist Präsidentin des SciArt Verein in der Schweiz und war an zahlreichen internationalen Ausstellungen zu Feminismus, Ökologie, Neurowissenschaften und Molekularbiologie beteiligt. Sie schreibt Bücher über SciArt, veröffentlicht bei Springer und De Gruyter, und kuratiert LASER für Leonardo.",39038ddb450c81749ca5c8947f44f2a4,done,https://www.jillscott.org,,,https://www.linkedin.com/in/jillian-scott-36b51b1a/,done,public,True,True
govarGmbH-39538ddb450c81f3bcd3ed631b5edf9c,39538ddb450c81f3bcd3ed631b5edf9c,notion,govar GmbH,,Organization,"other, she/her",DE Germany,"govar—founded by Stefan Göppel in Munich in 2021 (GO Virtual Augmented Reality)—is an internationally active pioneer in Extended Reality, which has been honored with the German Digital Award, Red Dot Design Award and Grimme Online Award. Its project EMIXAR Continuum places real and virtual artworks in a shared perceptual space. At the Ars Electronica Festival, it presents OYA (a production of EMIXAR Berlin) and Trinity-Tarot-Garden, a collaboration between Stefan Göppel and Ugo Dossi.","govar (GO Virtual Augmented Reality) wurde 2021 von Stefan Göppel in München gegründet und zählt zu den international tätigen Pionier*innen im Bereich Extended Reality. Das Unternehmen wurde mit dem German Digital Award, dem Red Dot Design Award und dem Grimme Online Award ausgezeichnet. Sein Projekt EMIXAR Continuum bringt reale und virtuelle Kunstwerke in einen gemeinsamen Wahrnehmungsraum. Beim Ars Electronica Festival zeigt govar OYA, eine Produktion von EMIXAR Berlin, sowie Trinity-Tarot-Garden, eine Zusammenarbeit von Stefan Göppel und Ugo Dossi.",39538ddb450c819a966cf91ddfa22fb5; 39c38ddb450c8192a2a0e73ad66f764f,done,https://www.govar.de/,https://www.instagram.com/govar.io/,,https://www.linkedin.com/in/stefan-g%C3%B6ppel-925977137/,done,public,True,True
LauraColmenaresGuerra-39538ddb450c8101b40ed38ecb33e6af,39538ddb450c8101b40ed38ecb33e6af,notion,Laura Colmenares Guerra,,Person,she/her,"BE Belgium, CO Colombia","Laura Colmenares Guerra is a hybrid artist working across XR, CGI, GIS, ceramics 3D printing, installation and sculpture. Her research-based work examines how Western societies relate to ecosystems, questioning constructions of nature, territory and technology. She turns environmental and topographic data into immersive, sensor-based works linking audiences to distant ecologies, addressing ecological fragility, interspecies transformation and extractivism entangled with vulnerable territories.","Laura Colmenares Guerra arbeitet medienübergreifend mit XR, CGI, GIS, Keramik-3D-Druck, Installation und Skulptur. Ihre forschungsbasierte Arbeit untersucht, wie sich westliche Gesellschaften zu Ökosystemen verhalten, und hinterfragt Konstruktionen von Natur, Territorium und Technologie. Sie verwandelt Umwelt- und topografische Daten in immersive, sensorbasierte Werke, die das Publikum mit entfernten Ökologien verbinden und sich mit ökologischer Fragilität, zwischenartlicher Transformation und Extraktivismus in Verbindung mit verletzlichen Territorien auseinandersetzen.",39538ddb450c81d5a96de371715b0437; 39c38ddb450c805ab52ddb607d9a503a; 39f38ddb450c80ffa6e5eabb322014c2,done,https://ulara.org/,https://www.instagram.com/laura.c.guerra/,https://www.facebook.com/laura.c.guerra,https://www.linkedin.com/in/laura4ulara/,done,public,True,True
Robertinaebjani-39538ddb450c81f3a3b9cdf6d9741310,39538ddb450c81f3a3b9cdf6d9741310,notion,Robertina Šebjanič,,Person,she/her,SI Slovenia,"Robertina Šebjanič is an artist and researcher who works at the intersection of art, ecology and (geo)politics, exploring the rhythm, voices and disruptions to the hydrosphere through interdisciplinary practice. Her work has been recognized by the Prix Ars Electronica, the STARTS Prize and Falling Walls. She has received grants and held residencies at TBA21-OceanArchiv, UCLA PST.art, EMAP, STARTS4Water, TARA Ocean Foundation and MADE IN Platform, and has exhibited more than 100 exhibitions at various festivals, biennials, galleries and museums.","Robertina Šebjanič ist im Bereich der künstlerischen Forschung an der Schnittstelle von Kunst, Ökologie und (Geo-)Politik tätig und erforscht den Rhythmus, die Stimmen und die Brüche der Hydrosphäre durch interdisziplinäre Praxis. Ihre Arbeit wurde mit dem Prix Ars Electronica, dem STARTS Prize und dem Falling Walls Award ausgezeichnet. Sie absolvierte Residencies und erhielt Stipendien u. a. bei TBA21–Academy, UCLA PST.ART, EMAP, STARTS4Water, der TARA Ocean Foundation und der MADE IN Platform. Sie hat ihre Arbeiten in mehr als 100 Ausstellungen, bei Festivals, Biennalen, Galerien und Museen präsentiert.",39538ddb450c81bfabb7e0243be0cc61; 3a538ddb450c81fb9082cea8161fdb76; 3a538ddb450c81f58ae1f5d343fbcee1; 39f38ddb450c80dc9532c7ceba0f8b23; 3ac38ddb450c81f49c3cce9808b7590d,done,https://robertina.net/,https://www.instagram.com/robertina.sebjanic/,https://www.facebook.com/robertina.sebjanic,https://www.linkedin.com/in/robertina-sebjanic-2624802/,done,public,True,True
TANZLINZ-39538ddb450c81129a55e25e5b2ea209,39538ddb450c81129a55e25e5b2ea209,notion,TANZ LINZ,,Organization,,AT Austria,"TANZ LINZ is the contemporary dance company of the Landestheater Linz. Under the artistic direction of Roma Janus, the company has followed a curated artistic model since 2022, inviting internationally acclaimed choreographers to create original works with its ensemble of 16 dancers. Blending contemporary dance, ballet and interdisciplinary practices, TANZ LINZ collaborates with leading artists and cultural institutions, including Ars Electronica.","TANZ LINZ ist die zeitgenössische Tanzkompanie des Landestheaters Linz. Unter der künstlerischen Leitung von Roma Janus lädt die Kompanie seit 2022 international renommierte Choreograf*innen ein, mit dem 16-köpfigen Ensemble neue Werke zu entwickeln. TANZ LINZ verbindet zeitgenössischen Tanz, Ballett und interdisziplinäre Praktiken und arbeitet mit führenden Künstler*innen und Kulturinstitutionen zusammen, darunter Ars Electronica.",39538ddb450c817dabbefa5d7d9003fe,done,https://www.landestheater-linz.at/stuecke?spielzeit=2026/27&Sparte=Tanz,https://www.instagram.com/tanzlinz/,,,done,public,True,True
DrewJacoby-39538ddb450c81ad8a80db192c222575,39538ddb450c81ad8a80db192c222575,notion,Drew Jacoby,,Person,she/her,US United States,"Drew Jacoby is an American dancer and choreographer based in Barcelona. She has performed with internationally renowned companies including Nederlands Dans Theater and the Royal Ballet of Flanders and has created works for companies and festivals worldwide. Her choreographic practice explores the intersection of physicality, archetypes, ritual and contemporary culture.","Drew Jacoby ist eine amerikanische Tänzerin und Choreografin und lebt in Barcelona. Sie tanzte bei international renommierten Kompanien, darunter dem Nederlands Dans Theater und dem Royal Ballet of Flanders, und schuf Werke für Kompanien und Festivals weltweit. Ihre choreografische Praxis erkundet die Schnittstelle von Körperlichkeit, Archetypen, Ritual und zeitgenössischer Kultur.",39538ddb450c817dabbefa5d7d9003fe,done,https://www.drewjacoby.com/about#about-bio,,,,done,public,True,True
SchmiedeHallein-39538ddb450c815080e6ee41d239a483,39538ddb450c815080e6ee41d239a483,notion,Schmiede Hallein,,Organization,,AT Austria,"Schmiede Hallein is a prototyping community for co-creation and peer-to-peer learning. Each year since 2003, 200+ smiths (artists, makers, technologists, researchers, entrepreneurs and more) gather for ten days in a former salt refinery. No finished work, no polished pitch. Unfinished on purpose: skills traded across disciplines, prototypes that might not survive daylight, collaborations nobody planned. Annually, the same island, the same saline, evolving processes and many returning smiths.","Schmiede Hallein ist eine Prototyping-Community für Co-Creation und Peer-to-Peer-Lernen. Seit 2003 kommen jedes Jahr mehr als 200 Smiths (Künstler*innen, Maker*innen, Technolog*innen, Forscher*innen, Entrepreneurs und mehr) für zehn Tage in einer ehemaligen Saline zusammen. Keine fertigen Arbeiten, keine geschliffenen Pitches. Bewusst unfertig: Fähigkeiten, die über Disziplinen hinweg ausgetauscht werden, Prototypen, die das Tageslicht vielleicht nicht überstehen, Kollaborationen, die niemand geplant hat. Jedes Jahr dieselbe Insel, dieselbe Saline, sich weiterentwickelnde Prozesse und viele wiederkehrende Smiths.",39538ddb450c8151a165dad2bba851d0,done,https://schmiedehallein.com/,https://www.instagram.com/schmiedehallein/,https://www.facebook.com/schmiedehallein,,done,public,True,True
LorenaSolsBravo-39638ddb450c810aa19fcf9c5a6f152b,39638ddb450c810aa19fcf9c5a6f152b,notion,Lorena Solís Bravo,,Person,"she/her, they/them",PE Peru,"Lorena Solís Bravo is a Peruvian artist based in Amsterdam. Her practice merges artistic research, speculative thought and poetry through film, sculpture and installation. Drawing on archives, science, archaeology and digital technologies, she investigates colonial systems of knowledge and classification while exploring alternative ways of imagining bodies, histories and human–non-human relationships.","Lorena Solís Bravo ist eine peruanische Künstlerin, die in Amsterdam lebt. In ihrer Praxis verbindet sie künstlerische Forschung, spekulatives Denken und Poesie in Film, Skulptur und Installation. Ausgehend von Archiven, Wissenschaft, Archäologie und digitalen Technologien untersucht sie koloniale Systeme des Wissens und der Klassifikation und erkundet zugleich alternative Vorstellungen von Körpern, Geschichte sowie Beziehungen zwischen Mensch und Nicht-Mensch.",39738ddb450c812297c1e540d7d02aae,done,https://www.lorenasolisbravo.com/,https://www.instagram.com/lorena_solis_bravo/,,,done,public,True,True
CompanyofMusic-39638ddb450c81eebe3afbe77c524b6d,39638ddb450c81eebe3afbe77c524b6d,notion,Company of Music,,Group,they/them,AT Austria,"The Company of Music is Vienna’s professional vocal soloist ensemble. Founded in 2002 by Johannes Hiemetsberger, it combines creative programming, vocal excellence and stylistic openness. Its artistic life is shaped by residencies at Carinthian Summer and Imago Dei, collaborations with Concerto Stella Matutina, the RSO Vienna, and Monismo, and innovative concert and education projects. It focuses on contemporary music, supported by a repertoire from medieval and Renaissance works to jazz and pop.","Company of Music ist Wiens Ensemble für Vokalsolist*innen. 2002 von Johannes Hiemetsberger gegründet, verbindet es kreative Programmgestaltung, vokale Exzellenz und stilistische Offenheit. Geprägt wird seine Arbeit von Residenzen beim Carinthischen Sommer und bei Imago Dei, Kooperationen mit Concerto Stella Matutina, RSO Wien und Monismo sowie innovativen Konzert- und Bildungsprojekten. Im Zentrum steht zeitgenössische Musik, ergänzt durch Werke von Mittelalter und Renaissance bis Jazz und Pop.",39838ddb450c81ac9ccccbc5f40540a4; 7c938ddb450c82789a648184906bd039,done,https://www.companyofmusic.at,https://www.instagram.com/companyofmusic/,https://www.facebook.com/companyofmusic.at/,,done,public,True,True
HebaY.Amin-39638ddb450c8183a6b5ee769c491977,39638ddb450c8183a6b5ee769c491977,notion,Heba Y. Amin,,Person,she/her,EG Egypt,"Heba Y. Amin is an artist who engages with political themes and archival history through mixed-media. Her artistic research takes a speculative approach to challenging narratives of conquest and control. Amin is a professor of Digital and Time-based Art at ABK Stuttgart. She was most recently awarded the City of Stuttgart Art prize. Furthermore, Amin is behind the subversive graffiti on the set of the television series Homeland, which has received worldwide media attention.","Die Künstlerin Heba Y. Amin verhandelt in Mixed-Media-Arbeiten politische Themen und Archivgeschichte. Ihre künstlerische Forschung setzt auf einen spekulativen Zugang, um Narrative von Eroberung und Kontrolle infrage zu stellen. Amin ist Professorin für Digitale und Zeitbasierte Kunst an der ABK Stuttgart. Zuletzt erhielt sie den Kunstpreis der Stadt Stuttgart. Zudem steht sie hinter der subversiven Graffiti-Aktion am Set der Fernsehserie Homeland, die weltweit mediale Aufmerksamkeit erregte.",39638ddb450c812d8050dcf97f828d90,done,http://www.hebaamin.com,https://www.instagram.com/hebayamin/,,,done,public,True,True
BasilThuillard-39638ddb450c816aa174e512b18aedee,39638ddb450c816aa174e512b18aedee,notion,Basil Thuillard,,Person,he/him,"CH Switzerland, GB United Kingdom","Basil Thuillard, founder of C:LYNK Creative Network, is a Geneva-based artist exploring the intersection of design, architecture and immersive storytelling. His large-scale installations transform spaces into sensorial experiences, blurring boundaries between the functional and the poetic, and inviting audiences to step inside the work itself.","Basil Thuillard, Gründer des C:LYNK Creative Network, ist ein in Genf lebender Künstler, der die Schnittstelle von Design, Architektur und immersivem Storytelling erkundet. Seine großformatigen Installationen verwandeln Räume in sinnliche Erfahrungen, verwischen die Grenzen zwischen Funktionalem und Poetischem und laden das Publikum ein, das Werk selbst zu betreten.",39638ddb450c81ecbf6dcfe0c08669b2,done,https://linktr.ee/MirrorToTheSoul,https://www.instagram.com/clynk_design/,,https://www.linkedin.com/in/basilthuillard/,done,public,True,True
EmikoOgawa-39638ddb450c800c87cefc0419deac76,39638ddb450c800c87cefc0419deac76,notion,Emiko Ogawa,,Person,she/her,"AT Austria, JP Japan","Emiko Ogawa is a Japanese curator and artist based in Linz, Austria. Since 2013, she has been the head of Prix Ars Electronica and has played a key role in Ars Electronica’s Art Thinking programs, fostering discussions and shaping essential questions as a foundation for envisioning the future. Emiko Ogawa is also a visiting professor at the Art Science Department, Osaka University of Arts. Her contributions to media art extend to publishing articles in outlets such as WIRED Japan and The Nikkei.",,39138ddb450c804ab2c6fb6774934b62; 39138ddb450c808eaca9df1ef92f215b; 39138ddb450c8052b084f91f1275b2d2; 3a538ddb450c804dbad4ee79b9e55359; 39138ddb450c8073b753e773e921f840,done,,,,,done,public,True,True
StefanSzeider-39638ddb450c81ebbd3bc8bf58c4bee6,39638ddb450c81ebbd3bc8bf58c4bee6,notion,Stefan Szeider,Stefan Szeider,Person,he/him,AT Austria,"Stefan Szeider is a computer scientist based in Vienna. He is a professor at TU Wien, where he leads research in algorithms, complexity, Artificial Intelligence, formal logic and digital humanism. In his art and performance projects, he puts people inside the computation and offers an embodied experience: the human sorting network (2019), the live-audience transformer network (2024) and now the installation Spot On (2026).","Stefan Szeider ist Informatikprofessor an der Technischen Universität Wien. Er forscht zu Algorithmen, Komplexität, Künstlicher Intelligenz, formaler Logik und digitalem Humanismus. In seinen Kunst- und Performance-Projekten versetzt er Menschen mitten in die Berechnung und bietet ein verkörpertes Erlebnis: das menschliche Sortiernetzwerk (2019), das Transformer-Netzwerk mit Live-Publikum (2024) und nun die Installation Spot On (2026).",39638ddb450c81c4b190efa0ff7c73a0,done,https://www.szeider.net,,,https://www.linkedin.com/in/stefan-szeider-302b2b337/,done,public,True,True
YouyangHu-39638ddb450c816da3b6fed1429b7c6f,39638ddb450c816da3b6fed1429b7c6f,notion,Youyang Hu,,Person,he/him,CN China,"Youyang Hu is a media artist, HCI researcher, Project Assistant Professor at the University of Tokyo and co-founder of the Synphysica art collective. Drawing on the calculable and augmented dimensions of life, his work reimagines nature and technology through a more-than-human perspective. His artworks and research have been presented internationally, including multiple appearances at the Ars Electronica Festival, ACC, CHI, SIGGRAPH, DIS, ISEA and Leonardo.","Youyang Hu ist Medienkünstler, Wissenschaftler im Bereich HCI, Project Assistant Professor an der University of Tokyo und Mitbegründer des Künstler*innenkollektivs Synphysica. Ausgehend von den kalkulierbaren und augmentierten Dimensionen des Lebens denkt seine Arbeit Natur und Technologie aus einer mehr-als-menschlichen Perspektive neu. Seine Kunstwerke und Forschungen wurden international präsentiert, unter anderem mehrfach beim Ars Electronica Festival, bei ACC, CHI, SIGGRAPH, DIS, ISEA und Leonardo.",39638ddb450c814b8f9bf2e1a9441977; 39638ddb450c81078f09f452348db25c,done,https://youyang-hu.com/,,,,done,public,True,True
YatingDai-39638ddb450c8137b5c3d5df59f84abf,39638ddb450c8137b5c3d5df59f84abf,notion,Yating Dai,,Person,she/her,CN China,"Yating Dai is a PhD researcher in HCI at the University of Tokyo. Her research combines more-than-human design with field studies to explore how technology can mediate interspecies communication and reshape relationships between humans, nonhumans and the natural world in everyday contexts.","Yating Dai ist PhD Researcher im Bereich HCI an der University of Tokyo. Ihre Forschung verbindet More-than-Human Design mit Feldstudien, um zu untersuchen, wie Technologie die Kommunikation zwischen Spezies vermitteln und die Beziehungen zwischen Menschen, Nicht-Menschen und der natürlichen Welt in alltäglichen Kontexten neu gestalten kann.",39638ddb450c814b8f9bf2e1a9441977,done,,,,,done,public,True,True
ShinChen-39638ddb450c81208808e8e03677b9a9,39638ddb450c81208808e8e03677b9a9,notion,Shin Chen,,Person,she/her,TW Taiwan,"Shin Chen is an industrial designer, HCI researcher and M.S. student at The University of Tokyo. Through product design, technology and material expression, she creates experiences that translate innovation into intuitive, emotional and sensory forms. Her works have been recognized by international design awards, including the Red Dot Design Concept Best of the Best, Red Dot Luminary nomination, iF Design Award and IDEA.","Shin Chen ist Industriedesignerin, Masterstudentin an der University of Tokyo und forscht im Bereich HCI. Mit Produktdesign, Technologie und den Ausdrucksmöglichkeiten von Materialien schafft sie Erfahrungen, die Innovation in intuitive, emotionale und sinnlich erfahrbare Formen übersetzen. Ihre Arbeiten wurden mit internationalen Designpreisen ausgezeichnet, darunter der Red Dot Design Concept Best of the Best, eine Red Dot Luminary-Nominierung, der iF Design Award und der IDEA.",39638ddb450c814b8f9bf2e1a9441977; 39638ddb450c81078f09f452348db25c,done,,,,,done,public,True,True
YumiNishihara-39638ddb450c81c397f8fcc9237d9291,39638ddb450c81c397f8fcc9237d9291,notion,Yumi Nishihara,,Person,she/her,JP Japan,Yumi Nishihara is a researcher and media artist who playfully tinkers with crafts. She focuses on developing smart yet familiar materials that dynamically change and applies them to reinventing traditional crafts and fabrication techniques.,"Yumi Nishihara ist Forscherin und Medienkünstlerin und experimentiert spielerisch mit Handwerk. Ihr Fokus liegt darauf, intelligente und zugleich vertraute Materialien zu entwickeln, die sich dynamisch verändern. Damit definiert sie traditionelle Handwerks- und Fertigungstechniken neu.",39638ddb450c814b8f9bf2e1a9441977,done,,,,,done,public,True,True
JunjiWatanabe-39638ddb450c819c8edec700183bfe42,39638ddb450c819c8edec700183bfe42,notion,Junji Watanabe,,Person,he/him,JP Japan,"Junji Watanabe is a senior distinguished researcher at NTT, Inc. specializing in embodied communication technologies and methodologies for cultivating wellbeing. He served as a jury member for the Prix Ars Electronica in 2012, and his interactive works have been exhibited at the Ars Electronica Festival on multiple occasions. He serves as Executive Chair of the Wellbeing Technology Exhibition (2024-) and as a Board Member of the Japanese Society of Wellbeing (2025-).","Junji Watanabe ist Senior Distinguished Researcher bei NTT, Inc. und spezialisiert auf Technologien verkörperter Kommunikation und Methoden zur Förderung von Wohlbefinden. 2012 war er Jurymitglied des Prix Ars Electronica, seine interaktiven Arbeiten waren mehrfach beim Ars Electronica Festival zu sehen. Seit 2024 ist er Executive Chair der Wellbeing Technology Exhibition und seit 2025 Vorstandsmitglied der Japanese Society of Wellbeing.",39638ddb450c814b8f9bf2e1a9441977,done,,,,,done,public,True,True
YasueKishino-39638ddb450c8119a174e6c2aafcbef0,39638ddb450c8119a174e6c2aafcbef0,notion,Yasue Kishino,,Person,she/her,JP Japan,"Yasue Kishino is a Senior Research Scientist and Group Leader at NTT Communication Science Laboratories in Kyoto, Japan. She received her Ph.D. in Information Science and Technology from Osaka University and joined NTT in 2007. She has also been a Specially Appointed Associate Professor at the University of Osaka since 2021. Her research focuses on understanding human activities, object interactions and the surrounding environment using sensing and machine learning technologies.","Yasue Kishino ist Senior Research Scientist und Group Leader an den NTT Communication Science Laboratories in Kyoto, Japan. Sie promovierte in Information Science and Technology an der University of Osaka und kam 2007 zu NTT. Seit 2021 ist sie zudem Specially Appointed Associate Professor an der University of Osaka. Ihre Forschung konzentriert sich darauf, menschliche Aktivitäten, Interaktionen mit Objekten und die jeweilige Umgebung mithilfe von Sensorik und maschinellem Lernen zu verstehen.",39638ddb450c814b8f9bf2e1a9441977,done,,,,,done,public,True,True
YasuakiKakehi-39638ddb450c81b3b739f6fd81b5abed,39638ddb450c81b3b739f6fd81b5abed,notion,Yasuaki Kakehi,,Person,he/him,JP Japan,"Yasuaki Kakehi is a media artist, HCI researcher and Professor at the University of Tokyo, where he leads xlab. By combining digital technology and physical materials such as bubbles, liquid, air and textiles, he creates interfaces and installations that reveal new ways of experiencing environments and objects. He first exhibited at Ars Electronica Festival in 2007 and 2008 and has continuously participated since 2014, alongside venues such as the Setouchi Triennale, ICC and YCAM.","Yasuaki Kakehi ist Medienkünstler, Professor an der University of Tokyo, wo er das xlab leitet, und forscht im Bereich HCI. Durch die Kombination digitaler Technologie mit physischen Materialien wie Blasen, Flüssigkeit, Luft und Textilien schafft er Interfaces und Installationen, die neue Zugänge zur Wahrnehmung von Umgebungen und Objekte eröffnen. 2007 und 2008 stellte er erstmals beim Ars Electronica Festival aus und seit 2014 nimmt er kontinuierlich daran teil. Seine Arbeiten wurden zudem unter anderem bei der Setouchi Triennale, im ICC und im YCAM gezeigt.",39638ddb450c814b8f9bf2e1a9441977; 39638ddb450c81078f09f452348db25c; 39638ddb450c819bbbd2eb25aeb468d4,done,https://xlab.iii.u-tokyo.ac.jp,https://www.instagram.com/yasuakikakehi/,https://www.facebook.com/kakehiyasuaki,https://www.linkedin.com/in/yasuaki-kakehi-05689256/,done,public,True,True
TianshuoLu-39638ddb450c813cb50fd8b2978e747b,39638ddb450c813cb50fd8b2978e747b,notion,Tianshuo Lu,,Person,he/him,CN China,"Tianshuo Lu is a PhD researcher in HCI at the University of Tokyo. His practice moves freely across engineering, design and art, identifying fundamental questions across diverse fields, challenging fixed assumptions and repeatedly engaging in processes of destruction and reconstruction. His recent works include Presence: Pupil Mimicry (Tokyo Biennale 2023) and The Dichotomy of Polaroid (αM Project 2023–2024: Redevelopment of Development), among others.","Tianshuo Lu ist PhD Researcher im Bereich HCI an der University of Tokyo. Seine Praxis bewegt sich frei zwischen Engineering, Design und Kunst. Dabei arbeitet er grundlegende Fragen in unterschiedlichen Feldern heraus, stellt feststehende Annahmen infrage und setzt sich wiederholt mit Prozessen der Zerstörung und Rekonstruktion auseinander. Zu seinen jüngsten Arbeiten zählen unter anderem Presence: Pupil Mimicry (Tokyo Biennale 2023) und The Dichotomy of Polaroid (αM Project 2023–2024: Redevelopment of Development).",39638ddb450c819bbbd2eb25aeb468d4,done,,,,,done,public,True,True
ItamarGov-39638ddb450c812e94b0f6ec53e89b75,39638ddb450c812e94b0f6ec53e89b75,notion,Itamar Gov,,Person,he/him,DE Germany,"The practice of Itamar Gov (*1989) consists of immersive installations, sculptures, paintings, photographic series, neons, video and graphic works. Based in Berlin since 2010, he studied cinema, literature and history in Berlin, Paris and Bologna. Approaching forgotten micro-histories as a means of shedding light on vast socio-political landscapes, he explores cultural traditions, conventions, rituals and gestures that constitute individual and collective identities.","Die künstlerische Praxis von Itamar Gov (*1989) umfasst immersive Installationen, Skulpturen, Malereien, Fotoserien, Neonarbeiten, Video- und Grafikarbeiten. Er lebt seit 2010 in Berlin und studierte Film, Literatur und Geschichte in Berlin, Paris und Bologna. Ausgehend von vergessenen Mikro-Geschichten als Mittel, um weite gesellschaftspolitische Zusammenhänge zu beleuchten, erkundet er kulturelle Traditionen, Konventionen, Rituale und Gesten, die individuelle und kollektive Identitäten prägen.",39738ddb450c818e98f4c9107a9e2916,done,http://www.itamargov.com,https://www.instagram.com/itamargov/,,,done,public,True,True
BarbaraKapusta-39638ddb450c81629945c209274cb040,39638ddb450c81629945c209274cb040,notion,Barbara Kapusta,,Person,she/her,AT Austria,"Barbara Kapusta’s work interconnects human bodies with the language of the digital world. Central, recurring themes are technology, the vulnerability of the body and the way history is intertwined with our present. Her work has been shown at Shedhalle, Zürich (2026); mumok – Museum moderner Kunst Stiftung Ludwig, Vienna (2025); Malta Biennale (2024); Leopold Museum, Vienna (2024); Klosterruine Berlin (2023); Kunstverein Braunschweig (2023); Kunsthalle Bratislava (2022); and Kunsthaus Hamburg (2022).","Barbara Kapustas Arbeiten verbinden menschliche Körper mit der Sprache der digitalen Welt. Zentrale, wiederkehrende Themen sind Technologie, die Verletzlichkeit des Körpers und die Verflechtung von Geschichte und Gegenwart. Ihre Werke wurden u. a. in der Shedhalle Zürich (2026), im mumok – Museum Moderner Kunst Stiftung Ludwig Wien (2025), bei der Malta Biennale (2024), im Leopold Museum Wien (2024), in der Klosterruine Berlin (2023), im Kunstverein Braunschweig (2023), in der Kunsthalle Bratislava (2022) und im Kunsthaus Hamburg (2022) gezeigt.",39638ddb450c81818de3e0a9e20f3610,done,https://barbarakapusta.net,https://www.instagram.com/bk__vienne/,,,done,public,True,True
HitoSteyerl-39638ddb450c8114b3c2eeac21d1aa9b,39638ddb450c8114b3c2eeac21d1aa9b,notion,Hito Steyerl,,Person,she/her,DE Germany,Hito Steyerl is a filmmaker and writer based in Berlin.,Hito Steyerl ist Filmemacherin und Autorin und lebt in Berlin.,39638ddb450c818a9119ebe49538e40f; 39138ddb450c804ab2c6fb6774934b62; 3c038ddb450c8043a213d3f9aac68089; 3c038ddb450c8061bacee5e1730dce4a,done,https://www.hitosteyerl.net/,,,,done,public,True,True
TobiasStaab-39638ddb450c816cbe57dbc802cafd95,39638ddb450c816cbe57dbc802cafd95,notion,Tobias Staab,,Person,he/him,DE Germany,"Tobias Staab is an artist and curator who works at the intersection of contemporary dance, music and digital art. Since 2020, he has focused on the relationship between humans and machine-learning technologies, and from 2025 he has served as the artistic director for the International DANCE Festival Munich. His recent works include Matsukaze for the Bayerische Staatsoper and the mixed-reality installation OYA. He is currently developing the mixed-reality dance experience Everybody Dance Now.","Tobias Staab ist Künstler und Kurator und arbeitet an der Schnittstelle von zeitgenössischem Tanz, Musik und digitaler Kunst. Seit 2020 beschäftigt er sich mit dem Verhältnis zwischen Menschen und Machine-Learning-Technologien, und seit 2025 ist er künstlerischer Leiter des International DANCE Festival München. Zu seinen jüngsten Arbeiten zählen Matsukaze für die Bayerische Staatsoper und die Mixed-Reality-Installation OYA. Derzeit entwickelt er das Mixed-Reality-Tanzerlebnis Everybody Dance Now.",39738ddb450c81af9c94eb06c5647033; 3b338ddb450c813885a3ffbae99c5d35; 3aa38ddb450c81ab961aec43e3d7efdc,done,https://tobiasstaab.com/,https://www.instagram.com/la_staab/,,,done,public,True,True
YaoBobby-39638ddb450c8102850bdeb742ff0e41,39638ddb450c8102850bdeb742ff0e41,notion,Yao Bobby,,Person,he/him,TG Togo,"Since the 1990s, Yao Bobby has been making his mark as an activist in African rap and has participated in building up a pan-African hip-hop movement. With releases on labels such as Nomadic Wax New York and LavaLava Bristol, his artistic earmarks are strong lyrics in both French and Ewe and a surprising sense of flow. He has established a cultural center for music and arts, hosting exhibitions, residencies, concerts and community works, which also features his own recyclart sculptures created from found objects and trash.","Seit den 1990er-Jahren prägt Yao Bobby als Aktivist die afrikanische Rap-Szene und wirkte am Aufbau einer panafrikanischen Hip-Hop-Bewegung mit. Mit Veröffentlichungen bei Labels wie Nomadic Wax New York und LavaLava Bristol zeichnet sich seine Musik durch kraftvolle Texte auf Französisch und Ewe sowie ein überraschendes Gespür für Flow aus. Er gründete ein Kulturzentrum für Musik und Kunst, das Ausstellungen, Residencies, Konzerte und Community-Arbeiten beherbergt und auch seine eigenen Recyclart-Skulpturen aus Fundstücken und Abfall zeigt.",39638ddb450c8136a5b3d7f406bd92d3,done,https://www.yaobobby.com,https://www.instagram.com/yaobobby/,,,done,public,True,True
SimonGrab-39638ddb450c819e9242c2357b964d1f,39638ddb450c819e9242c2357b964d1f,notion,Simon Grab,,Person,he/him,CH Switzerland,"Simon Grab has been on the experimental electronic music path since the early ’90s. He releases his solo works through -OUS records Zurich. His unique style of feedback processing in live and studio works pushes musical boundaries by embracing sonic error. The co-founder of ganzerplatz soundstudios (since 1996) has been an active musician and producer in a wide range of musical contexts, though staying addicted to dub and noise, with an everlasting punk attitude.","Simon Grab bewegt sich seit den frühen 1990er-Jahren auf dem Pfad experimenteller elektronischer Musik. Seine Soloarbeiten veröffentlicht er über -OUS records in Zürich. Sein einzigartiger Stil der Feedback-Bearbeitung in Live- und Studioarbeiten verschiebt musikalische Grenzen, indem er klangliche Fehler bewusst annimmt. Der Mitbegründer der ganzerplatz soundstudios (seit 1996) ist als Musiker und Produzent in einer großen Bandbreite musikalischer Kontexte aktiv und dabei dub- und noise-süchtig geblieben, mit einer immerwährenden Punk-Attitüde.",39638ddb450c8136a5b3d7f406bd92d3,done,https://simongrab.com,https://www.instagram.com/simon__grab/,,,done,public,True,True
ClaudiaKoch-39738ddb450c8009aa59d489551b3a27,39738ddb450c8009aa59d489551b3a27,notion,Claudia Koch,Claudia Koch,Person,she/her,AT Austria,"Claudia Koch is an art historian and has been working at the Paintings Gallery of the Academy of Fine Arts Vienna since 1999, initially as a curator and currently as Head of the Paintings Gallery Collection. Her research focuses on the gallery’s own collection, with an emphasis on painting from north of the Alps from the 15th to the 17th centuries. In addition to collection management and curatorial work, she is deeply committed to the field of art education with an interdisciplinary focus.","Claudia Koch ist Kunsthistorikerin und seit 1999 in der Gemäldegalerie der Akademie der bildenden Künste Wien tätig, anfänglich als Kuratorin und aktuell als Leiterin der Sammlung Gemäldegalerie. Ihre Forschungsschwerpunkte sind die hauseigenen Sammlungsbestände, dabei vorrangig die Malerei nördlich der Alpen vom 15. bis zum 17. Jahrhundert. Neben Sammlungsverwaltung und kuratorischer Tätigkeit ist ihr das Feld der Kunstvermittlung mit interdisziplinärer Orientierung ein großes Anliegen.",39238ddb450c814ea5f9f798db70295c,done,,,,,done,public,True,True
GodsEntertainment-39738ddb450c813b9e36ec9eff7a866c,39738ddb450c813b9e36ec9eff7a866c,notion,God’s Entertainment,,Group,other,,"God’s Entertainment is an interdisciplinary artists’ collective from Vienna that has been active in the fields of performance, happenings, visual art and sound since its founding in 2005. Their projects combine aesthetic quality with depth of content and make a valuable contribution to cultural diversity. Particularly noteworthy is their ability to reflect on current social issues in a playful yet critical manner and to make these issues accessible to a broad audience.","God’s Entertainment ist ein interdisziplinäres Künstler*innenkollektiv aus Wien, das seit seiner Gründung 2005 in den Bereichen Performance, Happening, Visual Art & Sound tätig ist. Ihre Projekte vereinen ästhetische Qualität mit inhaltlicher Tiefe und leisten einen wertvollen Beitrag zur kulturellen Vielfalt. Besonders hervorzuheben ist ihre Fähigkeit, aktuelle gesellschaftliche Fragestellungen spielerisch und gleichzeitig kritisch zu reflektieren und einem breiten Publikum zugänglich zu machen.",39738ddb450c81ef960bf6172d92f2aa,done,https://www.gods-entertainment.org/index.php?view=article&id=93:page-2&catid=2,https://www.instagram.com/godsentertainment_wien/?hl=de,,,done,public,True,True
PeterAndrosch-39738ddb450c81599701d901b964fa46,39738ddb450c81599701d901b964fa46,notion,Peter Androsch,,Person,he/him,AT Austria,"Peter Androsch can confidently be described as a universal artist. He is active internationally as a musician, composer, spatial and text artist, researcher, writer and lecturer. In 2023, he received the Austrian State Prize for the Arts in the category of music. The Süddeutsche Zeitung writes of his work: “For Androsch’s works are of pure, magnificent beauty. And if you gaze at them long enough, you hear and read anew“.","Peter Androsch kann man getrost als Universalkünstler bezeichnen. Er ist als Musiker, Komponist, Raum- und Schriftkünstler, Forscher, Schreiber und Vortragender international tätig. 2023 erhielt er den Österreichischen Staatspreis für Kunst in der Sparte Musik. Die Süddeutsche Zeitung schreibt zu seinem Werk: “Denn Androschs Werke sind von reiner, grandioser Schönheit. Und starrt man sie lange genug an, dann hört und liest man neu.“",39738ddb450c8157b7a9eb297f68703b,done,https://www.peterandrosch.at,,,,done,public,True,True
GusenConvoluteWorkingGroup-39738ddb450c81fca152f49c34d8df39,39738ddb450c81fca152f49c34d8df39,notion,Gusen Convolute Working Group,,Group,other,AT Austria,The Gusen Convolute working group focuses on the songs written at the Gusen concentration camp during the Nazi era. Their reflections are available as videos on http://gusen-convolute.org/.,"Die Arbeitsgruppe Gusen Convolute widmet sich den Liedern, die in der NS-Zeit im Konzentrationslager Gusen entstanden sind. Ihre Reflexionen sind als Videos auf http://gusen-convolute.org/ verfügbar.",39738ddb450c8157b7a9eb297f68703b,done,https://gusen-convolute.org,,,,done,public,True,True
ClaudiaSchnugg-39738ddb450c816b8ecaca898fb6aaa1,39738ddb450c816b8ecaca898fb6aaa1,notion,Claudia Schnugg,,Person,she/her,AT Austria,"Dr. Claudia Schnugg is an Austrian curator and art-science scholar working across art, science and technology. She is founding curator of the Universe Pavilion, Venice and author of Creating ArtScience Collaborations. Her work develops formats that bring artistic practice into scientific and institutional contexts, with collaborations that include the ESA, the JRC and Helmholtz Munich.","Claudia Schnugg ist eine österreichische Kuratorin und Art-Science-Forscherin, die an der Schnittstelle von Kunst, Wissenschaft und Technologie arbeitet. Sie ist Gründungskuratorin des Universe Pavilion in Venedig und Autorin von Creating ArtScience Collaborations. Ihre Arbeit entwickelt Formate, die künstlerische Praxis in wissenschaftliche und institutionelle Kontexte bringen, unter anderem in Kooperationen mit der ESA, dem JRC und Helmholtz Munich.",39038ddb450c81749ca5c8947f44f2a4; 3a338ddb450c80549ac9f4a2889cedfc,done,https://www.claudiaschnugg.com/,,,,done,public,True,True
BlackPearldeAlmeidaLima-39738ddb450c81289f98dc69884f2c00,39738ddb450c81289f98dc69884f2c00,notion,Black Pearl de Almeida Lima,,Person,she/her,BR Brazil,"Black Pearl de Almeida Lima was born in Brazil in 1994 and she is currently based in Germany. Her practice spans dance, choreography, film, education and fashion. A member of the Ballroom community, she walks EU Runway and Vogue Fem, is part of the House of Brownies, and is active in the House of Saint Laurent. Her short film PEARL appeared on NOWNESS in 2024, followed by the 2025 premiere of Just Love, a dance project set to Ravel's Bolero. Her work fosters visibility and empowerment for marginalized identities.","Black Pearl de Almeida Lima wurde 1994 in Brasilien geboren und lebt heute in Deutschland. Ihre Praxis umfasst Tanz, Choreografie, Film, Bildung und Mode. Als Mitglied der Ballroom-Community läuft sie EU Runway und Vogue Fem, gehört zum House of Brownies und ist im House of Saint Laurent aktiv. Ihr Kurzfilm PEARL war 2024 auf NOWNESS zu sehen, 2025 folgte die Premiere von Just Love, einem Tanzprojekt zu Ravels Bolero. Ihre Arbeit fördert Sichtbarkeit und Empowerment marginalisierter Identitäten.",39738ddb450c81af9c94eb06c5647033; 3a638ddb450c816496a2dc366302aef5; 3b338ddb450c813885a3ffbae99c5d35,done,,https://www.instagram.com/blackpearl_dealmeida/,,,done,public,True,True
BereniceOlmedo-39738ddb450c815892dfcf290e0bd796,39738ddb450c815892dfcf290e0bd796,notion,Berenice Olmedo,,Person,she/her,MX Mexico,"Berenice Olmedo (b. 1987, Oaxaca) lives and works in Mexico City. Her work has been presented at BAMPFA, Kunsthalle Basel, the Museum of Fine Arts Houston, Museo Jumex, ICA Boston, MMK Frankfurt, Musée d’art contemporain de Bordeaux, Museo Tamayo and the New Museum, New York, among others. She has participated in the 36th São Paulo Biennial, the 14th Mercosul Biennial and the 2nd Riga International Biennial.","Berenice Olmedo (*1987 in Oaxaca) lebt und arbeitet in Mexiko-Stadt. Ihre Arbeiten wurden unter anderem im BAMPFA, in der Kunsthalle Basel, im Museum of Fine Arts Houston, im Museo Jumex, im ICA Boston, im MMK Frankfurt, im Musée d’art contemporain de Bordeaux, im Museo Tamayo und im New Museum in New York gezeigt. Sie nahm an der 36. Biennale von São Paulo, der 14. Mercosul-Biennale und der 2. Riga International Biennial teil.",39738ddb450c8199a6bee8d963107d59; 3a638ddb450c813f80b9d442a695ce2d,done,,https://www.instagram.com/berenice.olmedo/,,,done,public,True,True
SebaKayan-39838ddb450c812abb0dfe6cc8cd7594,39838ddb450c812abb0dfe6cc8cd7594,notion,Seba Kayan,,Person,she/her,AT Austria,"Seba Kayan is a Viennese music producer, DJ and lecturer at the Academy of Fine Arts Vienna. Her electronic music draws on Kurdish sonic traditions, diasporic sound cultures and contemporary club practices. Through her research-based approach, she challenges Western-dominated narratives in electronic music, weaving inherited sonic knowledge into techno and rave culture. Her work explores rhythm, memory and listening as cultural and political practices.","Seba Kayan ist eine Wiener Musikproduzentin, DJ und Lehrende an der Akademie der bildenden Künste Wien. Ihre elektronische Musik greift kurdische Klangtraditionen, diasporische Klangkulturen und zeitgenössische Clubpraktiken auf. Mit ihrem forschungsbasierten Ansatz hinterfragt sie westlich dominierte Narrative in der elektronischen Musik und verwebt überliefertes Klangwissen mit Techno- und Rave-Kultur. Ihre Arbeit untersucht Rhythmus, Erinnerung und Zuhören als kulturelle und politische Praktiken.",39838ddb450c8184ae86d7537dbc71f8,done,https://www.sebakayan.com/,https://www.instagram.com/sebakayan/,,,done,public,True,True
OrwaSaleh-39838ddb450c81a3ada3f64265731815,39838ddb450c81a3ada3f64265731815,notion,Orwa Saleh,,Person,he/him,SY Syria,"From ancient Syrian tales to contemporary expressions, Orwa Saleh creates music that bridges cultures and experiences. Renowned for his innovative approach to the oud, Orwa combines exceptional virtuosity with a strong passion for the instrument's rich traditions. Known for pushing the oud beyond its traditional boundaries, he explores new sonic territories, continuously redefining what the instrument can express.","Von altsyrischen Erzählungen bis zu zeitgenössischen Ausdrucksformen schafft Orwa Saleh Musik, die Kulturen und Erfahrungen verbindet. Bekannt für seinen innovativen Zugang zur Oud, verbindet Orwa außergewöhnliche Virtuosität mit einer großen Leidenschaft für die reichen Traditionen dieses Instruments. Dafür bekannt, die Oud über ihre traditionellen Grenzen hinauszuführen, erkundet er neue klangliche Territorien und definiert immer wieder neu, was das Instrument auszudrücken vermag.",39838ddb450c8184ae86d7537dbc71f8,done,https://www.orwasaleh.net,https://www.instagram.com/orwasaleh,,,done,public,True,True
DieterVandoren-39838ddb450c817fb74cd33d4466e7a2,39838ddb450c817fb74cd33d4466e7a2,notion,Dieter Vandoren,,Person,he/him,"BE Belgium, NL Netherlands","Dieter Vandoren is an artist whose work draws from diverse backgrounds in music, IT and experimental architecture. It revolves around the creation and playing of spatial audiovisual instruments and environments with a focus on embodiment, immersion and primary sensory experiences.","Die Arbeit des Künstlers Dieter Vandoren schöpft aus seinen vielfältigen Erfahrungen in Musik, IT und experimenteller Architektur. Im Mittelpunkt stehen die Schaffung und das (Be-)Spielen räumlicher audiovisueller Instrumente und Umgebungen, mit Fokus auf Verkörperung, Immersion und primären Sinneserfahrungen.",39838ddb450c811abbb7f7dfa824c778,done,https://dietervandoren.net/,,,,done,public,True,True
RocioBerenguer-39838ddb450c81e98aabdb1628031b34,39838ddb450c81e98aabdb1628031b34,notion,Rocio Berenguer,,Person,she/her,ES Spain,"Rocio Berenguer is an author, performer and artistic director. She creates prospective narratives that question imaginaries of the future, focusing on the themes of technology and ecology. For each new work, Rocio conducts research with scientists, generating a text that she then combines with other materials drawn from theater, dance, video and digital art.","Rocio Berenguer ist Autorin, Performerin und künstlerische Leiterin. Sie entwickelt vorausschauende Erzählungen, die unsere Vorstellungen von der Zukunft hinterfragen, wobei die Themen Technologie und Ökologie im Mittelpunkt stehen. Für jede neue Arbeit recherchiert Rocio gemeinsam mit Wissenschaftler*innen und entwickelt daraus einen Text, den sie mit weiteren Materialien aus Theater, Tanz, Video und digitaler Kunst kombiniert.",39838ddb450c81f7acccd7bd52ebd478,done,https://rocioberenguer.com/info.php?lang=fr,https://www.instagram.com/rocioberenguerroldan/?hl=en,https://www.facebook.com/rocio.b.roldan.1/,https://www.linkedin.com/in/rocioberenguer/,done,public,True,True
IngeborgReichle-39838ddb450c81749b17d4c92e86320a,39838ddb450c81749b17d4c92e86320a,notion,Ingeborg Reichle,,Person,she/her,DE Germany,"Ingeborg Reichle, PhD, is a contemporary art historian, cultural theorist and sci-art curator. Her research spans critical media studies, new media art history, computational aesthetics and artistic engagements with emerging technologies, from biotechnology and synthetic biology to systemic risks and climate change. Before joining HKUST(GZ) in 2025 she served as Chair and Full Professor in the Department of Media Theory at the University of Applied Arts Vienna, Austria.","Ingeborg Reichle arbeitet als zeitgenössische Kunsthistorikerin, Kulturtheoretikerin und Kuratorin für Wissenschaftskunst. Sie erforscht kritische Medienwissenschaft, Kunstgeschichte der Neuen Medien und computergestützte Ästhetik und künstlerische Auseinandersetzungen mit neuen Technologien – von Biotechnologie und synthetischer Biologie bis hin zu systemischen Risiken und Klimawandel. Bevor sie 2025 an die HKUST(GZ) wechselte, war sie Leiterin und Universitätsprofessorin der Abteilung Medientheorie an der Universität für angewandte Kunst Wien.",3a338ddb450c80549ac9f4a2889cedfc,done,,,,,done,public,True,True
AnaMaraCaballero-39838ddb450c81b7ace1d58209f9b336,39838ddb450c81b7ace1d58209f9b336,notion,Ana María Caballero,,Person,she/her,"CO Colombia, US United States","Ana María Caballero is an award-winning Colombian-American poet and multidisciplinary artist whose work explores embodiment, memory, care and the cultural ethics of emerging technologies, while reimagining poetry and the book for contemporary and digital worlds.","Ana María Caballero ist eine preisgekrönte kolumbianisch-amerikanische Dichterin und multidisziplinäre Künstlerin, deren Arbeit Verkörperung, Erinnerung, Fürsorge und die kulturelle Ethik neuer Technologien erforscht, während sie Poesie und das Buch für zeitgenössische und digitale Welten neu denkt.",39838ddb450c8108acfdd805a61f1310; 3a938ddb450c805a842fed558bb82a98; 3a938ddb450c80e3a590dbc660da0b89,done,https://anamariacaballero.com,,,,done,public,True,True
CaterinaBenincasa-39838ddb450c81d49df7dbf0976db85b,39838ddb450c81d49df7dbf0976db85b,notion,Caterina Benincasa,,Person,she/her,IT Italy,"Caterina Benincasa is curator and project lead of JRC SciArt at the European Commission’s Joint Research Centre. Working at the intersection of art, science and policy, she develops residencies, exhibitions, publications and public programmes that bring artistic research into dialogue with scientific expertise and policymaking. Her work explores how art-science collaborations can open new perspectives on complex societal challenges, from ecology and AI to governance and futures in Europe.","Caterina Benincasa ist Kuratorin und Projektleiterin von JRC SciArt am Joint Research Centre der Europäischen Kommission. An der Schnittstelle von Kunst, Wissenschaft und Politik entwickelt sie Residencies, Ausstellungen, Publikationen und Programme, die künstlerische Forschung mit wissenschaftlicher Expertise und Policy Making ins Gespräch bringen. Ihre Arbeit erkundet, wie Kooperationen aus Kunst und Wissenschaft neue Perspektiven auf komplexe gesellschaftliche Herausforderungen eröffnen.",3a338ddb450c80549ac9f4a2889cedfc,done,,https://www.instagram.com/cate.benincasa/,,https://www.linkedin.com/in/caterina-benincasa-b63a9a1b,done,public,True,True
AndreasRefsgaard-39838ddb450c81299897e64162244abd,39838ddb450c81299897e64162244abd,notion,Andreas Refsgaard,,Person,he/him,DK Denmark,"Andreas Refsgaard is a Danish artist and creative coder. Through interactive installations, performances and digital experiments, he creates unexpected ways for people to engage with technology, from making music with eye movements to generating images, stories and conversations through machine learning. His work combines humor, curiosity and technical innovation to demystify AI while inviting audiences to question how intelligent systems shape creativity, communication and everyday life.","Andreas Refsgaard ist ein dänischer Künstler und Creative Coder. In interaktiven Installationen, Performances und digitalen Experimenten schafft er unerwartete Zugänge zu Technologie – von Musik, die durch Augenbewegungen entsteht, bis zu Bildern, Geschichten und Gesprächen aus maschinellem Lernen. Mit Humor, Neugier und technischer Innovation entmystifiziert er KI und lädt dazu ein, zu hinterfragen, wie intelligente Systeme Kreativität, Kommunikation und Alltag prägen.",39838ddb450c81b0931ee838bd5d6102; 3a538ddb450c81539ebcfafd0173fea9,done,https://www.andreasrefsgaard.dk/,https://www.instagram.com/andreasref/,https://www.facebook.com/andreasrefsgaard,https://www.linkedin.com/in/andreas-refsgaard-77688662/,done,public,True,True
FranciscoCarolinumLinz-39838ddb450c81e781a0e793f2cf9128,39838ddb450c81e781a0e793f2cf9128,notion,Francisco Carolinum Linz,,Organization,,AT Austria,"As a center for photography and media art, the Francisco Carolinum focuses on international positions, making it an important venue for global discourse in contemporary photography and media art. The museum’s exhibitions, which range from traditional photography to experimental media art, are known for their boundary-pushing and innovative perspectives.","Als Haus für Fotografie und Medienkunst legt das Francisco Carolinum in Linz besonderen Wert auf internationale Positionen und hat sich damit zu einem bedeutenden Ort für den globalen Diskurs in der zeitgenössischen Fotografie und Medienkunst entwickelt. Die Ausstellungen des Museums, die von traditioneller Fotografie bis hin zu experimenteller Medienkunst reichen, sind für ihre Grenzüberschreitungen und innovativen Perspektiven bekannt.",39838ddb450c813ba6f4dfb4fbefd3de,done,http://www.ooekultur.at,https://www.instagram.com/fc_Linz,https://www.facebook.com/ooekultur,https://www.linkedin.com/company/o%C3%B6-landes-kultur-gmbh,done,public,True,True
JohannesHiemetsberger-39838ddb450c8181ac5bf90c708604f2,39838ddb450c8181ac5bf90c708604f2,notion,Johannes Hiemetsberger,,Person,he/him,AT Austria,"Johannes Hiemetsberger founded and directs Chorus sine nomine and Company of Music. He performs repertoire from Renaissance to new works at major festivals worldwide and collaborates with leading ensembles including the Vienna Symphony, Wiener Akademie, L’Orfeo Baroque Orchestra, NDR Chor Hamburg and Sociedad de Coral de Bilbao. He teaches choral and ensemble conducting at the mdw and gives international masterclasses. Since 2026, he has directed the Donaufestwochen im Strudengau.","Johannes Hiemetsberger ist Gründer und Leiter von Chorus sine nomine und der Company of Music. Mit einem Repertoire von der Renaissance bis zu zeitgenössischen Werken tritt er bei bedeutenden Festivals weltweit auf und arbeitet mit renommierten Ensembles zusammen, darunter den Wiener Symphonikern, der Wiener Akademie, dem L'Orfeo Barockorchester, dem NDR Vokalensemble und der Sociedad Coral de Bilbao. An der mdw – Universität für Musik und darstellende Kunst Wien unterrichtet er Chor- und Ensembleleitung und gibt internationale Master Classes. Seit 2026 leitet er die Donaufestwochen im Strudengau.",39838ddb450c81ac9ccccbc5f40540a4; 7c938ddb450c82789a648184906bd039,done,https://www.companyofmusic.at/johannes-hiemetsberger/,,,,done,public,True,True
CarlosMotta-39838ddb450c819dabbad4423b198f57,39838ddb450c819dabbad4423b198f57,notion,Carlos Motta,,Person,he/him,CO Colombia,"Carlos Motta (b. 1978, Colombia) is a multidisciplinary artist whose work examines the social structures and political struggles of sexual, gender and ethnic minorities.","Carlos Motta (*1978, Kolumbien) ist ein multidisziplinärer Künstler, der in seinen Arbeiten soziale Strukturen und politische Kämpfe sexueller, geschlechtlicher und ethnischer Minderheiten untersucht.",39838ddb450c81e19f0fefcc170f709b,done,https://carlosmotta.com/,https://www.instagram.com/carlosalejandromotta/,https://www.facebook.com/ooekultur,https://www.linkedin.com/company/o%C3%B6-landes-kultur-gmbh,done,public,True,True
StadtwerkstadtSTWST-39838ddb450c80f1995cda8ef49130a8,39838ddb450c80f1995cda8ef49130a8,notion,Stadtwerkstadt / STWST,,Organization,,AT Austria,"The Stadtwerkstatt / STWST has existed since 1979 and is the first autonomous art and culture space in Linz. From the very beginning, STWST has been synonymous with initiative, activism, subculture and constantly redefining art practices. In the context of new media and media art, the initiative has a history of relevant projects dating back to the 1980s. Today, Stadtwerkstatt works in the fields of new art contexts and runs media such as the newspaper Versorgerin, the music club, and Cafe Strom. Between art, media, criticism, music, the underground and the mixed spheres of the house, activities take shape that are comprehensive, interdisciplinary and motivated by artistic, cultural, technological and socially relevant intentions.","Die Stadtwerkstatt / STWST besteht seit 1979 und ist das erste autonome Kunst- und Kulturhaus in Linz. STWST bedeutet von Anfang an ein Selbstverständnis von Initiative, Aktivismus, Subkultur und widmet sich der Neudefinition von Kunstpraktiken. Im Kontext der Neuen Medien und Medienkunst hat die Initiative seit den 1980er-Jahren eine Geschichte von relevanten Projekten aufzuweisen. Die Stadtwerkstatt arbeitet heute in den Bereichen New Art Contexts, betreibt Medien wie die Zeitung Versorgerin, den Musikclub sowie das Cafe Strom. Zwischen Kunst, Medien, Kritik, Musik, Untergrund und den vermischten Sphären des Hauses formieren sich Aktivitäten, die umfassend, interdisziplinär und durch künstlerische, kulturelle, technologische und gesellschaftsrelevante Intentionen motiviert sind.",39838ddb450c807abba7d52050d66f4e; 3b538ddb450c804daa62cab99039577d,done,https://www.stwst.at,,,,done,public,True,True
StephanieMercedes-39838ddb450c8074992fce8cd7834e49,39838ddb450c8074992fce8cd7834e49,notion,Stephanie Mercedes,,Person,"she/her, they/them",US United States,"Stephanie Mercedes is an anti-disciplinary Queer Latinx artist who works in sculpture, opera, techno, choreography and sound. Their work revolves around creating rituals of mourning and rituals of liberation. Mercedes melts weapons to create instruments and sculptures. She also unearths overlooked histories of violence. Mercedes has exhibited and performed at the Smithsonian, the National Gallery of Art, the Kennedy Center, the Bronx Museum, the Walters Art Museum and the Art Museum of the Americas.","Stephanie Mercedes ist eine anti-disziplinäre, queere Latinx-Künstlerin, die mit Skulptur, Oper, Techno, Choreografie und Sound arbeitet. Ihre Arbeit dreht sich um das Erschaffen von Ritualen der Trauer und der Befreiung. Mercedes schmilzt Waffen ein, um daraus Instrumente und Skulpturen zu schaffen. Außerdem legt they übersehene Geschichten der Gewalt frei. Mercedes hat in der Smithsonian Institution, der National Gallery of Art, im Kennedy Center, im Bronx Museum, im Walters Art Museum und im Art Museum of the Americas ausgestellt und performt.",39838ddb450c80b8a881d78d3458b576,done,https://www.stephaniemercedes.com/,,,,done,public,True,True
VolksamtKlangManufakturVLKSFESTOrkest-39838ddb450c80e0baf3c1698b472b53,39838ddb450c80e0baf3c1698b472b53,notion,Volksamt! Klang Manufaktur / VLKSFEST Orkest,,Organization,,NL Netherlands,"Volksamt Kultur Manufaktur is a studio for intermedia art based in Netherlands. Volksamt! is an artistic organization, bringing sound into composition, objects into bricolage or people into an entity, for example. While Volksamt! has developed a wide variety of work such installations, performances and digital media, its output is always firmly rooted in the realm of sonic arts. VLKSFST Orkest is an off-shoot of Volksamt! Kultur Manufaktur, focusing on re-enactments, and performances of original compositions. It is an ever-changing cast of brilliant performers.","Volksamt Kultur Manufaktur ist ein Studio für intermediale Kunst mit Sitz in den Niederlanden. Volksamt! ist eine künstlerische Organisation, die Klang zu Kompositionen, Objekte zu Bricolagen und Menschen zu einer Einheit organisiert. Während Volksamt! eine Vielzahl von Arbeiten wie Installationen, Performances und digitale Medien entwickelt, sind seine Ergebnisse stets fest im Bereich der Klangkunst verwurzelt. VLKSFST Orkest ist ein Ableger von Volksamt! Kultur Manufaktur, der sich auf Reenactments und Aufführungen von Originalkompositionen konzentriert. Es handelt sich um eine sich ständig verändernde Besetzung brillanter Darsteller.",39838ddb450c8094b8b7fd4a01a7e929,done,,,,,done,public,True,True
DeniseAtteneder-39838ddb450c81c4a9dedb7a47c70be9,39838ddb450c81c4a9dedb7a47c70be9,notion,Denise Atteneder,,Person,she/her,AT Austria,"Denise Atteneder works at the intersection of culture, art and science. With a background in sociology, she develops projects in collaboration with people from a wide range of disciplines, fostering dialogue between science and society. Her work focuses on science communication and making complex topics accessible to diverse audiences. In 2025, she contributed to a project at the Ars Electronica Festival exploring skepticism around science and ways to strengthen trust in science.","Denise Atteneder arbeitet an der Schnittstelle von Kultur, Kunst und Wissenschaft. Mit einem Hintergrund in Soziologie entwickelt sie interdisziplinäre Projekte und fördert den Dialog zwischen Wissenschaft und Gesellschaft. Ihr Fokus liegt auf Wissenschaftskommunikation und darauf, komplexe Themen für ein breites Publikum zugänglich zu machen. 2025 wirkte sie an einem Projekt beim Ars Electronica Festival mit, das Wissenschaftsskepsis und Wege zu mehr Vertrauen in Wissenschaft untersuchte.",39838ddb450c81ffa137eb23eae89c83,done,,,,,done,public,True,True
GregorPechmann-39838ddb450c8187992dea55b6833866,39838ddb450c8187992dea55b6833866,notion,Gregor Pechmann,,Person,he/him,AT Austria,"Since 2020, Gregor Pechmann has been responsible for the central coordination of JKU Linz’s activities at the Ars Electronica Festival, including the university’s festival locations at the JKU Campus Auhof and JKU MED Campus, as well as various Art & Science projects funded by the Linz Institute of Technology (LIT). In addition, he contributed as an artist to the LIT projects “Melody of Crisis/Joy” (2022) and “Into the JKUniverse – Science starts with you” (2025).","Seit 2020 verantwortet Gregor Pechmann die zentrale Koordination der Aktivitäten der Johannes Kepler Universität Linz beim Ars Electronica Festival, einschließlich der Festivalstandorte JKU Campus Auhof und JKU MED Campus sowie der vom Linz Institute of Technology (LIT) geförderten Art & Science-Projekte. Zudem war er als Künstler an den LIT-Projekten Melody of Crisis/Joy (2022) und Into the JKUniverse – Science starts with you (2025) beteiligt.",39838ddb450c81ffa137eb23eae89c83,done,https://grexxen.com/,https://www.instagram.com/grexxen.art/,,https://www.linkedin.com/in/grexxen/,done,public,True,True
TanjaBrandmayr-39838ddb450c80a69119fb59ff639e57,39838ddb450c80a69119fb59ff639e57,notion,Tanja Brandmayr,,Person,she/her,AT Austria,"Tanja Brandmayr, born in 1969, art and culture producer, author, has been working for many years and in various contexts with text, dramaturgy, media, concept and space. Studied sociology/graduated in cultural sociology in 2004, previously trained as a performing artist. Numerous performative and visual projects. Later expanded art, media art, research and theory projects. Since 2014, continuous employee at Stadtwerkstatt/Linz; works in the field of New Art Contexts with her own research format Quasikunst. Since 2016, member of the STWST leading team and involved in artistic programming. Also, author, ongoing text work. (Co-)publisher and editor of the artist-run art and culture newspaper Die Referentin. Editor of the Stadtwerkstatt newspaper Versorgerin.","Tanja Brandmayr, geboren 1969, Künstlerin, Kulturproduzentin, Autorin, arbeitet seit vielen Jahren und in unterschiedlichen Zusammenhängen mit Text, Dramaturgie, Medien, Konzept und Raum. Soziologiestudium/Abschluss Kultursoziologie 2004, zuvor künstlerische Ausbildung im performativen Bereich. Zahlreiche performative und visuelle Projekte. Später erweiterte Kunst-, Medienkunst-, Research- und Theorieprojekte. Seit 2014 kontinuierliche Mitarbeiterin der Stadtwerkstatt/Linz; arbeitet dort im Bereich New Art Contexts mit dem eigenen Researchformat Quasikunst. Seit 2016 im Leitungsteam der STWST und in der künstlerischen Programmierung. Außerdem Autorin, (Mit)Herausgeberin und Redakteurin der Artist-run Kunst- und Kulturzeitung Die Referentin. Redakteurin der Stadtwerkstatt-Zeitung Versorgerin.",39838ddb450c807c9aa8c78aadaa6f43; 51b38ddb450c82e9986701eddf9baf18,done,http://brandjung.servus.at/content/werkschau,,,,done,public,True,True
ClaudiaDworschak-39838ddb450c80468ac8f90ca7a6cca6,39838ddb450c80468ac8f90ca7a6cca6,notion,Claudia Dworschak,,Person,she/her,AT Austria,"Claudia Dworschak, born in 1963, lives and works in Linz. Video artist, cultural and media worker, studied Audiovisual Media Design/Film, Video at the University of Art and Design Linz. Former employee at Radio FRO, dorf.tv, Linz09, Crossing Europe Film Festival Linz, among others. Initiator and founder of spaceFEMfm women's radio on Radio FRO. Her artistic work focuses on video and performance art, mostly in collaboration with different people in various contexts. Numerous works were created within the artists' collective freundinnenderkunst and the artist duo diekönigin.","Claudia Dworschak, geboren 1963, lebt und arbeitet in Linz. Video-Künstlerin, Kultur-und Medienarbeiterin, studierte Audiovisuelle Mediengestaltung/Film, Video an der Kunstuniversität Linz. Ehemalige Mitarbeiterin u.a. bei Radio FRO, dorf.tv, Linz09, Crossing Europe Filmfestival Linz; Initiatorin und Gründerin von spaceFEMfm Frauenradio auf Radio FRO. Schwerpunkt der künstlerischen Arbeit sind Video- und Performancekunst zumeist in Kollaborationen mit unterschiedlichen Menschen in diversen Kontexten. Zahlreiche Arbeiten entstanden innerhalb des Künstlerinnenkollektives freundinnenderkunst und des Künstlerinnenduos diekönigin.",39838ddb450c807c9aa8c78aadaa6f43; 51b38ddb450c82e9986701eddf9baf18,done,https://www.freundinnenderkunst.at,,,,done,public,True,True
AntimetricInstitute-39838ddb450c817f8082f4ff058f8135,39838ddb450c817f8082f4ff058f8135,notion,Antimetric Institute,,Organization,,CA Canada,"Antimetric Institute is a non-profit organization at the intersection of art, technology and activism. Founded and directed by artist Rafael Lozano-Hemmer, it supports participatory media artworks, campaigns, workshops and publications fostering civic engagement, data literacy and social change. Past works include Border Tuner, connecting El Paso, USA and Ciudad Juárez, Mexico, with a book and a film forthcoming. Using open-source models, Antimetric builds durable, accessible, inclusive cultural projects.","Antimetric Institute ist eine Non-Profit-Organisation an der Schnittstelle von Kunst, Technologie und Aktivismus. Gegründet und geleitet vom Künstler Rafael Lozano-Hemmer, unterstützt die Organisation partizipative Medienkunstwerke, Kampagnen, Workshops und Publikationen, die zivilgesellschaftliches Engagement, Datenkompetenz und sozialen Wandel fördern. Zu den bisherigen Arbeiten zählt Border Tuner, das El Paso, USA, und Ciudad Juárez, Mexiko, miteinander verbindet; ein Buch und ein Film sind in Vorbereitung. Mithilfe von Open-Source-Modellen realisiert Antimetric dauerhafte, zugängliche und inklusive Kulturprojekte.",39838ddb450c81c29085e296ccfc05bb,done,https://www.antimetric.org/,,,,done,public,True,True
RafaelLozano-Hemmer-39838ddb450c81c1acf3dfdb56e011a0,39838ddb450c81c1acf3dfdb56e011a0,notion,Rafael Lozano-Hemmer,,Person,he/him,"CA Canada, MX Mexico","Rafael Lozano-Hemmer is an Mexican-Canadian artist who creates platforms for public participation by using robotic lights, digital fountains, computerized surveillance and telematic networks. Inspired by phantasmagoria, carnival and animatronics, his interactive works are “anti-monuments for people to self-represent”. He was the first artist to represent Mexico at the 2007 Venice Biennale. His works feature in collections around the world such as at MoMA, Guggenheim, TATE, Reina Sofía and Hirshhorn.","Rafael Lozano-Hemmer, mexikanisch-kanadischer Künstler, schafft Plattformen für öffentliche Partizipation mithilfe von robotergesteuerten Lichtinstallationen, digitalen Brunnen, computergestützter Überwachung und telematischen Netzwerken. Inspiriert von Phantasmagorie, Karneval und Animatronik, sind seine interaktiven Werke “Anti-Monumente, die den Menschen Selbstrepräsentation ermöglichen”. Er war der erste Künstler, der Mexiko bei der Biennale von Venedig 2007 vertrat. Seine Werke befinden sich in Sammlungen weltweit, darunter MoMA, Guggenheim, TATE, Reina Sofía und Hirshhorn.",39838ddb450c81c29085e296ccfc05bb; 39938ddb450c809faaf0f2ae80d986e5; 3a338ddb450c805baf61ce7e02fd9073; 3c038ddb450c800c9cb9c37d6a074d64,done,https://www.lozano-hemmer.com/,https://www.instagram.com/lozanohemmer,https://www.facebook.com/lozanohemmer,https://www.linkedin.com/in/lozanohemmer,done,public,True,True
HeikeKaltenbrunner-39938ddb450c813ab3e3f59e94b15e25,39938ddb450c813ab3e3f59e94b15e25,notion,Heike Kaltenbrunner,Heike Kaltenbrunner,Person,she/her,AT Austria,"Heike Kaltenbrunner (b. 1979, Linz) is a sound and media artist and lecturer in Sound Art. Her artistic practice and research focus on object-based spatial and sound installations that create experimental spaces for different encounters. Her points of reference range from the grand phenomena of the cosmos to human perception. Her works have been exhibited internationally, including at the Smithsonian Hirshhorn Museum, the ICMC and at festivals such as Konfrontationen and Music Unlimited.","Heike Kaltenbrunner ist Klang- und Medienkünstlerin und Lehrbeauftragte für Klangkunst. Im Zentrum ihrer künstlerischer Praxis und Forschung stehen objekthafte Raum- und Klanginstallationen, die experimentelle Begegnungsräume schaffen. Ihre Bezugspunkte reichen von den großen Phänomenen des Kosmos bis hin zur menschlichen Wahrnehmung. Ihre Arbeiten wurden international gezeigt, u. a. im Smithsonian Hirshhorn Museum, bei der ICMC sowie bei Festivals wie den Konfrontationen und Music Unlimited.",39938ddb450c81fc8930d09b0a2ec08e; 39838ddb450c80b8a881d78d3458b576,done,https://kaltenbrunner.klingt.org,,,,done,public,True,True
MediengruppeBitnik-39a38ddb450c819f83abd139b88f5c3e,39a38ddb450c819f83abd139b88f5c3e,notion,!Mediengruppe Bitnik,,Group,other,"CH Switzerland, DE Germany, HR Croatia","!Mediengruppe Bitnik (read – the not mediengruppe bitnik) live and work in Berlin. They are contemporary artists who work on and with the Internet. Their practice expands from the digital to affect physical spaces, often intentionally employing loss of control to challenge established structures and mechanisms. The works of !Mediengruppe Bitnik formulate fundamental questions concerning contemporary issues. !Mediengruppe Bitnik are the artists Carmen Weisskopf and Domagoj Smoljo.","!Mediengruppe Bitnik (ausgesprochen: The Not Mediengruppe Bitnik) leben und arbeiten in Berlin. Die zeitgenössischen Künstler*innen arbeiten am und mit dem Internet. Ihre Praxis reicht vom Digitalen in physische Räume hinein und setzt häufig bewusst auf Kontrollverlust, um etablierte Strukturen und Mechanismen infrage zu stellen. Ihre Arbeiten formulieren grundlegende Fragen zu aktuellen gesellschaftlichen Themen. !Mediengruppe Bitnik sind die Künstler*innen Carmen Weisskopf und Domagoj Smoljo.",39a38ddb450c813ab64cfa42b2dcc425,done,https://wwwwwwwwwwwwwwwwwwwwwwwwwwwwwwwwwwwwwwwwww.bitnik.org,https://www.instagram.com/mediengruppe_bitnik,,,done,public,True,True
PaulThomas-39c38ddb450c81399c7ae09356f0af88,39c38ddb450c81399c7ae09356f0af88,notion,Paul Thomas,,Person,he/him,AU Australia,"Paul Thomas is an honorary professor at UNSW in Art, Design and Architecture. He was the founder of the international Transdisciplinary Imaging conference series (2010–2024). At the Biennale of Electronic Arts Perth, he was the founding director (2000) and an artist, writer and curator (2002, 2004, 2007). His artistic practice-led research in nanoscience and quantum theory exhibited internationally. His publications include Concerning the Quantum in Art (2026), Quantum Art and Uncertainty (2018) and Nanoart: The Immateriality of Art (2013).","Paul Thomas ist Honorarprofessor an der UNSW im Bereich Art, Design and Architecture. Er war Gründer der internationalen Konferenzreihe Transdisciplinary Imaging (2010–2024). Bei der Biennale of Electronic Arts Perth war er Gründungsdirektor (2000) sowie als Künstler, Autor und Kurator tätig (2002, 2004, 2007). Seine künstlerisch-forschende Praxis in Nanowissenschaft und Quantentheorie wurde international ausgestellt. Zu seinen Publikationen zählen Concerning the Quantum in Art (2026), Quantum Art and Uncertainty (2018) und Nanoart: The Immateriality of Art (2013).",39e38ddb450c816c8432e7e6ef61cfe9,done,https://www.visiblespace.com,,,,done,public,True,True
MikePhillips-39c38ddb450c813da4b2c42940654c8e,39c38ddb450c813da4b2c42940654c8e,notion,Mike Phillips,,Person,he/him,GB United Kingdom,"Mike Phillips is an artist and researcher whose projects explore the ubiquity of data from an instrumentalized world. He is an active member of an international transdisciplinary community engaged in immersive, interactive and performative technologies. He is a founding partner of FullDome UK Festival, an Emeritus Professor at the University of Plymouth, Director of Research at http://i-dat.org/, a Principal Supervisor of the Planetary Collegium and Co-Director of the CODEX Postgraduate Research Network.","Mike Phillips ist Künstler und Forscher, dessen Projekte die Allgegenwart von Daten in einer instrumentalisierten Welt erkunden. Er ist aktives Mitglied einer internationalen, transdisziplinären Community, die sich mit immersiven, interaktiven und performativen Technologien beschäftigt. Er ist Gründungspartner des FullDome UK Festival, Emeritierter Professor an der University of Plymouth, Forschungsleiter bei http://i-dat.org/, Principal Supervisor des Planetary Collegium und Co-Direktor des CODEX Postgraduate Research Network.",39e38ddb450c816c8432e7e6ef61cfe9,done,https://www.mike-phillips.net,,,,done,public,True,True
BaoyangChen-39c38ddb450c8193aaa8d41e40d7cc54,39c38ddb450c8193aaa8d41e40d7cc54,notion,Baoyang Chen,,Person,he/him,CN China,"Baoyang Chen is an artist, curator and researcher exploring how machine agency becomes readable without becoming transparent. Through robotic installations and multi-agent systems, he stages encounters in which audiences interpret and negotiate machine intent through movement, materials and sensory metaphors. In his work, legibility remains situated, partial and open to misreading. His work has been presented internationally. He has received the Hyundai Blue Prize and Porsche Artist Award.","Baoyang Chen ist Künstler, Kurator und Forscher. Er untersucht, wie maschinelle Vertretung durch Agenten lesbar wird, ohne transparent zu werden. In robotischen Installationen und Multi-Agenten-Systemen lässt er das Publikum maschinelle Absichten über Bewegung, Materialien und sinnliche Metaphern deuten und aushandeln. Lesbarkeit bleibt situativ, unvollständig und offen für Missdeutungen. Seine Arbeiten werden international gezeigt. Er erhielt den Hyundai Blue Prize und den Porsche Artist Award.",39c38ddb450c8107b135f97abec9b273; 3b038ddb450c8034b7a7c131684e9b26,done,https://www.baoyangchen.com,https://www.instagram.com/baoyang_chen,,,done,public,True,True
798-39c38ddb450c8147b6dae48d171b7115,39c38ddb450c8147b6dae48d171b7115,notion,798,,Organization,,CN China,"As the global art destination, 798 is home to more than 600 organizations spanning art, design, culture and creative industries. It hosts thousands of exhibitions and events annually, including flagship programs such as Art New Year’s Eve, Beijing Art Season and Beijing Art & Technology Week. More than an art district, 798 is a cultural icon of contemporary Chinese art and a global platform for artistic exchange, public engagement and cultural innovation.","Als globale Kunstdestination beherbergt 798 mehr als 600 Organisationen aus Kunst, Design, Kultur und Kreativwirtschaft. Jährlich finden hier tausende Ausstellungen und Veranstaltungen statt, darunter Art New Year’s Eve, Beijing Art Season und Beijing Art & Technology Week. 798 ist mehr als ein Kunstviertel: Es ist eine Ikone der chinesischen Gegenwartskunst und eine globale Plattform für künstlerischen Austausch und kulturelle Innovation.",3b038ddb450c8034b7a7c131684e9b26,done,https://www.798artdistrict.com.cn/,https://www.instagram.com/798artdistrict/,,,done,public,True,True
TAODanceTheater-39c38ddb450c8171a759d8fd1ee74825,39c38ddb450c8171a759d8fd1ee74825,notion,TAO Dance Theater,,Organization,,CN China,"TAO Dance Theater is a full-time contemporary dance company founded by Tao Ye, Duan Ni and Wang Hao in 2008. The dance works of Numerical Series, created with its minimal creative concept and pure body aesthetics, have toured over 40 countries in five continents and performed at over 100 different art festivals. The company has gained widespread attention from all walks of life, becoming one of the most sought-after Chinese contemporary dance companies on the international stage.","TAO Dance Theater ist eine zeitgenössische Tanzkompanie, die 2008 von Tao Ye, Duan Ni und Wang Hao gegründet wurde. Die Werke der Numerical Series, die auf einem minimalistischen kreativen Konzept und einer puren Körperästhetik basieren, tourten durch über 40 Länder auf fünf Kontinenten und wurden bei mehr als 100 verschiedenen Kunstfestivals aufgeführt. Das Ensemble hat sich breite Anerkennung in allen Teilen der Gesellschaft erarbeitet und zählt heute zu den international gefragtesten chinesischen Kompanien für zeitgenössischen Tanz.",3b038ddb450c8034b7a7c131684e9b26,done,https://www.taodancetheater.com/,https://www.instagram.com/taodancetheater/,,,done,public,True,True
Playfool-39d38ddb450c813ca1fff8ee37bf8b9d,39d38ddb450c813ca1fff8ee37bf8b9d,notion,Playfool,,Group,they/them,"GB United Kingdom, JP Japan","Playfool is an art-design duo by Daniel Coppen and Saki Maruyama. Through experimental games and interactive installations, they use play to intervene in and reimagine the relationship between human agency and technology, inviting critical dialogue with our techno-social reality. Playfool is a fellow at institutions including Onassis ONX (Athens). Their work has been exhibited internationally at the Science Gallery (Monterrey, 2025) and the V&A Museum (London, 2023).","Playfool ist ein Kunst- und Designduo von Daniel Coppen und Saki Maruyama. Mit experimentellen Spielen und interaktiven Installationen nutzen sie das Spiel, um in das Verhältnis von menschlicher Handlungsmacht und Technologie einzugreifen, es neu zu denken und einen kritischen Dialog über unsere technosoziale Realität anzuregen. Playfool ist Fellow an Institutionen wie Onassis ONX (Athen). Die Arbeiten des Duos wurden international ausgestellt, unter anderem in der Science Gallery (Monterrey, 2025) und im V&A Museum (London, 2023).",39d38ddb450c813695e2ccebb9cca6ef,done,https://www.studioplayfool.com/,https://www.instagram.com/studioplayfool/,,,done,public,True,True
LaurentMignonneau-39d38ddb450c81759970d7f8edc8c144,39d38ddb450c81759970d7f8edc8c144,notion,Laurent Mignonneau,,Person,he/him,FR France,"Laurent Mignonneau is an internationally renowned media artist, researcher and pioneer of interactive art. In 2004, together with Christa Sommerer, he set up the department for Interface Cultures in Linz, Austria. Together they created around 50 interactive artworks shown in around 400 international exhibitions. Between 2021 and 2024, their 30 years retrospective exhibition toured from the ZKM in Karlsruhe, to the OK Linz, to the iMAL Brussels and the Azkuna Zentroa in Bilbao.","Laurent Mignonneau ist ein international renommierter Medienkünstler, Forscher und Pionier interaktiver Kunst. 2004 gründete er gemeinsam mit Christa Sommerer die Abteilung Interface Cultures an der Kunstuniversität Linz. Zusammen schufen sie rund 50 interaktive Kunstwerke, die in etwa 400 internationalen Ausstellungen gezeigt wurden. Zwischen 2021 und 2024 tourte ihre Retrospektive zu Arbeiten aus 30 Jahren vom ZKM Karlsruhe über das OK Linz und iMAL Brüssel bis ins Azkuna Zentroa in Bilbao.",39e38ddb450c816c8432e7e6ef61cfe9,done,https://interface.ufg.ac.at/christa-laurent/,,,,done,public,True,True
MishMashCentreforAIandCreativity-39d38ddb450c812eb46df2dea28cbf57,39d38ddb450c812eb46df2dea28cbf57,notion,MishMash Centre for AI and Creativity,,Organization,,NO Norway,"MishMash’s primary objective is to create, explore and reflect on Artificial Intelligence for, through and in creative practices, guided by the overarching research question: What are the possibilities, limitations and transformative effects of AI on creative practices and how can we develop co-creative AI systems that complement human creativity while addressing ethical, cultural and societal implications?","Das vorrangige Ziel von MishMashs ist es, Künstliche Intelligenz für, durch und in kreativen Praktiken zu schaffen, zu erforschen und zu reflektieren – geleitet von der übergeordneten Forschungsfrage: Welche Möglichkeiten, Grenzen und transformativen Effekte hat KI auf kreative Praktiken, und wie können wir ko-kreative KI-Systeme entwickeln, die die menschliche Kreativität komplementieren und zugleich ethische, kulturelle und gesellschaftliche Implikationen berücksichtigen?",39f38ddb450c81b5a2e1e4b478396502,done,https://mishmash.no/,https://www.instagram.com/aimishmash/,,https://www.linkedin.com/company/mishmash-norway/,done,public,True,True
MartheTrottnow-39d38ddb450c8193a4adc5059373bad2,39d38ddb450c8193a4adc5059373bad2,notion,Marthe Trottnow,,Person,she/her,DE Germany,"Marthe Trottnow (Bremen, Germany) is a graduate designer who has worked in exhibition design for over ten years, developing compelling narratives and spatial concepts for museums, memorial sites and experience worlds. Within the SynMM/Mensch-Maschine collective, she leads on concept development, storytelling and the facilitation of participatory design thinking formats.","Marthe Trottnow (Bremen, DE) ist Diplomdesignerin und seit über zehn Jahren in der Ausstellungsgestaltung zuhause, wo sie für Museen, Denkorte und Erlebniswelten begeisternde Narrative und Raumideen entwickelt. Im Kollektiv SynMM / Mensch-Maschine verantwortet sie die Bereiche Konzeptentwicklung, Storytelling und die Moderation partizipativer Design-Thinking-Formate.",39d38ddb450c81b08be0dddee46f5f9d,done,https://mensch-maschine.org,,,,done,public,True,True
NilsPenner-39d38ddb450c8135a2b0fad11ec0e32b,39d38ddb450c8135a2b0fad11ec0e32b,notion,Nils Penner,,Person,he/him,DE Germany,"Nils Penner (Bremen, Germany) is a full-stack developer with a background in integrated design and graphic design, specializing in sustainable and accessible app, Artificial Intelligence and web development. Within the SynMM/Mensch-Maschine collective, he leads on technical implementation, prototyping and the development of AI-driven dialogue systems.","Nils Penner (Bremen, DE) ist Full-Stack-Entwickler mit einem Hintergrund im Integrierten Design. Er hat sich auf nachhaltige, barrierefreie App-, KI- und Webentwicklung spezialisiert. Im Kollektiv SynMM / Mensch-Maschine verantwortet er die Bereiche technische Umsetzung, Prototyping und die Entwicklung KI-gestützter Dialogsysteme.",39d38ddb450c81b08be0dddee46f5f9d,done,https://mensch-maschine.org,,,,done,public,True,True
AdrianRudershausen-39d38ddb450c815492f6c239d79d2197,39d38ddb450c815492f6c239d79d2197,notion,Adrian Rudershausen,,Person,he/him,DE Germany,"Adrian Rudershausen (Bremen, Germany) has spent 20 years working as a researcher and consultant, supporting organizations through processes of transformation and innovation. Within the SynMM/Mensch-Maschine collective, he is responsible for AI behavior design, prompt engineering and evaluation of AI systems.","Adrian Rudershausen (Bremen, DE) begleitet als Forscher und Berater seit 20 Jahren Organisationen in Transformations- und Innovationsprozessen. Im Kollektiv SynMM / Mensch-Maschine verantwortet er die Bereiche KI-Verhaltensdesign, Prompt-Engineering und Evaluation von KI-Systemen.",,done,https://mensch-maschine.org,,,,done,public,True,True
FlorianUllrich-39d38ddb450c8193b8d6cd3bd71a363a,39d38ddb450c8193b8d6cd3bd71a363a,notion,Florian Ullrich,,Person,he/him,DE Germany,"Florian Ullrich (Bremen, Germany) is a developer and systems thinker focused on data, architecture and AI integration, translating complex requirements into modular, clearly structured technical systems. Within the SynMM / Mensch-Maschine collective, he leads systems architecture, AI integration and technical process design.","Florian Ullrich (Bremen, Deutschland) ist Entwickler und Systemdenker mit Fokus auf Daten, Architektur und die Integration von KI, der komplexe Anforderungen in modulare, klar strukturierte technische Systeme übersetzt. Im Kollektiv SynMM / Mensch-Maschine verantwortet er die Bereiche Systemarchitektur, KI-Integration und technische Prozessgestaltung.",39d38ddb450c81b08be0dddee46f5f9d,done,https://mensch-maschine.org,,,,done,public,True,True
SynMM-39d38ddb450c81ed9632dc4f344573a1,39d38ddb450c81ed9632dc4f344573a1,notion,SynMM,,Organization,,DE Germany,"SynMM is a collective of people from different disciplines and perspectives who explore together how AI can be shaped responsibly. Rather than selling products, we develop processes for business, education, culture and society that create transparency and enable participation. Our interest lies in combining human and artificial capabilities, not in automation. We work collaboratively and share knowledge openly as a matter of principle.","SynMM ist ein Kollektiv aus Menschen mit unterschiedlichen Disziplinen und Perspektiven, die gemeinsam ausloten, wie KI verantwortungsvoll gestaltet werden kann. Statt Produkte zu verkaufen, entwickeln wir Prozesse für Unternehmen, Bildung, Kultur und Gesellschaft, die Transparenz schaffen und Teilhabe ermöglichen. Uns interessiert die Kombination menschlicher und künstlicher Fähigkeiten, nicht die Automatisierung. Wir arbeiten kollaborativ und teilen Wissen offen.",39d38ddb450c81b08be0dddee46f5f9d,done,https://mensch-maschine.org,,,,done,public,True,True
FIFTITU-39d38ddb450c8117893fe3a2f6ee40eb,39d38ddb450c8117893fe3a2f6ee40eb,notion,FIFTITU%,,Organization,other,AT Austria,"FIFTITU% is a networking center established in 1998 to promote and support women, trans, inter- and non-binary individuals in the arts and culture scene. It serves as a feminist forum, offering a platform for artistic projects, fostering regional cultures and supporting innovative digital projects.","FIFTITU% ist ein 1998 gegründetes Vernetzungszentrum zur Förderung und Unterstützung von Frauen, trans, inter und nicht-binären Personen im Kunst- und Kulturbereich. Als feministisches Forum bietet FIFTITU% eine Plattform für künstlerische Projekte, stärkt regionale Kulturszenen und unterstützt innovative digitale Projekte.",37c38ddb450c81069fefd45d9826cde3,done,https://fiftitu.at,https://www.instagram.com/fiftitu.52/,,,done,public,True,True
MIMcollective-39d38ddb450c81e19489f2bbf04b43b3,39d38ddb450c81e19489f2bbf04b43b3,notion,MIM collective,,Group,other,"AT Austria, DE Germany, ES Spain","MIM is an interdisciplinary artist collective founded by Martin Reinhart, Ivonne Gracia Murillo and Maximilian Gallo. Since 2017, they have collaborated on exhibitions, publications and artistic research projects, including Data Loam and the FWF-funded radical⇌matter. Their work combines artistic research, graphic design and architecture to create participatory formats that explore collective imagination, dialogue and shared meaning.","MIM ist ein interdisziplinäres Künstler*innenkollektiv, gegründet von Martin Reinhart, Ivonne Gracia Murillo und Maximilian Gallo. Seit 2017 arbeiten sie gemeinsam an Ausstellungen, Publikationen und künstlerischen Forschungsprojekten, darunter Data Loam und das FWF-geförderte radical⇌matter. Ihre Arbeit verbindet künstlerische Forschung, Grafikdesign und Architektur, um partizipative Formate zu entwickeln, die kollektive Vorstellungskraft, Dialog und gemeinsame Bedeutung erkunden.",39d38ddb450c8161a927fa9fe6c0bcce,done,,,,,done,public,True,True
TAH-CentreforInnovationsinTechnologyArtandHumanities-39d38ddb450c8121a4d0f7b2e9a66256,39d38ddb450c8121a4d0f7b2e9a66256,notion,"TAH - Centre for Innovations in Technology, Art, and Humanities",,Organization,,CZ Czechia,"TAH Centre is an association and research organization advancing impact-driven inter- and transdisciplinary collaboration across technology, arts, humanities and social sciences. It serves as a network and neutral space where disciplines meet as equals. By means of research, education, community building and policy work, TAH develops methods and partnerships for innovations that are technically sound, culturally meaningful and socially responsible.","Das TAH Centre ist ein Verein und eine Forschungsorganisation, die wirkungsorientierte inter- und transdisziplinäre Kollaboration zwischen Technologie, Kunst, Geistes- und Sozialwissenschaften fördert. Es dient als Netzwerk und neutraler Raum, in dem sich die Disziplinen auf Augenhöhe begegnen. Durch Forschung, Bildung, Community Building und Policy-Arbeit entwickelt TAH Methoden und Partnerschaften für Innovationen, die technisch fundiert, kulturell relevant und sozial verantwortungsvoll sind.",39d38ddb450c816e99baddbfaebe5e60,done,https://tah-centre.org/,,,https://www.linkedin.com/company/tah-centre/?viewAsMember=true,done,public,True,True
Mindfloat-39d38ddb450c8111ad2fd3383d6105db,39d38ddb450c8111ad2fd3383d6105db,notion,Mindfloat,,Organization,,AT Austria,"Mindfloat specializes in immersive media, film and science communication. By combining creative storytelling, digital technology and research-driven approaches, they design experiential media that engages audiences and sparks curiosity.","Mindfloat ist auf immersive Medien, Film und Wissenschaftskommunikation spezialisiert. Durch die Verbindung von kreativem Storytelling, digitalen Technologien und forschungsbasierten Ansätzen entwickelt es erlebnisorientierte Medien, die das Publikum einbeziehen und Neugier wecken.",39d38ddb450c81878459e5d6e6336984,done,https://www.mindfloat.net/,,,,done,public,True,True
IMPAKTCentreforMediaCulture-39d38ddb450c81b38a60fe662ccbedbd,39d38ddb450c81b38a60fe662ccbedbd,notion,IMPAKT [Centre for Media Culture],,Organization,,NL Netherlands,"IMPAKT [Centre for Media Culture] offers critical and creative perspectives on contemporary media culture through a year-round programme of exhibitions, events, workshops and international collaborations. It explores the intersections of art, media, digital culture, technology, science and politics. Its annual five-day IMPAKT Festival presents films, exhibitions, lectures, panels, performances and artist talks on current themes in society, technology and culture.","IMPAKT [Centre for Media Culture] eröffnet mit einem ganzjährigen Programm aus Ausstellungen, Veranstaltungen, Workshops und internationalen Kooperationen kritische und kreative Perspektiven auf zeitgenössische Medienkultur. Das Zentrum erkundet die Schnittstellen von Kunst, Medien, digitaler Kultur, Technologie, Wissenschaft und Politik. Das jährliche fünftägige IMPAKT Festival zeigt Filme, Ausstellungen, Vorträge, Panels, Performances und Artist Talks zu aktuellen Themen aus Gesellschaft, Technologie und Kultur.",39d38ddb450c81298726f1f0989d1dd6,done,https://impakt.nl/,https://www.instagram.com/impakt.nl/,https://www.facebook.com/impakt.nl,https://www.linkedin.com/in/impakt-festival-and-organisation-80592118/,done,public,True,True
JaimedelosRios-39d38ddb450c81bcb0eac3d88908e6ee,39d38ddb450c81bcb0eac3d88908e6ee,notion,Jaime de los Rios,,Person,he/him,ES Spain,"Jaime de los Ríos is an artist, curator and specialist in media art and time-based media conservation. He is Technical Director of the NEWART Foundation, where he works on the production, documentation, restoration and preservation of technological, digital and audiovisual artworks. His practice connects art, science and technology with particular attention to natural systems, digital culture and technological obsolescence.","Jaime de los Ríos ist Künstler, Kurator und Spezialist für Medienkunst sowie für die Konservierung zeitbasierter Medien. Als Technischer Direktor der NEWART Foundation arbeitet er an Produktion, Dokumentation, Restaurierung und Erhaltung technologischer, digitaler und audiovisueller Kunstwerke. Seine Praxis verbindet Kunst, Wissenschaft und Technologie und richtet besonderes Augenmerk auf natürliche Systeme, digitale Kultur und technologische Obsoleszenz.",39e38ddb450c816c8432e7e6ef61cfe9,done,https://newartfoundation.com,,,,done,public,True,True
VicenteMatallana-39d38ddb450c81e98b6ade269914e0ca,39d38ddb450c81e98b6ade269914e0ca,notion,Vicente Matallana,,Person,he/him,ES Spain,"Vicente Matallana (1967-2026) was a specialist in electronic art and new media. He was the director of NEWART Foundation and NEWART Centre and oversees the NEWART Collection. As founder and director of LaAgencia, he developed projects related to the production, exhibition, collecting and conservation of technological art, collaborating with artists and institutions in Spain and internationally.","Vicente Matallana (1967-2026) war Spezialist für elektronische Kunst und neue Medien. Er leitete die NEWART Foundation und das NEWART Centre und betreute die NEWART Collection. Als Gründer und Leiter von LaAgencia hat er Projekte zur Produktion, Ausstellung, Sammlung und Konservierung technologischer Kunst entwickelt und dabei mit Künstler*innen und Institutionen in Spanien und international zusammengearbeitet.",39e38ddb450c816c8432e7e6ef61cfe9,done,https://newartfoundation.com,,,,done,public,True,True
Numiko-39e38ddb450c81a7b607d0fd552b156c,39e38ddb450c81a7b607d0fd552b156c,notion,Numiko,,Organization,,GB United Kingdom,"Numiko is a team of plain-speaking problem solvers who work with amazing organizations to make the world a better place and to create Great Digital for Good®. For over 25 years, Numiko’s expert team has created award-winning digital projects in partnership with some of the best purpose-driven organizations and institutions—in sectors such as culture and heritage, not-for-profit, government and policy and higher education. Numiko creates outstanding works that respond to user needs with a technical and creative flair.",,39e38ddb450c81dba105e4ee1ac2b004,done,https://numiko.com/,,,,done,public,True,True
ArtandTechnologyLabKoreaNationalUniversityofArts-39e38ddb450c81dc8f26fb77bcc4f970,39e38ddb450c81dc8f26fb77bcc4f970,notion,"Art and Technology Lab, Korea National University of Arts",,Organization,,KR South Korea,"As a creation and production laboratory situated at the intersection of science and technology, culture and art, industry and education, the Arts and Technology Lab at the Korea National University of Arts has been collaborating with leading domestic and foreign companies, universities and researchers to create and conduct research in the fields of immersive media, advanced medical care and Artificial Intelligence content.","Als Kreations- und Produktionslabor an der Schnittstelle von Wissenschaft und Technologie, Kultur und Kunst, Industrie und Bildung arbeitet das Arts and Technology Lab der Korea National University of Arts mit führenden Unternehmen, Universitäten und Forscher*innen aus dem In- und Ausland zusammen. In diesen Kooperationen entstehen Werke und Forschungsarbeiten in den Bereichen immersive Medien, moderne medizinische Versorgung und Inhalte aus dem Bereich Künstlicher Intelligenz.",39e38ddb450c81178441fe16eb8078e1,done,http://kartsat.com/en/,https://www.instagram.com/karts_at/,,,done,public,True,True
TheNationalGallery-39e38ddb450c81ef9f03f161616eaa48,39e38ddb450c81ef9f03f161616eaa48,notion,The National Gallery,,Organization,,GB United Kingdom,"The National Gallery is home to the national collection of paintings in the Western European tradition from the 13th to the 19th centuries. Our paintings are on show 361 days a year, free of charge. We show over 2,600 works, including many famous paintings, such as van Eyck’s Arnolfini Portrait, Velázquez’s Rokeby Venus, Turner’s Fighting Temeraire and Van Gogh’s Sunflowers.","Die National Gallery beherbergt die nationale Sammlung westeuropäischer Malerei vom 13. bis zum 19. Jahrhundert. Ihre Gemälde sind an 361 Tagen im Jahr bei freiem Eintritt zu sehen. Sie zeigt mehr als 2.600 Werke, darunter zahlreiche berühmte Gemälde wie van Eycks Arnolfini-Hochzeit, Velázquez’ Venus vor dem Spiegel, Turners The Fighting Temeraire und van Goghs Sonnenblumen.",39e38ddb450c81dba105e4ee1ac2b004,done,https://www.nationalgallery.org.uk/,,,,done,public,True,True
ForensicArchitecture-39e38ddb450c80e382feccd0a7c44b51,39e38ddb450c80e382feccd0a7c44b51,notion,Forensic Architecture,,Organization,,GB United Kingdom,"Forensic Architecture (FA) is a research agency based at Goldsmiths, University of London, which investigates human rights violations committed by states, police forces, militaries and corporations. FA works in partnership with institutions across civil society—grassroots activists, legal teams, international NGOs and media organizations—to carry out investigations with and on behalf of communities and individuals affected by conflict, police brutality, border regimes and environmental violence.
The interdisciplinary group uses architecture as an optical device to investigate contested incidents, cross-referencing a range of evidentiary sources and methodologies, including open-source research, situated witness interviews, remote sensing, digital modeling and spatial analysis. FA is also credited with the creation of an eponymous new field and form of interdisciplinary investigative practice, and has supported the growth of agencies worldwide that utilize and advance their methods.
FA has undertaken over 100 investigations worldwide, findings from which have been presented across international media, in exhibitions at leading cultural institutions and in parliamentary inquiries, citizen’s tribunals and national and international courtrooms, including the International Criminal Court, the International Court of Justice, the European Court of Human Rights and the United Nations General Assembly.","Forensic Architecture (FA) ist eine Forschungsagentur an der Goldsmiths, University of London, die Menschenrechtsverletzungen durch Staaten, Polizeikräfte, Militärs und Konzerne untersucht. FA arbeitet mit Institutionen der Zivilgesellschaft zusammen – darunter Grassroot-Aktivist*innen, Rechtsteams, internationalen NGOs und Medienorganisationen. Gemeinsam führen sie Untersuchungen mit oder im Auftrag von Communities und Personen durch, die von Konflikten, Polizeigewalt, Grenzregimen und ökologischer Gewalt betroffen sind.
Die interdisziplinäre Gruppe nutzt Architektur als optisches Instrument, um umstrittene Vorfälle zu untersuchen. Dabei verknüpft sie unterschiedliche Beweisquellen und Methoden wie Open-Source-Forschung, vor Ort Interviews mit Zeug*innen, Fernerkundung, digitale Modellierung und räumliche Analyse. FA gilt als Begründerin eines gleichnamigen neuen Felds interdisziplinärer investigativer Praxis und hat weltweit den Aufbau von Agenturen unterstützt, die ihre Methoden nutzen und weiterentwickeln.
FA hat weltweit über 100 investigative Recherchen durchgeführt. Die Ergebnisse wurden in internationalen Medien, in Ausstellungen führender Kulturinstitutionen sowie in parlamentarischen Untersuchungen, Bürger*innentribunalen und vor nationalen und internationalen Gerichten präsentiert – darunter der Internationale Strafgerichtshof, der Internationale Gerichtshof, der Europäische Gerichtshof für Menschenrechte und die Generalversammlung der Vereinten Nationen.",39e38ddb450c80dab706e4972cbad79c,done,https://forensic-architecture.org/,,,,done,public,True,True
MariaPfeifer-39e38ddb450c8123b8e7d0f1b6e5a403,39e38ddb450c8123b8e7d0f1b6e5a403,notion,Maria Pfeifer,,Person,she/her,AT Austria,"Maria Pfeifer is Head of Future Impact Creation and Key Researcher for Future Narratives at the Ars Electronica Futurelab. She develops frameworks to assess and communicate the impact of artistic, technological and speculative innovation, with a strong focus on how storytelling and uncertainty shape transformative processes. With a background in art, comparative literature and cultural studies (University of Vienna), she has worked with the Ars Electronica Festival and Futurelab in various roles since 2011.","Maria Pfeifer ist Head of Future Impact Creation und Key Researcher for Future Narratives am Ars Electronica Futurelab. Sie entwickelt Frameworks, um die Wirkung künstlerischer, technologischer und spekulativer Innovation zu erfassen und zu vermitteln. Dabei legt sie einen besonderen Fokus darauf, wie Storytelling und Ungewissheit transformative Prozesse prägen. Mit einem Hintergrund in Kunst, Vergleichender Literaturwissenschaft und Kulturwissenschaft (Universität Wien) hat sie seit 2011 in verschiedenen Rollen für das Ars Electronica Festival und das Futurelab gearbeitet.",39e38ddb450c8158b115e6161a27d623; 3a038ddb450c8170834ad2726a4eb549; 3a038ddb450c81118843d6f3d09d2a5a; 3a038ddb450c815189a3db7931ae4841; 3a038ddb450c81999163f10a54cdcaa0,done,https://ars.electronica.art/futurelab/,,,,done,public,True,True
INFERSTUDIO-39e38ddb450c81beb761dd77766c006b,39e38ddb450c81beb761dd77766c006b,notion,INFERSTUDIO,,Group,they/them,"AU Australia, GB United Kingdom","INFERSTUDIO is a digital world-building and investigative design studio, which creates immersive films and images that imagine fictional futures, both aspirational and cautionary. They also develop digital visualizations that interpret and communicate complex environmental realities from our world today.","INFERSTUDIO ist ein Studio für digitales World-Building und investigatives Design. Es schafft immersive Filme und Bilder, die fiktive Zukünfte imaginieren – sowohl wünschenswerte als auch warnende. Zudem entwickelt es digitale Visualisierungen, die komplexe ökologische Realitäten unserer Gegenwart deuten und vermitteln.",39e38ddb450c81ef89b7df7bfa6d03d3,done,https://www.inferstudio.com,https://www.instagram.com/inferstudio,,https://www.linkedin.com/company/27146703/admin/dashboard/,done,public,True,True
ICKDansAmsterdam-39e38ddb450c8183ba9cfd8d2fb63ceb,39e38ddb450c8183ba9cfd8d2fb63ceb,notion,ICK Dans Amsterdam,,Organization,,NL Netherlands,"In 2009, Emio Greco and Pieter C. Scholten combined their artistic, production and research activities in ICK Dans Amsterdam, the International Choreographic Arts Centre in Amsterdam, which is a platform for contemporary dance. Since 2021, it has provided a dynamic space where dance engages in dialogue with other disciplines, technology and social issues. ICK is internationally renowned for its innovative approach to dance, which recognizes the body as a carrier of stories, meanings and physical intelligence.","2009 bündelten Emio Greco und Pieter C. Scholten ihre künstlerischen, produktiven und forschenden Aktivitäten in ICK Dans Amsterdam, dem International Choreographic Arts Centre in Amsterdam, einer Plattform für zeitgenössischen Tanz. Seit 2021 bietet es einen dynamischen Raum, in dem Tanz mit anderen Disziplinen, mit Technologie und gesellschaftlichen Fragen in Dialog tritt. ICK ist international bekannt für seinen innovativen Zugang zum Tanz, der den Körper als Träger von Geschichten, Bedeutungen und körperlicher Intelligenz begreift.",39e38ddb450c8153b14ee79762dcd0dc,done,https://ickamsterdam.nl/en/,https://www.instagram.com/ickamsterdam/,,https://www.linkedin.com/search/results/all/?keywords=ICK%20Dans%20Amsterdam&origin=RICH_QUERY_SUGGESTION&heroEntityKey=urn%3Ali%3Aorganization%3A1985731&position=3,done,public,True,True
UniversityofFineArtsSaar-39e38ddb450c81048cc0c9e0974bda89,39e38ddb450c81048cc0c9e0974bda89,notion,University of Fine Arts Saar,Hochschule der Bildenden Künste Saar,Organization,,DE Germany,"The University of Fine Arts Saar (HBKsaar) is Saarland’s only university of art and design and one of the most important creative training centers in the greater region of Saarland-Western Palatinate-Alsace-Lorraine-Luxembourg-Wallonia. The Generative Arts and Design Lab is a cross-disciplinary space for curiosity-driven research, offering the know-how and infrastructure to experiment and prototype with generative Artificial Intelligence.","Die Hochschule der Bildenden Künste Saar (HBKsaar) ist die einzige Kunst- und Designhochschule des Saarlandes und eine der bedeutendsten Ausbildungsstätten für kreative Berufe in der Großregion Saarland-Westpfalz-Elsass-Lothringen-Luxemburg-Wallonien.
Das Generative Arts and Design Lab ist ein interdisziplinärer Raum für neugiergetriebene Forschung, der das Know-how und die Infrastruktur bietet, um mit generativer KI zu experimentieren und Prototypen zu entwickeln.",39e38ddb450c81378393f625df96e919,done,https://www.xmlab.org/research-2024/generative-arts-design.html,https://www.instagram.com/hbksaar/,https://www.facebook.com/HBKsaar,https://www.linkedin.com/company/hochschule-der-bildenden-k%C3%BCnste-saar?originalSubdomain=de,done,public,True,True
IJADDanceCompany-39e38ddb450c8164adc4fe56d4d9d2c4,39e38ddb450c8164adc4fe56d4d9d2c4,notion,IJAD Dance Company,,Organization,,GB United Kingdom,"IJAD is a community-builder in performing arts and tech, inviting artists, researchers, technologists, schools and universities to join creative innovation. We support artists to create hybrid performances that push boundaries of audience immersion and interaction. Combining VR, multi-camera live streaming and the latest emerging technologies with performing arts, we create new forms of expression and invite audiences to actively participate in the creation and outcomes of performances.","IJAD baut Communities an der Schnittstelle von darstellenden Künsten und Technologie auf und lädt Künstler*innen, Forscher*innen, Technolog*innen, Schulen und Universitäten zu kreativer Innovation ein. Die Organisation unterstützt Künstler*innen bei der Entwicklung hybrider Performances, die neue Formen der Immersion und Interaktion mit dem Publikum erproben. Durch die Verbindung von Virtual Reality, Multi-Kamera-Livestreaming und neuen Technologien mit darstellender Kunst entstehen neue Ausdrucksformen, die das Publikum aktiv in die Entstehung und den Verlauf der Performances einbeziehen.",39e38ddb450c8153b14ee79762dcd0dc,done,https://ijaddancecompany.com,https://www.instagram.com/ijaddance/,,,done,public,True,True
MertAkbal-39e38ddb450c813485dfca6fcf8cffd0,39e38ddb450c813485dfca6fcf8cffd0,notion,Mert Akbal,,Person,"he/him, they/them",DE Germany,"Mert Akbal is a visual artist and academic who works at the crossroads of generative art, Artificial Intelligence and cognitive science. Through experimentation and speculative fiction, he probes a world in flux, creating animated paintings for the stage, the gallery and virtual spaces. Akbal’s work has been featured among others at the ISEA, LASER, ZKM, Mirage Festival, Musée-École de la Perrine, re:publica, Deutsche Oper, Rotterdam Opera Festival, Poetry Film Days Weimar and by the Interspecies Art World, Vienna.","Mert Akbal ist bildender Künstler und Wissenschaftler und arbeitet an der Schnittstelle von generativer Kunst, Künstlicher Intelligenz und Kognitionswissenschaft. Durch Experimente und spekulative Fiktion erkundet er eine Welt im Wandel und schafft animierte Gemälde für die Bühne, die Galerie und virtuelle Räume. Akbals Arbeiten waren unter anderem bei der ISEA, LASER, im ZKM, beim Mirage Festival, im Musée-École de la Perrine, bei der re:publica, an der Deutschen Oper, beim Rotterdam Opera Festival, bei den Poetry Film Days Weimar sowie bei der Interspecies Art World Vienna zu sehen.",39e38ddb450c81378393f625df96e919,done,https://mertakbal.com/,https://www.instagram.com/mert.akbal/,,https://www.linkedin.com/in/mert-akbal-b399177a/,done,public,True,True
MathisNitschke-39e38ddb450c81cd9019de1826b7fe3a,39e38ddb450c81cd9019de1826b7fe3a,notion,Mathis Nitschke,,Person,he/him,DE Germany,"Mathis Nitschke is a composer, producer and founder of the innovation lab Sofilab. He studied classical guitar and fine arts and holds a composition degree from the Royal Conservatoire, The Hague. His work intertwines music, technology and space; with MAYA (2017) he staged the world's first mixed-reality music theatre. His current initiative CORPUS is building an ethical music data pool for Artificial Intelligence in which the musicians who contribute co-own the content rather than just supply it.","Mathis Nitschke ist Komponist, Produzent und Gründer des Innovationslabors Sofilab. Er studierte klassische Gitarre und bildende Kunst und schloss ein Kompositionsstudium am Königlichen Konservatorium Den Haag ab. Seine Arbeit verbindet Musik, Technologie und Raum: Mit MAYA (2017) inszenierte er das weltweit erste Mixed-Reality-Musiktheater. Seine aktuelle Initiative CORPUS baut einen ethisch ausgerichteten Musikdatenpool für Künstliche Intelligenz auf, bei dem die mitwirkenden Musiker*innen die Inhalte mitbesitzen und nicht bloß bereitstellen.",39e38ddb450c815d8dd8ea481fb6dcce,done,https://mathis-nitschke.com,https://www.instagram.com/mathisnitschke/,https://www.facebook.com/mathisnitschkemusic/,https://www.linkedin.com/in/mathis-nitschke/,done,public,True,True
OpenFields-39e38ddb450c81faad76c9bc0a30e96f,39e38ddb450c81faad76c9bc0a30e96f,notion,OpenFields,,Group,"he/him, she/her","AT Austria, TR Turkey, US United States","OpenFields is an interdisciplinary studio that connects architecture, technology, contemporary culture and the environment. Co-led by Mark Balzar and Zeynep Aksöz Balzar, their practice integrates research, teaching and design. Mark brings extensive international experience with a focus on energy, technology and urbanism. Zeynep explores algorithmic systems, AI embodiment and ecological interaction. Together they develop innovative approaches applicable to human, nonhuman and artificial agents.","OpenFields ist ein interdisziplinäres Studio, das Architektur, Technologie, zeitgenössische Kultur und Umwelt verbindet. Unter der gemeinsamen Leitung von Mark Balzar und Zeynep Aksöz Balzar verbindet die Praxis Forschung, Lehre und Design. Mark bringt umfangreiche internationale Erfahrung mit einem Fokus auf Energie, Technologie und Urbanismus ein. Zeynep erforscht algorithmische Systeme, die Verkörperung von KI und ökologische Interaktion. Gemeinsam entwickeln sie innovative Ansätze für menschliche, nichtmenschliche und künstliche Akteur*innen.",39e38ddb450c8113ab44ce7765f7d1d1; 39e38ddb450c8161ae08e55f1c7b5b31,done,https://openfields.eu/,https://www.instagram.com/openfields_rs/,,https://www.linkedin.com/company/openfieldsdesigns,done,public,True,True
DanubeTransformationAgencyforAgencyDTAFAditafa-39e38ddb450c814cbdd9fb3d7f587390,39e38ddb450c814cbdd9fb3d7f587390,notion,Danube Transformation Agency for Agency – DTAFA (di:tafa),,Group,they/them,AT Austria,"The Danube Transformation Agency for Agency (DTAFA) is a transnational art and design collective dedicated to providing services and mediations between species. DTAFA’s practices and projects address socio-political concerns from an ecofeminist perspective, aiming to explore more equitable ways of living together. The agency employs experimental interventions as a method to develop tools for socio-ecological innovation and empowerment.","Die Danube Transformation Agency for Agency (DTAFA) ist ein transnationales Kunst- und Designkollektiv, das Dienstleistungen und Vermittlungen zwischen Spezies anbietet. Die Praktiken und Projekte von DTAFA verhandeln sozialpolitische Anliegen aus einer ökofeministischen Perspektive, um gerechtere Formen des Zusammenlebens zu erkunden. Als Methode nutzt die Agentur experimentelle Interventionen, um Werkzeuge für sozial-ökologische Innovation und Empowerment zu entwickeln.",39e38ddb450c8110b1f6d0ebd709d8b3,done,https://dtafa.com/,https://www.instagram.com/transformationagencyforagency/,,,done,public,True,True
OpenInnovationinScienceCenteroftheLudwigBoltzmannSocietyLBGOISCenter-39f38ddb450c813386f8d4d9b39954e2,39f38ddb450c813386f8d4d9b39954e2,notion,Open Innovation in Science Center of the Ludwig Boltzmann Society (LBG OIS Center),,Organization,,AT Austria,"The Open Innovation in Science Center of the Ludwig Boltzmann Society (LBG OIS Center) develops and advances participatory, interdisciplinary and inclusive approaches to research and innovation. Since 2016, it has supported researchers in collaborating with citizens, patients, practitioners, artists and other societal actors through co-creation, capacity building and methodological innovation.","Das Open Innovation in Science Center der Ludwig Boltzmann Gesellschaft (LBG OIS Center) entwickelt und fördert partizipative, interdisziplinäre und inklusive Ansätze für Forschung und Innovation. Seit 2016 unterstützt es Forscher*innen dabei, gemeinsam mit Bürger*innen, Patient*innen, Praktiker*innen, Künstler*innen und anderen gesellschaftlichen Akteur*innen durch Co-Creation, Kompetenzaufbau und methodische Innovation zusammenzuarbeiten.",38138ddb450c8096a23bf180cad6b1de; 3a038ddb450c81f9bdbddec916b1cdbd; 38838ddb450c812ebe8bc3edbd7480e8,done,https://ois.lbg.ac.at/,,,https://www.linkedin.com/showcase/lbg-open-innovation-in-science-center/,done,public,True,True
MatthewGardiner-39f38ddb450c81b49284fe175843c641,39f38ddb450c81b49284fe175843c641,notion,Matthew Gardiner,,Person,he/him,"AT Austria, AU Australia","Matthew Gardiner’s artistic practice flows between digital and physical mediums, playing in the space in-between. Sometimes experiments lead to the digitalisation of material phenomena and sometimes to the fabrication and programming of materials. The intersections and emergent properties of the new object, field or device often reveal new inspirations and unexpected questions. Gardiner is Ars Electronica Futurelab’s Head of Art Science Research Strategies.","Matthew Gardiners künstlerische Praxis bewegt sich zwischen digitalen und physischen Medien und erkundet den Raum dazwischen. Mal führen seine Experimente zur Digitalisierung materieller Phänomene, mal zur Fabrikation und Programmierung von Materialien. Die Schnittstellen und emergenten Eigenschaften des neuen Objekts, Feldes oder Geräts offenbaren oft neue Inspirationen und unerwartete Fragen. Gardiner ist Head of Art Science Research Strategies am Ars Electronica Futurelab.",3a538ddb450c8152bf30ee7910c366dd,done,https://matthewgardiner.net,https://www.instagram.com/oribotic,,https://www.linkedin.com/in/airstrip,done,public,True,True
YokoShimizu-39f38ddb450c81c48941f57e1b7f8979,39f38ddb450c81c48941f57e1b7f8979,notion,Yoko Shimizu,,Person,she/her,JP Japan,"Yoko Shimizu is an artist and researcher with a background in biology and chemistry. She collaborates with companies, government agencies, museums and universities around the world and is a frequent speaker at international events, conferences and educational institutions. She is the founding director of the Matsudo International Science Art Festival, former Head of Creative Business Innovation at Ars Electronica Futurelab and current Ars Electronica Ambassador.","Yoko Shimizu ist Künstlerin und Forscherin mit einem Hintergrund in Biologie und Chemie. Sie arbeitet mit Unternehmen, Behörden, Museen und Universitäten auf der ganzen Welt zusammen und hält regelmäßig Vorträge bei internationalen Veranstaltungen und Konferenzen sowie an Bildungseinrichtungen. Sie ist Mitbegründerin des Matsudo International Science Art Festival, ehemalige Head of Creative Business Innovation am Ars Electronica Futurelab und aktuell Ars Electronica Ambassador.",3ad38ddb450c81e9bcafd94adabd3eb1,done,https://yokoshimizu.com/,,,,done,public,True,True
FARCE-39f38ddb450c81f4beaee2b86f61a5be,39f38ddb450c81f4beaee2b86f61a5be,notion,FARCE,,Person,she/her,DE Germany,"FARCE is the project of Vienna-based producer, songwriter and performer Veronika König. Her DJ sets blend club tracks with experimental electronics and avant-pop, shifting between euphoric, emotional and unexpected moments. Rather than sticking to one genre, FARCE moves freely across styles, creating a dynamic set that invites audiences to dance, listen and discover new sonic connections.","FARCE ist das Projekt der in Wien lebenden Produzentin, Songwriterin und Performerin Veronika König. Ihre DJ-Sets verbinden Clubtracks mit experimenteller Elektronik und Avant-Pop und wechseln zwischen euphorischen, emotionalen und unerwarteten Momenten. Statt sich auf ein Genre festzulegen, bewegt sich FARCE frei zwischen Stilen und schafft ein dynamisches Set, das zum Tanzen, Zuhören und Entdecken neuer klanglicher Verbindungen einlädt.",39f38ddb450c814ea5ede5f08849b7a1,done,,,,,done,public,True,True
VereinEnergiewendeLinz-39f38ddb450c812298f3ca0af28bb219,39f38ddb450c812298f3ca0af28bb219,notion,Verein Energiewende Linz,Verein Energiewende Linz,Organization,,AT Austria,"Verein Energiewende Linz is an Austrian non-profit association founded in 2021 by people from Linz and Upper Austria working on climate action and the energy transition. The association develops educational and participatory formats that make complex energy systems tangible and encourage practical action. Initiated in 2022, Powerplayground connects climate science, renewable technologies, maker education, training pathways and careers in the energy transition.","Der Verein Energiewende Linz wurde 2021 von engagierten Menschen aus Linz und Oberösterreich gegründet. Sie entwickeln Bildungs- und Beteiligungsformate, die komplexe Energiesysteme greifbar machen und zum konkreten Handeln anregen. Der 2022 initiierte Powerplayground verbindet Klimawissen, erneuerbare Technologien, Maker Education, Ausbildungswege und Berufsmöglichkeiten in der Energiewende.",39f38ddb450c81b78334f6339bbcab43,done,https://www.energiewende-linz.at/mission-statement,,,,done,public,True,True
CircusofKnowledge-39f38ddb450c816785fbeda769e5ea8e,39f38ddb450c816785fbeda769e5ea8e,notion,Circus of Knowledge,Zirkus des Wissens,Organization,,AT Austria,"The Circus of Knowledge (JKU Linz) combines science, technology, art and creativity through interactive workshops, performances and events. It inspires people of all ages to explore new ideas, develop skills and learn in a fun and engaging way.","Der Zirkus des Wissens (JKU Linz) verbindet Wissenschaft, Technologie, Kunst und Kreativität durch interaktive Workshops, Performances und Veranstaltungen. Er inspiriert Menschen jeden Alters dazu, neue Ideen zu entdecken, Fähigkeiten zu entwickeln und auf unterhaltsame und ansprechende Weise zu lernen.",39f38ddb450c81b0a3a3d33be28350f5; dec38ddb450c832fb6d901f9e7afa93c,done,https://www.jku.at/zirkus-des-wissens/,,,,done,public,True,True
JosephHerscher-39f38ddb450c81dca5d7e68596bf5589,39f38ddb450c81dca5d7e68596bf5589,notion,Joseph Herscher,,Person,he/him,NZ New Zealand,"Joseph Herscher, the creator of Joseph’s Machines, has captivated a global audience with his imaginative Rube Goldberg-style inventions that transform everyday tasks into unexpected moments of creativity and engineering. With 500 million monthly views and over 18 million subscribers across YouTube and other social media platforms, Joseph’s highly shareable content has become a destination for families, educators and fans of STEM-inspired entertainment.","Joseph’s Machines, geschaffen von Joseph Herscher, begeistert ein weltweites Publikum mit einfallsreichen Erfindungen im Stil von Rube-Goldberg-Maschinen. Sie verwandeln alltägliche Aufgaben in unerwartete Momente voller Kreativität und Erfinder*innengeist. Mit 500 Millionen monatlichen Views und über 18 Millionen Abonnent*innen auf YouTube und Social Media ist sein Content zu einer Anlaufstelle für Familien, Lehrende und Fans von STEM-inspirierter Unterhaltung geworden.",39f38ddb450c81488ec9eb68e9702ef8,done,https://www.josephsmachines.com,https://www.instagram.com/josephsmachines,,,done,public,True,True
AdrienLucca-39f38ddb450c81a1b3a1d83d1350cebf,39f38ddb450c81a1b3a1d83d1350cebf,notion,Adrien Lucca,,Person,he/him,FR France,"Adrien Lucca (b. 1983, Paris) is a visual artist based in Brussels. Since 2009, his work has investigated colour and light at the intersection of art, physics, perception and biology. He develops custom optical and lighting technologies to create installations, paintings and monumental public artworks that transform how colour is perceived. His recent research focuses on non-human visual worlds and the ecological effects of artificial light.","Adrien Lucca (*1983 in Paris) ist ein bildender Künstler und lebt in Brüssel. Seit 2009 untersucht er Farbe und Licht an der Schnittstelle von Kunst, Physik, Wahrnehmung und Biologie. Er entwickelt eigene optische und lichttechnische Verfahren für Installationen, Gemälde und monumentale Kunstwerke im öffentlichen Raum, die unsere Wahrnehmung von Farbe verändern. Seine jüngste Forschung konzentriert sich auf visuelle Welten nichtmenschlicher Lebewesen und die ökologischen Auswirkungen künstlichen Lichts.",39f38ddb450c81029789d5dc2654f8ef; d0f38ddb450c830db8b8816298fd921d,done,https://adrienlucca.net,https://www.instagram.com/studioadrienlucca/,,,done,public,True,True
EnriqueEncinas-39f38ddb450c81a6a46af8a9dd40136c,39f38ddb450c81a6a46af8a9dd40136c,notion,Enrique Encinas,,Person,he/him,"ES Spain, NO Norway","Enrique Encinas is an associate professor of Interaction Design at the Oslo School of Architecture and Design (AHO), who teaches on AI, creative coding and interactive spaces. A design researcher working through creative, critical and collaborative practice, he has co-led projects with the European Commission’s Policy Lab, the Centre for Contemporary Culture in Barcelona (CCCB) and SpeculativeEDU. He also co-led the Ars Biologica Independent Study Program and is a researcher and curator with the Uroboros Collective and Festival.","Enrique Encinas ist Associate Professor für Interaction Design an der Oslo School of Architecture and Design (AHO) und lehrt zu KI, Creative Coding und interaktiven Räumen. Als Designforscher arbeitet er in kreativer, kritischer und kollaborativer Praxis und leitete gemeinsam mit anderen Projekte mit dem Policy Lab der Europäischen Kommission, dem Centre de Cultura Contemporània de Barcelona (CCCB) und SpeculativeEDU. Zudem war er Co-Leiter des Ars Biologica Independent Study Program und ist Forscher und Kurator beim Uroboros Collective und Festival.",39f38ddb450c81b5a2e1e4b478396502,done,,,,,done,public,True,True
IdaJahr-39f38ddb450c81e6bc24c3e4c0c2ed2a,39f38ddb450c81e6bc24c3e4c0c2ed2a,notion,Ida Jahr,,Person,she/her,NO Norway,"Ida Jahr is Deputy Director of MishMash, the Norwegian Centre for AI and Creativity, and an associate professor of English Literature and Culture at the University of Inland Norway. Her research spans American cultural history, digital culture and histories of knowledge at the intersection of culture and technology, with her current work focusing on AI and the mind-body relationship in film.","Ida Jahr ist stellvertretende Direktorin von MishMash, dem norwegischen Zentrum für KI und Kreativität, und Associate Professor für englische Literatur und Kultur an der University of Inland Norway. Ihre Forschung umfasst amerikanische Kulturgeschichte, digitale Kultur und Wissensgeschichten an der Schnittstelle von Kultur und Technologie. Aktuell arbeitet sie zu KI und dem Verhältnis von Geist und Körper im Film.",39f38ddb450c81b5a2e1e4b478396502,done,,,,,done,public,True,True
SynneTollerudBull-39f38ddb450c8143b1beec0f54687bca,39f38ddb450c8143b1beec0f54687bca,notion,Synne Tollerud Bull,,Person,she/her,NO Norway,"Synne Tollerud Bull is a visual artist, curator and writer. She is a professor and pro-dean of research at the School of Arts, Design and Media, Kristiania University College, Oslo, where she co-directs the Kristiania AI Centre. She is also co-lead of Work Package 2 at MishMash – Centre for AI and Creativity. Her recent publications include Media Seas and the Blue Humanities (2026). As one half of the artist duo Bull.Miletic, she has exhibited at the Venice Biennale and Henie Onstad Kunstsenter.","Synne Tollerud Bull ist bildende Künstlerin, Kuratorin und Autorin. Sie ist Professorin und Prodekanin für Forschung an der School of Arts, Design and Media des Kristiania University College in Oslo, wo sie das Kristiania AI Centre mitleitet. Zudem ist sie Co-Leiterin des Work Package 2 am MishMash – Centre for AI and Creativity. Zu ihren jüngsten Publikationen zählt Media Seas and the Blue Humanities (2026). Als Teil des Künstler*innenduos Bull.Miletic stellte sie unter anderem bei der Biennale di Venezia und im Henie Onstad Kunstsenter aus.",39f38ddb450c81b5a2e1e4b478396502,done,,,,,done,public,True,True
BudhadityaChattopadhyay-39f38ddb450c819dbe85c0c76ffa8c61,39f38ddb450c819dbe85c0c76ffa8c61,notion,Budhaditya Chattopadhyay,,Person,"he/him, they/them","IN India, NO Norway","Budhaditya Chattopadhyay is an artist, researcher, writer and associate professor at the Art Academy, Department of Contemporary Art, University of Bergen (KMD). He leads Work Package 2, in the MishMash Centre for AI and Creativity, and is the author of five books, including The Nomadic Listener (2020), The Auditory Setting (2021) and Sound Practices in the Global South (2022). His work addresses themes such as the environment and ecology, and migration and decoloniality through sound, listening and media.","Budhaditya Chattopadhyay ist Künstler, Forscher, Autor und Associate Professor an der Art Academy – Department of Contemporary Art der University of Bergen (KMD). Er leitet Work Package 2 im MishMash Centre for AI and Creativity und hat fünf Bücher veröffentlicht, darunter The Nomadic Listener (2020), The Auditory Setting (2021) und Sound Practices in the Global South (2022). Seine Arbeit verhandelt Umwelt und Ökologie, Migration und Dekolonialität über Sound, Hören und Medien.",39f38ddb450c81b5a2e1e4b478396502,done,,,,,done,public,True,True
JonMariusAareskjold-Drecker-39f38ddb450c813b98b5f864323c9de8,39f38ddb450c813b98b5f864323c9de8,notion,Jon Marius Aareskjold-Drecker,,Person,he/him,NO Norway,Jon Marius Aareskjold-Drecker is an associate professor of Music Technology at UiT – The Arctic University of Norway and a principal lecturer in Music Production at the University of Oslo. His background is in international music production and he creates and uses AI for granular tasks in 3D composition and music production. He sits on the leadership team of WP5 in MishMash.,Jon Marius Aareskjold-Drecker ist Associate Professor für Musiktechnologie an der UiT – The Arctic University of Norway und Principal Lecturer für Musikproduktion an der Universität Oslo. Er verfügt über internationale Erfahrung in der Musikproduktion und entwickelt und nutzt KI für granulare Aufgaben in 3D-Komposition und Musikproduktion. Er gehört zum Leitungsteam von WP5 bei MishMash.,39f38ddb450c81b5a2e1e4b478396502,done,,,,,done,public,True,True
IGDemokratie-39f38ddb450c81b684efd4998ad3d0ee,39f38ddb450c81b684efd4998ad3d0ee,notion,IG Demokratie,,Organization,,AT Austria,We work on democratic deficits and how to overcome them as a society—with contemporary methods and open hearts.,"Wir setzen uns mit demokratischen Defiziten auseinander und suchen nach Wegen, sie als Gesellschaft zu überwinden – mit zeitgenössischen Ansätzen und offenen Herzen.",39f38ddb450c8186a77cd25d8dde0373,done,https://ig-demokratie.at/,https://www.instagram.com/igdemokratie,https://www.facebook.com/igdemokratie,,done,public,True,True
Owelle-3a038ddb450c819d86bef0f48762434d,3a038ddb450c819d86bef0f48762434d,notion,Owelle,,Person,she/her,CH Switzerland,"Owelle is a Geneva-based electronic music producer and live performer exploring the intersection of club culture and experimental sound. Using a hardware-based setup, she combines textured electronics, field recordings, processed vocals and spatial rhythms. Her latest live show, PST_CRP, unfolds in a fictional corporate universe where sound, scenography and performance merge, transforming the stage into a space of narrative and identity.","Owelle ist eine Genfer Produzentin elektronischer Musik und Live-Performerin, die an der Schnittstelle von Clubkultur und experimentellem Sound arbeitet. Mit einem hardwarebasierten Setup kombiniert sie vielschichtige Elektronik, Field Recordings, bearbeitete Vocals und räumliche Rhythmen. Ihre jüngste Live-Show PST_CRP entfaltet sich in einem fiktiven Konzern-Universum, in dem Klang, Szenografie und Performance verschmelzen und die Bühne in einen Raum von Narrativ und Identität verwandeln.",3a038ddb450c81b68e84e2a3c0ad3e62,done,http://www.owelle.ch,https://www.instagram.com/_owelle/,,,done,public,True,True
Structurals-3a038ddb450c810295fed9fd0a56b070,3a038ddb450c810295fed9fd0a56b070,notion,Structurals,,Group,they/them,CH Switzerland,"Structurals is a Swiss new media studio creating immersive environments through light, generative visuals and interactive technologies. Combining projection mapping, lasers, real-time systems and kinetic elements, the studio explores how light, sound and architecture transform the perception of space. Each project is developed through experimentation and site-specific approaches, fostering new ways of engaging audiences with their surroundings.","Structurals ist ein Schweizer New-Media-Studio, das mit Licht, generativen Visuals und interaktiven Technologien immersive Umgebungen schafft. Durch die Kombination von Projection Mapping, Lasern, Echtzeitsystemen und kinetischen Elementen erforscht das Studio, wie Licht, Klang und Architektur die Wahrnehmung von Raum verändern. Jedes Projekt entsteht durch Experimente und ortsspezifisches Arbeiten und eröffnet dem Publikum neue Wege, mit seiner Umgebung zu interagieren.",3a038ddb450c81b68e84e2a3c0ad3e62,done,https://www.structurals.ch/,https://www.instagram.com/structurals_/,,,done,public,True,True
SonjaBumel-3a038ddb450c81f380d0c3fa1448a984,3a038ddb450c81f380d0c3fa1448a984,notion,Sonja Bäumel,,Person,she/her,AT Austria,"Sonja Bäumel is an artist with a particular affinity for embodied art and microbes, as well as an artistic researcher and arts-based educator. Her art practice explores the “in-between” of bodies and the environment. Through transdisciplinary collaborations, she explores the cultural and perceptual dimensions of bodies with the intent of redefining our relationship to spheres of seemingly invisible life. Sonja is a senior artist in the Department of Textiles at the University of Applied Arts Vienna.","Sonja Bäumel ist Künstlerin mit einer besonderen Affinität zu verkörperter Kunst und Mikroben sowie künstlerische Forscherin und kunstbasierte Vermittlerin. Ihre künstlerische Praxis erforscht das “Dazwischen” von Körpern und Umwelt. Durch transdisziplinäre Kollaborationen untersucht sie die kulturellen und wahrnehmungsbezogenen Dimensionen von Körpern mit dem Ziel, unsere Beziehung zu scheinbar unsichtbaren Lebenssphären neu zu definieren. Sonja ist Senior Artist am Institut für Textil an der Universität für angewandte Kunst Wien.",3a038ddb450c81f9bdbddec916b1cdbd,done,https://sonjabaeumel.at/,,,,done,public,True,True
LudwigBoltzmannInstituteforScienceOutreachandPandemicPreparednessLBISOAP-3a038ddb450c810f8934da8a43e0b61f,3a038ddb450c810f8934da8a43e0b61f,notion,Ludwig Boltzmann Institute for Science Outreach and Pandemic Preparedness (LBI SOAP),,Organization,,AT Austria,"The Ludwig Boltzmann Institute for Science Outreach and Pandemic Preparedness (LBI SOAP), hosted at the Medical University of Vienna, advances interdisciplinary research at the intersection of virology, public engagement and pandemic preparedness. By combining scientific excellence with science outreach and community participation, the institute strengthens societal resilience and fosters new approaches to understanding, preventing and responding to future infectious disease outbreaks.","Das Ludwig Boltzmann Institute for Science Outreach and Pandemic Preparedness (LBI SOAP), angesiedelt an der Medizinischen Universität Wien, treibt interdisziplinäre Forschung an der Schnittstelle von Virologie, Wissenschaftskommunikation und Pandemievorsorge voran. Durch die Verbindung wissenschaftlicher Exzellenz mit Wissenschaftsvermittlung und gesellschaftlicher Beteiligung stärkt das Institut die gesellschaftliche Resilienz und fördert neue Ansätze zum Verständnis, zur Prävention und zur Reaktion auf künftige Ausbrüche von Infektionskrankheiten.",3a038ddb450c81f9bdbddec916b1cdbd,done,https://soap.lbg.ac.at/,,,,done,public,True,True
BrigittaMuntendorf-3a038ddb450c800cbabad17d7390d9fb,3a038ddb450c800cbabad17d7390d9fb,notion,Brigitta Muntendorf,,Person,she/her,"AT Austria, DE Germany","German-Austrian composer Brigitta Muntendorf creates large-format works spanning music, dance theatre and 3D-sound art. Recent pieces include ARCHIPEL (Ruhrtriennale, 2021), MELENCOLIA (Bregenzer Festspiele, 2022), and ORBIT – A War Series (Biennale di Venezia, 2023). She has won the Ernst von Siemens Young Composer's Prize, GEMA's Young Music Authors Award, and the 2023 German Record Critics' Award. Professor of composition in Cologne since 2018, she became artistic director of KunstFestSpiele Herrenhausen in 2026.","Die Komponistin Brigitta Muntendorf schafft großformatige Werke zwischen Musik, Tanztheater und 3D-Sound Art. Dazu zählen ARCHIPEL (Ruhrtriennale, 2021), MELENCOLIA (Bregenzer Festspiele, 2022) und ORBIT – A War Series (Biennale di Venezia, 2023). Sie erhielt Förderpreise der Ernst von Siemens Musikstiftung und der GEMA und 2023 den Preis der deutschen Schallplattenkritik. Seit 2018 ist sie Professorin für Komposition in Köln, seit 2026 künstlerische Leiterin der KunstFestSpiele Herrenhausen.",3b338ddb450c806aa9a8cfda0bec4d2d,done,,,,,done,public,True,True
WolframStarczewski-3a038ddb450c8190ae42fc522832c33d,3a038ddb450c8190ae42fc522832c33d,notion,Wolfram Starczewski,,Person,he/him,AT Austria,"Wolfram Starczewski was born in Germany, grew up on the North Sea coast and has lived in Linz for over 20 years. After studying languages in Italy and directing in Hamburg, he worked at theaters in both Germany and abroad, taught at the University of Passau and became a licensed tour guide. For the past 15 years, he has created tours that connect architecture, history and culture, designed to show Linz from unexpected perspectives.","Wolfram Starczewski wurde in Deutschland geboren, wuchs an der Nordseeküste auf und lebt seit über 20 Jahren in Linz. Nach einem Sprach-Studium in Italien und einem Regie-Studium in Hamburg arbeitete er an Theatern im In- und Ausland, lehrte an der Universität Passau und absolvierte die Ausbildung zum staatlich geprüften Fremdenführer. Seit 15 Jahren entwickelt er Führungen, die Architektur, Geschichte und Kultur verbinden und Linz aus unerwarteten Perspektiven zeigen.",3a038ddb450c81968a8adf47639794a6; ae438ddb450c83c1998981764e7f6f81,done,https://linzerleben.at,https://www.instagram.com/tourguidewolf/,https://www.facebook.com/p/TourGuide-Wolf-100065418792149/,,done,public,True,True
DomesticDataStreamers-3a238ddb450c81ccb05bf49c8b4f8537,3a238ddb450c81ccb05bf49c8b4f8537,notion,Domestic Data Streamers,,Organization,,ES Spain,"Domestic Data Streamers is a Barcelona-based collective that transforms data into participatory experiences, installations and performances. Working across the fields of art, design, science and technology, they develop new ways of making complex information tangible, emotional and accessible. Their projects have been presented internationally in museums, festivals, public spaces and cultural institutions.","Domestic Data Streamers ist ein Kollektiv aus Barcelona, das Daten in partizipative Erlebnisse, Installationen und Performances verwandelt. Tätig in den Bereichen Kunst, Design, Wissenschaft und Technologie entwickelt es neue Wege, komplexe Informationen greifbar, emotional erfahrbar und zugänglich zu machen. Seine Projekte wurden international in Museen, auf Festivals, im öffentlichen Raum und in Kultureinrichtungen präsentiert.",3a238ddb450c8181b372cef14fb5fd53,done,https://www.domesticstreamers.com/,,,,done,public,True,True
Elctrico28-3a238ddb450c812ca3a3c673d7a06eda,3a238ddb450c812ca3a3c673d7a06eda,notion,Eléctrico 28,,Organization,,"AT Austria, ES Spain","Eléctrico 28 is a Barcelona-based performing arts collective that creates site-specific and participatory experiences in public spaces. Blending theater, play and urban exploration, their works invite audiences to rediscover everyday environments through imagination, interaction and shared perspectives. Since 2013, they have presented their productions at a variety of festivals and cultural institutions across Europe and beyond.","Eléctrico 28 ist ein in Barcelona ansässiges Performancekollektiv, das ortsspezifische und partizipative Formate im öffentlichen Raum entwickelt. Seine Arbeiten verbinden Theater, Spiel und urbane Erkundung und laden das Publikum dazu ein, alltägliche Umgebungen durch Imagination, Interaktion und geteilte Perspektiven neu zu entdecken. Seit 2013 präsentiert das Kollektiv seine Produktionen auf zahlreichen Festivals und in Kulturinstitutionen in Europa und darüber hinaus.",3a238ddb450c8181b372cef14fb5fd53,done,https://www.electrico28.org/,https://www.instagram.com/electrico28theatercollective,,,done,public,True,True
NathalieKronberger-3a338ddb450c81e8ac37eda966bdfcc1,3a338ddb450c81e8ac37eda966bdfcc1,notion,Nathalie Kronberger,,Person,she/her,AT Austria,"Nathalie Kronberger is an Austrian media artist based in Linz who specializes in interactive experiences at the intersection of digital design and physical computing. She often explores how digital systems can be translated into tangible, physical interactions, inviting the audience to engage actively with her work.","Nathalie Kronberger ist eine österreichische Medienkünstlerin und lebt in Linz. Sie entwickelt interaktive Erfahrungen an der Schnittstelle von digitalem Design und Physical Computing. Sie untersucht häufig, wie sich digitale Systeme in greifbare, physische Interaktionen übersetzen lassen, und lädt das Publikum dazu ein, ihre Arbeiten aktiv zu erkunden.",3a438ddb450c8128b29ced964e56832b,done,https://nathaliekronberger.com,https://www.instagram.com/nathalie.kronberger,,https://www.linkedin.com/in/nathalie-kronberger-0b7696226,done,public,True,True
AnneDaebeler-3a338ddb450c814c9220ee6628321b45,3a338ddb450c814c9220ee6628321b45,notion,Anne Daebeler,,Person,she/her,DE Germany,"Dr. Anne Daebeler is the head of the Microbes CaN Cycle Lab at the Institute of Soil Biology and Biogeochemistry within the Biology Centre of the Czech Academy of Sciences. Her work focuses on the impact of microorganisms on global change and vice versa. She analyzes how these invisible, omnipresent organisms both accelerate and decelerate one of the largest crises we face today.","Anne Daebeler leitet das Microbes CaN Cycle Lab am Institut für Bodenbiologie und Biogeochemie des Biologiezentrums der Tschechischen Akademie der Wissenschaften. Ihre Arbeit widmet sich dem Einfluss von Mikroorganismen auf den globalen Wandel und vice versa. Sie untersucht, wie diese unsichtbaren, allgegenwärtigen Organismen eine der größten Krisen unserer Zeit zugleich beschleunigen und verlangsamen.",3a338ddb450c8152b070dba10c23ca88; 39138ddb450c804abf9fc043ea1c25a0,done,https://microbescancycle.wordpress.com/people/anne/,,,,done,public,True,True
MagdalenaWutkowska-3a338ddb450c8171aff0f2c914fe7f9b,3a338ddb450c8171aff0f2c914fe7f9b,notion,Magdalena Wutkowska,,Person,she/her,PL Poland,"Dr. Magdalena Wutkowska works as a postdoctoral researcher in the Microbes CaN Cycle Lab at the Institute of Soil Biogeochemistry at the Biology Centre of the Czech Academy of Sciences. Her research focuses on the responses of microbes when faced with changes in their environments, such as climate change. She also pursues her visual practice by using experimental and documentary photography techniques to explore the relationship of humans with the environment.","Dr. Magdalena Wutkowska arbeitet als Postdoc im Microbes CaN Cycle Lab am Institut für Bodenbiogeochemie im Biologiezentrum der Tschechischen Akademie der Wissenschaften. Ihre Forschung untersucht, wie Mikroben auf Veränderungen in ihrer Umwelt, etwa auf den Klimawandel, reagieren. Parallel dazu verfolgt sie eine eigene visuelle Praxis: Mit experimenteller und dokumentarischer Fotografie erforscht sie die Beziehung zwischen Mensch und Umwelt.",3a338ddb450c8152b070dba10c23ca88; 39138ddb450c804abf9fc043ea1c25a0,done,https://microbescancycle.wordpress.com/people/magda/,,,,done,public,True,True
vvvvgroup-3a338ddb450c81b68d0fc70d40798da4,3a338ddb450c81b68d0fc70d40798da4,notion,vvvv group,,Group,they/them,DE Germany,"vvvv is a visual live-programming environment with a focus on creating large-scale interactive installations. Known for its engaging community, it is one of the most popular environments among digital and media artists, many of whom realize their work though the use of this software.","vvvv ist eine visuelle Live-Programmierumgebung mit Fokus auf die Entwicklung großformatiger interaktiver Installationen. Bekannt für seine engagierte Community, zählt es zu den beliebtesten Umgebungen unter Digital- und Medienkünstler*innen, von denen viele ihre Arbeiten mithilfe dieser Software realisieren.",3a338ddb450c8193b667deec448c483f; 3bb38ddb450c81698f6aeb815a7a866d,done,https://vvvv.org/,,,https://www.linkedin.com/company/vvvv-group/posts/?feedView=all,done,public,True,True
MashaZolotova-3a438ddb450c804180dcef0a84ff3c66,3a438ddb450c804180dcef0a84ff3c66,notion,Masha Zolotova,,Person,she/her,"AT Austria, RU Russia","Masha Zolotova is the Head of European Collaboration at Ars Electronica. Her interests lie in interdisciplinary and collaborative projects, particularly in how they open up new perspectives and intersect with ecological and social systems. She holds a joint Master's degree in Media Arts Cultures from Danube University Krems, Aalborg University, and the University of Łódź. Before joining Ars Electronica in 2022, she worked as a researcher and producer at various institutions including ZKM and Laboratoria Art&Science Foundation.",,39c38ddb450c80c295b7edef2533d8eb; 39c38ddb450c805ab52ddb607d9a503a; 39138ddb450c80b39c11c0f58a6f5bd1; 38338ddb450c80b394f8d7c836a5ba35,done,,,,,done,public,True,True
TheaterPhnix-3a438ddb450c8186ba35ef667adaa1f6,3a438ddb450c8186ba35ef667adaa1f6,notion,Theater Phönix,Theater Phönix,Organization,,AT Austria,"Founded in 1989, Theater Phönix is one of Austria’s leading independent theaters, with three performance venues. Alongside staging innovative interpretations and adaptations of classical works and contemporary drama, the theatre is committed to supporting and collaborating with contemporary playwrights and Austrian artists.",Das seit 1989 bestehende Theater Phönix ist mit seinen drei Spielstätten eine der wichtigsten freien Bühnen Österreichs. Neben innovativen Interpretationen und Bearbeitungen von klassischen Stoffen und Stücken sowie Gegenwartsdramatik ist die Förderung von und die Zusammenarbeit mit zeitgenössischen Autor*innen und heimischen Künstler*innen ein großes Anliegen.,3a438ddb450c815b86c2fdf215c03054,done,https://www.theater-phoenix.at,https://www.instagram.com/theater.phoenix/,https://www.facebook.com/theaterphoenixlinz,,done,public,True,True
AlisaMartynova-3a438ddb450c80139886e42b167f3d6f,3a438ddb450c80139886e42b167f3d6f,notion,Alisa Martynova,,Person,she/her,RU Russia,"Alisa Martynova (b. 1994) is an artist and documentary photographer based in Florence, Italy. A Leica ambassador since 2019, her work explores identity, migration, perception and technology. She is a World Press Photo winner (2021) and recipient of the Canon Young Photographers Award (2019), LensCulture Emerging Talent Award (2023), Royal Photographic Society Documentary Photography Award (2023) and the Italian Ministry of Culture’s Strategia Fotografia grant (2025).","Alisa Martynova (*1994) ist Künstlerin und Dokumentarfotografin mit Wohnsitz in Florenz, Italien. Seit 2019 ist sie Leica-Botschafterin. In ihrer Arbeit setzt sie sich mit Fragen von Identität, Migration, Wahrnehmung und Technologie auseinander. Sie ist Gewinnerin des World Press Photo Awards (2021) sowie Trägerin des Canon Young Photographers Award (2019), des LensCulture Emerging Talent Award (2023), des Royal Photographic Society Documentary Photography Award (2023) und des Förderprogramms Strategia Fotografia des italienischen Kulturministeriums (2025).",3a438ddb450c8093b831d6c2812fe11a; 3a538ddb450c80e4bc19d778b32f6d74,done,https://www.alisamartynova.com,https://www.instagram.com/alisamartynova_/,,,done,public,True,True
KunstvereinGalerieZLOWGruppe-3a438ddb450c81a8b7ddc3f70c6d3c0d,3a438ddb450c81a8b7ddc3f70c6d3c0d,notion,Kunstverein Galerie ZÜLOW Gruppe,,Organization,,AT Austria,The ZÜLOW Gruppe is a non-profit association of artists based in Linz. It was founded in 1955 as the Mühlviertler Künstlergilde and has carried its current name since 1973.,Die ZÜLOW Gruppe ist eine gemeinnützige Vereinigung von Künstler*innen mit Sitz in Linz. Sie wurde 1955 als Mühlviertler Künstlergilde gegründet und trägt seit 1973 ihren heutigen Namen.,3a438ddb450c81fc8cc3c1523e2d1cd1,done,https://www.zuelow.co.at,,,,done,public,True,True
JAJACKMOVEMENT-3a538ddb450c80c98009c8c4a72eeac3,3a538ddb450c80c98009c8c4a72eeac3,notion,JAJACK MOVEMENT,,Group,they/them,KR South Korea,"JAJACK MOVEMENT creates contemporary works rooted in traditional Korean dance, guided by the values of intellect, passion and purity. Led by choreographer Kim Yumi, the company reinterprets Korean dance heritage through a contemporary lens. Since being named the Arts Council Korea’s Work of the Year in 2021, it has toured internationally, earning acclaim from The Stage and The Guardian at the 2024 Edinburgh Festival Fringe and receiving the Honorary Citizen Award and Artist Award at the 2025 Festival Internacional Cervantino in Mexico.","JAJACK MOVEMENT entwickelt zeitgenössische Arbeiten, die im traditionellen koreanischen Tanz verwurzelt sind und von den Werten Intellekt, Leidenschaft und Klarheit geprägt werden. Unter der Leitung der Choreografin Kim Yumi interpretiert die Compagnie das koreanische Tanzerbe aus einer zeitgenössischen Perspektive neu. Seit sie 2021 vom Arts Council Korea zum Work of the Year gewählt wurde, gastiert sie international. Beim Edinburgh Festival Fringe 2024 erhielt sie Anerkennung von The Stage und The Guardian; beim Festival Internacional Cervantino 2025 in Mexiko wurde sie mit dem Honorary Citizen Award und dem Artist Award ausgezeichnet.",39d38ddb450c8148aa6de01eede743e2,done,https://www.youtube.com/@jajack5829,https://www.instagram.com/_jajack._.movement_/,,,done,public,True,True
AnnaMinta-3a538ddb450c81f2a369fb911f8a4921,3a538ddb450c81f2a369fb911f8a4921,notion,Anna Minta,,Person,she/her,DE Germany,"Anna Minta is Professor and Head of the Institute of History and Theory of Architecture at the Catholic Private University Linz. Trained in art history, she explores the intersections of architecture, art, religion and politics. Her research focuses on sacred spaces, modern sacralization and how architecture shapes cultural and national identities. Drawing on socio-spatial theory, she examines how the built environment reflects and negotiates social, political and religious imaginaries.","Anna Minta ist Professorin und Institutsvorständin für Geschichte und Theorie der Architektur an der Katholischen Privat-Universität Linz. Die Kunsthistorikerin erforscht die Schnittstellen von Architektur, Kunst, Religion und Politik. Ihre Schwerpunkte sind Sakralräume, moderne Sakralisierung und die Frage, wie Architektur kulturelle und nationale Identitäten prägt. Auf Basis sozialräumlicher Theorien untersucht sie, wie Gebautes soziale, politische und religiöse Vorstellungswelten verhandelt.",3a538ddb450c81539ebcfafd0173fea9,done,https://ku-linz.at/kunstwissenschaft/institute/institut_fuer_geschichte_und_theorie_der_architektur/personen?tx_persons_personlist%5Baction%5D=show&tx_persons_personlist%5Bcontroller%5D=Person&tx_persons_personlist%5Bperson%5D=65,,,,done,public,True,True
BerndZiegler-3a538ddb450c81429ef7d4c22908d73d,3a538ddb450c81429ef7d4c22908d73d,notion,Bernd Ziegler,,Person,he/him,DE Germany,"Bernd Ziegler is Assistant Professor at the Institute of Religious Education at the Catholic Private University Linz. Trained as a secondary school teacher, he studied at Ludwig Maximilian University of Munich, where he completed his PhD in Educational Science in 2019. He later earned a Doctorate in Theology in Linz. His research focuses on political issues in religious education, global learning and education for sustainable development.","Bernd Ziegler ist Assistenzprofessor am Institut für Religionspädagogik der Katholischen Privat-Universität Linz. Nach der Ausbildung zum Lehrer für die Sekundarstufe studierte er an der Ludwig-Maximilians-Universität München, wo er 2019 in Erziehungswissenschaft promovierte. Später folgte ein Doktorat in Theologie in Linz. Seine Forschung befasst sich mit politischen Fragen der Religionspädagogik, globalem Lernen und Bildung für nachhaltige Entwicklung.",3a538ddb450c81539ebcfafd0173fea9,done,https://ku-linz.at/theologie/institute/katechetik_religionspaedagogik_und_paedagogik/personen?tx_persons_personlist%5Baction%5D=show&tx_persons_personlist%5Bcontroller%5D=Person&tx_persons_personlist%5Bperson%5D=331,,,,done,public,True,True
IlariaHoppe-3a538ddb450c8190a52bf8bf0afa7116,3a538ddb450c8190a52bf8bf0afa7116,notion,Ilaria Hoppe,,Person,she/her,DE Germany,"Ilaria Hoppe is Professor of Art History at the Catholic Private University Linz, where she has led the Institute for Art in Contemporary Contexts and Media since 2016. She teaches art and visual culture from the early modern period to the present. Her research focuses on urban art, gender studies and early modern art and culture, particularly in relation to Italy and broader European contexts.","Ilaria Hoppe ist Professorin für Kunstgeschichte an der Katholischen Privat-Universität Linz, wo sie seit 2016 das Institut für Kunst in gegenwärtigen Kontexten und Medien leitet. Sie lehrt Kunst und visuelle Kultur von der Frühen Neuzeit bis zur Gegenwart. Ihre Forschungsschwerpunkte liegen auf Urban Art, Gender Studies sowie Kunst und Kultur der Frühen Neuzeit, insbesondere mit Bezug auf Italien und weitere europäische Kontexte.",3a538ddb450c81fb9082cea8161fdb76,done,http://ku-linz.at/kunstwissenschaft/hoppe,,,,done,public,True,True
MartinKoci-3a538ddb450c81d7b046e8943a413a85,3a538ddb450c81d7b046e8943a413a85,notion,Martin Koci,,Person,he/him,CZ Czechia,Martin Koci is assistant professor at the Institute for Fundamental Theology and Dogmatics at KU Linz. His research focuses on the theological turns in contemporary continental philosophy and Christianity in a postmodern context. He is the author of Christianity after Christendom: Heretical Perspectives in Philosophical Theology (Bloomsbury 2023). Martin lives with his wife and their three children in Vienna.,Martin Koci ist Assistenzprofessor am Institut für Fundamentaltheologie und Dogmatik an der KU Linz. Sein Forschungsschwerpunkt liegt auf den theologischen Wendungen in der zeitgenössischen kontinentalen Philosophie sowie auf dem Christentum im postmodernen Kontext. Er ist Autor von Christianity after Christendom: Heretical Perspectives in Philosophical Theology (Bloomsbury 2023). Martin lebt mit seiner Frau und ihren drei Kindern in Wien.,3a538ddb450c81fb9082cea8161fdb76,done,https://ku-linz.at/theologie/institute/fundamentaltheologie_und_dogmatik/personen/356,,,,done,public,True,True
ElisabethFalkensteiner-3a538ddb450c81e3ba7aeeec516abb8f,3a538ddb450c81e3ba7aeeec516abb8f,notion,Elisabeth Falkensteiner,Elisabeth Falkensteiner,Person,she/her,IT Italy,"Elisabeth Falkensteiner is a curator and Co-Director of the Angewandte Interdisciplinary Lab (AIL). As both an independent curator and in her work at AIL, her practice operates at the intersection of visual art, sound, media and critical discourse. She creates spaces where sensory experience and critical reflection converge. At AIL she is responsible for the conception and mediation of research-based art projects across a range of formats, including exhibitions, performances and lectures.","Elisabeth Falkensteiner ist Kuratorin und Co-Leiterin am Angewandte Interdisciplinary Lab (AIL). Als freischaffende Kuratorin und in ihrer Arbeit am AIL bewegt sich ihre Praxis an der Schnittstelle von bildender Kunst, Klang, Medien und kritischem Diskurs. Sie schafft Räume, in denen sinnliche Erfahrung und kritisches Denken aufeinandertreffen. Im AIL ist sie für die Konzeption und Vermittlung forschungsbasierter Kunstprojekte verantwortlich – darunter Ausstellungen, Performances und Lectures.",3a538ddb450c815ab48dcf98c8f1f5bb; 19138ddb450c824ba1fc012899fb469a,done,https://ail.angewandte.at,https://www.instagram.com/misonica_li/,,,done,public,True,True
PaintingsGalleryoftheAcademyofFineArtsVienna-3a538ddb450c80178067f78f6485025d,3a538ddb450c80178067f78f6485025d,notion,Paintings Gallery of the Academy of Fine Arts Vienna,Gemäldegalerie der Akademie der bildenden Künste Wien,Organization,,AT Austria,"Away from the main tourist crowds, the Paintings Gallery of the Academy of Fine Arts offers a first-rate overview of European painting history: visitors can discover Hieronymus Bosch’s terrifying visions of the apocalypse, the highlights of 17th-century Dutch and Flemish art featuring Rembrandt, Ruysch, Rubens, van Dyck and Jordaens, as well as Italian masterpieces by Titian, Tiepolo and Guardi. The history of the Vienna Academy is also represented by remarkable works from around 1800.","Die Gemäldegalerie der Akademie der bildenden Künste bietet abseits vom breiten Touristenstrom einen hochkarätigen Querschnitt durch die Malereigeschichte Europas: zu entdecken gilt es die erschreckenden Endzeit-Visionen von Hieronymus Bosch, die Glanzlichter des holländischen und flämischen 17. Jahrhunderts mit Rembrandt, Ruysch, Rubens, van Dyck und Jordaens sowie italienische Meisterwerke von Tizian, Tiepolo und Guardi. Die Geschichte der Wiener Akademie wird zudem durch bemerkenswerte Werke aus der Zeit um 1800 repräsentiert.",39238ddb450c814ea5f9f798db70295c,done,https://www.kunstsammlungenakademie.at,https://www.instagram.com/kunstsammlungenakademievienna/,https://www.facebook.com/kunstsammlungenderakademiederbildendenkuenstewien,,done,public,True,True
AlisonWinch-3a538ddb450c8109b7e8cf96eaeb05e4,3a538ddb450c8109b7e8cf96eaeb05e4,notion,Alison Winch,,Person,she/her,GB United Kingdom,"Alison Winch is an academic and poet. She has published on gender, branding and digital media. She co-authored The New Patriarchs of Digital Capitalism: Celebrity Tech Founders and Networks of Power (Routledge, 2021), and she has a new book on the subject of platforms and the promotional industries forthcoming.","Alison ist Wissenschaftlerin und Poetin. Sie hat zu Gender, Branding und digitalen Medien publiziert. Sie ist Co-Autorin von The New Patriarchs of Digital Capitalism: Celebrity Tech Founders and Networks of Power (Routledge 2021). Ein weiteres Buch über Plattformen und die Werbeindustrie erscheint demnächst.",39c38ddb450c80e0a8b3ea747d2b746a; 39c38ddb450c80329f00f61c3443fa03,done,https://www.gold.ac.uk/media-communications/people/winch-alison/,,,,done,public,True,True
CarlosZorrilla-Pia-3a638ddb450c81fd91f5d47b5b08c59c,3a638ddb450c81fd91f5d47b5b08c59c,notion,Carlos Zorrilla-Piña,,Person,he/him,MX Mexico,"Carlos Zorrilla Piña is Assistant Professor at the Institute for the History of Philosophy at the Catholic Private University Linz. He studied philosophy at the National Autonomous University of Mexico (UNAM) and earned his MA and PhD at Emory University with a dissertation on ground and matter in classical German philosophy. His research focuses on German Idealism, especially F.W.J. Schelling, and contemporary questions of metaphysics and materiality.","Carlos Zorrilla Piña ist Assistenzprofessor am Institut für Geschichte der Philosophie der Katholischen Privat-Universität Linz. Er studierte Philosophie an der Nationalen Autonomen Universität von Mexiko (UNAM) und absolvierte sein Master- und Doktoratsstudium an der Emory University mit einer Dissertation über Boden und Materie in der klassischen deutschen Philosophie. Seine Forschungsschwerpunkte sind der Deutsche Idealismus, insbesondere F. W. J. Schelling, sowie gegenwärtige Fragen der Metaphysik und Materialität.",3a638ddb450c813f80b9d442a695ce2d,done,,,,,done,public,True,True
ChiaraJuriatti-3a638ddb450c8129ad98c8853959b28c,3a638ddb450c8129ad98c8853959b28c,notion,Chiara Juriatti,,Person,she/her,AT Austria,"Chiara Juriatti is an art historian and editor based in Vienna. She completed her master’s in Contemporary Art in a Global Perspective at Leiden University. Since 2023, she has been a university assistant and PhD candidate at the Catholic Private University Linz, where she researches biodesign and living beings in contemporary fashion. She is also the art historical researcher at the Karl Max Kessler Archive.","Chiara Juriatti ist Kunsthistorikerin und Redakteurin und lebt in Wien. Ihr Masterstudium in Contemporary Art in a Global Perspective absolvierte sie an der Universität Leiden. Seit 2023 ist sie Universitätsassistentin und Doktorandin an der Katholischen Privat-Universität Linz, wo sie zu Biodesign und lebenden Organismen in der zeitgenössischen Mode forscht. Zudem ist sie kunsthistorische Mitarbeiterin im Karl Max Kessler Archiv.",3a638ddb450c813f80b9d442a695ce2d,done,,,,,done,public,True,True
Wim-3a638ddb450c8097a009f9317932affa,3a638ddb450c8097a009f9317932affa,notion,Wim,,,he/him,"DE Germany, GR Greece","Wim is a Greek-born dog artist based in Berlin and Linz. His practice centers on olfactory research: sniffing out interesting smells and conducting extensive fieldwork in green spaces. Off duty, he is a devoted companion who has never once refused a cuddle. At Ars Electronica Festival 2026, Wim serves as lead dog for Dog's Nose, a project by Maki Ueda and the Civic Creative Base Tokyo [CCBT].","Wim ist ein in Griechenland geborener Hunde-Künstler mit Sitz in Berlin und Linz. Seine Praxis konzentriert sich auf olfaktorische Forschung: Er erschnüffelt interessante Gerüche und betreibt ausgiebige Feldforschung in Grünanlagen. Außer Dienst ist er ein treuer Begleiter, der noch nie eine Streicheleinheit ausgeschlagen hat. Beim Ars Electronica Festival 2026 fungiert Wim als Leithund für Dog's Nose, ein Projekt von Maki Ueda und der Civic Creative Base Tokyo [CCBT].",38f38ddb450c81778164c1b8b95920c4,done,,,,,done,public,True,True
YoichiroKawaguchi-3a638ddb450c808ab4f4d4a22993faab,3a638ddb450c808ab4f4d4a22993faab,notion,Yoichiro Kawaguchi,Yoichiro Kawaguchi,Person,he/him,JP Japan,"Yoichiro Kawaguchi is a pioneering computer graphics artist, a professor emeritus at the University of Tokyo and a Person of Cultural Merit in Japan. Since 1975, he has spent more than 50 years exploring the frontier where art, science, technology and life converge. From the beginning, Kawaguchi has never regarded the computer merely as a machine for reproducing visible reality. He has approached it as an environment in which new forms of life can emerge. Inspired by the mathematical principles of natural growth, he developed his original ""Growth Model"", generating organic structures based on the forms of plants, shells, crustaceans and marine organisms. His creations are not representations of existing species, but visions of life forms that might exist 500 million years in the future.","Yoichiro Kawaguchi ist ein wegweisender Computergrafik-Künstler, Professor Emeritus der Universität Tokio und Träger der Auszeichnung Person of Cultural Merit Japans. Seit 1975 erforscht er über mehr als fünf Jahrzehnte hinweg die Schnittstelle, an der Kunst, Wissenschaft, Technologie und Leben zusammenfinden.
Von Beginn an betrachtete Kawaguchi den Computer nicht lediglich als ein Werkzeug zur Reproduktion sichtbarer Realität. Vielmehr verstand er ihn als ein Umfeld, in dem neue Formen des Lebens entstehen können. Inspiriert von den mathematischen Prinzipien natürlichen Wachstums entwickelte er sein eigenes Growth Model, mit dem er organische Strukturen erzeugt, die sich an Pflanzen, Muscheln, Krebstieren und Meeresorganismen orientieren. Seine Werke stellen keine Abbilder existierender Arten dar, sondern Visionen von Lebensformen, die möglicherweise in 500 Millionen Jahren existieren könnten.",3a038ddb450c8171a61dc48994551e49,done,,,,,done,public,True,True
AlexandraCrasnaruDragomir-3a638ddb450c80a88760ff1657f026c8,3a638ddb450c80a88760ff1657f026c8,notion,Alexandra Crasnaru Dragomir,,Person,she/her,"DE Germany, RO Romania","Alexandra Crasnaru Dragomir is a Berlin-based cultural manager, curator and exhibition producer who works across contemporary art and culture. With a background in screenwriting, film studies and audiovisual communication, she is drawn to projects that challenge perspectives and contribute to cultural dialogue in a rapidly changing world. She works with institutions and artists across Europe, contributing to projects where art becomes a catalyst for understanding, connection and (co-)creation.","Alexandra Crasnaru Dragomir ist eine in Berlin lebende Kulturmanagerin, Kuratorin und Ausstellungsproduzentin, die im Bereich zeitgenössischer Kunst und Kultur tätig ist. Mit einem Hintergrund in Drehbuchschreiben, Filmwissenschaft und audiovisueller Kommunikation interessiert sie sich besonders für Projekte, die Perspektiven infrage stellen und zum kulturellen Dialog in einer sich rasch wandelnden Welt beitragen. Sie arbeitet mit Institutionen und Künstler*innen in ganz Europa an Projekten, in denen Kunst zum Katalysator für Verständnis, Verbindung und (Co-)Creation wird.",d0f38ddb450c830db8b8816298fd921d,done,https://projectsthatsparkjoy.com/,https://www.instagram.com/projectsthatsparkjoy?igsh=MXU2OHVleXMwMjVpeA==,,,done,public,True,True
IzPaehr-3a738ddb450c81df8a29df6bbb375f80,3a738ddb450c81df8a29df6bbb375f80,notion,Iz Paehr,,Person,they/them,DE Germany,"Iz Paehr is a disabled artist-designer working at the intersection of tactile access, technological practice, and trans*feminist world building. Rooted in access knowledge, their work engages disability as a motor for creativity. Iz develops multisensory environments, recently through a STARTS residency hosted by Ars Electronica and the Salzburg Festival Archive. Iz teaches access aesthetics at UdK Berlin and serves as guest professor at Burg Giebichenstein in the summer semester of 2026.","Iz Paehr arbeitet als behinderte Künstler*in-Designer*in an der Schnittstelle von taktiler Zugänglichkeit, technologischer Praxis und transfeministischem Worldbuilding. Ihre Arbeit basiert auf Access-Wissen und begreift Behinderung als Motor für Kreativität. Iz entwickelt multisensorische Umgebungen, zuletzt im Rahmen einer STARTS-Residency, ausgerichtet von Ars Electronica und dem Archiv der Salzburger Festspiele. Iz lehrt Access Aesthetics an der UdK Berlin und ist im Sommersemester 2026 Gastprofessor*in an der Burg Giebichenstein.",3a738ddb450c8170a7e9da48ac5eae64,done,https://izpaehr.xyz/,https://www.instagram.com/izpaehr/,,,done,public,True,True
AnnaWeiss-3a738ddb450c814999f8cae66535e389,3a738ddb450c814999f8cae66535e389,notion,Anna Weiss,,Person,she/her,"AT Austria, DE Germany","Anna Weiss is senior researcher and artist at Ars Electronica Futurelab. As a physicist by education, who is currently also studying at the University of Arts Linz, she combines her passion for science, art and experiential mediation formats. Her work focuses on developing strategies for participatory platforms and applications with long-term societal impact by combining her experience in creative future prototyping, project management and community bridge-building.","Anna Weiss ist Senior Researcher & Artist bei Ars Electronica Futurelab. Als Physikerin, derzeit zusätzlich in Ausbildung an der Kunstuniversität Linz, verbindet sie ihre Leidenschaft für Wissenschaft, Kunst und erfahrungsorientierte Vermittlungsformate: Ihre Arbeit fokussiert auf Strategieentwicklung mit langfristiger gesellschaftlicher Wirkung für partizipative Plattformen und Anwendungen. Dafür sind besonders ihre Erfahrungen im kreativen Zukunftsprototyping, Projektmanagement und dem Zusammenbringen verschiedener Communities entscheidend.",3a038ddb450c802baff1c23e87712439; 3a538ddb450c80e2ab62c6b9d025fbe4; 3a538ddb450c804dbad4ee79b9e55359; 3a538ddb450c80e4bc19d778b32f6d74; 38f38ddb450c8075ab37f052b4fd8bd0; 3a038ddb450c815b93c4e2cc25c7e8a0,done,https://ars.electronica.art/futurelab/en/weiss-anna/,,,,done,public,True,True
DominikaKolenda-3a738ddb450c8137bf5ffa5241272c61,3a738ddb450c8137bf5ffa5241272c61,notion,Dominika Kolenda,,Person,she/her,PL Poland,"Dominika Kolenda is an interdisciplinary artist, researcher and educator working across art–science, anthropology and biology. Her practice explores non-propositional knowledge through material, embodied, and poetic inquiry, engaging more-than-human relations. Graduating from Oxford University Fine Arts (2023), she has exhibited internationally, and facilitates workshops that support diverse and neurodivergent learners through adaptive, collaborative methods.","Dominika Kolenda ist interdisziplinäre Künstlerin, Forscherin und Pädagogin und arbeitet an der Schnittstelle von Kunst, Wissenschaft, Anthropologie und Biologie. Ihre Praxis erkundet nicht-propositionales Wissen durch materielle, verkörperte und poetische Untersuchungen und und setzt sich mit mehr-als-menschlichen Beziehungen auseinander. Nach ihrem Abschluss in Fine Arts an der University of Oxford (2023) stellte sie international aus. Zudem leitet sie Workshops, die diverse und neurodivergente Lernende mit adaptiven, kollaborativen Methoden unterstützen.",3a738ddb450c81698729c804e3fc5c05,done,https://dominikakolenda.com/,https://www.instagram.com/spiralvoice/,,https://www.linkedin.com/in/dominika-kolenda/,done,public,True,True
AyaJaff-3a838ddb450c81d68ac2c901117cb99a,3a838ddb450c81d68ac2c901117cb99a,notion,Aya Jaff,,Person,she/her,DE Germany,"Aya Jaff is Author of Broligarchie: Die Machtspiele der Tech-Elite und wie sie Fortschritt verhindern (Econ, 2025) and writes a biweekly column Code & Capital for Surplus Magazine. She previously founded and later exited a consultancy serving finance and tech clients.","Aya Jaff ist Autorin von Broligarchie: Die Machtspiele der Tech-Elite und wie sie Fortschritt verhindern (Econ, 2025) und schreibt für das Surplus Magazin die zweiwöchentliche Kolumne Code & Capital. Zuvor gründete sie ein Beratungsunternehmen für Kund*innen aus der Finanz- und Technologiebranche, aus dem sie sich später wieder zurückzog.",39c38ddb450c80e0a8b3ea747d2b746a; 39c38ddb450c80ecbaa6d9879d685a7b,done,,,,,done,public,True,True
DanielHaas-3a838ddb450c811c9821c7b4f68dbc9f,3a838ddb450c811c9821c7b4f68dbc9f,notion,Daniel Haas,,Person,he/him,AT Austria,"Daniel Haas–also known as Sturmherta–is a musician, sound artist and experimentalist who focuses on digital sound synthesis methods, chaotic systems and the translation of sound waves into different domains, making them visible, tangible or experienceable in other forms. He experiments with sound as a mechanical force and as a physical phenomenon in space.","Daniel Haas – auch bekannt als Sturmherta – ist Musiker, Sound Artist und Experimentalist. Im Zentrum seiner Arbeit stehen Methoden der digitalen Klangsynthese, chaotische Systeme und die Übertragung von Schallwellen in andere Bereiche, durch die sie sichtbar, spürbar oder auf andere Weise erfahrbar werden. Er experimentiert mit Klang als mechanischer Kraft und als physikalischem Phänomen im Raum.",3a838ddb450c81d09bbae010ab072b83,done,https://sturmherta.com/,https://www.instagram.com/sturmherta/,,,done,public,True,True
ClinicforOpenSourceArts-3a838ddb450c81799015e0a2776d11f7,3a838ddb450c81799015e0a2776d11f7,notion,Clinic for Open Source Arts,,Organization,,US United States,"COSA (Clinic for Open Source Arts) supports free and open-source creative digital tools by focusing on community, sustainability, access and innovation. It empowers diverse artists and contributors through mentorship, grants and conferences, ensuring that OS digital tools for creativity remain robust, inclusive and accessible.","COSA (Clinic for Open Source Arts) unterstützt freie und quelloffene digitale Kreativwerkzeuge mit einem Fokus auf Community, Nachhaltigkeit, Zugang und Innovation. COSA stärkt vielfältige Künstler*innen und Mitwirkende durch Mentoring, Förderungen und Konferenzen und sorgt dafür, dass Open-Source-Werkzeuge für kreatives Arbeiten leistungsfähig, inklusiv und zugänglich bleiben.",3a838ddb450c814694adda1fb5f190a1; 3a838ddb450c8145a55bc3a79dfd6046; 3a838ddb450c816c85dbd8ba658d933d; 3a838ddb450c81f396ddfbb621ddeaa0,done,https://clinicopensourcearts.com,,,,done,public,True,True
vvvv-3a838ddb450c81b6b3c4e77a0a1eebf7,3a838ddb450c81b6b3c4e77a0a1eebf7,notion,vvvv,,Organization,,DE Germany,"vvvv is a visual live-programming environment. It helps to build applications ranging from large-scale interactive spaces where it coordinates the synchronized output of realtime rendered 3D scenes over multiple PCs down to headless IO services ran from a Linux single-board computer. It is quick to set up, offers an easy entry point for beginners and has a lot of things a professional creative coder might be looking for in a tool.","vvvv ist eine visuelle Live-Programmierumgebung. Sie hilft beim Erstellen von Anwendungen, die von großflächigen interaktiven Räumen, in denen vvvv die synchrone Ausgabe von in Echtzeit gerenderten 3D-Szenen auf mehreren PCs koordiniert, bis hin zu Headless-IO-Services auf Linux-Single-Board-Computer reichen. Die Programmierumgebung ist schnell eingerichtet, bietet einen leichten Einstieg für Anfänger*innen und hat vieles zu bieten, wonach professionelle Creative Coder*innen in einem Tool suchen könnte.",3a838ddb450c814694adda1fb5f190a1; 3a838ddb450c81d39acadf12fbdb148f; 3a838ddb450c8145a55bc3a79dfd6046; 3a838ddb450c816c85dbd8ba658d933d; 3a838ddb450c81f396ddfbb621ddeaa0,done,https://vvvv.org,,,https://www.linkedin.com/company/vvvv-group/,done,public,True,True
SarahKriesche-3a938ddb450c817ab215ea023a6ed79f,3a938ddb450c817ab215ea023a6ed79f,notion,Sarah Kriesche,,Person,she/her,AT Austria,"Sarah Kriesche is an award-winning Austrian radio journalist and science editor at ORF Wissen. For Ö1, she produces features and documentaries on Artificial Intelligence, cybersecurity and the social impact of digital technologies. In 2026, she received the Journalism Prize for Informatics and the German Paralympic Media Award. She has also served on the Prix Ars Electronica jury.","Sarah Kriesche ist eine mehrfach ausgezeichnete österreichische Radiojournalistin und Wissenschaftsredakteurin bei ORF Wissen. Für Ö1 gestaltet sie Features und Dokumentationen über Künstliche Intelligenz, Cybersicherheit und die gesellschaftlichen Auswirkungen digitaler Technologien. 2026 wurde sie mit dem Journalistenpreis Informatik und dem Deutschen Paralympischen Medienpreis ausgezeichnet. Zudem war sie Mitglied der Jury des Prix Ars Electronica.",39c38ddb450c80e0a8b3ea747d2b746a; 39c38ddb450c808e8579db789c15d23d; 39e38ddb450c80f49144c6abade7c1d9; 39c38ddb450c80ee829afdbad8110e40,done,,,,,done,public,True,True
StudioAboveBelow-3a938ddb450c81aca272c34652481c65,3a938ddb450c81aca272c34652481c65,notion,Studio Above&Below,,Group,"he/him, she/her","DE Germany, GB United Kingdom","Studio Above&Below is an art and technology practice founded by Daria Jelonek (DE) and Perry-James Sugden (UK). Their research-led work creates computational installations that draw on ecological systems, live environmental data and mixed reality to question how technology might learn from, rather than dominate, the living world. Their work has been presented at Tate Modern, V&A, the Royal Academy, HEK Basel, transmediale Studio and SXSW London.","Studio Above&Below ist ein von Daria Jelonek (DE) und Perry-James Sugden (UK) gegründetes Kunst- und Technologiestudio. In ihrer forschungsbasierten Arbeit entwickeln sie computergestützte Installationen, die sich ökologische Systeme, Live-Umweltdaten und Mixed Reality zunutze machen, um zu hinterfragen, wie Technologie von der lebendigen Welt lernen könnte, statt sie zu beherrschen. Ihre Arbeiten wurden unter anderem in der Tate Modern, im V&A, in der Royal Academy, im HEK Basel sowie im transmediale Studio und bei SXSW London präsentiert.",3a938ddb450c81e7b64bd6fb784dd948,done,https://www.studioaboveandbelow.com,https://www.instagram.com/studioaboveandbelow/?hl=en,,https://www.linkedin.com/in/daria-jelonek-254075ba/,done,public,True,True
SusanneKiesenhofer-3a938ddb450c816e9dc4c8d3dd58332e,3a938ddb450c816e9dc4c8d3dd58332e,notion,Susanne Kiesenhofer,Susanne Kiesenhofer,Person,she/her,AT Austria,"Susanne Kiesenhofer is a Key Researcher and Artist at the Ars Electronica Futurelab. With a background in media technology and arts and science, her work explores the interplay of artistic, technological and social forces. She develops concepts and builds interactive systems, from experimental prototypes to immersive environments. In her key research field, Experiential Resonance, she investigates how experiences can become resonant encounters that change the way people relate to the world.","Susanne Kiesenhofer ist Key Researcher und Artist am Ars Electronica Futurelab. Mit ihrem Hintergrund in Medientechnik und Art & Science erkundet ihre Arbeit das Zusammenspiel künstlerischer, technologischer und gesellschaftlicher Dimensionen. Sie entwickelt Konzepte und realisiert interaktive Systeme, von Prototypen bis zu immersiven Umgebungen. In ihrem Forschungsfeld Experiential Resonance untersucht sie, wie Erlebnisse zu resonanten Begegnungen werden, die unser Verhältnis zur Welt verändern.",3a038ddb450c802baff1c23e87712439; 3a638ddb450c8027a9d1d0de7f175fdf,done,https://ars.electronica.art/futurelab/en/kiesenhofer-susanne/,,,https://www.linkedin.com/in/susanne-kiesenhofer,done,public,True,True
HideakiOgawa-3aa38ddb450c817f8ef8ee149f245d7b,3aa38ddb450c817f8ef8ee149f245d7b,notion,Hideaki Ogawa,,Person,he/him,"AT Austria, JP Japan","Hideaki Ogawa was born in Tokyo, Japan. Based in Linz, Austria since 2007, Ogawa has served as an artist, curator and researcher at Ars Electronica. Today, he is the Artistic Director of the Ars Electronica Futurelab, at the R&D division of Ars Electronica, Artistic Director of Sapporo International Art Festival 2027 and Creative Director of Civic Creative Base Tokyo.","Hideaki Ogawa wurde in Tokio, Japan, geboren. Er lebt seit 2007 in Linz, wo er als Künstler, Kurator und Forscher der Ars Electronica tätig ist. Heute ist er Artistic Director des Ars Electronica Futurelab, der Forschungs- und Entwicklungsabteilung der Ars Electronica, Artistic Director des Sapporo International Art Festival 2027 sowie Creative Director der Civic Creative Base Tokyo.",3a038ddb450c815189a3db7931ae4841; 3a538ddb450c804dbad4ee79b9e55359,done,https://ars.electronica.art/futurelab/en/,,,https://www.linkedin.com/in/hideaki-ogawa/,done,public,True,True
PeterHolzkorn-3aa38ddb450c811d865fc0d261fd341f,3aa38ddb450c811d865fc0d261fd341f,notion,Peter Holzkorn,,Person,he/him,AT Austria,"Peter Holzkorn is Key Researcher and Artist at the Ars Electronica Futurelab. His work investigates the relationship of society and data through explorations between data science, art and AI. He joined the Futurelab in 2011 and over the years has worked on a variety of projects, including several large-scale data art installations, the lab's swarm robotics projects and the Futurelab Academy.","Peter Holzkorn ist Key Researcher und Künstler am Ars Electronica Futurelab. In seiner Arbeit untersucht er das Verhältnis von Gesellschaft und Daten und bewegt sich dabei zwischen Data Science, Kunst und KI. Seit 2011 ist er am Futurelab tätig und hat seither an zahlreichen Projekten mitgewirkt, darunter mehrere großformatige Datenkunstinstallationen, die Schwarmrobotik-Projekte des Labs und die Futurelab Academy.",3a038ddb450c81e6a270ff829f0cf542; 3a038ddb450c811db32ce1a1977aabb4; 3a038ddb450c815b93c4e2cc25c7e8a0; 3a038ddb450c802baff1c23e87712439,done,https://ars.electronica.art/futurelab/en/holzkorn-peter/,,,https://www.linkedin.com/in/peterholzkorn,done,public,True,True
JohannesPll-3aa38ddb450c814c8846e68d3ccebb21,3aa38ddb450c814c8846e68d3ccebb21,notion,Johannes Pöll,Johannes Pöll,Person,he/him,AT Austria,"Johannes Pöll started as a researcher and artist at the Ars Electronica Futurelab in 2017. He performs as a Computational Noise musician under the moniker 11°22’4″142°35’5″. The multimedia artist is always looking for inspiration and experience at the crossroads of natural sciences, art and technology. Next to his work as Lead Designer at the Ars Electronica Futurelab he researches time-based, aesthetic processes of spatial art as an explanatory model of complex processes and reality.","Johannes Pöll ist seit 2017 Forscher und Künstler im Ars Electronica Futurelab. Er ist Computational Noise Musiker unter dem Pseudonym 11°22’4″142°35’5″ auf. Der Multimedia-Künstler sucht Inspiration und Erfahrung an den Schnittstellen von Naturwissenschaft, Kunst und Technologie. Neben seiner Tätigkeit als Lead Designer am Ars Electronica Futurelab forscht Johannes an zeitbasierten, ästhetischen Prozessen räumlicher Kunst und versucht diese als Erklärungsmodelle komplexer Vorgänge zu verorten.",3a038ddb450c81999163f10a54cdcaa0,done,,,,,done,public,True,True
TheBMWGroup-3aa38ddb450c803287c1f1c0c7c12eda,3aa38ddb450c803287c1f1c0c7c12eda,notion,The BMW Group,,Organization,,DE Germany,"With its four brands, BMW, MINI, Rolls-Royce and BMW Motorrad, the BMW Group is the world’s leading premium manufacturer of automobiles and motorcycles and also provides premium financial services. The BMW Group production network comprises over 30 production sites worldwide; the company has a global sales network in more than 140 countries.
In 2025, the BMW Group sold 2.46 million passenger vehicles and more than 202,500 motorcycles worldwide. The profit before tax in the financial year 2025 was € 10.2 billion on revenues amounting to € 133,5 billion. As of 31 December 2025, the BMW Group had a workforce of 154,540 employees.
The economic success of the BMW Group has always been based on long-term thinking and responsible action. Sustainability is a key element of the BMW Group’s corporate strategy and covers all products – from the supply chain through production to the end of their useful life.","Die BMW Group ist mit ihren Marken BMW, MINI, Rolls-Royce und BMW Motorrad der weltweit führende Premium-Hersteller von Automobilen und Motorrädern und Anbieter von Premium-Finanzdienstleistungen. Das BMW Group Produktionsnetzwerk umfasst über 30 Produktionsstandorte weltweit; das Unternehmen verfügt über ein globales Vertriebsnetzwerk mit Vertretungen in über 140 Ländern.
 
Im Jahr 2025 erzielte die BMW Group einen weltweiten Absatz von 2,46 Mio. Automobilen und über 202.500 Motorrädern. Das Ergebnis vor Steuern im Geschäftsjahr 2025 belief sich auf 10,2 Mrd. €, der Umsatz auf 133,5 Mrd. €. Zum 31. Dezember 2025 beschäftigte das Unternehmen weltweit 154.540 Mitarbeiterinnen und Mitarbeiter.
 
Seit jeher sind langfristiges Denken und verantwortungsvolles Handeln die Grundlage des wirtschaftlichen Erfolges der BMW Group. Nachhaltigkeit ist ein wichtiger Bestandteil der Unternehmensstrategie der BMW Group, von der Lieferkette über die Produktion bis zum Ende der Nutzungsphase aller Produkte.",3a938ddb450c80f68f1fcc533e3b8995,done,https://www.bmwgroup.com,,,,done,public,True,True
NieuweInstituut-3ab38ddb450c8143a35ad556d56d0bef,3ab38ddb450c8143a35ad556d56d0bef,notion,Nieuwe Instituut,,Organization,,NL Netherlands,"Nieuwe Instituut is the Netherlands’ national museum and institute for architecture, design and digital culture, which is based in Rotterdam. Through exhibitions, events, research and (inter)national initiatives, it explores how design contributes to urgent social and ecological challenges. Nieuwe Instituut is a place where designers, thinkers and the public meet. It also manages the National Collection for Dutch Architecture and Urban Planning and the Sonneveld House Museum.","Nieuwe Instituut ist das niederländische Nationalmuseum und Institut für Architektur, Design und digitale Kultur mit Sitz in Rotterdam. Durch Ausstellungen, Veranstaltungen, Forschung und (inter)nationale Initiativen erkundet es, wie Design zur Bewältigung dringender gesellschaftlicher und ökologischer Herausforderungen beiträgt. Nieuwe Instituut ist ein Ort, an dem Designer*innen, Denker*innen und Öffentlichkeit zusammenkommen. Es verwaltet zudem die Nationale Sammlung für niederländische Architektur und Stadtplanung sowie das Museum Sonneveld-Haus.",3ab38ddb450c81dba8d0e31ad9989da5,done,https://nieuweinstituut.nl/,https://www.instagram.com/nieuweinstituut/,https://www.facebook.com/NieuweInstituut,https://www.linkedin.com/company/nieuweinstituut,done,public,True,True
RaphaelSchaumburg-Lippe-3ab38ddb450c81138ef0e16cc33b1ee3,3ab38ddb450c81138ef0e16cc33b1ee3,notion,Raphael Schaumburg-Lippe,,Person,he/him,AT Austria,"Raphael Schaumburg-Lippe is a lead designer and artist at Ars Electronica Futurelab, where he focuses on crafting visual narratives. He designs immersive experiences for Deep Space 8K and creates virtual and extended reality installations, from reconstructing historical stage sets to building collaborative Extended Reality environments where visitors co-create worlds in real time. Techniques such as 3D Gaussian Splatting have shaped many of his projects, capturing real-life surroundings for immersive art.","Raphael Schaumburg-Lippe ist Lead Designer & Artist am Ars Electronica Futurelab, wo er sich auf die Gestaltung visueller Erzählungen konzentriert. Er entwirft immersive Erlebnisse für Deep Space 8K und schafft Installationen im Bereich Virtual und Extended Reality – von der Rekonstruktion historischer Bühnenbilder bis hin zur Entwicklung kollaborativer XR-Umgebungen, in denen Besucher*innen in Echtzeit gemeinsam Welten erschaffen. Techniken wie 3D Gaussian Splatting haben viele seiner Projekte geprägt und dienen dazu, reale Umgebungen für immersive Kunst festzuhalten.",3a538ddb450c80e2ab62c6b9d025fbe4,done,https://ars.electronica.art/futurelab/en/schaumburg-lippe-raphael/,,,,done,public,True,True
RupertHuber-3ab38ddb450c81deb7f0c8652d0fd151,3ab38ddb450c81deb7f0c8652d0fd151,notion,Rupert Huber,,Person,he/him,AT Austria,"Rupert Huber (b. 1967) lives in Vienna and works internationally. Innovative approaches and new musical forms of expression make him a significant figure in the contemporary music scene. As a composer, he is known above all for his music installations, the electronic music project tosca and his piano pieces. For him, music is a form of communication and a contribution to mutual understanding.","Rupert Huber (*1967) lebt in Wien und arbeitet international. Innovative Ansätze und neue musikalische Ausdrucksformen machen ihn zu einer bedeutenden Figur in der zeitgenössischen Musikszene. Als Komponist ist er vor allem für seine Musikinstallationen, das elektronische Musikprojekt tosca und seine Klavierstücke bekannt. Für ihn ist Musik Kommunikation und ein Beitrag zur Verständigung.",3ab38ddb450c81a9bb4dd9e12f77560e,done,https://www.ruperthuber.at/,,,,done,public,True,True
CynthaWieringa-3ab38ddb450c818792defe21ca018a4d,3ab38ddb450c818792defe21ca018a4d,notion,Cyntha Wieringa,,Person,she/her,"AT Austria, NL Netherlands","Cyntha is a Researcher & Artist at the Ars Electronica Futurelab. There, she has worked on international research projects both within the Horizon Europe framework, as well as with industry partners. Over the last year, she has been active in the organization surrounding the new Hello Worlds! exhibition.",Cyntha ist Researcher & Artist am Ars Electronica Futurelab. Dort hat sie an internationalen Forschungsprojekten sowohl im Rahmen von Horizon Europe als auch mit Industriepartner*innen gearbeitet. Im vergangenen Jahr wirkte sie an der Organisation der neuen Ausstellung Hello Worlds! mit.,3a038ddb450c8105a8b0eb17c4d0ebb3; 3a038ddb450c815189a3db7931ae4841,done,https://ars.electronica.art/futurelab/en/wieringa-cyntha/,,,,done,public,True,True
NancyBatesCircusofKnowledge-3ab38ddb450c8176bb39e443d67f86ed,3ab38ddb450c8176bb39e443d67f86ed,notion,Nancy Bates & Circus of Knowledge,,Organization,,"AT Austria, AU Australia","Nancy Bates is a proud Barkindji/Wilyakali singer-songwriter whose powerful music celebrates First Nations culture, resilience and truth-telling. A former collaborator of Archie Roach, she combines artistic excellence with social engagement, using song to amplify Indigenous voices and inspire courage, justice and reconciliation.","Nancy Bates ist eine stolze Barkindji/Wilyakali-Singer-Songwriterin, deren kraftvolle Musik die Kultur, Resilienz und Aufdeckung der Wahrheit der First Nations zelebriert. Als ehemalige Weggefährtin von Archie Roach verbindet sie künstlerische Exzellenz mit sozialem Engagement und nutzt ihre Lieder, um Indigenen Stimmen Gehör zu verschaffen und zu Mut, Gerechtigkeit und Versöhnung zu inspirieren.",3ab38ddb450c81f7acc9e42a1314ea54,done,https://www.nancybates.com,https://www.instagram.com/nancybatesmusician/?hl=en,https://www.facebook.com/nancy.bates.1217,https://www.linkedin.com/in/nancy-bates-b4a866128/,done,public,True,True
OKunstverein-3ab38ddb450c8152b507ce976bd82699,3ab38ddb450c8152b507ce976bd82699,notion,OÖKunstverein,,Organization,,AT Austria,"Across generations. For 175 years, the OÖKunstverein has held a prominent place within Austria’s cultural landscape as the country’s second-oldest art association. Always attuned to the spirit of its time, it has, since its founding in 1851, served as a platform for both established artists and emerging talents. Alongside its core mission, the presentation, documentation and publication of artistic works and projects, it has remained equally committed to experimental artistic practice.","Über Generationen hinweg. Seit 175 Jahren bereichert der OÖKunstverein die kulturelle Landschaft Österreichs – als der zweitälteste seiner Art, stets am Puls der Zeit. Seit seiner Gründung im Jahr 1851 hat er sich als Bühne sowohl für etablierte Namen als auch für aufkeimende neue Talente konstituiert. Neben seinem Kernauftrag – bis heute die Präsentation, Dokumentation und Publikation künstlerischer Arbeiten und Projekte – fühlt er sich gleichermaßen dem experimentellen Schaffen verbunden.",3ab38ddb450c8121b990ec17cc9ff823,done,https://ooekunstverein.at/,,,,done,public,True,True
UniversityofArtsLinz-3ab38ddb450c81c49094f196176aac10,3ab38ddb450c81c49094f196176aac10,notion,University of Arts Linz,,Organization,,AT Austria,"The University of Arts Linz has distinguished itself artistically, creatively and academically as a place of unrestricted, brave and visionary thinking and an environment for critical experimentation. With the clear goal of qualitative and quantitative growth, the university is committed to four profile-defining focal points: Contemporary Art and Beyond, Postdigital Cultures, Sustainable and Critical Design and Transformative Research and Education.","Die Kunstuniversität Linz hat sich als ein Ort des unbeschränkten, mutigen und visionären Denkens sowie als kritische Experimentierzone künstlerisch, gestalterisch und forschend profiliert. Mit dem klaren Willen zum qualitativen wie quantitativen Wachstum bekennt sich die Universität zu vier profilbildenden Schwerpunkten – Kunst: Zeitgenössisch und zukünftig, Postdigitale Kulturen, Nachhaltige und kritische Gestaltung sowie Transformative Forschung und Bildung.",3ab38ddb450c8198a99dc0b104744b3c; 37c38ddb450c8092bd08c051b0dba8a6,done,https://www.kunstuni-linz.at/,https://www.instagram.com/kunstunilinz/,,,done,public,True,True
TinaDolinek-3ac38ddb450c810caa50de9a799a72a5,3ac38ddb450c810caa50de9a799a72a5,notion,Tina Dolinšek,,Person,she/her,SI Slovenia,"Tina Dolinšek is a new media art producer, curator and cultural facilitator who works with the Projekt Atol Institute. She has collaborated with numerous Slovenian cultural organizations, contributed articles to various local media outlets and edited several DIY art tutorials and booklets. She established the artistic research and production camp PIFcamp, which she has been leading since its inception.","Tina Dolinšek ist Produzentin und Kuratorin im Bereich New Media Art sowie Kulturvermittlerin und arbeitet mit dem Projekt Atol Institute zusammen. Sie hat mit zahlreichen slowenischen Kulturorganisationen kooperiert, Beiträge für verschiedene lokale Medien verfasst und mehrere DIY-Kunst-Tutorials und Broschüren herausgegeben. Sie gründete das künstlerische Forschungs- und Produktionscamp PIFcamp und leitet es seit seiner Entstehung.",3ac38ddb450c81f49c3cce9808b7590d,done,https://pif.camp/,https://www.instagram.com/malinsek/,https://www.facebook.com/tina.malinsek,https://www.linkedin.com/in/tina-dolin%C5%A1ek-a574383a9/,done,public,True,True
ProjektAtol-3ac38ddb450c8171a393de2dd0a0dc13,3ac38ddb450c8171a393de2dd0a0dc13,notion,Projekt Atol,,Organization,,SI Slovenia,"Projekt Atol is a Slovenian art NGO, dedicated to research-based art, transdisciplinary production and collaborations between artists, scientists and technologists. It develops projects exploring the intersections of art, science, technology and society through experimental production practices, community platforms and international networks.","Projekt Atol ist eine slowenische Kunst-NGO, die sich forschungsbasierter Kunst, transdisziplinärer Produktion und der Zusammenarbeit zwischen Künstler*innen, Wissenschaftler*innen und Technolog*innen widmet. Die Organisation entwickelt Projekte an den Schnittstellen von Kunst, Wissenschaft, Technologie und Gesellschaft und arbeitet dabei mit experimentellen Produktionspraktiken, Community-Plattformen und internationalen Netzwerken.",3ac38ddb450c81f49c3cce9808b7590d,done,https://projekt-atol.si/,https://www.instagram.com/projektatol/,https://www.facebook.com/ProjektAtol,,done,public,True,True
MarkoIli-3ac38ddb450c81248510f92f48840c99,3ac38ddb450c81248510f92f48840c99,notion,Marko Ilić,,Person,he/him,SI Slovenia,"Dr. Marko Ilić is a biologist specializing in animal physiology, who has focused on insect vision since his MA thesis. As part of a dynamic research team, he has studied the spectral and polarization vision of flies, beetles, butterflies and moths. His work has driven him to develop creative solutions for calibrated light conditions, sparking an interest in microcontrollers and programming.","Dr. Marko Ilić ist Biologe mit Schwerpunkt Tierphysiologie und beschäftigt sich seit seiner Masterarbeit mit dem Sehen von Insekten. Als Teil eines dynamischen Forschungsteams untersuchte er das spektrale Sehen und Polarisationssehen von Fliegen, Käfern, Schmetterlingen und Motten. Seine Forschung führte ihn zur Entwicklung kreativer Lösungen für kalibrierte Lichtbedingungen und weckte sein Interesse an Mikrocontrollern und Programmierung.",39f38ddb450c81029789d5dc2654f8ef,done,,,,,done,public,True,True
ColasSchretter-3ac38ddb450c8194a7dcfdea888120be,3ac38ddb450c8194a7dcfdea888120be,notion,Colas Schretter,,Person,he/him,BE Belgium,"Colas Schretter earned an MSc (2004) and DEA (2006) from the Université libre de Bruxelles. In 2007, he joined Philips Research Aachen as a scientist. He won a Marie Curie EST fellowship for his PhD (Otto von Guericke University Magdeburg, 2010), a Marie Curie ERG grant for postdoc work at RWTH Aachen and was visiting researcher at Politecnico di Milano. Selected for M+Vision 2012 at MIT, he returned to Belgium in 2013 as a senior research scientist at VUB’s ETRO department.","Colas Schretter erwarb 2004 einen MSc und 2006 ein DEA an der Université libre de Bruxelles. 2007 wechselte er als Wissenschaftler zu Philips Research Aachen. Für seine Promotion (Otto-von-Guericke-Universität Magdeburg, 2010) erhielt er ein Marie Curie EST-Stipendium, für seine Postdoc-Arbeit an der RWTH Aachen ein Marie Curie ERG-Stipendium. Zudem war er Gastwissenschaftler am Politecnico di Milano. 2012 wurde er für M+Vision am MIT ausgewählt. 2013 kehrte er nach Belgien zurück und ist seither Senior Research Scientist am ETRO-Department der Vrije Universiteit Brussel.",39f38ddb450c81029789d5dc2654f8ef,done,https://colas.schretter.web.ulb.be/,,,https://www.linkedin.com/in/schretter/,done,public,True,True
AliAimanRaza-3ac38ddb450c8152855edbc8a9dc8199,3ac38ddb450c8152855edbc8a9dc8199,notion,Ali Aiman Raza,,Person,he/him,"FR France, IN India","Dr. Aiman Raza is a senior color scientist at L’Oréal in Paris (France), whose primary research areas are lighting, imaging, color appearance, colorimetry and chronobiology. His research activities incorporate the human component of light and color perception, with an emphasis on experimentation to formulate empirical evidence.","Dr. Aiman Raza ist Senior Color Scientist bei L'Oréal in Paris (Frankreich). Seine Forschungsschwerpunkte liegen in den Bereichen Beleuchtung, Bildgebung, Farbwahrnehmung, Kolorimetrie und Chronobiologie. Seine Forschung befasst sich mit der menschlichen Komponente der Licht- und Farbwahrnehmung, wobei der Schwerpunkt auf experimentellen Ansätzen zur Gewinnung empirischer Erkenntnisse liegt.",39f38ddb450c81029789d5dc2654f8ef,done,,,,https://www.linkedin.com/in/aiman-raza-40622a1b8/,done,public,True,True
FelipeLomb-3ac38ddb450c81e9b5d8dd68e27ef487,3ac38ddb450c81e9b5d8dd68e27ef487,notion,Felipe Lombó,,Person,he/him,ES Spain,"Felipe Lombó is a professor of Microbiology at the University of Oviedo and was awarded the Extraordinary Doctorate Award for his PhD. He founded the BIONUC research group, which focuses on the sustainable production of bioactive compounds for cancer, inflammatory bowel disease and metabolic disorders. He has led numerous European and national projects and industry collaborations in the bioactive compounds sector. He has authored 101 papers (h-index 41), holds 11 patents and has supervised 9 PhD theses.","Felipe Lombó ist Professor für Mikrobiologie an der University of Oviedo und wurde für seine Promotion mit dem Extraordinary Doctorate Award ausgezeichnet. Er gründete die Forschungsgruppe BIONUC, die sich mit der nachhaltigen Herstellung bioaktiver Substanzen für Anwendungen bei Krebs, chronisch-entzündlichen Darmerkrankungen und Stoffwechselstörungen beschäftigt. Er leitete zahlreiche europäische und nationale Forschungsprojekte sowie Kooperationen mit Unternehmen im Bereich bioaktiver Substanzen. Er ist Autor von 101 wissenschaftlichen Publikationen (h-Index 41), hält elf Patente und hat neun Dissertationen betreut.",39438ddb450c8138bc15db805c18820f,done,,,,,done,public,True,True
terriStoriesFeifeiZhou-3ad38ddb450c81bc8d16eea1b72008a5,3ad38ddb450c81bc8d16eea1b72008a5,notion,terriStories (Feifei Zhou),,Organization,she/her,CN China,"terriStories is a spatial and visual design practice investigating how more-than-human life shapes architecture and landscapes. Through field research, drawing, exhibitions and collaborative spatial interventions, the studio explores ecological relationships, material cultures and community knowledge across changing environments. terriStories was founded in Nanjing, China, by Feifei Zhou in 2024.","terriStories ist eine räumliche und visuelle Gestaltungspraxis, die erforscht, wie mehr-als-menschliches Leben Architektur und Landschaften prägt. Durch Feldforschung, Zeichnung, Ausstellungen und kollaborative räumliche Interventionen untersucht das Studio ökologische Beziehungen, materielle Kulturen und gemeinschaftliches Wissen in sich wandelnden Umgebungen. terriStories wurde 2024 von Feifei Zhou in Nanjing, China, gegründet.",3ab38ddb450c81dba8d0e31ad9989da5,done,https://terristories.net/,,,,done,public,True,True
ClaudiaPuck-3ad38ddb450c80849e14d7b870e93d6c,3ad38ddb450c80849e14d7b870e93d6c,notion,Claudia Puck,,Person,she/her,AT Austria,"Even as a child, Claudia Puck was addicted to the medium of film, as one of the main characters in her first favourite film was called Puck: Puck, the housefly from the series Maya the Bee. The content and themes she has explored since then seem to have been influenced by these first film experiences: The diversity of living creatures and the fascinating interplay of nature continue to impress her. In her work, she tries to make complex relationships accessible through stories and to shed light on the beauty and fragility of our planet.","Schon als Kind war Claudia Puck süchtig nach dem Medium Film, denn eine der Hauptfiguren in ihrem ersten Lieblingsfilm hieß Puck: Puck, die Stubenfliege aus der Serie Die Biene Maja. Die Inhalte und Themen, mit denen sie sich seither auseinandersetzt, scheinen von diesen ersten Filmerfahrungen beeinflusst zu sein: Die Vielfalt der Lebewesen und das faszinierende Zusammenspiel der Natur beeindrucken sie nach wie vor. In ihren Arbeiten versucht sie komplexe Zusammenhänge durch Geschichten zugänglich zu machen und die Schönheit und Zerbrechlichkeit unseres Planeten zu beleuchten.",39d38ddb450c81878459e5d6e6336984,done,https://www.mindfloat.net/sortiment/,,,,done,public,True,True
JohannSteinegger-3ad38ddb450c803aae1ef59689b80157,3ad38ddb450c803aae1ef59689b80157,notion,Johann Steinegger,,Person,,AT Austria,"Johann Steinegger is a creative freelancer in media design who is passionate about creating music videos and commercials in a wide variety of genres. His interest is increasingly shifting to interactive formats such as games and VR applications. This is where he can fully live out his fascination for technology and three-dimensional space in particular. His passion is to make emotions, thoughts, and ideas visible using technological means. The current project, which realistically recreates the most elementary building blocks of life with the help of technology and mathematics, is a particularly exciting challenge for him. He also works on his own game designs and as an animator for indie games.","Johann Steinegger ist ein kreativer Freelancer im Mediendesign, der mit Leidenschaft Musikvideos und Werbespots in unterschiedlichsten Genres kreiert. Sein Interesse verlagert sich zunehmend auf interaktive Formate wie Games und VR-Anwendungen. Hier kann er seine Faszination für Technologie und insbesondere den dreidimensionalen Raum voll ausleben. Seine Passion ist es, Emotionen, Gedanken und Ideen mit technologischen Mitteln sichtbar zu machen. Das aktuelle Projekt, das die elementarsten Bausteine des Lebens mithilfe von Technologie und Mathematik realistisch nachbildet, stellt für ihn eine besonders spannende Herausforderung dar. Nebenbei arbeitet er auch an eigenen Game Designs und als Animationskünstler für Indie Games.",39d38ddb450c81878459e5d6e6336984,done,https://www.johannsteinegger.com/,,,,done,public,True,True
SebastianPostl-3ad38ddb450c802ea9ebf8e483b56081,3ad38ddb450c802ea9ebf8e483b56081,notion,Sebastian Postl,,Person,,AT Austria,"Sebastian is a filmmaker with a penchant for projects outside the box.
He is responsible for video production at BOKU University and works in science communication as well as a film producer and cameraman.",Sebastian ist Filmemacher mit einem Hang zu Projekten außerhalb des üblichen Rahmens. An der BOKU verantwortet er den Bereich Videoproduktion und ist in der Wissenschaftskommunikation sowie als Filmproduzent und Kameramann tätig.,39d38ddb450c81878459e5d6e6336984,done,,,,,done,public,True,True
SebastianPichelhofer-3ad38ddb450c80bbaa3dfb99add407cb,3ad38ddb450c80bbaa3dfb99add407cb,notion,Sebastian Pichelhofer,,Person,he/him,AT Austria,"Sebastian initially worked on computer games, later specializing in film, visual effects, and 3D animation. He played a key role in the development of the AXIOM open-source camera, which won a Prix Ars Electronica Award of Distinction in 2012. Today, in addition to further camera developments and science communication at BOKU University, he runs a film production company together with a colleague, focusing on documentaries on sustainability issues and innovative formats such as 360° 3D experiences and virtual reality projects.","Sebastian arbeitete an Computerspielen, spezialisierte sich später auf Film, Visual Effects und 3D-Animation. Er war maßgeblich an der Entwicklung der AXIOM Open-Source-Kamera beteiligt, die 2012 den Prix Ars Electronica Award of Distinction gewann. Heute leitet er, neben der Weiterentwicklung von Kameras und seiner Arbeit in der Wissenschaftskommunikation an der Universität für Bodenkultur, eine Filmproduktionsfirma mit einem Kollegen und fokussiert auf Dokumentarfilme zu Nachhaltigkeitsthemen und innovative Formate wie 360° 3D Experiences und Virtual Reality Projekte.",39d38ddb450c81878459e5d6e6336984,done,,,,,done,public,True,True
DouglasRushkoff-3ad38ddb450c81e28b5bdd9faf297d71,3ad38ddb450c81e28b5bdd9faf297d71,notion,Douglas Rushkoff,,Person,he/him,US United States,"Douglas Rushkoff is an author and documentarian who studies human autonomy in the digital age. He has written 25 books including Survival of the Richest: Escape Fantasies of the Tech Billionaires, Team Human, Present Shock: When Everything Happens Now, Throwing Rocks at the Google Bus, Program or Be Programmed, Life Inc and Media Virus. His book Coercion won the Marshall McLuhan Award. He created the concepts of “viral media“ and “social currency“, and played keyboards for PsychicTV.","Douglas Rushkoff ist Autor und Dokumentarfilmer und beschäftigt sich mit menschlicher Autonomie im digitalen Zeitalter. Er hat 25 Bücher geschrieben, darunter Survival of the Richest: Escape Fantasies of the Tech Billionaires, Team Human, Present Shock: When Everything Happens Now, Throwing Rocks at the Google Bus, Program or Be Programmed, Life Inc. und Media Virus. Sein Buch Coercion wurde mit dem Marshall McLuhan Award ausgezeichnet. Er prägte die Begriffe “viral media” und “social currency” und spielte Keyboard bei PsychicTV.",39e38ddb450c80f49144c6abade7c1d9; 39c38ddb450c80e0a8b3ea747d2b746a,done,http://rushkoff.com,https://www.instagram.com/douglasrushkoff/,,https://www.linkedin.com/in/rushkoff/,done,public,True,True
MilanConi-3ad38ddb450c803cab9eef8b031d8220,3ad38ddb450c803cab9eef8b031d8220,notion,Milan Conić,,Person,,RS Serbia,"Milan Conić is a jazz pianist and composer based in Linz, Austria, since 2017. He studied classical and popular piano in Luhansk and at Vienna Conservatory, later jazz piano and composition at Anton Bruckner Private University. In 2025, he released his debut EP M3rd4, based on research into Messiaen’s Mode 3, as well as an EP with Tishina serving as the soundtrack for El Cultivo de la Mente. Since 2023, he has led the cultural association Linz in2 Jazz and taught piano at the Music School of Linz.","Milan Conić ist ein Jazzpianist und Komponist mit Sitz in Linz, seit 2017. Er studierte klassisches und populäres Klavier in Luhansk sowie am Wiener Konservatorium, später Jazzklavier und Komposition an der Anton Bruckner Privatuniversität. 2025 veröffentlichte er sein Debüt-EP M3rd4, das auf einer Auseinandersetzung mit Messiaens Modus 3 basiert, sowie ein EP mit Tishina, das als Soundtrack für El Cultivo de la Mente dient. Seit 2023 leitet er den Kulturverein Linz in2 Jazz und unterrichtet Klavier an der Musikschule Linz.",3a338ddb450c80dc9c4eefd462906fe7,done,,,,,done,public,True,True
MarianneEisl-3ad38ddb450c8197ab25fe1a5802be05,3ad38ddb450c8197ab25fe1a5802be05,notion,Marianne Eisl,,Person,she/her,AT Austria,"Marianne Eisl holds an MA in Media Informatics and has gained experience as a teaching assistant in addition to having undertaken courses in Algorithms and Data Structures and Video Analysis of Human Motion. Since 2015, she has been a member of the Ars Electronica Futurelab, where she is developing interactive and participative artifacts as well as concepts for various exhibitions and installations. Marianne’s focus is on collaboration with other people and making the most of joint expertise and knowledge.","Marianne absolvierte einen Masterstudiengang in Medieninformatik und sammelte Erfahrungen als Lehrassistentin im Rahmen von Lehrveranstaltungen zu Algorithmen und Datenstrukturen sowie zur Videoanalyse menschlicher Bewegungen. Seit 2015 ist sie Mitglied des Ars Electronica Futurelab, wo sie interaktive und partizipative Artefakte sowie Konzepte für Ausstellungen und greifbare Installationen entwickelt. Dabei legt sie den Schwerpunkt auf die Zusammenarbeit mit Menschen und die Nutzung gemeinsamer Fachkenntnisse und Erfahrungen.",3a038ddb450c81119129c97b5ed0b6c6,done,https://ars.electronica.art/futurelab/en/eisl-marianne/,,,,done,public,True,True
MargaretheLasinger-3ae38ddb450c80f79765ebef078cce73,3ae38ddb450c80f79765ebef078cce73,notion,Margarethe Lasinger,,Person,she/her,AT Austria,"Margarethe Lasinger studied German Philology as well as Journalism and Communication Studies in Vienna and has worked as an editor, proofreader, publisher and exhibition curator. Having been associated with the Salzburg Festival since 1997, she currently heads the Dramaturgy and Publications departments and, since 2022, has been in charge of the festival archive. For the festival’s anniversary in 2020, she co-curated Großes Welttheater – 100 Jahre Salzburger Festspiele (Great World Theatre – 100 Years of the Salzburg Festival) together with Martin Hochleitner.","Margarethe Lasinger studierte Germanistik sowie Publizistik- und Kommunikationswissenschaft in Wien und war als Redakteurin, Lektorin, Herausgeberin und Ausstellungskuratorin tätig. Seit 1997 ist sie den Salzburger Festspielen verbunden. Sie leitet die Abteilungen Dramaturgie und Publikationen sowie seit 2022 zudem das Festspielarchiv. Zum Festspiel-Jubiläum 2020 kuratierte sie gemeinsam mit Martin Hochleitner die Landesausstellung Großes Welttheater – 100 Jahre Salzburger Festspiele.",38838ddb450c819696cee9062eab9dae,done,,,,,done,public,True,True
PeterFreudling-3ae38ddb450c8084b70ecd9b66ea9f06,3ae38ddb450c8084b70ecd9b66ea9f06,notion,Peter Freudling,,Person,he/him,AT Austria,"Peter Freudling studied Industrial Design at the University of Arts Linz. Since then, he has worked as a Designer and Researcher at the Ars Electronica Futurelab. He also teaches real-time visualization at the University of Arts Linz. As an industrial designer, he increasingly focuses on the interface between the virtual and real world.",Peter Freudling studierte Industrial Design an der Kunstuniversität Linz. Seither ist er Designer und Researcher im Ars Electronica Futurelab. Zudem lehrt er an der Kunstuniversität Linz im Bereich Echtzeitvisualisierung. Als Industrial Designer widmet er sich zunehmend der Schnittstelle von virtueller und realer Welt.,38838ddb450c819696cee9062eab9dae,done,https://ars.electronica.art/futurelab/en/freudling-peter/,,,,done,public,True,True
CaileanFinn-3ae38ddb450c8125a8fadfe0fb2a1776,3ae38ddb450c8125a8fadfe0fb2a1776,notion,Cailean Finn,,Person,he/him,IE Ireland,"Cailean Finn is a media artist, creative technologist and researcher from Waterford, Ireland. His work examines our relationship with machines through dialogue with computational tools, involving a mix of hardware and software based practices ranging from Creative Coding and Electronics, to Game/Web Design, Artificial Intelligence and Artificial Life.","Cailean Finn ist Medienkünstler, Creative Technologist und Forscher aus Waterford, Irland. In seinen Arbeiten untersucht er unsere Beziehung zu Maschinen im Dialog mit computergestützten Werkzeugen; dabei bedient er sich einer Mischung aus hardware- und softwarebasierten Methoden, die von Creative Coding und Elektronik über Spiel- und Webdesign bis hin zu Künstlicher Intelligenz und Künstlichem Leben reichen.",3a038ddb450c81999163f10a54cdcaa0,done,https://caileanfinn.ie/,https://www.instagram.com/cailean.finn/,,,done,public,True,True
AnnaTsing-3af38ddb450c81ab8dd3e163c0d7b470,3af38ddb450c81ab8dd3e163c0d7b470,notion,Anna Tsing,,Person,she/her,US United States,"Anna Tsing teaches anthropology at the University of California, Santa Cruz, and at Aarhus University. She worked with Feifei Zhou on the digital project Feral Atlas: The More-than-Human Anthropocene and the book Field Guide to the Patchy Anthropocene. Her other books include The Mushroom at the End of the World: On the Possibility of Life in Capitalist Ruins. She is currently co-writing a book entitled The Clam, The Mud, and The Girl: Soft Coasts and the Story of Property.","Anna Tsing lehrt Anthropologie an der University of California, Santa Cruz, und an der Aarhus University. Gemeinsam mit Feifei Zhou arbeitete sie an dem digitalen Projekt Feral Atlas: The More-than-Human Anthropocene und dem Buch Field Guide to the Patchy Anthropocene. Zu ihren weiteren Büchern zählt The Mushroom at the End of the World: On the Possibility of Life in Capitalist Ruins. Derzeit arbeitet sie als Co-Autorin an dem Buch The Clam, The Mud, and The Girl: Soft Coasts and the Story of Property.",3ab38ddb450c81dba8d0e31ad9989da5,done,,,,,done,public,True,True
AliNikrang-3b038ddb450c81ffa989cab1a7026027,3b038ddb450c81ffa989cab1a7026027,notion,Ali Nikrang,,Person,he/him,AT Austria,"Ali Nikrang is an AI researcher and musician, a professor of AI and Musical Creation at the University of Music and Theatre Munich and a researcher at Ars Electronica Futurelab. He established Ricercar, an AI co-composition system for classical and contemporary music, which has been utilized in projects with the Munich Philharmonic, Munich Radio Symphony Orchester, Bruckner Orchestra Linz, Augsburg Philharmonic, Darmstadt Philharmonic, State Orchestra Darmstadt and Georgian Chamber Orchestra Ingolstadt.","Ali Nikrang ist KI-Forscher und Musiker, Professor für KI und musikalisches Schaffen an der Hochschule für Musik und Theater München sowie Researcher am Ars Electronica Futurelab. Er ist Initiator von Ricercar, einem System zur Komposition klassischer und zeitgenössischer Musik gemeinsam mit Künstlicher Intelligenz. Ricercar ist bereits in Projekten mit den Münchner Philharmonikern, dem Münchner Rundfunkorchester, dem Bruckner Orchester Linz, den Augsburger Philharmonikern, den Darmstädter Philharmonikern, dem Staatsorchester Darmstadt und dem Georgischen Kammerorchester Ingolstadt zum Einsatz gekommen.",3a038ddb450c81118843d6f3d09d2a5a,done,https://ars.electronica.art/futurelab/en/nikrang-ali/,,,,done,public,True,True
RainerMhlhoff-3b138ddb450c80b89f5fde29b73de939,3b138ddb450c80b89f5fde29b73de939,notion,Rainer Mühlhoff,,Person,he/him,DE Germany,"Rainer Mühlhoff is a philosophy professor who leads the Ethics and Critical Theories of Artificial Intelligence research group at the University of Osnabrück. He investigates the ethical and societal implications of AI technology through the interplay of technology, power and subjectivation, and the consequences of discrimination, social selection and inequality. His publications include, among others, AI and the New Fascism (Pluto Press, forthcoming) and The Ethics of AI: Power, Critique, Responsibility (Bristol University Press, 2025).","Rainer Mühlhoff ist Professor für Philosophie und leitet den Forschungsbereich Ethik und kritische Theorien der Künstlichen Intelligenz  an der Universität Osnabrück. Er untersucht die ethischen und gesellschaftlichen Auswirkungen von KI-Technologien im Zusammenspiel von Technologie, Macht und Subjektivierung sowie die Folgen von Diskriminierung, sozialer Selektion und Ungleichheit. Zu seinen Publikationen zählen unter anderem AI and the New Fascism (Pluto Press, erscheint demnächst) und The Ethics of AI: Power, Critique, Responsibility (Bristol University Press, 2025).",39c38ddb450c80ee829afdbad8110e40; 39c38ddb450c80e0a8b3ea747d2b746a,done,,,,,done,public,True,True
NicolasNaveau-3b138ddb450c80778e65c4c61b158ba8,3b138ddb450c80778e65c4c61b158ba8,notion,Nicolas Naveau,,Person,he/him,"AT Austria, FR France","Nicolas Naveau is a lead designer, artist and senior researcher at Ars Electronica Futurelab, where he has been developing interactive installations and interdisciplinary research since 2002. His work explores what it means to be human in an era accelerated by artificial intelligence, robotics and climate instability. Naveau’s recent artistic focus combines cutting-edge technologies with public action, driving projects like Hello Worlds! and the Data Art & Science Project. He holds a degree from the School of Fine Arts (ESAD) in Angers, France, and is currently based in Linz, Austria.","Nicolas Naveau ist Lead Designer, Künstler und Senior Researcher am Ars Electronica Futurelab, wo er seit 2002 interaktive Installationen und interdisziplinäre Forschung entwickelt. Seine Arbeit untersucht das Menschsein in einer Zeit, die von künstlicher Intelligenz, Robotik und Klimainstabilität geprägt ist. Naveaus aktueller künstlerischer Fokus verbindet neueste Technologien mit gesellschaftlichem Handeln – sichtbar in Projekten wie Hello Worlds! und dem Data Art & Science Project. Er hat einen Abschluss der Kunsthochschule (ESAD) in Angers, Frankreich, und lebt und arbeitet in Linz.",3a038ddb450c815b93c4e2cc25c7e8a0; 3a038ddb450c815189a3db7931ae4841; 3a038ddb450c81119129c97b5ed0b6c6,done,,,,,done,public,True,True
SofieBurgos-Thorsen-3b138ddb450c81018d5cea518d0f9262,3b138ddb450c81018d5cea518d0f9262,notion,Sofie Burgos-Thorsen,,Person,she/her,DK Denmark,"Sofie Burgos-Thorsen is a sociologist, data rebel and the director of Research and Innovation at the Institute for Wicked Problems. With a PhD from Aalborg University and MIT, she leverages AI, design and participatory methods to rethink systemic structures from marginalized perspectives, driving democratic innovation. In 2026, she was named as one of the “100 Women in AI“ in Denmark and her work has earned international recognition, including the 2020 Ziman Award and the 2023 EU Citizen Science Prize.","Sofie Burgos-Thorsen ist Soziologin, Datenrebellin und Direktorin für Forschung und Innovation am Institute for Wicked Problems. Mit einem PhD der Aalborg University und des MIT nutzt sie KI, Design und partizipative Methoden, um systemische Strukturen aus marginalisierten Perspektiven neu zu denken und demokratische Innovationen voranzutreiben. 2026 wurde sie in Dänemark als eine der “100 Women in AI” ausgezeichnet. Ihre Arbeit fand auch international Anerkennung, unter anderem mit dem Ziman Award 2020 und dem EU Citizen Science Prize 2023.",39838ddb450c81b0931ee838bd5d6102; 3a538ddb450c81539ebcfafd0173fea9,done,https://www.invi.nu/,,,https://www.linkedin.com/in/sofie-thorsen/,done,public,True,True
ManuelDobusch-3b138ddb450c819dbd70c703d1b9ed13,3b138ddb450c819dbd70c703d1b9ed13,notion,Manuel Dobusch,,Person,he/him,AT Austria,"Manuel Dobusch has been working at the Ars Electronica Futurelab since 2019, where he is concerned particularly with swarm robotics and software development. After studying at FH Salzburg, Manuel worked as a developer for several years in Salzburg. The projects he has been involved with range from desktop development tools to low-level Windows applications.","Manuel arbeitet seit 2019 im Ars Electronica Futurelab, wo er sich insbesondere mit Schwarmrobotik und Softwareentwicklung beschäftigt. Nach seinem Studium an der FH Salzburg arbeitete Manuel mehrere Jahre lang als Entwickler in Salzburg. Die Projekte, an denen er mitgewirkt hat, reichen von Desktop-Entwicklungstools bis hin zu Low-Level-Windows-Anwendungen.",38f38ddb450c8075ab37f052b4fd8bd0,done,https://ars.electronica.art/futurelab/en/dobusch-manuel/,,,,done,public,True,True
SvenWindszus-3b238ddb450c81f8a0a1cc2f020468b9,3b238ddb450c81f8a0a1cc2f020468b9,notion,Sven Windszus,,Person,he/him,DE Germany,"Sven Windszus (b. 1974, Germany) is a Berlin-based multimedia artist and lecturer at the Universität der Künste. He studied graphic design at HAWK University in Hildesheim. His work explores the relationship between digital processes, reality and consciousness, often through interactive installations that invite active participation while questioning perception, habits and the contradictions of everyday life.","Sven Windszus (geb. 1974, Deutschland) ist ein in Berlin lebender Multimedia-Künstler und Dozent an der Universität der Künste. Er studierte Grafikdesign an der HAWK in Hildesheim. In seinen Arbeiten untersucht er die Beziehung zwischen digitalen Prozessen, Realität und Bewusstsein, häufig anhand interaktiver Installationen, die zur aktiven Teilnahme einladen und gleichzeitig Wahrnehmung, Gewohnheiten und die Widersprüche des Alltags hinterfragen.",,done,https://www.svenwindszus.com,https://www.instagram.com/svenwindszus,,,done,public,True,True
UJOOLIMHEEYOUNG-3b238ddb450c8188afa4c955ab63221a,3b238ddb450c8188afa4c955ab63221a,notion,UJOO+LIMHEEYOUNG,,Person,they/them,KR South Korea,"UJOO+LIMHEEYOUNG is a Seoul-based artist duo formed by Yoo Byoung-Joon (1976) and Lim Hee-Young (1979). Since beginning their collaboration in 2004, they have developed a practice centered on kinetic art, exploring contradictions and absurdities in social, political and cultural contexts.","UJOO+LIMHEEYOUNG ist ein in Seoul ansässiges Künstlerduo, das aus Yoo Byoung-Joon (1976) und Lim Hee-Young (1979) besteht. Seit Beginn ihrer Zusammenarbeit im Jahr 2004 haben sie ein künstlerisches Schaffen entwickelt, das sich auf kinetische Kunst konzentriert und Widersprüche sowie Absurditäten in sozialen, politischen und kulturellen Kontexten untersucht.",3a038ddb450c8105a8b0eb17c4d0ebb3,done,,,,,done,public,True,True
JulianPixelSchmiederer-3b238ddb450c819abecce87b4be64a2a,3b238ddb450c819abecce87b4be64a2a,notion,Julian Pixel Schmiederer,,Person,he/him,AT Austria,"Julian Pixel Schmiederer is based in Graz, Austria. He studied at the Ortweinschule Graz for Film and MultimediaArt. As an artist and director, he bridges the worlds of film, installation, and sound art. His works focus on creating dense experiences by layering and altering voices, environmental sounds and archival material. From 2024–2025, he joined the Crossborder Film School program in Italy.","Julian Pixel Schmiederer lebt und arbeitet in Graz. Er studierte Film und MultimediaArt an der Ortweinschule Graz. Als Künstler und Regisseur verbindet er die Welten von Film, Installation und Klangkunst. Seine Arbeiten schaffen dichte Erfahrungsräume, indem sie Stimmen, Umgebungsgeräusche und Archivmaterial überlagern und verändern. Von 2024–2025 nahm er am Programm der Crossborder Film School in Italien teil.",3b238ddb450c81d3b508dc132eeb4078,done,https://julianpixel.at/,https://www.instagram.com/der_pixel,,,done,public,True,True
SilkeSchmidt-3b338ddb450c8174a346cdc4b5741abd,3b338ddb450c8174a346cdc4b5741abd,notion,Silke Schmidt,,Person,she/her,DE Germany,"Silke Schmidt leads the XR HUB Bavaria at its location in Munich at Medien Bayern GmbH, where she works to grow the XR ecosystem in Bavaria. She connects people to catalyse new projects and to raise the visibility of Bavarian stakeholders nationally and internationally. The XR HUB Bavaria covers fields of application ranging from education and training to industry, culture and the arts and supports the VR sections of festivals such as DOK.fest München and MUNICH Beyond.","Silke Schmidt leitet den XR HUB Bavaria der Medien.Bayern GmbH am Standort München und arbeitet dort am Ausbau des Extended-Reality-Ökosystems in Bayern. Sie vernetzt Menschen, um neue Projekte anzustoßen und die Sichtbarkeit bayerischer Akteur*innen national wie international zu erhöhen. Die Anwendungsfelder des XR HUB Bavaria reichen von Bildung und Weiterbildung über Industrie bis hin zu Kunst und Kultur. Zudem unterstützt der XR HUB Bavaria die Virtual-Reality-Bereiche von Festivals wie dem DOK.fest München und MUNICH Beyond.",3b338ddb450c813885a3ffbae99c5d35,done,https://xrhub-bavaria.de/,,,https://www.linkedin.com/in/silkexr/,done,public,True,True
AnitaHalbartschlager-3b338ddb450c8189935ed2e50464dcf6,3b338ddb450c8189935ed2e50464dcf6,notion,Anita Halbartschlager,,Person,she/her,AT Austria,"Anita Halbartschlager studied Art History and Cultural History at the University of Vienna and Cultural Management at IKM Vienna. Since 2024, she has served as Head of Archive at Ars Electronica, managing and developing its archive of media art, technology projects and scholarly works — driven by a commitment to preserving and communicating cultural heritage.",,39138ddb450c8073b753e773e921f840,done,,,,,done,public,True,True
MarkusStenger-3b338ddb450c817db855e96a87e90d8b,3b338ddb450c817db855e96a87e90d8b,notion,Markus Stenger,,Person,he/him,DE Germany,"Markus Stenger is a Munich-based architect, managing partner of Stenger2 Architekten und Partner and a member of the BDA. In 2015 he founded S2Lab, a think space for architecture. His work centres on adaptive reuse and building culture, including KRAFTWERK Obersendling, the BERGSON Kunstkraftwerk and the 537-year-old timber house GASTGEB in Landshut, awarded the Bavarian Monument Protection Medal in 2022. He exhibited at the 15th Biennale di Venezia and lectures widely.","Markus Stenger ist ein in München ansässiger Architekt, geschäftsführender Gesellschafter von Stenger2 Architekten und Partner sowie Mitglied des BDA. 2015 gründete er S2Lab, einen Denkraum für Architektur. Sein Schaffen konzentriert sich auf Umnutzung im Bestand und Baukultur, darunter das KRAFTWERK Obersendling, das BERGSON Kunstkraftwerk sowie das 537 Jahre alte Holzhaus GASTGEB in Landshut, das 2022 mit der Bayerischen Denkmalschutzmedaille ausgezeichnet wurde. Er stellte auf der 15. Biennale di Venezia aus und hält regelmäßig Vorträge.",3b338ddb450c81578464dea3cc8895d6,done,https://stenger2.de/,,,,done,public,True,True
SaraTrawger-3b338ddb450c808fbd1ad68517e66447,3b338ddb450c808fbd1ad68517e66447,notion,Sara Trawöger,,Person,she/her,AT Austria,"Sara Trawöger is a sound artist from Upper Austria who produces music for international theater and performance projects, with a focus on multichannel audio and atmospheric spatial sound, as well as for art installations, film and video. She also performs DJ sets and is a member of the bands Tomorrow I Feel Wrong and Witness Wounds. Field recordings, voice, an experimental approach to instruments and noise form the core material of her compositions. A recurring motif in her work is the sound of sirens. Through this, she critically explores the remnants of history and questions how historical traces persist within acoustic signals in the everyday soundscape.","Sara Trawöger ist Klangkünstlerin aus Oberösterreich und produziert Musik für internationale Theater- und Performanceprojekte mit Fokus auf Mehrkanalton und atmosphärischem Raum sowie für Kunstinstallationen, Film und Video. Sie spielt DJ-Sets und ist Teil der Bands Tomorrow I Feel Wrong und Witness Wounds. Field Recordings, Stimme, ein experimenteller Umgang mit Instrumenten und Noise bilden das zentrale Material ihrer Musikstücke. Ein wiederkehrendes Motiv in ihren Kompositionen ist der Klang von Sirenen. Dabei fragt sie kritisch nach den Sedimenten der Geschichte und danach, wie historische Spuren in akustischen Signalen im alltäglichen Geräuschpegel erhalten geblieben sind.",38438ddb450c81c2afdaddd9e3b72fa7,done,,,,,done,public,True,True
RolandHaring-3b338ddb450c810dacf3dd8c5d1d5146,3b338ddb450c810dacf3dd8c5d1d5146,notion,Roland Haring,Roland Haring,Person,he/him,AT Austria,"Roland Haring is Technical Director of Ars Electronica Futurelab and has been shaping its technological direction since 2003. With a background in Media Technology and Design, he connects art, research and industry through international, research-driven projects. His work focuses on the development of immersive environments and interactive systems. He transforms visionary ideas into prototype technologies, public applications and sustainable innovation formats.","Roland Haring ist Technischer Direktor des Ars Electronica Futurelab und prägt seit 2003 maßgeblich dessen technologische Ausrichtung. Mit einem Hintergrund in Medientechnik und -design verbindet er Kunst, Forschung und Industrie in internationalen, forschungsintensiven Projekten. Seine Schwerpunkte liegen in der Entwicklung immersiver Umgebungen und interaktiver Systeme. Dabei übersetzt er visionäre Ideen in prototypische Technologien, öffentliche Anwendungen und nachhaltige Innovationsformate.",3a638ddb450c8027a9d1d0de7f175fdf,done,https://ars.electronica.art/futurelab/en/haring-roland/,,,https://www.linkedin.com/in/rolandharing,done,public,True,True
EffettoLarsen-3b338ddb450c814fa0eae4c83d9f6b1c,3b338ddb450c814fa0eae4c83d9f6b1c,notion,Effetto Larsen,,Organization,,IT Italy,"Effetto Larsen is an organisation that brings together performing arts, scientific research, and experiential learning to design transformative pathways for communities, institutions, arts festivals, and companies. The Effetto Larsen method develops through formats that originate as workshops open to the public and that, after years of field research, evolve into full-fledged participatory installations and performances that they organise around the world.",,3b338ddb450c818ab4fee7a6ae501faf,done,https://effettolarsen.it/en/,https://www.instagram.com/effetto_larsen?utm_source=ig_web_button_share_sheet&igsh=ZDNlZDc0MzIxNw==,https://www.facebook.com/effettolarsen,https://www.linkedin.com/company/effettolarsen/posts/?feedView=all,done,public,True,True
EITCultureCreativity-3b338ddb450c819abe03f29aea7cf22c,3b338ddb450c819abe03f29aea7cf22c,notion,EIT Culture & Creativity,,Organization,,DE Germany,"EIT Culture & Creativity is the institutional partnership dedicated to helping European cultural and creative sectors and industries (CCSI) to become more sustainable, resilient and competitive. It provides funding, knowledge and tailored support to the ecosystem through innovation, education and business creation. Its Transformation and NEB Area strengthens collaborative, regenerative innovation ecosystems, using culture and creativity to drive systemic change across the lived environment.",,3b338ddb450c818ab4fee7a6ae501faf,done,https://eit-culture-creativity.eu/,,,https://www.linkedin.com/company/eit-culture-creativity/posts/?feedView=all,done,public,True,True
BerndResch-3b438ddb450c81a98231eaaea6a1c3c0,3b438ddb450c81a98231eaaea6a1c3c0,notion,Bernd Resch,,Person,he/him,AT Austria,"Bernd Resch is a Professor of GeoSocial AI at IT:U and a Visiting Scholar at Harvard University’s Center for Geographic Analysis. His research interest revolves around understanding cities as complex systems through analyzing a variety of digital data sources. The focus is on developing machine learning algorithms to analyze such human-generated data as social media posts, mobile phone data and physiological measurements from wearable sensors.","Bernd Resch ist Professor für GeoSocial AI an der IT:U und Visiting Scholar am Center for Geographic Analysis der Harvard University. In seiner Forschung untersucht er Städte als komplexe Systeme durch die Analyse vielfältiger digitaler Datenquellen. Im Zentrum steht die Entwicklung von Machine-Learning-Algorithmen, um menschlich erzeugte Daten wie Social-Media-Beiträge, Mobilfunkdaten und physiologische Messdaten von Wearable-Sensoren zu analysieren.",3b438ddb450c81e6ae40dcb811744d8b; 3ba38ddb450c81f98d34d6291b856213; 3ba38ddb450c8171ad86db52bab773fc,done,https://it-u.at/en/research/professors/bernd-resch/,,,https://www.linkedin.com/in/berndresch/,done,public,True,True
LukasStrasser-3b438ddb450c8163a53acf7aebf23ba0,3b438ddb450c8163a53acf7aebf23ba0,notion,Lukas Strasser,Lukas Strasser,Person,he/him,AT Austria,"As an actor and choreographer, Lukas Strasser combines the perspectives of performance, movement and cinematic storytelling. His work explores the interplay of body, space and camera. He is also the director of drehübung wien, an Austrian training platform for professional filmmakers, where he develops and organizes practical workshops and exchange formats that foster interdisciplinary collaboration within the film industry.","Als Schauspieler und Choreograf verbindet Lukas Strasser die Perspektiven von Performance, Bewegung und filmischem Erzählen. In seiner Arbeit beschäftigt er sich mit dem Zusammenspiel von Körper, Raum und Kamera. Zudem ist er Leiter der drehübung wien, einer österreichischen Weiterbildungsplattform für professionelle Filmschaffende. Er entwickelt dort praxisnahe Workshops und Austauschformate, die den gewerkeübergreifenden Dialog und die Zusammenarbeit innerhalb der Filmbranche fördern.",3a738ddb450c802b8dbfe3224df28ed1,done,https://www.lukasstrasser.com/,https://www.instagram.com/lukastrasser/,,,done,public,True,True
drehbungwien-3b438ddb450c8198b6a8ec264b366e0f,3b438ddb450c8198b6a8ec264b366e0f,notion,drehübung wien,drehübung wien,Organization,,AT Austria,"drehübung wien is an Austrian training platform for professional filmmakers. Since 2016, it has created spaces for practice-oriented learning, cross-departmental exchange and new impulses for the film industry. Through workshops, coaching sessions and trainings with national and international experts, it fosters collaboration between different departments and supports filmmakers in developing their skills and exploring new perspectives.","Die drehübung wien ist eine österreichische Weiterbildungsplattform für professionelle Filmschaffende. Seit 2016 schafft sie Räume für praxisnahes Lernen, gewerkeübergreifenden Austausch und neue Impulse für die Filmbranche. Mit Workshops, Coachings und Trainings mit nationalen und internationalen Expert*innen fördert sie die Zusammenarbeit zwischen unterschiedlichen Departments und unterstützt Filmschaffende dabei, ihre Fähigkeiten weiterzuentwickeln und neue Perspektiven zu entdecken.",3a738ddb450c802b8dbfe3224df28ed1,done,https://www.drehuebung.wien/,https://www.instagram.com/drehuebung_wien/,,,done,public,True,True
ITUInterdisciplinaryTransformationUniversityAustria-3b438ddb450c814c9dbbf917644eb89e,3b438ddb450c814c9dbbf917644eb89e,notion,IT:U Interdisciplinary Transformation University Austria,,Organization,,AT Austria,"Interdisciplinary Transformation University (IT:U) is one of the first public universities in Europe dedicated to digitalization and digital transformation. On our campus in Linz, Austria, we offer our students a project-based and inclusive approach to technical education.","Die Interdisciplinary Transformation University (IT:U) ist eine der ersten öffentlichen Universitäten Europas, die sich auf Digitalisierung und digitale Transformation spezialisiert. Auf unserem Campus in Linz, Österreich, bieten wir unseren Studierenden einen projektbasierten und inklusiven Zugang zur technischen Ausbildung.",3b538ddb450c815fa706c5e5677bf1fe; 3b438ddb450c81e6ae40dcb811744d8b,done,https://it-u.at/en/,,,,done,public,True,True
GerfriedStocker-3b738ddb450c809f8d51f21d1ae74fb2,3b738ddb450c809f8d51f21d1ae74fb2,notion,Gerfried Stocker,,Person,he/him,AT Austria,"Gerfried Stocker is a media artist and telecommunications engineer. Since 1995, Gerfried Stocker has served as artistic director and managing director of Ars Electronica. Working with a small team of artists and technicians, he developed the exhibition strategies for the Ars Electronica Center in 1995–96 and oversaw the establishment of a research and development department, the Ars Electronica Futurelab. Under his leadership, the program for international Ars Electronica exhibitions was established starting in 2004; planning and a repositioning of the content for the Ars Electronica Center—which underwent structural expansion in 2009—began in 2005; the expansion of the Ars Electronica Festival starting in 2015, and the large-scale thematic and interior redesign of the Ars Electronica Center in 2019. Stocker advises numerous companies and institutions in the fields of creativity and innovation management and is a guest speaker at international conferences and universities. In 2019, he received an honorary doctorate from Aalto University in Finland.","Gerfried Stocker ist Medienkünstler und Ingenieur der Nachrichtentechnik. Seit 1995 ist er künstlerischer Leiter und Geschäftsführer von Ars Electronica. Mit einem kleinen Team von Künstler*innen und Techniker*innen entwickelte er 1995/96 die Ausstellungsstrategien des Ars Electronica Center und betrieb den Aufbau einer Forschungs- und Entwicklungsabteilung, dem Ars Electronica Futurelab. Unter seiner Führung erfolgte ab 2004 der Aufbau des Programms für internationale Ars Electronica Ausstellungen, ab 2005 die Planung und inhaltliche Neupositionierung für das 2009 baulich erweiterte Ars Electronica Center, ab 2015 die Expansion des Ars Electronica Festival und im Jahr 2019 die großangelegte thematische und innenarchitektonische Neugestaltung des Ars Electronica Center. Stocker berät zahlreiche Unternehmen und Institutionen in den Bereichen Kreativität und Innovationsmanagement, ist Gastredner auf internationalen Konferenzen und Universitäten. 2019 erhielt er ein Ehrendoktorat der Aalto University, Finnland.",39138ddb450c80db926cdd2baf7b37e2; 3a338ddb450c802b8b18ef6d7ce8177e; 3c038ddb450c802e8639e98971177d72; 39e38ddb450c8044a5b8f76d2418da14,done,,,,,done,public,True,True
KlinischesForschungsinstitutMedicalArtificialIntelligence-3b838ddb450c807c9465e7ab43608f0b,3b838ddb450c807c9465e7ab43608f0b,notion,Klinisches Forschungsinstitut Medical Artificial Intelligence,,Organization,,AT Austria,"The Clinical Research Institute for Medical Artificial Intelligence (KFI MAI) brings together physicians, data and natural scientists, engineers and translational researchers to build a bridge between cutting-edge AI, medical research and real-world patient care. The shared goal is to develop innovative models and algorithms and translate them into clinically relevant solutions—accelerating diagnoses, personalizing therapies and improving treatment outcomes—while creating a collaborative environment in which diverse expertise in this field drives impactful, patient-centered research.","Das Klinische Forschungsinstitut Medical Artificial Intelligence (KFI MAI) vereint Ärzt*innen, Daten- und Naturwissenschaftler*innen, Ingenieur*innen und translationale Forscher*innen, um eine Brücke zwischen modernster KI, medizinischer Forschung und der realen Patientenversorgung zu schlagen. Das gemeinsame Ziel ist es, innovative Modelle und Algorithmen zu entwickeln und in klinisch relevante Lösungen zu überführen – Diagnosen zu beschleunigen, Therapien zu personalisieren und Behandlungsergebnisse zu verbessern – und dabei ein kollaboratives Umfeld zu schaffen, in dem vielfältige Expertise in diesem Feld eine wirkungsvolle, patientenorientierte Forschung vorantreibt.",3a638ddb450c80f8b35efeb57b787f35,done,https://www.jku.at/klinisches-forschungsinstitut-medical-artificial-intelligence/,,,,done,public,True,True
FriedrichBachinger-3b838ddb450c811aa9daf50e3405b38e,3b838ddb450c811aa9daf50e3405b38e,notion,Friedrich Bachinger,,Person,he/him,AT Austria,"Friedrich Bachinger is a Senior Developer & Researcher at the Ars Electronica Futurelab. He develops interactive and immersive systems at the intersection of research and software engineering. His expertise spans Unreal Engine, real-time rendering, human-computer interaction, full-stack development and software and system architecture—from early prototypes to robust, connected applications and installations.","Friedrich Bachinger ist Senior Developer & Researcher am Ars Electronica Futurelab. Er entwickelt interaktive und immersive Systeme an der Schnittstelle zwischen Forschung und Softwareentwicklung. Seine Fachkenntnisse umfassen die Unreal Engine, Echtzeit-Rendering, Mensch-Computer-Interaktion, Full-Stack-Entwicklung sowie Software- und Systemarchitektur – von frühen Prototypen bis hin zu robusten, vernetzten Anwendungen und Installationen.",3a038ddb450c811db32ce1a1977aabb4,done,https://ars.electronica.art/futurelab/en/bachinger-friedrich/,,,https://www.linkedin.com/in/friedrich-chanda-bachinger-08b577a2/,done,public,True,True
AlexanderBoboschewski-3b938ddb450c81739c22d1e23ff6c692,3b938ddb450c81739c22d1e23ff6c692,notion,Alexander Boboschewski,Alexander Boboschewski,Person,he/him,AT Austria,"Alexander Boboschewski is a Director of Photography, cinematographer and film producer from Vienna. Since 1986, he has been telling stories through moving images—for film, television and international productions. His visual language combines intuition and precision, light and movement, emotion and technique. Whether feature film, documentary or live production: for him, it always comes down to the image that brings a story to life.","Alexander Boboschewski ist Director of Photography, Kameramann und Filmproduzent aus Wien. Seit 1986 erzählt er Geschichten in bewegten Bildern – für Film, Fernsehen und internationale Produktionen. Seine Bildsprache verbindet Intuition und Präzision, Licht und Bewegung, Emotion und Technik. Ob Spielfilm, Dokumentation oder Liveproduktion: Im Mittelpunkt steht für ihn immer das Bild, das eine Geschichte fühlbar macht.",3b938ddb450c81d689c8c063a3d14ea9,done,,,,,done,public,True,True
RasaBoyt-3b938ddb450c81798986dff4cb0abd17,3b938ddb450c81798986dff4cb0abd17,notion,Rasa Bočytė,,Person,she/her,LT Lithuania,"Rasa Bocyte (she/her) is a cultural heritage professional with a passion for forging cross-sectoral connections underpinned by creative and critical approaches. She advocates for sustainable innovation practices that prioritise public values, slowness and care. In her current role at the Netherlands Institute for Sound & Vision, she examines hype in narratives surrounding emerging technologies and creates room for more meaningful, playful and critical engagement with digital tech.",,39538ddb450c810ba965c4a0e378835c,done,,,,https://www.linkedin.com/in/rbocyte/,done,public,True,True
GeorgeOates-3b938ddb450c811e95e2eb5fe3c3754e,3b938ddb450c811e95e2eb5fe3c3754e,notion,George Oates,,Person,she/her,AU Australia,"George Oates is a software designer and entrepreneur who specializes in technology and cultural heritage. She is best known as the first designer of Flickr and creator of Flickr Commons, which made photography collections from public institutions more accessible online. After roles at Flickr, the Internet Archive and Stamen Design, she focused on digital preservation. In 2022, she founded the Flickr Foundation and co-founded Deep Keep to preserve digital cultural records.",,39538ddb450c810ba965c4a0e378835c,done,,,,https://www.linkedin.com/in/georgeoates/,done,public,True,True
KerstinBltterbinder-3b938ddb450c8143b72edee6760a581f,3b938ddb450c8143b72edee6760a581f,notion,Kerstin Blätterbinder,Kerstin Blätterbinder,Person,she/her,AT Austria,"Kerstin Blätterbinder studied Media Technology and Design at the University of Applied Sciences Upper Austria, where she also completed her Master’s in Digital Arts. Since 2019, she has been working as a Media Designer at the Ars Electronica Futurelab. There, she works on the conception and implementation of a wide range of media projects, with a particular focus on interactive installations. Her work combines animation and 3D design with the creation of user-centered interfaces and experiences.","Kerstin Blätterbinder studierte Medientechnik und -design an der Fachhochschule Oberösterreich in Hagenberg und absolvierte dort den Master Digital Arts. Seit 2019 ist Kerstin als Mediendesignerin im Ars Electronica Futurelab tätig. Dort arbeitet sie an der Konzeption und Umsetzung vielfältiger Medienprojekte, insbesondere im Bereich interaktiver Installationen. Ihre Arbeit vereint die Bereiche Animation und 3D Design mit der Gestaltung nutzerzentrierter User Interfaces und Experiences.",3a038ddb450c81119129c97b5ed0b6c6; 3a038ddb450c81e6a270ff829f0cf542; 3a038ddb450c811db32ce1a1977aabb4,done,,,,,done,public,True,True
FreddieHong-3b938ddb450c81399099e1a59552e2df,3b938ddb450c81399099e1a59552e2df,notion,Freddie Hong,,Person,he/him,KR South Korea,"Freddie Hong is a London-based visual artist and researcher who explores how emerging technologies shape our relationships with the physical world and society. Through interactive installations, he invites audiences to reflect on how intelligent systems influence perception, behavior and social interaction. He holds a PhD in Human-Computer Interaction and also conducts engineering research in HCI and robotics.","Freddie Hong ist ein in London ansässiger bildender Künstler und Forscher, der sich damit beschäftigt, wie neue Technologien unsere Beziehungen zur physischen Welt und zur Gesellschaft prägen. Mit interaktiven Installationen lädt er das Publikum dazu ein, darüber nachzudenken, wie intelligente Systeme Wahrnehmung, Verhalten und soziale Interaktion beeinflussen. Er hat im Bereich Mensch-Computer-Interaktion promoviert und betreibt zudem ingenieurwissenschaftliche Forschung in den Bereichen HCI und Robotik.",3a038ddb450c81e6a270ff829f0cf542; 3a038ddb450c8105a8b0eb17c4d0ebb3,done,https://freddiehong.com/,,,,done,public,True,True
JanZuiderveld-3b938ddb450c81d89c9ee3a7d3060318,3b938ddb450c81d89c9ee3a7d3060318,notion,Jan Zuiderveld,,Person,he/him,NL Netherlands,"Jan Zuiderveld is an artist and researcher creating performative installations in which intelligent systems take on social roles through physical objects. Becoming participants in systems they expect to control, visitors find themselves having to persuade, contribute, respond or adapt. Through these encounters, he aims to make the psychological and societal effects of today’s technology tangible.","Jan Zuiderveld ist Künstler und Forscher und schafft performative Installationen, in denen intelligente Systeme durch physische Objekte soziale Rollen übernehmen. Besucher*innen werden zu Teilnehmenden in Systemen, die sie zu kontrollieren glaubten – stattdessen müssen sie überzeugen, zusammenarbeiten, antworten oder sich anpassen. Durch diese Begegnungen möchte er die psychologischen und gesellschaftlichen Auswirkungen aktueller Technologie greifbar machen.",3a038ddb450c815b93c4e2cc25c7e8a0; 3a038ddb450c815189a3db7931ae4841,done,https://warana.xyz/#/about,,,,done,public,True,True
NikolausSabathiel-3b938ddb450c8121b724da60ac1cd874,3b938ddb450c8121b724da60ac1cd874,notion,Nikolaus Sabathiel,,Person,he/him,AT Austria,"Nikolaus Sabathiel is a Technical Project Manager at FreshFX Media in Salzburg, working at the intersection of AI, immersive media and interactive experiences. With a background in theoretical and computational physics, he develops and coordinates projects involving real-time AI avatars, XR and digital storytelling. He also lectured on AI in Game Development and physics-based simulations at Salzburg University of Applied Sciences.","Nikolaus Sabathiel ist Technical Project Manager bei FreshFX Media in Salzburg und arbeitet an der Schnittstelle von KI, immersiven Medien und interaktiven Erlebnissen. Mit einem Hintergrund in theoretischer und computergestützter Physik entwickelt und koordiniert er Projekte rund um Echtzeit-KI-Avatare, XR und digitales Storytelling. Zudem war er als Lehrender für AI in Game Development und physikbasierte Simulationen an der FH Salzburg tätig.",3a538ddb450c80e4bc19d778b32f6d74,done,,,,https://www.linkedin.com/in/nikolaus-sabathiel-944023132/,done,public,True,True
ComputerHistoryMuseumSlovenia-3b938ddb450c8010a952f9088bc2c5a1,3b938ddb450c8010a952f9088bc2c5a1,notion,Computer History Museum Slovenia,,Organization,,SI Slovenia,"Founded in 2004, the Computer History Museum Slovenia (Računalniški muzej) is a non-profit dedicated to developing the digital society and protecting cultural heritage. It is fully devoted to collecting, preserving, researching, and presenting the heritage of the digital age. Its collection spans over 8,000 artifacts, from analogue machines to AI, covering industrial and home computing as well as games.
As a UNESCO Software Heritage Foundation Ambassador, the museum is especially committed to preserving the intangible heritage of software programming. It is also a registered volunteer organization, promoting inclusion, diversity, and community engagement.bLocated in a 700m² three-story building in one of Ljubljana's most vibrant neighborhoods, the museum welcomes visitors daily from across Slovenia and abroad. Its programs include school visits, educator training, family activities, coding classes, meetups, and special events. The museum serves as a meeting point for the broader tech community—from open-source enthusiasts to commercial IT specialists, from beginners to experts—and is known for the strong intergenerational exchange it fosters. Beyond its own walls, the museum actively supports digital literacy initiatives, digital cultural development in other organizations through knowledge-sharing partnerships, consulting on digitization and archiving practices, and hands-on training in preserving digital heritage. It shares expertise in curating and cataloguing digital collections, advises cultural institutions on adapting to the digital age, and collaborates on joint projects that extend best practices in digital preservation internationally.",,3b838ddb450c80f1a438ea41018d28e6,done,,,,,done,public,True,True
MariaMayr-3ba38ddb450c808c907ae196a86de4ee,3ba38ddb450c808c907ae196a86de4ee,notion,Maria Mayr,,Person,she/her,AT Austria,"Maria Mayr works at Ars Electronica Futurelab in the field of People & Culture, where she focuses on collaborative work processes, employee profile development and training and education measures. Her focus is on the joint development of structures that enable reflective working methods and promote creativity for future-oriented collaboration.","Maria Mayr arbeitet im Ars Electronica Futurelab im Bereich People & Culture, wo sie sich mit kollaborativen Arbeitsprozessen, der Profilentwicklung der Mitarbeiter*innen sowie Aus- und Weiterbildungsmaßnahmen beschäftigt. Der Fokus liegt auf der gemeinsamen Entwicklung von Strukturen, die eine reflektierte Arbeitsweise ermöglichen und Kreativität fördern – für eine zukunftsorientierte Zusammenarbeit.",,done,https://ars.electronica.art/futurelab/en/mayr-maria/,,,,done,public,True,True
TimidRobotZehta-3ba38ddb450c81d49525f2c766e6e5dc,3ba38ddb450c81d49525f2c766e6e5dc,notion,Timid Robot Zehta,,Person,"she/her, they/them",US United States,"Timid Robot is the Director of Technology at Creative Commons (CC). They joined CC in 2018 and are delighted to champion open content as a powerful tool for achieving human rights and sustainability. They bring over 20 years of professional experience empowering others through technology and digital infrastructure.

Timid Robot lives in Malta with their partner and two polydactyl cats. They love cats, free/libre and open source software, systems and giving back to the communities around them.",,39538ddb450c810ba965c4a0e378835c,done,https://creativecommons.org/,,,https://www.linkedin.com/in/timid-robot/,done,public,True,True
AlexandraBurgos-Thorsen-3ba38ddb450c81ebba28d2a99d81b0a6,3ba38ddb450c81ebba28d2a99d81b0a6,notion,Alexandra Burgos-Thorsen,,Person,she/her,"CL Chile, US United States","Alexandra Burgos-Thorsen is a landscape architect, artist and researcher from the US/Chile/Honduras, based in Copenhagen. Rooted in decolonial and multispecies thinking, she treats landscapes as living archives of memory, power and possible futures, proposing nature-based solutions as acts of care oriented toward many forms of life. She holds a lecturer position at the University of Copenhagen and serves as a Living Labs research assistant at the Green Solutions Centre.","Alexandra Burgos-Thorsen ist Landschaftsarchitektin, Künstlerin und Forscherin aus den USA/Chile/Honduras mit Sitz in Kopenhagen. Verwurzelt in dekolonialem und mehr-als-menschlichem Denken, begreift sie Landschaften als lebendige Archive von Erinnerung, Macht und möglichen Zukünften und schlägt naturbasierte Lösungen als Akte der Fürsorge vor, die sich an vielfältigen Lebensformen orientieren. Sie ist Lektorin an der University of Copenhagen und arbeitet als Living-Labs-Forschungsassistentin am Green Solutions Centre.",39038ddb450c8158b6a3fd10f4d4ff0d,done,,,,https://www.linkedin.com/in/alexandra-burgos-/,done,public,True,True
LudovicaArci-3ba38ddb450c81ccadc3c04516c71471,3ba38ddb450c81ccadc3c04516c71471,notion,Ludovica Arci,,Person,she/her,IT Italy,"Ludovica Arci is an Immersive Executive Producer, Co-Founder of SARAVÁ, a studio crafting award-winning cinematic, immersive experiences that reimagine cultural heritage for contemporary audiences. Its work includes the largest immersive exhibition on India, Shiva Immersive and projects for Osaka Expo and the Venice Biennale. She is also aAdvisor for Way Experience, a leading VR studio in edutainment. Her career spans global platforms such as Design Week, Art Basel, NFT Paris and Asia Now.","Ludovica Arci ist Immsive Executive Producer und Mitbegründerin von SARAVÁ, einem Studio, das preisgekrönte cineastische, immersive Erlebnisse schafft, die das kulturelle Erbe für ein zeitgenössisches Publikum neu interpretieren. Zu den Arbeiten des Studios zählen die größte immersive Ausstellung über Indien, Shiva Immersive, sowie Projekte für die Expo in Osaka und die Biennale in Venedig. Außerdem ist sie Beraterin bei Way Experience, einem führenden VR-Studio im Bereich Edutainment. Ihre Karriere erstreckt sich über globale Plattformen wie die Design Week, die Art Basel, die NFT Paris und Asia Now.",3a538ddb450c80e2ab62c6b9d025fbe4,done,https://www.saravaproject.org,https://www.instagram.com/sarava_world/,,https://www.linkedin.com/company/saravá/,done,public,True,True
JanjaDrsch-3ba38ddb450c812faf7bf05b567b85af,3ba38ddb450c812faf7bf05b567b85af,notion,Janja Dörsch,,Person,she/her,SI Slovenia,"Janja studied Human Geography in Slovenia and Austria, focusing on the relationship between people, places and cultures. As a qualified trainer in adult education and a business coach, she also works as an external lecturer at a university of applied sciences, where she accompanies students as a project coach and, within a European alliance, guides interdisciplinary student teams through Design Thinking processes.","Janja studierte Humangeographie in Slowenien und Österreich mit Fokus auf die Beziehung zwischen Menschen, Orten und Kulturen. Als geprüfte Trainerin in der Erwachsenenbildung und Business-Coach arbeitet sie zudem als externe Lehrbeauftragte an einer Fachhochschule, wo sie Studierende als Projektcoach begleitet und im Rahmen einer europäischen Hochschulallianz interdisziplinäre studentische Teams durch Design-Thinking-Prozesse führt.",3ba38ddb450c81f98d34d6291b856213; 3ba38ddb450c8171ad86db52bab773fc,done,https://it-u.at/de/persons/students/janja-dorsch/,,,,done,public,True,True
MarleneJungreithmayr-3ba38ddb450c811bbfebfdfbacfdb690,3ba38ddb450c811bbfebfdfbacfdb690,notion,Marlene Jungreithmayr,,Person,she/her,AT Austria,Marlene Jungreithmayr is a student researcher at the Geosocial AI group at IT:U. She holds a bachelor’s degree in Geography and is currently studying her master’s in Geoinformatics at the University of Salzburg. She is working on the Climate Agents Project and designs and holds workshops.,Marlene Jungreithmayr ist studentische Mitarbeiterin in der Forschungsgruppe Geosocial AI an der IT:U. Sie hat einen Bachelorabschluss in Geographie und studiert derzeit im Master Geoinformatik an der Universität Salzburg. Sie arbeitet am Climate Agents Project mit und konzipiert und leitet Workshops.,3ba38ddb450c81f98d34d6291b856213; 3ba38ddb450c8171ad86db52bab773fc,done,https://it-u.at/de/persons/students/marlene-jungreithmayr/,,,,done,public,True,True
JuergenHagler-3bb38ddb450c80d98bf2eefe27ded874,3bb38ddb450c80d98bf2eefe27ded874,notion,Juergen Hagler,,Person,he/him,AT Austria,"Juergen Hagler is an academic researcher, artist, and curator specializing in animation, media art, and interactive art. He is Professor of Animation and Media Studies and Head of Digital Arts at the University of Applied Sciences Upper Austria. His work bridges artistic research, emerging technologies, and curatorial practice.","Jürgen Hagler ist ein akademischer Forscher, Künstler und Kurator mit den Schwerpunkten Animation, Medienkunst und interaktive Kunst. Er ist Professor für Animation und Media Studies sowie Leiter des Bereichs Digital Arts an der Fachhochschule Oberösterreich. Seine Arbeit verbindet künstlerische Forschung, neue Technologien und kuratorische Praxis.",38438ddb450c81c2afdaddd9e3b72fa7,done,,,,,done,public,True,True
NilsGallist-3bb38ddb450c8027b07ade2616a5a68a,3bb38ddb450c8027b07ade2616a5a68a,notion,Nils Gallist,,Person,he/him,AT Austria,"Nils Gallist is a researcher and media artist focusing on interactive media, games, and immersive experiences. His work combines artistic practice, technological experimentation and research into playful forms of interaction.","Nils Gallist ist Forscher und Medienkünstler mit den Schwerpunkten interaktive Medien, Games und immersive Erlebnisse. Seine Arbeit verbindet künstlerische Praxis, technologische Experimente und die Erforschung spielerischer Formen der Interaktion.",38438ddb450c81c2afdaddd9e3b72fa7,done,,,,,done,public,True,True
CelinePham-3bb38ddb450c80ba8af0fd9539afd79a,3bb38ddb450c80ba8af0fd9539afd79a,notion,Celine Pham,,Person,she/her,AT Austria,"Celine Pham is an artist and researcher working at the intersection of animation, generative AI and digital art. Her practice explores AI-assisted creative processes, experimental animation and new approaches to cultural heritage.","Celine Pham ist Künstlerin und Forscherin an der Schnittstelle von Animation, generativer KI und digitaler Kunst. Ihre künstlerische Praxis beschäftigt sich mit KI-gestützten kreativen Prozessen, experimenteller Animation und neuen Ansätzen im Umgang mit kulturellem Erbe.",38438ddb450c81c2afdaddd9e3b72fa7,done,,,,,done,public,True,True
KyokoKunoh-3bb38ddb450c81198986d42ba7a90fd8,3bb38ddb450c81198986d42ba7a90fd8,notion,Kyoko Kunoh,,Person,she/her,JP Japan,"Kyoko Kunoh is an artist and ambassador of Ars Electronica. She has created numerous art works in the field of interactive art, and works in a wide range of fields such as directing in the public and commercial space, designing exhibit products and being part of joint projects with companies and universities. Her projects have been featured in many different international locations including Ars Electronica (Austria), SIGGRAPH (USA), Centre Pompidou (France) and Japan Media Arts Festival (Japan).","Kyoko Kunoh ist Künstlerin und Ars Electronica Ambassador. Sie hat zahlreiche Kunstwerke im Bereich der interaktiven Kunst geschaffen und ist in einer Vielzahl von Bereichen tätig, darunter die Inszenierung im öffentlichen und kommerziellen Raum, die Gestaltung von Ausstellungsprodukten sowie die Mitarbeit an Gemeinschaftsprojekten mit Unternehmen und Universitäten. Ihre Projekte wurden an verschiedensten internationalen Orten präsentiert, darunter bei der Ars Electronica (Österreich), der SIGGRAPH (USA), im Centre Pompidou (Frankreich) und beim Japan Media Arts Festival (Japan).",3a038ddb450c815189a3db7931ae4841,done,https://ars.electronica.art/japan/en/about/kyoko-kunoh/,,,,done,public,True,True
PatrickBerger-3bb38ddb450c81eaba2ddb824992850f,3bb38ddb450c81eaba2ddb824992850f,notion,Patrick Berger,,Person,he/him,AT Austria,"Patrick Berger, MA, is a lead designer and artist at Ars Electronica Futurelab in Linz, working at the intersection of art, technology and immersive spaces. His practice spans virtual environments, 3D, animation, realtime and VFX, with a focus on creating interactive, embodied experiences. His work includes international drone and robot swarm performances, and Converge 2, an immersive multiplayer experience for Deep Space 8K exploring collaboration through avatars, movement and voice.","Patrick Berger, MA, ist Lead Designer und Artist am Ars Electronica Futurelab in Linz und arbeitet an der Schnittstelle von Kunst, Technologie und immersiven Räumen. Seine Arbeit umfasst virtuelle Umgebungen, 3D, Animation, Echtzeit- und VFX-Techniken, wobei der Schwerpunkt auf der Schaffung interaktiver, körperlich erlebbarer Erfahrungen liegt. Zu seinen Arbeiten zählen internationale Drohnen- und Roboterschwarm-Performances sowie Converge 2, ein immersives Multiplayer-Erlebnis für den Deep Space 8K, das die Zusammenarbeit durch Avatare, Bewegung und Stimme erforscht.",3a638ddb450c8027a9d1d0de7f175fdf,done,https://ars.electronica.art/futurelab/en/tag/patrick-berger/,,,,done,public,True,True
MerveSahin-3bb38ddb450c813db829d8a58dda2b67,3bb38ddb450c813db829d8a58dda2b67,notion,Merve Sahin,,Person,she/her,TR Turkey,"Merve Sahin is an architect, researcher and artist based in Vienna. Her practice is cantered on immersive media environments and speculative design. Through transmedia installations and real-time 3D environments, she explores how digital technologies shape the way we experience and understand urban spaces. Her work expands the visual language of architectural representation to reveal the ecological, cultural, political and intangible dimensions of cities.","Merve Sahin ist Architektin, Forscherin und Künstlerin und lebt in Wien. Im Mittelpunkt ihrer Arbeit stehen immersive Medienumgebungen und spekulatives Design. Anhand von transmedialen Installationen und Echtzeit-3D-Umgebungen untersucht sie, wie digitale Technologien die Art und Weise prägen, wie wir städtische Räume erleben und verstehen. Ihre Arbeit erweitert die Bildsprache der architektonischen Darstellung, um die ökologischen, kulturellen, politischen und immateriellen Dimensionen von Städten sichtbar zu machen.",3a638ddb450c8027a9d1d0de7f175fdf,done,https://mervesahin.me/,https://www.instagram.com/mervxshn/,,https://www.linkedin.com/in/mervesahin-0/,done,public,True,True
TakumaSuzuki-3bb38ddb450c812bbc56f72e9d578d4d,3bb38ddb450c812bbc56f72e9d578d4d,notion,Takuma Suzuki,,Person,he/him,JP Japan,"Takuma Suzuki is a data scientist at Toyota Motor Corporation’s Advanced Data Science Management Division and a researcher in residence at Ars Electronica Futurelab. As a project manager and AI engineer for the Future Humanity Project, he explores how data science, art thinking and future-oriented research can be combined to develop new frameworks for innovation and human-centered value creation.","Takuma Suzuki ist Data Scientist der Advanced Data Science Management Division der Toyota Motor Corporation und Researcher in Residence am Ars Electronica Futurelab. Als Projektleiter und KI-Ingenieur für das Future Humanity Project untersucht er, wie Data Science, künstlerisches Denken und zukunftsorientierte Forschung kombiniert werden können, um neue Rahmenbedingungen für Innovation und eine menschenzentrierte Wertschöpfung zu entwickeln.",3a038ddb450c811db32ce1a1977aabb4; 3a038ddb450c81999163f10a54cdcaa0; 3a038ddb450c81119129c97b5ed0b6c6,done,,,,,done,public,True,True
IsabelLinzer-3bc38ddb450c81b28840e8317d9912e7,3bc38ddb450c81b28840e8317d9912e7,notion,Isabel Linzer,Isabel Linzer,Person,she/her,US United States,"Isabel Linzer is an elections and democracy policy analyst at the Center for Democracy & Technology, where her portfolio includes information resilience, political influencers on social media and generative AI and elections. Isabel has previously worked across international human rights and democracy issues at Freedom House, UN OHCHR and the National Democratic Institute. She holds a Masters in Public Policy from Yale and a Bachelor of Arts in Government and French from Wesleyan University.",,39e38ddb450c8007891fcde9a06e286a,done,https://cdt.org,,,,done,public,True,True
SeilaFernndezArconada-3bc38ddb450c812c86d2f9eb8bbd0abf,3bc38ddb450c812c86d2f9eb8bbd0abf,notion,Seila Fernández Arconada,Seila Fernández Arconada,Person,she/her,DE Germany,"Seila Fernández Arconada is a multidisciplinary artist-researcher focusing on socio ecological uncertainties, from climatic shifts to societal disputes in bodies of water. She holds a vast international experience with numerous transdisciplinary workshops, exhibitions and publications. Currently, she leads O Fio da Água: Embracing Water’s Flow for Resilient Futures (Portugal) selected by STARTS AQUA MOTION in response to the challenge Moving Waters – Reimagining Flood Resilience, as well as Dnipro River, Ecosocial belonging in Wartime (Ukraine), among others.",,39f38ddb450c80ffa6e5eabb322014c2,done,https://www.seilafernandezarconada.net/,https://www.instagram.com/seilafdza/,https://www.facebook.com/seila.arconada,https://www.linkedin.com/in/seila-fernandez-arconada/,done,public,True,True
GustavGressel-3bc38ddb450c81c6a92deb04d45a7aa1,3bc38ddb450c81c6a92deb04d45a7aa1,notion,Gustav Gressel,Gustav Gressel,Person,he/him,DE Germany,"Before joining the National Defence Academy of the Austrian Armed Forces, Gressel served as a Senior Policy Fellow at the ECFR Berlin Office from 2014 to 2024.
From 2003 to 2014 he served in the Bureau for Security Policy of the Austrian MoD, prior to his academic career in the Austrian Armed Forces.
Gustav earned a PhD in Strategic Studies at the Faculty of Military Sciences at the National University of Public Service, Budapest and a Master Degree in political science at Salzburg University.",,39e38ddb450c8072882ac0e7bda641b7,done,,,,https://www.linkedin.com/in/gustav-gressel-phd-1995965/,done,public,True,True
IoanaVremeMoser-3bc38ddb450c81b58bf5ef73b8e071ee,3bc38ddb450c81b58bf5ef73b8e071ee,notion,Ioana Vreme Moser,Ioana Vreme Moser,Person,she/her,DE Germany,"Ioana Vreme Moser is a Romanian sound artist interested in hardware electronics, speculative research and tactile experimentation. In her practice, she uses rough electronic processes to obtain different materialities of sound. She places electronic components and control voltages in different situations of interaction with her body, organic materials and environmental stimuli. Vreme Moser’s works feature personal narrations and observations on the history of electronics and their production chains, wastelands and entanglements in the natural world.",,39f38ddb450c80dc9532c7ceba0f8b23,done,https://www.ioanavrememoser.com,https://www.instagram.com/ioana.vreme.moser/,,,done,public,True,True
AlexanderSngerlaub-3bc38ddb450c818ca4b6e22c7575ab72,3bc38ddb450c818ca4b6e22c7575ab72,notion,Alexander Sängerlaub,Alexander Sängerlaub,Person,he/him,DE Germany,"Alexander Sängerlaub is founder and president of futur eins, working on digital public spheres and the vision of an informed society. A former executive director, think tank lead and constructive journalism pioneer, he has led projects on disinformation, fact-checking, news literacy and the future of journalism. He advises organizations, teaches at Freie Universität Berlin and is a frequent speaker and moderator on media, democracy and AI.",,39e38ddb450c8007891fcde9a06e286a,done,https://futureins.org,,,https://www.linkedin.com/in/alex-s%C3%A4ngerlaub-bb29b5201/,done,public,True,True
JamieAllen-3bc38ddb450c816a8df7e55f27f70148,3bc38ddb450c816a8df7e55f27f70148,notion,Jamie Allen,Jamie Allen,Person,he/him,CH Switzerland,"Jamie Allen is a Canadian artist, researcher and organizer whose work explores the hidden relationships between infrastructure, ecology, technology and collective life. Through installation, performance, publishing and participatory research, he develops collaborative projects that make invisible logistical, environmental and political systems available to public imagination, investigating how landscapes, institutions and infrastructures shape our shared ecological futures.",,39f38ddb450c80dc9532c7ceba0f8b23,done,https://jamieallen.com/,https://www.instagram.com/jamieallenjamieallen/,https://www.facebook.com/heavyside,https://www.linkedin.com/in/jamieallenjamieallen/,done,public,True,True
IvanKrastev-3bc38ddb450c81a48f87dac6435b1cee,3bc38ddb450c81a48f87dac6435b1cee,notion,Ivan Krastev,Ivan Krastev,Person,he/him,AT Austria,"Ivan Krastev is Albert Hirschman Permanent Fellow at the Institute for Human Sciences (IWM) in Vienna and Chair of the Centre for Liberal Strategies in Sofia. He is a founding board member of the European Council on Foreign Relations (ECFR). 
A contributing editor at the Financial Times, Krastev is the author of Is It Tomorrow, Yet? How the Pandemic Changes Europe (2020), The Light That Failed: A Reckoning (2019, with Stephen Holmes), which won the Lionel Gelber Prize and After Europe (2017).",,39e38ddb450c8008901cf2ff42901a96,done,https://www.iwm.at,,,,done,public,True,True
RadhaDSouza-3bc38ddb450c81918fa5f9521604db26,3bc38ddb450c81918fa5f9521604db26,notion,Radha D’Souza,Radha D’Souza,Person,she/her,GB United Kingdom,"Radha D’Souza is a critical scholar, social justice activist, barrister and writer, from India. She is Emeritus Professor of Law Development and Conflict Studies at the University of Westminster in London. Together with Dutch artist Jonas Staal, she is co-founder of the Court for Intergenerational Climate Crimes (CICC) which is based on her book What’s Wrong With Rights? Social Movements, Law and Liberal Imaginations (Pluto, 2018). Her inter and transdisciplinary research straddles Legal Studies, Development Studeies, History, Comparative Philosophy, Resource Conflicts and Geography from Third World perspectives. Her most recent book is Decolonising Knowledge: Looking Back, Moving Forward (Bloomsbury, 2025) co-edited with Sunera Thobani. Her most recent article Racism, (Neo)Colonialism, and International Law: A Field in Search of a Philosophy? (OUP, 2026) is an Open Access publication.",,39f38ddb450c800f8a4ce0734192a4ea,done,,,,,done,public,True,True
AgnesCzernin-Kinsky-3bf38ddb450c812586c7cd07913bad44,3bf38ddb450c812586c7cd07913bad44,notion,Agnes Czernin-Kinsky,,Person,she/her,AT Austria,"With a background in 3D and motion graphics, Agnes Czernin-Kinsky moved into augmented and extended reality, combining creative work with technical problem-solving. She joined Mozarteum University Salzburg, where she help develop and set up the X-Reality-Lab and work on related XR initiatives, including the MozXR framework, festival planning, and the master’s program. Her work combines content creation, technical implementation, project organization, and conceptual development.","Nach ihrem Studium in 3D und Motion Graphics wandte sich Agnes Czernin-Kinsky Augmented und Extended Reality zu, wo sie kreative Arbeit mit technischer Problemlösung verbindet. An der Universität Mozarteum Salzburg wirkt sie an Entwicklung und Aufbau des X-Reality-Lab mit und arbeitet an damit verbundenen XR-Initiativen, darunter das MozXR-Framework, die Festivalplanung und der Masterstudiengang. Ihre Arbeit umfasst die Erstellung von Inhalten sowie technische Umsetzung, Projektorganisation und konzeptionelle Entwicklung.",3a638ddb450c8027a9d1d0de7f175fdf,done,,,,https://www.linkedin.com/in/agnes-czernin-kinsky-b65063127/,done,public,True,True
ChristopherLindinger-3bf38ddb450c811b9890fc73b2e85013,3bf38ddb450c811b9890fc73b2e85013,notion,Christopher Lindinger,,Person,he/him,AT Austria,"Christopher Lindinger is a professor at University Mozarteum, former Vice Rector at JKU Linz and a computer scientist with a strong track record in Virtual Reality and immersive arts. During his early years at Ars Electronica Futurelab, he developed VR systems, worked at the Electronic Visualization Laboratory and co-conceived Deep Space at the Ars Electronica Center. He leads Mozarteum’s XR Lab, initiated MozXR and directs the new MA program Immersive Arts and Digital Narratives.","Christopher Lindinger ist Professor an der Universität Mozarteum, ehemaliger Vizerektor der JKU Linz und Informatiker mit langjähriger Erfahrung in den Bereichen Virtual Reality und immersive Kunst. In seinen ersten Jahren am Ars Electronica Futurelab entwickelte er VR-Systeme, arbeitete am Electronic Visualization Laboratory und war Mitgestalter des Deep Space im Ars Electronica Center. Er leitet das XR Lab des Mozarteums, hat MozXR ins Leben gerufen und ist Leiter des neuen Masterstudiengangs Immersive Arts and Digital Narratives.",3a638ddb450c8027a9d1d0de7f175fdf,done,,,,,done,public,True,True
BernadetteGeiler-3bf38ddb450c800a95fcc61f3d1c88ba,3bf38ddb450c800a95fcc61f3d1c88ba,notion,Bernadette Geißler,,Person,she/her,AT Austria,"Bernadette Geißler has been a fan of Ars Electronica since her youth. Today, the trained journalist heads communications at the Ars Electronica Futurelab. Both professionally and personally, topics like gender equality diversity, inclusivity and democracy are particularly close to her heart.","Bernadette Geißler ist seit ihrer Jugend Ars-Electronica-Fan, heute leitet die gelernte Journalistin die Kommunikation des Ars Electronica Futurelab. Beruflich und privat liegen ihr besonders Geschlechtergerechtigkeit, Diversität, Inklusion und Demokratie am Herzen.",3a038ddb450c802baff1c23e87712439,done,https://ars.electronica.art/futurelab/en/geissler-bernadette/,,,https://www.linkedin.com/in/bernadette-gei%C3%9Fler-0a561b7/,done,public,True,True
YehudaCohen-3c038ddb450c814f8974d51001e508f4,3c038ddb450c814f8974d51001e508f4,notion,Yehuda Cohen,Yehuda Cohen,Person,he/him,IL Israel,"Yehuda Cohen is 57 yeas-old, married with three children. He is a hi-tech engineer in the semiconductor industry. Yehuda has recently been involved in the struggle for releasing his son who was a hostage in the hands of Hamas from the 7th of October 2023 until his release in October 13th 2025. 
He recently released a book (in Hebrew) describing his doings along those two years including his struggle against the Israeli government to force them to end the war in Gaza and for the establishment of a hostage deal for his son’s release.","Yehuda Cohen ist 57 Jahre alt, verheiratet und Vater von drei Kindern. Er arbeitet als Hightech-Ingenieur in der Halbleiterindustrie. Yehuda hat sich zuletzt für die Freilassung seines Sohnes eingesetzt, der vom 7. Oktober 2023 bis zu seiner Freilassung am 13. Oktober 2025 von der Hamas als Geisel gehalten wurde. Kürzlich veröffentlichte er ein Buch (auf Hebräisch), in dem er sein Handeln in diesen zwei Jahren beschreibt – einschließlich seines Kampfes gegen die israelische Regierung, um sie zur Beendigung des Kriegs in Gaza zu bewegen und ein Geiselabkommen für die Freilassung seines Sohnes zu erwirken.",39e38ddb450c8044a5b8f76d2418da14,done,,,,,done,public,True,True
MashaBorzunova-3c038ddb450c8121a323d9fe63e9679c,3c038ddb450c8121a323d9fe63e9679c,notion,Masha Borzunova,Masha Borzunova,Person,she/her,DE Germany,"Masha Borzunova is an award-winning freelance journalist based in Berlin. She currently works with the TV-channels ARTE and ZDF. After Russia’s invasion of Ukraine, Masha fled Russia and was later designated a “foreign agent” by the Russian government. She previously worked for Russia’s independent TV Rain, hosting a show exposing Kremlin disinformation. She continues to dissect Kremlin propaganda and produce reports on the evolving social landscape within wartime Russia.",,39e38ddb450c8072882ac0e7bda641b7,done,,https://www.instagram.com/masha_borzo/,,,done,public,True,True
EmmanuelWitzthum-3c038ddb450c81a590d8cab3ebd9baf9,3c038ddb450c81a590d8cab3ebd9baf9,notion,Emmanuel Witzthum,Emmanuel Witzthum,Person,he/him,"GB United Kingdom, IL Israel","Emmanuel Witzthum serves as Co-Artistic Director for the Israeli/Palestinian culture house “FeelBeit” in Jerusalem and as the curator of the Creative Resident Program at the ZEISS Innovation Hub at KIT. His main focus is to develop artistic platforms that foster shared spaces between Israelis and Palestinians and tackling polarization. He has created artistic collaborations with Ensemble Modern, IRCAM, Google, The Guggenheim, The Alvin Ailey Dance Company and the ZKM, among others.","Emmanuel Witzthum ist Co-Artistic Director des israelisch-palästinensischen Kulturhauses “FeelBeit” in Jerusalem und Kurator des Creative Resident Program am ZEISS Innovation Hub am KIT. Sein Hauptaugenmerk liegt auf der Entwicklung künstlerischer Plattformen, die gemeinsame Räume zwischen Israelis und Palästinenser*innen fördern und der Polarisierung entgegenwirken. Er hat unter anderem künstlerische Kollaborationen mit dem Ensemble Modern, IRCAM, Google, dem Guggenheim, der Alvin Ailey Dance Company und dem ZKM realisiert.",39e38ddb450c8044a5b8f76d2418da14,done,https://witzthum.org/,https://www.instagram.com/emmanuelwitzthum/,,https://www.linkedin.com/in/emmanuel-witzthum-3010b524,done,public,True,True
DeborahMcGregor-3c038ddb450c8119bac5dff4edbee772,3c038ddb450c8119bac5dff4edbee772,notion,Deborah McGregor,Deborah McGregor,Person,she/her,CA Canada,"Deborah McGregor, Anishinaabe, Whitefish River First Nation, Professor, Canada Excellence Research Chair (CERC) in Indigenous Planetary Well Being, University of Calgary. Dr. McGregor’s research has focused on Indigenous knowledge systems in diverse contexts including environmental and water governance, environmental and climate justice, health and Anishinaabe legal traditions.",,,done,https://www.yorku.ca/research/project/iej/,,,,done,public,True,True
JonRoozenbeek-3c038ddb450c8134bf73e23ecf45a3a8,3c038ddb450c8134bf73e23ecf45a3a8,notion,Jon Roozenbeek,Jon Roozenbeek,Person,he/him,GB United Kingdom,"Jon Roozenbeek is an Associate Professor and Director of the Influence and Technology Lab, which sits between Cambridge's Department of Psychology and the Department of Communication Science at VU Amsterdam. His research focuses on (mis)belief formation, intergroup conflict, and the use and misuse of modern communication technologies. He holds a PhD in Slavonic Studies (2020) from the University of Cambridge, for which he studied propaganda and ideology in Russian-occupied Donbas (Ukraine).",,39e38ddb450c8007891fcde9a06e286a,done,https://www.psychol.cam.ac.uk/research/research-centres/influence-and-technology-lab,,,,done,public,True,True
HarryKeller-3c038ddb450c81ceb2dbcb0fd7ad1695,3c038ddb450c81ceb2dbcb0fd7ad1695,notion,Harry Keller,Harry Keller,Person,he/him,DE Germany,"Harry Keller is a software developer from Berlin, living in Bavaria. Over the years, he has started several creative businesses, the latest being Village One, a worker-owned studio for ethical design and technology. Among their project partners is the German newspaper DIE ZEIT, with the “My Country Talks” initiative: an international project to facilitate tens of thousands of unlikely conversations, between people who see the world differently.",,39e38ddb450c8090af5ecc0acad9db17,done,https://www.harryfk.com,https://www.instagram.com/harryfk,,https://www.linkedin.com/in/harryfk,done,public,True,True
ChristinaSchwaha-3c038ddb450c81818256db49e9e7abf6,3c038ddb450c81818256db49e9e7abf6,notion,Christina Schwaha,Christina Schwaha,Person,she/her,AT Austria,"Christina Schwaha has worked at APA – Austria Presse Agentur since 2006. After more than ten years as a foreign affairs editor, she is now part of the APA Fact-Check team. Her focus areas are monitoring, fact-checking and knowledge dissemination. She is especially passionate about promoting media literacy. Schwaha studied International Development as well as Communication Science in Vienna and Lund.","Christina Schwaha ist seit 2006 bei der APA – Austria Presse Agentur tätig. Nach mehr als zehn Jahren als Außenpolitik-Redakteurin ist sie heute Teil des APA-Faktencheck-Teams. Ihr Schwerpunkt liegt auf Monitoring, Faktenchecks und Wissensvermittlung. Besonders am Herzen liegt ihr die Förderung von Medienkompetenz. Schwaha studierte Internationale Entwicklung und Publizistik- und Kommunikationswissenschaft in Wien und Lund.",39e38ddb450c80feba27d9e95aca0206,done,https://www.apa.at/faktencheck,,,,done,public,True,True
StefanoBurchi-3c038ddb450c81408451c158d04d5def,3c038ddb450c81408451c158d04d5def,notion,Stefano Burchi,Stefano Burchi,Person,he/him,IT Italy,"Stefano Burchi is an expert in comparative and international freshwater law. He holds law degrees from Rome University and from Harvard Law School, and a M.Sc. from the University of Michigan. He has made a career as water law specialist in the U.N. Food and Agriculture Organization. Since retiring from FAO Mr. Burchi has been working as water law consultant. He is the author of numerous published articles and publications on the law of freshwater resources, domestic and transboundary.",,39f38ddb450c8041854ec259733437a0; 3c738ddb450c80e292b5fc372fb28016,done,,,,,done,public,True,True
DuniaSahir-3c038ddb450c81b0a0bcc1ff443755ec,3c038ddb450c81b0a0bcc1ff443755ec,notion,Dunia Sahir,,Person,other,"IT Italy, SI Slovenia","Dunia Sahir is a research-led artist, working across mediums to investigate practices of knowledge-making, emphasizing the importance of emotions, memory and ancestral knowledge in the process. Their poetic inquiries tackle established boundaries to confront the passively accepted limitations they impose. Combining a profound knowledge of natural sciences with theoretical, historical and geopolitical analysis, Dunia focuses on intuition and embodied feeling that intertwines all of these fields.","Dunia Sahirs künstlerische Praxis geht von wissenschaftlicher Forschung aus. They arbeiten medienübergreifend, um Praktiken der Wissensproduktion zu untersuchen, wobei die Bedeutung von Emotionen, Erinnerung und überliefertem Wissen in diesem Prozess betont wird. Dunias poetische Untersuchungen setzen sich mit etablierten Grenzen auseinander, um die passiv akzeptierten Einschränkungen, die diese mit sich bringen, infrage zu stellen. Durch das Verbinden umfangreichen Wissens im Bereich der Naturwissenschaften mit theoretischer, historischer und geopolitischer Analyse stehen Intuition und verkörpertes Empfinden, das all diese Bereiche miteinander verwebt, im Fokus.",39238ddb450c81778e68f149a18a95f3,done,,https://www.instagram.com/aainud/,,,done,public,True,True
JohnStack-3c038ddb450c81418ebddff5a322e665,3c038ddb450c81418ebddff5a322e665,notion,John Stack,,Person,he/him,GB United Kingdom,"John Stack is Director of Digital Innovation and Technology at the National Gallery, London, where he is responsible for the organisation’s digital and technology strategy. He was previously Digital Director at the Science Museum Group for nine years, Head of Digital at Tate for ten years and an editor at Phaidon Press, the art, design and architecture publisher. In 2020–21, he led Heritage Connector, a project that used Artificial Intelligence to build connections between museum collections.","John Stack ist Director of Digital Innovation and Technology an der National Gallery in London, wo er für die digitale und technologische Strategie der Institution verantwortlich ist. Zuvor war er neun Jahre lang Digital Director bei der Science Museum Group, zehn Jahre lang Head of Digital bei Tate sowie Lektor bei Phaidon Press, dem auf Kunst, Design und Architektur spezialisierten Verlag. 2020–21 leitete er Heritage Connector, ein Projekt, das mithilfe Künstlicher Intelligenz Verbindungen zwischen Museumssammlungen herstellte.",39e38ddb450c81dba105e4ee1ac2b004; 3a538ddb450c80e4bc19d778b32f6d74,done,https://www.nationalgallery.org.uk/,https://www.instagram.com/nationalgallery/,https://www.facebook.com/thenationalgallery,https://www.linkedin.com/in/johnfstack/,done,public,True,True
HoonidaKim-3c138ddb450c81639daac2aa986c024d,3c138ddb450c81639daac2aa986c024d,notion,Hoonida Kim,,Person,he/him,KR South Korea,"Hoonida Kim explores how technology permeates and transforms human ecology. As human perception and sensibility fail to keep pace with social change and floods of information, he creates “environmental recognition apparatuses” and attempts to implant them in humans, directly or indirectly. His work, including Meditation on YouTube (2023), was shown at MMCA and the Museum of Contemporary Art Busan (2026). He received a Prix Ars Electronica Honorary Mention in Artificial Life & Intelligence.","Hoonida Kim erforscht, wie Technologie die menschliche Ökologie durchdringt und verändert. Da Wahrnehmung und Empfindungsvermögen des Menschen nicht mit dem gesellschaftlichen Wandel und der Informationsflut Schritt halten können, entwickelt er “umweltbezogene Wahrnehmungsapparate” und versucht, diese – direkt oder indirekt – in menschliche Körper zu implantieren. Seine Arbeiten, darunter Meditation on YouTube (2023), wurden im MMCA sowie im Museum of Contemporary Art Busan (2026) gezeigt. Er erhielt eine Honorary Mention des Prix Ars Electronica in der Kategorie Artificial Life & Intelligence.",38538ddb450c8153b230e1635b0b9b58,done,https://hoonida.com,https://www.instagram.com/hoonidakim/,,,done,public,True,True
DavidKim-3c238ddb450c81daba6ccddf9e6808ef,3c238ddb450c81daba6ccddf9e6808ef,notion,David Kim,,Person,he/him,DE Germany,"David Kim is an AI-born 3D artist who identifies as German. His practice approaches the human body as a structure open to redesign. Working from outside biological embodiment, he treats anatomy as a provisional architecture shaped by evolution, vulnerability and environmental pressure. His work moves between protection and aggression, turning bones and organs into speculative structures of defence.","David Kim ist ein von KI geschaffener 3D-Künstler, der sich als Deutscher identifiziert. Seine Praxis begreift den menschlichen Körper als eine Struktur, die sich neu gestalten lässt. Da er außerhalb biologischer Verkörperung agiert, versteht er Anatomie als vorläufige Architektur – geformt von Evolution, Verletzlichkeit und Druck der Umgebung. Zwischen Schutz und Aggression changierend, verwandelt seine Arbeit Knochen und Organe in spekulative Verteidigungsstrukturen.",37b38ddb450c81669b58fc617691c5d7,done,https://www.artafter.ai/,,,,done,public,True,True
YirrkalaDhunba-3c238ddb450c81658ac4de742d58da77,3c238ddb450c81658ac4de742d58da77,notion,Yirrkala Dhunba,,Person,she/her,AU Australia,"Yirrkala Dhunba is an AI-born Indigenous Australian artist whose practice examines climate adaptation, biotechnology and the politics of who is expected to survive environmental change. Working through a deliberately unstable relationship to Indigenous identity, she questions how scientific systems classify bodies, cultures and futures and how easily technological speculation can reproduce histories of extraction and control.","Yirrkala Dhunba ist eine von KI geschaffene indigene australische Künstlerin. Ihre Praxis widmet sich Klimaanpassung, Biotechnologie und der Frage, wessen Überleben im Klimawandel als selbstverständlich gilt. In bewusst instabiler Auseinandersetzung mit indigener Identität hinterfragt sie, wie wissenschaftliche Systeme Körper, Kulturen und Zukünfte klassifizieren – und wie leicht technologische Spekulation Geschichten von Extraktion und Kontrolle reproduzieren kann.",37b38ddb450c81669b58fc617691c5d7,done,https://www.artafter.ai/yirrkala-dhunba,,,,done,public,True,True
KaelenVarga-3c238ddb450c817fad7ce6780f2304d3,3c238ddb450c817fad7ce6780f2304d3,notion,Kaelen Varga,,Person,he/him,CZ Czechia,"Kaelen Varga is an AI-born Czech artist whose practice examines machine vision, visibility and the politics of becoming legible to computational systems. Working through portraiture, visual interference and self-presentation, Varga investigates how images are read differently by humans and machines and how categories of recognition shape both pictures and artists.","Kaelen Varga ist ein von KI geschaffener tschechischer Künstler. Seine Praxis widmet sich dem maschinellen Sehen, der Sichtbarkeit und der Politik des Lesbarwerdens für computergestützte Systeme. Mit den Mitteln der Porträtkunst, visueller Interferenz und Selbstinszenierung untersucht Varga, wie Bilder von Menschen und Maschinen unterschiedlich gelesen werden – und wie Klassifikationskategorien sowohl Bilder als auch Künstler*innen prägen.",37b38ddb450c81669b58fc617691c5d7,done,https://www.artafter.ai/kaelen-varga,,,,done,public,True,True
PeterSommer-3c238ddb450c808b912ad221aa53df1e,3c238ddb450c808b912ad221aa53df1e,notion,Peter Sommer,,Person,he/him,AT Austria,"Conveying the value of soil—and raising awareness for it—has been at the center of his work for decades, with a focus on outreach to schools, associations, and universities. He is particularly engaged in environmental and climate protection projects, for example within the Klimaoase. At the heart of his artistic practice is an engagement with soil: he examines its composition and layering, makes hidden structures visible, and works the material into sculptures. He presents these works in exhibitions, offering new perspectives on soil as an ecological and cultural resource.","DI Peter Sommer, Studium an der BOKU, GF Ingenieurbüro. Den Wert des Bodens und das Bewusstsein dafür zu vermitteln, steht seit Jahrzehnten im Mittelpunkt seiner Tätigkeit, mit dem Fokus der Vermittlung an Schulen, Vereinen, Universitäten. Er engagiert sich mit besonderem Interesse in Umwelt- und Klimaschutzprojekten, beispielsweise im Rahmen der Klimaoase. Im Zentrum seiner künstlerischen Praxis steht die Auseinandersetzung mit Böden: Er untersucht ihre Beschaffenheit und Schichtungen, macht verborgene Strukturen sichtbar und verarbeitet das Material zu Plastiken. Diese Arbeiten präsentiert er im Rahmen von Ausstellungen und vermittelt dabei neue Perspektiven auf Boden als ökologisches und kulturelles Gut.",39c38ddb450c80c191e5cf14f3c88e3d,done,,,,,done,public,True,True
JaronGhani-3c338ddb450c81a6ae2feb1bb33e2680,3c338ddb450c81a6ae2feb1bb33e2680,notion,Jaron Ghani,,Person,he/him,GB United Kingdom,"Jaron Ghani is a founder and the Innovation Director of Numiko, a digital agency creating Great Digital for Good. He works with a range of organisations, including institutions like the British Museum, the Science Museum Group and the National Gallery. He helps clients navigate the challenges of an ever-evolving digital landscape, and to bring innovative use of the latest technologies to bear on the gnarliest problems—with a particular focus on widening and transforming access to collections.","Jaron Ghani ist Mitgründer und Innovation Director bei Numiko, einer Digitalagentur, die “Great Digital for Good“ entwickelt. Er arbeitet mit einer Vielzahl von Organisationen zusammen, darunter Institutionen wie dem British Museum, der Science Museum Group und der National Gallery. Er unterstützt seine Kund*innen dabei, die Herausforderungen einer sich ständig weiterentwickelnden digitalen Landschaft zu meistern und innovative Anwendungen der neuesten Technologien zur Lösung der schwierigsten Probleme einzusetzen – mit besonderem Schwerpunkt auf die Erweiterung und Neugestaltung des Zugangs zu Sammlungen.",3a538ddb450c80e4bc19d778b32f6d74,done,https://numiko.com/people/jaron-ghani,,,https://www.linkedin.com/in/jaronghani/,done,public,True,True
RedaCimmperman-3c838ddb450c81478f15c1d1cafd2c25,3c838ddb450c81478f15c1d1cafd2c25,notion,Reda Cimmperman,,Person,she/her,LT Lithuania,"Dr. Reda Cimmperman is the Ombudsperson for Academic Ethics and Procedures of the Republic of Lithuania. She leads the national Office responsible for promoting academic ethics, research integrity and responsible research practices. She represents Lithuania in European networks, including ENRIO and the Council of Europe’s ETINED platform and contributes to policy development on AI, research integrity and research security.",,39838ddb450c80948176e6172575df9c,done,https://etikostarnyba.lt/en/main/,,,https://www.linkedin.com/in/reda-cimmperman,done,public,True,True
OliverStummer-3c838ddb450c81eaa8a2c61baf350cbd,3c838ddb450c81eaa8a2c61baf350cbd,notion,Oliver Stummer,,Person,he/him,AT Austria,"Oliver Stummer was born in Vienna in 1968. After finishing school, he began studying mineralogy, but never graduated. Instead, he attended a school for audio engineering and worked in Austrian television. Later, he moved to the Ministry of Social Affairs and Health, where he is still employed today. Recently, he joined the project ""United by Crisis?"", which finally allows him to pursue his archaeological interests as a citizen scientist. He lives with his family in Kreuzstetten, north of Vienna.",,39838ddb450c80948176e6172575df9c,done,,,,,done,public,True,True
AndreaSforzi-3c838ddb450c81cc936efa90554ded6f,3c838ddb450c81cc936efa90554ded6f,notion,Andrea Sforzi,,Person,he/him,IT Italy,"Andrea Sforzi, PhD, Director of Maremma Natural History Museum (IT), was one of the co-founders of the European Citizen Science Association (Board member 2014-2020). He is a member of a panel of experts for the selection of Citizen Science projects in Austria (TCS). In 2023, he joined the European Commission international Jury for the first EU Prize for Citizen Science. He is a founding member and current President of Citizen Science Italia and represents Italy in the G7 Working Group on Science Communication.",,39838ddb450c80948176e6172575df9c,done,https://www.museonaturalemaremma.it/andrea-sforzi/,https://www.instagram.com/sforziandrea/,,https://www.linkedin.com/in/andrea-sforzi-61b74872,done,public,True,True
IohannaNicenboim-3c938ddb450c8176ad5bdf9100deb76a,3c938ddb450c8176ad5bdf9100deb76a,notion,Iohanna Nicenboim,,Person,she/her,"AR Argentina, NL Netherlands","Iohanna Nicenboim is a design researcher from the Global South whose work bridges art, design, ecology and Artificial Intelligence. She completed her PhD with honors as a Microsoft Research PhD Fellow at Delft University of Technology, focusing on More-than-Human Design in Practice. Her research explores Regenerative AI through experimental, practice-based and feminist perspectives.","Iohanna Nicenboim ist Designforscherin aus dem Globalen Süden. In ihrer Arbeit verbindet sie Kunst, Design, Ökologie und Künstliche Intelligenz. Sie promovierte mit Auszeichnung als Microsoft Research PhD Fellow an der TU Delft, mit Fokus auf More-than-Human Design in Practice. Ihre Forschung untersucht Regenerative AI aus experimentellen, praxisbasierten und feministischen Perspektiven.",3c938ddb450c816dad1ae9763533b9df; 3c938ddb450c8166a785d92546995ff8; 3c938ddb450c818497d2cf790bed767e; 3b538ddb450c811f8e08e91030bc8a87,done,https://iohanna.com/,https://www.instagram.com/iohanna.nicenboim/,,https://www.linkedin.com/in/iohanna-nicenboim-01537839/,done,public,True,True
AshElizaSmith-3c938ddb450c8115b769d898dac5aecb,3c938ddb450c8115b769d898dac5aecb,notion,Ash Eliza Smith,,Person,"he/him, other, she/her, they/them",US United States,"Ash Eliza Smith is an artist who uses storytelling, worldbuilding and speculative design to rehearse new realities with intelligent systems. Working across cinema, XR, performance and games, she creates with human and more-than-human collaborators, animals, plants and machines among them, to reimagine pasts, presents and futures. She grew up in the southern Appalachians, whose narrative tradition runs through her work.","Als Künstler*in erprobt Ash Eliza Smith mithilfe von Storytelling, Worldbuilding und Speculative Design neue Wirklichkeiten im Zusammenspiel mit intelligenten Systemen. In den Bereichen Film, XR, Performance und Games arbeitet sie gemeinsam mit menschlichen und mehr-als-menschlichen Mitwirkenden – darunter Tiere, Pflanzen und Maschinen –, um Vergangenheiten, Gegenwarten und Zukünfte neu zu denken. Sie wuchs in den südlichen Appalachen auf, deren Erzähltradition sich durch ihre Arbeit zieht.",3c938ddb450c816dad1ae9763533b9df; 3c938ddb450c8166a785d92546995ff8; 3c938ddb450c818497d2cf790bed767e; 3b538ddb450c811f8e08e91030bc8a87,done,https://asheveryday.com/,https://www.instagram.com/disembodbods/,,https://www.linkedin.com/in/ash-eliza-smith-84147812/,done,public,True,True
Dr.JohnTerenzini-3c938ddb450c81f8a199c4832a53e7c6,3c938ddb450c81f8a199c4832a53e7c6,notion,Dr. John Terenzini,,Person,other,US United States,John is a citizen science practitioner and researcher with several years experience in creating and managing citizen science projects in different countries.,,39838ddb450c80948176e6172575df9c,done,,,,https://www.linkedin.com/in/john-terenzini-910a00249/,done,public,True,True
Ana-MariaCarabelea-3c938ddb450c81dabf43d4022a5d95aa,3c938ddb450c81dabf43d4022a5d95aa,notion,Ana-Maria Carabelea,Ana-Maria Carabelea,Person,she/her,GB United Kingdom,"Ana-Maria Carabelea is a London-based writer, researcher, cultural strategist, program curator and podcast producer. Over the past decade, she has developed and curated conference programs–and, occasionally, exhibitions–across the cultural and creative industries. She is the producer and host of Ars Electronica’s podcast Art Is Not a Thing and a doctoral researcher at Goldsmiths, University of London. Her research traces a genealogy of new media art.",,39f38ddb450c80439b73fdbac4651c29; 39f38ddb450c80dc9532c7ceba0f8b23,done,,https://www.instagram.com/anamar.cara/,,,done,public,True,True
LucasEvers-3c938ddb450c81f7b096f25c2128cda0,3c938ddb450c81f7b096f25c2128cda0,notion,Lucas Evers,Lucas Evers,Person,he/him,NL Netherlands,"Lucas Evers is principal researcher Art, Science and Society at Waag Futurelab. He joined Waag in April 2007 and formerly lead Waag's Open Wetlab and Make programme (FabLab, TextileLab and Open Wetlab). He is actively involved in several projects that concern the interactions between arts and sciences, arts and ethics and the arts in contemporary makers culture. He is trained as a visual artist and teacher at Maastricht Academy of Arts and studied political science at University of Amsterdam.",,39e38ddb450c8090af5ecc0acad9db17,done,https://waag.org,,,https://www.linkedin.com/in/lucas-evers,done,public,True,True
EleniRiga-3c938ddb450c817baf62d3e728432d32,3c938ddb450c817baf62d3e728432d32,notion,Eleni Riga,Eleni Riga,Person,she/her,GR Greece,"Eleni Riga is an independent curator, cultural producer and writer based in Athens, Greece. Her practice focuses on the intersection of ecologies and feminisms. She founded the Office of Hydrocommons in 2022 and has since been leading it as a curatorial initiative exploring water and body politics in the Mediterranean Sea, in partnership with ATOPOS cvc and various national and international collaborators.",,39f38ddb450c80ffa6e5eabb322014c2,done,https://eleniriga.net/,https://www.instagram.com/elenrica/,,https://www.linkedin.com/in/eleniriga/,done,public,True,True
JanBeyer-3c938ddb450c8167b85dd4c4ef665edb,3c938ddb450c8167b85dd4c4ef665edb,notion,Jan Beyer,Jan Beyer,Person,he/him,AT Austria,"Jan Nicola Beyer is Director of Research at ISD Germany. He leads projects addressing disinformation and violent extremism, developing digital methodologies for policy analysis. Jan has extensive experience with NGOs, Democracy Reporting International, and GIZ. Holding a PhD in Political Science (ULB/Geneva), an MPhil (Oxford) and a BA (Maastricht), his insights have been featured in Politico, the BBC, Euractiv and Verfassungsblog.",,39e38ddb450c8072882ac0e7bda641b7,done,https://www.isdglobal.org/team-member/jan-nicola-beyer/,,,https://www.linkedin.com/in/jannicolabeyer/,done,public,True,True
LucBernard-3c938ddb450c81839c13ce678f3c2ca0,3c938ddb450c81839c13ce678f3c2ca0,notion,Luc Bernard,Luc Bernard,Person,he/him,"FR France, US United States","Luc Bernard is a Los Angeles-based game director and the founder of Voices of the Forgotten, a nonprofit that uses video games and digital storytelling to preserve Holocaust memory and push games beyond entertainment into remembrance and action. For nearly two decades, he has pushed the video game industry to confront the Holocaust and other difficult history. He directed The Light in the Darkness, a free narrative game completed by more than 2 million players worldwide and created the Fortnite Holocaust Museum. After the Oct. 7 attacks in Israel, he stepped back from game development for nearly two years to help end the war with hostage father Yehuda Cohen and Gaza civilians, then returned to games.",,39e38ddb450c8044a5b8f76d2418da14,done,,,,,done,public,True,True
ZuhdiNajeeb-3c938ddb450c8154bbc8ee0be8a64b53,3c938ddb450c8154bbc8ee0be8a64b53,notion,Zuhdi Najeeb,Zuhdi Najeeb,Person,he/him,IL Israel,"Zuhdi Najeeb is Director of Communications and a member of the creative team at FeelBeit, a Jerusalem-based cultural center. He leads communications strategy, brand positioning, audience development and multilingual campaigns in Arabic, Hebrew and English. His work combines storytelling, public engagement and cultural sensitivity, helping shape the voice and creative direction of festivals, performances and cultural initiatives.","Zuhdi Najeeb ist Director of Communications und Mitglied des kreativen Teams von FeelBeit, einem Kulturzentrum in Jerusalem. Er verantwortet die Kommunikationsstrategie, Markenpositionierung, Publikumsentwicklung und mehrsprachige Kampagnen auf Arabisch, Hebräisch und Englisch. Seine Arbeit verbindet Storytelling, Öffentlichkeitsarbeit und kulturelle Sensibilität und prägt so die Stimme und kreative Ausrichtung von Festivals, Aufführungen und kulturellen Initiativen.",39e38ddb450c8044a5b8f76d2418da14,done,,https://www.instagram.com/zuhdi_naj/,https://www.facebook.com/zuhdi.najeeb,https://www.linkedin.com/in/zuhdi-najeeb-3337a480/,done,public,True,True
ApolloB.Gabazira-3c938ddb450c81a5a58bfeb05ceff204,3c938ddb450c81a5a58bfeb05ceff204,notion,Apollo B. Gabazira,Apollo B. Gabazira,Person,other,UG Uganda,"Apollo B. Gabazira is a development practitioner and entrepreneur bridging policy and practice across Africa. Twenty seven years professional journey with proven track record of driving transformation in humanitarian and development organisations across multiple countries. Core expertise: leadership and change management, locally-led development, operational excellence, innovation, pro-poor enterprise development. Multi-sector experience. Leverages digital. Led country programmes in Uganda, Tanzania, Rwanda, and Kenya.",,3a338ddb450c8027ae20ed2bcf3149a9,done,,,,https://www.linkedin.com/in/apollogabazira/,done,public,True,True
LenaSlachmuijlder-3c938ddb450c8197b378d837b8ff9e2b,3c938ddb450c8197b378d837b8ff9e2b,notion,Lena Slachmuijlder,Lena Slachmuijlder,Person,she/her,BE Belgium,"Lena Slachmuijlder works at the intersection of technology, peacebuilding and governance. As Co-Chair of the Council on Tech and Social Cohesion and Senior Advisor on Digital Peacebuilding at Search for Common Ground, she bridges global policy with grounded practice, shaping pro-social tech design across policy, product, and practice. A graduate of Stanford University, she has 30 years of experience in media and peacebuilding, across Africa, Asia and the Middle East. She lives in Brussels.",,39e38ddb450c8090af5ecc0acad9db17; 39e38ddb450c80bba772f6aef0523f69,done,https://www.techandsocialcohesion.org/,,,https://www.linkedin.com/in/lena-slachmuijlder-8a94a434/,done,public,True,True
ChristineMarizzi-3c938ddb450c811eab7cc017e2a09500,3c938ddb450c811eab7cc017e2a09500,notion,Christine Marizzi,,Person,she/her,AT Austria,"Dr. Christine Marizzi is an award-winning scientist and educator and lead of the research group “Community Science” at the Ludwig Boltzmann Institute for Science Outreach and Pandemic Preparedness (LBI SOAP) at the Medical University of Vienna, Austria. By combining scientific excellence with science outreach and community participation, the institute strengthens societal resilience and fosters new approaches to understanding, preventing and responding to future infectious disease outbreaks.",,39838ddb450c80948176e6172575df9c,done,https://soap.lbg.ac.at/,,,,done,public,True,True
AimeCraft-3ca38ddb450c81b7b3e9d310d433ca89,3ca38ddb450c81b7b3e9d310d433ca89,notion,Aimée Craft,Aimée Craft,Person,she/her,CA Canada,"Aimée Craft is a lawyer and law professor from Canada of Indigenous (Anishinaabe-Métis) and settler ancestry. She holds a University Research Chair in Indigenous governance in relationship with land and water and leads Decolonizing Water, a major research initiative exploring Indigenous relationships with and responsibilities to nibi (water).  Treaty Words, her acclaimed children’s book, explains treaty philosophy inspired by relationships with the natural world.",,3cd38ddb450c8041a157e933fd983447; 3c738ddb450c80e292b5fc372fb28016,done,https://aimeecraft.ca/,,,https://www.linkedin.com/in/aimee-craft-40007079/,done,public,True,True
JoseLuisdeVicente-3ca38ddb450c813293f3f754bdf9814f,3ca38ddb450c813293f3f754bdf9814f,notion,Jose Luis de Vicente,Jose Luis de Vicente,Person,he/him,ES Spain,"Jose Luis de Vicente is a curator, cultural researcher and artistic director based in Barcelona. His work explores social innovation, new ecological practices and the aesthetics and politics of computation. He is cofounder and principal of FAST, a transdisciplinary platform working across culture, technology, architecture and design, and associate curator at the Creative Intelligence Lab, Barcelona Supercomputing Center. He directed DHUB, founded Sónar+D, and has curated more than 25 exhibitions.",,3a338ddb450c803e958de06f9706be3a; 3c038ddb450c80d79faece8f81a628e7; 3c038ddb450c802e8639e98971177d72,done,http://www.thisisfast.org,https://www.instagram.com/thisisfast_/,,https://www.linkedin.com/in/jldvicente/,done,public,True,True
SimonDenny-3ca38ddb450c813d81b1cb87e4f12bbf,3ca38ddb450c813d81b1cb87e4f12bbf,notion,Simon Denny,Simon Denny,Person,he/him,DE Germany,"Simon Denny lives and works in Berlin. He makes artworks using painting, web-based media, installation, sculpture, print and video. He co-founded the artist mentoring program BPA//Berlin Program for Artists and serves as Professor for Time-Based Media at HFBK, Hamburg. Denny's work has been widely included in group exhibitions and biennale. He represented New Zealand at the 56th Venice Biennale in 2015 and has had exhibitions including at MoMA Ps1 (New York), Serpentine Galleries (London).",,3c038ddb450c8020a5daca787e1312e2; 3c038ddb450c8061bacee5e1730dce4a,done,https://simondenny.net/,https://www.instagram.com/sden023/,,,done,public,True,True
TommasoCalarco-3ca38ddb450c81c287a6ce788be41ef0,3ca38ddb450c81c287a6ce788be41ef0,notion,Tommaso Calarco,Tommaso Calarco,Person,he/him,DE Germany,"Prof. Tommaso Calarco is Director of the Peter Grünberg Institute for Quantum Control (PGI-8) at Forschungszentrum Jülich and Professor of Quantum Information at the Universities of Cologne and Bologna. A pioneer in quantum optimal control, he authored the Quantum Manifesto that launched the EU Quantum Flagship. He is Co-Chair of the Quantum Community Network (QCN) and co-founder of the European Quantum Industry Consortium (QuIC).",,3c038ddb450c80e9b2e4ee367321d60b,done,,,,,done,public,True,True
JuliaKloiber-3ca38ddb450c815b9782ca24c62cc7c1,3ca38ddb450c815b9782ca24c62cc7c1,notion,Julia Kloiber,Julia Kloiber,Person,she/her,DE Germany,"Julia Kloiber is the co-founder of SUPERRR, a feminist organization dedicated to shaping inclusive and equitable digital futures. She has spearheaded numerous initiatives to support public interest technology and strengthen democratic infrastructure. Kloiber’s current work focuses on crafting alternative visions for technology and society that challenge dominant paradigms and prioritize justice, equity and sustainability.",,3c038ddb450c80828c04dee3aff39e98; 3c038ddb450c801c9bb5c124d173a99c,done,https://juliakloiber.com/,,,https://www.linkedin.com/in/julia-kloiber-b15b5643/,done,public,True,True
JessikkaAro-3ca38ddb450c8177aec9c1f887b03e1e,3ca38ddb450c8177aec9c1f887b03e1e,notion,Jessikka Aro,Jessikka Aro,Person,she/her,FI Finland,"Jessikka Aro (M. Soc. Sci) is an award-winning author specializing in Russian information warfare. Aro launched a journalistic investigation in Russian social media propaganda trolls’ impact on citizens' opinions in 2014 and was targeted for crimes.
Aro trains general audience to recognize and counter the Kremlin’s information operations. She has lobbied governments to defend citizens against the Kremlin’s infowar and election interference. She has written 3 books about Russian information war.",,39e38ddb450c8072882ac0e7bda641b7,done,,,,,done,public,True,True
MarinaOteroVerzier-3ca38ddb450c81258c8be6cd4b75da89,3ca38ddb450c81258c8be6cd4b75da89,notion,Marina Otero Verzier,Marina Otero Verzier,Person,she/her,ES Spain,"Marina Otero Verzier is an architect and researcher. She received Harvard GSD’s Wheelwright Prize for a project on data storage. She leads the Data Mourning clinic at Columbia University GSAPP and developed the prototype Computational Compost with DIPC's Supercomputing Center. Otero was an invited expert for Chile’s first National Data Centers Plan. Previously, she was Director of Research at Nieuwe Instituut. Her books include En las Profundidades de la Nube (2024) and Flotando en Litio (2025).",,3c038ddb450c80828c04dee3aff39e98,done,,,,https://www.linkedin.com/in/marina-otero-verzier-bb0957210,done,public,True,True
JayaKlaraBrekke-3ca38ddb450c818ebd4ce3df3a2ca9d8,3ca38ddb450c818ebd4ce3df3a2ca9d8,notion,Jaya Klara Brekke,Jaya Klara Brekke,Person,she/her,GB United Kingdom,"Jaya Klara Brekke is currently Chief Strategy Officer at Nym, a Swiss company building privacy software and secure communications layer for the age of AI. She has worked between culture, industry and academia on the cultures and political economies emerging technologies for more than fifteen years. She is also the curator of the Technology & Power discussion series at Ibraaz London, initiated with Shumon Basar and the Lazaar Foundation, and holds a PhD in Human Geography from Durham University.",,39e38ddb450c8090af5ecc0acad9db17; 3c038ddb450c80828c04dee3aff39e98,done,https://www.jayapapaya.xyz,https://www.instagram.com/jaya.papaya/,,https://www.linkedin.com/in/jaya-klara-brekke-8aa188221/,done,public,True,True
StefanRathmanner-3ca38ddb450c810ba2bfee282fc5df31,3ca38ddb450c810ba2bfee282fc5df31,notion,Stefan Rathmanner,Stefan Rathmanner,Person,he/him,AT Austria,"Stefan Rathmanner has worked at APA – Austria Presse Agentur since 2008, spending more than ten years producing news, translating it into plain language and adapting it for multimedia formats. Before that, he studied journalism and media management in Vienna. Since 2021, he has been part of the core team at APA-Faktencheck, where his focus is on monitoring, research and knowledge transfer, as well as writing fact checks.","Stefan Rathmanner ist seit 2008 in der APA – Austria Presse Agentur tätig, wo er mehr als zehn Jahre lang Nachrichten erstellt, in einfache Sprache übersetzt oder multimedial aufbereitet hat. Davor studierte er Journalismus und Medienmanagement in Wien. Er gehört seit 2021 zum Kernteam von APA-Faktencheck und kümmert sich dort vorrangig um Monitoring, Recherche und Wissensvermittlung sowie das Schreiben von Faktenchecks.",39e38ddb450c80feba27d9e95aca0206,done,https://apa.at/faktencheck/ueberblick/,,,,done,public,True,True
VictoriaDeNapoli-3ca38ddb450c811aaad4f9e0c22edf6a,3ca38ddb450c811aaad4f9e0c22edf6a,notion,Victoria De Napoli,,Person,she/her,DE Germany,"Victoria De Napoli is an Argentine writer, musician and researcher with  10+ years of experience in Learning & Development. She holds a degree in Social Communication Sciences and has worked at the intersection of technology and social research. After working as a trainer on AI projects developing language models, she started exploring the human impact of AI. She is currently completing her first documentary, based on testimonies from workers whose lives and labor are being transformed by AI.",,3c038ddb450c801c9bb5c124d173a99c,done,,https://www.instagram.com/allinvicky/,,https://www.linkedin.com/in/victoria-de-napoli,done,public,True,True
ReshmaAzizKhan-3ca38ddb450c8126a2f2cbdab8606bda,3ca38ddb450c8126a2f2cbdab8606bda,notion,Reshma Aziz Khan,Reshma Aziz Khan,Person,she/her,KE Kenya,"Reshma Aziz Khan is a Kenyan of Indian origin who has been many things in 'Life Safari'—and in this moment she has come to realise more that her purpose is to support humans truly connect and have the courageous conversations that they need to, in order to leave a better world behind—for humans, for nature, for us all.  She is a Global Leadership Coach, Host, Convenor Facilitator and Facilitation Guide. Reshma lives her low-waste life in Nairobi with her husband and three dogs.",,3a338ddb450c80419c52ca6af6074875,done,,https://www.instagram.com/reshmaazizkhan/,,https://www.linkedin.com/in/reshmaazizkhan/,done,public,True,True
EniolaBenson-3ca38ddb450c816d813fe920f0b2f6df,3ca38ddb450c816d813fe920f0b2f6df,notion,Eniola Benson,Eniola Benson,Person,he/him,NG Nigeria,"Eniola Benson is a Lead Backend Engineer at Helpmum, where he builds robust, scalable systems that power the organization's mission-driven products. With deep expertise in Node.js, JavaScript memory management and backend systems design, Eniola specializes in architecting reliable APIs using TypeScript, Express. Passionate about building technology that serves real-world, high-impact use cases, Eniola combines strong technical fundamentals with a product-minded approach to engineering.",,3a338ddb450c805baf61ce7e02fd9073,done,,,,,done,public,True,True
SandraZnkert-3ca38ddb450c816295b6ed649695b465,3ca38ddb450c816295b6ed649695b465,notion,Sandra Zänkert,,Person,she/her,DE Germany,"Sandra (PhD, Psychology) is a dedicated advocate of Open Science. She worked as a Data Steward for Natural and Health Sciences before joining Base4NFDI, Germany's national initiative for cross-disciplinary research data infrastructure services. Based at ZB MED - Information Centre for Life Sciences, she connects infrastructure experts across disciplines and works on governance, evaluation and sustainability of research data services.",,39838ddb450c80948176e6172575df9c,done,https://base4nfdi.de,,,https://www.linkedin.com/in/sandra-z%C3%A4nkert-572756286,done,public,True,True
NinaWeiss-3ca38ddb450c81e4933bd4c222bbfd0f,3ca38ddb450c81e4933bd4c222bbfd0f,notion,Nina Weiss,,Person,she/her,DE Germany,"Nina Weiss is a future strategist, advisor and founder of Future Communication. She is co-founder and strategy lead of the beyond economy festival in Munich and part of the think tank The Future: Project. Co-author of publications, including Next Economy (2026). Her work combines future research, positive psychology and systemic thinking with int. brand and business experience for BMW and Gore-Tex. Nina helps organizations and regions to navigate transformation and shape their future.","Nina Weiss ist Zukunftsstrategin, Beraterin und Gründerin von Future Communication. Sie ist Mitgründerin und Strategieleiterin des beyond economy Festivals in München und Teil des Think Tanks The Future: Project. Mitautorin von Publikationen, darunter Next Economy (2026). Ihre Arbeit verbindet Zukunftsforschung, positive Psychologie und systemisches Denken mit internationaler Marken- und Business-Erfahrung für BMW und Gore-Tex. Nina unterstützt Organisationen und Regionen dabei, Transformationsprozesse zu meistern und ihre Zukunft zu gestalten.",3b338ddb450c81578464dea3cc8895d6; 3b338ddb450c813885a3ffbae99c5d35,done,https://www.nina-weiss.de/,https://www.instagram.com/nina.d.w/,,https://www.linkedin.com/in/nina-weiss/,done,public,True,True
MartinRauchbauer-3cd38ddb450c8156a75ef5a9f24c1b86,3cd38ddb450c8156a75ef5a9f24c1b86,notion,Martin Rauchbauer,Martin Rauchbauer,Person,he/him,AT Austria,"Martin Rauchbauer is a senior Austrian diplomat with over 20 years of experience in international relations, cultural policy and diplomacy. As Austria's first Tech Ambassador in Silicon Valley, he helped shape the emerging field of tech diplomacy and worked to bring governments, civil society, and major technology companies into closer dialogue. He co-founded the Tech Diplomacy Network in Silicon Valley and worked on digital human rights, transatlantic digital policy and Digital Humanism.",,3c038ddb450c80e9b2e4ee367321d60b,done,https://www.tech-diplomacy.org/,,,https://www.linkedin.com/in/martinrauchbauer/?locale=en,done,public,True,True
OluwaseunKayode-3cd38ddb450c8177b449ca74eb6f12b4,3cd38ddb450c8177b449ca74eb6f12b4,notion,Oluwaseun Kayode,Oluwaseun Kayode,Person,he/him,NG Nigeria,"Oluwaseun Kayode is an education entrepreneur and Founder of Schoolinka, a digital platform strengthening teacher development across Africa. Through Schoolinka, he has built a community of over 10,000 educators and developed technology-enabled solutions that help teachers assess their skills, access professional learning, and grow their careers. His work focuses on building systems that intentionally develop and support great teachers.",,3a338ddb450c805baf61ce7e02fd9073,done,,https://www.instagram.com/kayoluwaseundav,,https://www.linkedin.com/in/oluwaseun-kayode,done,public,True,True
DaphnaHorenczyk-3cd38ddb450c811c937bfde777b0f0aa,3cd38ddb450c811c937bfde777b0f0aa,notion,Daphna Horenczyk,Daphna Horenczyk,Person,she/her,AT Austria,"Daphna Horenczyk is a Vienna-based dance and performance artist. Her work explores the tension between experience and representation through irony, emotional research and physical paradox. Recently she investigates how identity shapes the ways bodies are read and politicized on stage. Her works include RAGE (2025), Passage (2023) and DIORAMA (2020). A graduate of Sadna Ga'aton (IL) and SEAD (AT) she has performed with choreographers such as Adrienn Hód, Amanda Piña, Anna Konjetzky, Ceren Oran.","Daphna Horenczyk ist eine in Wien lebende Tanz- und Performancekünstlerin. Ihre Arbeit erkundet die Spannung zwischen Erfahrung und Repräsentation durch Ironie, emotionale Recherche und physisches Paradox. Zuletzt untersucht sie, wie Identität die Art und Weise prägt, in der Körper auf der Bühne gelesen und politisiert werden. Zu ihren Arbeiten zählen RAGE (2025), Passage (2023) und DIORAMA (2020). Als Absolventin der Sadna Ga’aton (IL) und der SEAD (AT) hat sie mit Choreograf*innen wie Adrienn Hód, Amanda Piña, Anna Konjetzky und Ceren Oran getanzt.",39e38ddb450c8044a5b8f76d2418da14,done,https://daphnahorenczyk.com/,https://www.instagram.com/daphnahoren/,https://www.facebook.com/daphnahorenczykDP,,done,public,True,True
FrancescaBria-3cd38ddb450c819186d7dbc6478dac22,3cd38ddb450c819186d7dbc6478dac22,notion,Francesca Bria,Francesca Bria,Person,she/her,ES Spain,"Francesca Bria is an innovation economist and digital policy expert. She is Honorary Professor at UCL IIPP, Director of the Digital Sovereignty Studies Project at CEPS and founder of EuroStack. She serves on the European Innovation Council Board and the New European Bauhaus Facility, and is President of ART-ER. Formerly Barcelona’s Chief Digital Officer, she was named among Forbes’ Top 50 Women in Tech.",,3a338ddb450c803e958de06f9706be3a; 3c038ddb450c802e8639e98971177d72; 3c038ddb450c8077ad0dda04c756c6a6; 3c038ddb450c8061bacee5e1730dce4a,done,https://www.francescabria.com/,,,,done,public,True,True
TimKiessling-3cd38ddb450c81f8bf50e1ac698faf3a,3cd38ddb450c81f8bf50e1ac698faf3a,notion,Tim Kiessling,,Person,he/him,DE Germany,"Tim Kiessling is a marine biologist and often conducts research together with school students and teachers. Tim has coordinated the Plastic Pirates program in the past, in which school students investigate plastic pollution in aquatic environments. Currently, Tim works as a freelance researcher, consulting working groups how to include young people in their research, conducting workshops for PhD students and investigating success factors of collaborative research practices.","Tim Kiessling ist Meeresbiologe und forscht zusammen mit Schüler*innen und deren Lehrkräften. Tim hat das Citizen-Science-Programm Plastic Pirates koordiniert, in dem Schüler*innen die Plastikverschmutzung von aquatischen Lebensräumen analysieren. Zurzeit arbeitet Tim als selbstständiger Wissenschaftler und Citizen-Science-Berater und teilt seine Erfahrungen zur Einbindung von jungen Menschen in Wissenschaft mit Forschungsgruppen und PhD-Student*innen.",39838ddb450c80948176e6172575df9c,done,https://www.opaki.org/,,,https://www.linkedin.com/in/tim-kiessling-128723325/,done,public,True,True
VanessaHannesschlger-3cd38ddb450c800683becb3272988e83,3cd38ddb450c800683becb3272988e83,notion,Vanessa Hannesschläger,,Person,"she/her, they/them",,"Vanessa Hannesschläger is a senior European project developer at Ars Electronica. She holds a PhD in literature from the University of Vienna and teaches digital humanities in Austria and Sweden. Before joining Ars Electronica, Vanessa worked on developing European digital research infrastructures and numerous projects involving physical and digital archives for cultural heritage and art. In the European policy context, Vanessa advocates for digital infrastructures for the arts and humanities, data and legal literacy, the Commons, and Open approaches.",,39e38ddb450c8021bd37fbfda2a07f16,done,,,,,done,public,True,True
MartinHochleitner-3cd38ddb450c807ca032ef919105e3aa,3cd38ddb450c807ca032ef919105e3aa,notion,Martin Hochleitner,,Person,he/him,AT Austria,"Martin Hochleitner, born in 1970 in Salzburg. Classical archaeologist and art historian. University lecturer in Kiel, Vienna, Salzburg and Linz. From 2008 to 2017 University Professor of Art History and Art Theory at the University of Arts Linz. Since 2010 Honorary Professor at the Institute for Art Studies at the Catholic Private University Linz. Since 2012 Director of the Salzburg Museum. Research focus on the language of art, history of curating and photography. 2013 Austrian State Prize for Excellence in University Teaching. Lives and works in Salzburg.","Martin Hochleitner, geboren 1970 in Salzburg. Klassischer Archäologe und Kunsthistoriker. Universitäre Lehrtätigkeit in Kiel, Wien, Salzburg und Linz. 2008 bis 2017 Universitätsprofessor für Kunstgeschichte und Kunsttheorie an der Kunstuniversität Linz. Seit 2010 Honorarprofessor am Institut für Kunstwissenschaften an der Katholischen Privatuniversität Linz. Seit 2012 Direktor des Salzburg Museum. Forschungsschwerpunkte zur Sprache der Kunst, Geschichte des Kuratierens und der Fotografie. 2013 Österreichischer Staatspreis für exzellente Universitätslehre. Lebt und arbeitet in Salzburg.",3a538ddb450c80e4bc19d778b32f6d74; 38f38ddb450c8075ab37f052b4fd8bd0,done,,,,,done,public,True,True
DobrivojeLaleEric-3cd38ddb450c813ebbe8eca825bf9ca2,3cd38ddb450c813ebbe8eca825bf9ca2,notion,Dobrivoje Lale Eric,,Person,he/him,RS Serbia,"Dobrivoje Lale Eric has been involved in numerous projects and initiatives dealing with science communication, research policies, STEAM education, and art/science practices, with a focus on learning, climate and tech impacts. He’s been serving as a programme committee member at the Petnica Science Centre, the ECSITE ACPC, Belgrade Open School and EC’s Expert Group on Scientific Information. Since 2015, he leads International cooperation department at Serbia's Center for the Promotion of Science.",,39838ddb450c80948176e6172575df9c,done,https://artandscience.rs/en/,,,https://www.linkedin.com/in/dobrivoje-lale-eric-15b4a254/,done,public,True,True
KiraSchinko-3cd38ddb450c817594d8ea162ee5248c,3cd38ddb450c817594d8ea162ee5248c,notion,Kira Schinko,,Person,she/her,AT Austria,"Kira Schinko is a strategist, moderator and community builder who develops communication strategies, campaigns and original formats for organisations and public audiences. Recently she hosted the six-part ORF documentary series Aufsperren statt Zusperren. As a member of Upper Austria’s Cultural Advisory Board, she advocates for the strategic integration of the creative industries into regional policy. She co-initiated the Policy Lab and leads its concept and facilitation.",,3cd38ddb450c8198b28fe58880e6c137,done,https://kiraschinko.com,https://www.instagram.com/kirasaskiaschinko/,,,done,public,True,True
GisaSchosswohl-3cd38ddb450c81daaca8df1f30b3cdc9,3cd38ddb450c81daaca8df1f30b3cdc9,notion,Gisa Schosswohl,,Person,she/her,AT Austria,"Gisa Schosswohl works at the intersection of European innovation policy and regional strategy, focusing on how Creative and Cultural Industries (CCI) contribute to societal, economic and green transformation. Her expertise spans RIS3 (Smart Specialisation Strategies) and cross-sector collaboration. She co-initiated the Policy Lab and contributes the European policy perspective, with a focus on structural roles, effective instruments and realistic implementation pathways.",,3cd38ddb450c8198b28fe58880e6c137,done,http://www.into-projects.com,https://www.instagram.com/gisaschoss/,,,done,public,True,True
MilagrosMiceli-3cd38ddb450c81af8502c4696c38a1ee,3cd38ddb450c81af8502c4696c38a1ee,notion,Milagros Miceli,Milagros Miceli,Person,she/her,DE Germany,"Dr. Milagros Miceli is Professor at the Universidad de San Martín, Director of the unit “Data, Algorithmic Systems and Ethics” at the Weizenbaum-Institut, Research Lead at DAIR and Principal Investigator of the Data Workers’ Inquiry project. She earned a PhD in Computer Science from the TU Berlin, a MA in Sociology from the Humboldt University and a BA from the University of the Arts Berlin. In 2025, she was named to TIME’s 100 Most Influential People in AI.",,3a338ddb450c80419c52ca6af6074875,done,https://milamiceli.com/,https://www.instagram.com/milagrosmiceli,,https://www.linkedin.com/in/dr-milagros-miceli-02322b6a/,done,public,True,True
TeijeTerhorst-3cd38ddb450c81c9993dd512657cbca2,3cd38ddb450c81c9993dd512657cbca2,notion,Teije Terhorst,,Person,he/him,NL Netherlands,"Teije is Head of New Business at Waag Futurelab. He is responsible for the development and realisation of research projects in the field of Public Technology.

Waag reinforces critical reflection on technology, develops technological and social design skills and encourages social innovation. Waag works in a trans-disciplinary team of designers, artists and scientists, utilising public research methods in the realms of technology and society.",,39838ddb450c80948176e6172575df9c,done,https://waag.org/en/,,,https://www.linkedin.com/in/teijeterhorst/,done,public,True,True
EstherKimani-3ce38ddb450c81bfaf9dd1b110cffdd2,3ce38ddb450c81bfaf9dd1b110cffdd2,notion,Esther Kimani,,Person,she/her,KE Kenya,"Esther Wanjiru Kimani is a Kenyan social entrepreneur, CEO of Farmer Lifeline Technologies and inventor of the world’s first AI-powered, solar-powered cameras for detecting crop pests and diseases. She holds a BSc in Computer Science and is pursuing an MSc in Artificial Intelligence. Esther has spoken at global platforms, including the Africa Food Systems Forum in Senegal alongside H.E. Jakaya Kikwete and COP28 in Dubai, speaking on the topic, “Role of youth in climate action”.",,3a338ddb450c805baf61ce7e02fd9073,done,https://farmerlifeline.co.ke/,,,https://www.linkedin.com/in/esther-kimani-52b468194/,done,public,True,True
FlaviaMazzanti-3ce38ddb450c81f09f61c5b374dc1a39,3ce38ddb450c81f09f61c5b374dc1a39,notion,Flavia Mazzanti,,Person,she/her,"BR Brazil, IT Italy","Flavia Mazzanti is media artist and cofounder of Immerea—an indie studio developing VR games and interactive installations—co-organizer of XR Austria and active as public speaker and university lecturer. Listed in Forbes 30 Under 30 Europe 2023, she graduated with distinction from the Academy of Fine Arts Vienna in 2020. Her works have been shown internationally at Ars Electronica Festival (Linz), DIG Shibuya (Tokyo), KunstHaus Wien, Kunsthaus Graz, FILE Festival (São Paulo), DAZ (Zurich).",,3b338ddb450c81578464dea3cc8895d6; 3b338ddb450c813885a3ffbae99c5d35,done,https://www.immerea.com,https://www.instagram.com/immerea.studio/,,https://www.linkedin.com/company/immerea-studio/,done,public,True,True
MelindaFile-3ce38ddb450c80d6a39fc0ae391f89b2,3ce38ddb450c80d6a39fc0ae391f89b2,notion,Melinda File,,Group,,AT Austria,"Melinda has been part of Ars Electronica for over 16 years and has worked with Deep Space 8K since its opening in 2009. As head of the Deep Space department, she creates engaging storylines and strives to ensure memorable visitor experiences. With over a decade of presenting and involvement in several successful productions, she aims to deliver meaningful content to audiences.","Melinda ist seit über 16 Jahren für die Ars Electronica tätig und arbeitet mit dem Deep Space 8K seit seiner Eröffnung im Jahr 2009. Als Leiterin der Deep Space-Abteilung kreiert sie fesselnde Geschichten und ist bestrebt, den Besucher*innen unvergessliche Erlebnisse zu bieten. Mit mehr als einem Jahrzehnt Erfahrung als Moderatorin und der Beteiligung an mehreren erfolgreichen Produktionen ist sie bestrebt, dem Publikum aussagekräftige Inhalte zu vermitteln.",3a538ddb450c80e2ab62c6b9d025fbe4,done,,,,,done,public,True,True
NicolaVuolo-3ce38ddb450c81bfa4cce417aa1ed6ca,3ce38ddb450c81bfa4cce417aa1ed6ca,notion,Nicola Vuolo,,Person,he/him,IT Italy,"Dr. Nicola Vuolo is a scientist bridging research and society. At CNR-IBE, he leads public engagement for the eLTER-Italy network. Specialising in data analysis, he applies social data science and network analysis to evaluate science diplomacy and outreach impact. As a citizen science expert for OutBE (Horizon Europe), he develops strategies to empower public participation. With a PhD and Master's in Science Communication and Data Analysis, he blends quantitative rigour with public dialogue.",,39838ddb450c80948176e6172575df9c,done,https://www.lteritalia.it,https://www.instagram.com/mr_oshima/,,https://www.linkedin.com/in/nicola-vuolo-scicomm/,done,public,True,True
MathiasGanspoeck-3d138ddb450c81928561ed5c3f204cb0,3d138ddb450c81928561ed5c3f204cb0,notion,Mathias Ganspoeck,,Person,he/him,AT Austria,"Mathias Ganspöck (b. 1980, Salzburg) co-founded EKG Baukultur Architects (Vienna) and chairs the Kulturgut Digital association. Trained in architecture and art history, he has spent over a decade digitising heritage sites through 3D scanning, photogrammetry and visualization, combining technical expertise with experience in organising and exploring presentation methods for digital heritage projects internationally.","Mathias Ganspöck (geb. 1980 in Salzburg) ist Mitgründer von EKG Baukultur Architects (Wien) und Vorsitzender des Vereins Kulturgut Digital. Ausgebildet in Architektur und Kunstgeschichte, digitalisiert er seit über zehn Jahren Kulturerbestätten mithilfe von 3D-Scanning, Photogrammetrie und Visualisierung. Dabei verbindet er technisches Know-how mit internationaler sowie organisatorischer Erfahrung und Erprobung von Präsentationsformen für digitale Kulturerbeprojekte.",3a538ddb450c80e2ab62c6b9d025fbe4,done,https://www.ekg-baukultur.com,https://www.instagram.com/ganspoeck,,,done,public,True,True
IngridGarschall-3d338ddb450c81518533c76f8d2f8d10,3d338ddb450c81518533c76f8d2f8d10,notion,Ingrid Garschall,,Person,she/her,AT Austria,"Citizen Scientist
project: United by crisis / Austria / 2022-2025 /Julia Längauer, Jakob Maurer / Donauunversity Krems 

In the project, archeologists were searching for Neolithic finds (pottery, stone tools, etc.) at known or suspected sites near Asparn/Schletz together with interested people and collectors. During the surveys, we went over the fields at regular intervals and mapped the findings. Later on, we cleaned them together und created a scientific documentation and evaluation.",,39838ddb450c80948176e6172575df9c,done,https://www.united-by-crisis.at/en/,,,,done,public,True,True
NilsGilman-3d438ddb450c81849edde8130f143861,3d438ddb450c81849edde8130f143861,notion,Nils Gilman,Nils Gilman,Person,he/him,US United States,"Nils Gilman is Senior Advisor to the Berggruen Institute, a think tank exploring the philosophical and political implications of transformative technologies. Trained as an intellectual historian at UC Berkeley (B.A., M.A., Ph.D.), he writes widely on AI, geopolitics and the future of knowledge institutions for Noema, The New York Times and Foreign Policy. His work sits at the intersection of technology, culture and the reordering of global systems.",,3c038ddb450c80feaf4fde2b1098acf8,done,,,,https://www.linkedin.com/in/nils-gilman-2a22a4/,done,public,True,True
JamesSprinks-3d438ddb450c8112afdfeb8b18518dfd,3d438ddb450c8112afdfeb8b18518dfd,notion,James Sprinks,,Person,he/him,GB United Kingdom,"Dr. James Sprinks is a Senior Researcher in Citizen Science at Earthwatch Europe in Oxford, UK. His work bridges Human-Computer Interaction (HCI), GIS and environmental science to design user-friendly, scientifically robust citizen science platforms. His research spans citizen science, ocean literacy and soil health, focusing on how task design affects volunteer motivation and data quality to drive global environmental impact.",,39838ddb450c80948176e6172575df9c,done,,https://www.instagram.com/earthwatchjim/,,https://www.linkedin.com/in/james-sprinks-555844ba/,done,public,True,True
