id,canonical_id,id_source,Name EN,Name DE,Type,Description EN,Description DE,Services,Breadcrumb EN,Breadcrumb DE,Area,Place,Latitude,Longitude,Address,Additional Info EN,Additional Info DE,Web Link,Website,Instagram,Facebook,LinkedIn,Linked Projects,Linked Parent,Linked Child,Status Web,status_web,visibility_rule,public_for_hackathon,link_allowed,coordinates_ok
34238ddb450c8161b52ecd1c41c405fa,34238ddb450c8161b52ecd1c41c405fa,notion,Ars Electronica Center,Ars Electronica Center,Building,"For 30 years, the Ars Electronica Center has been dedicated to exploring the future at the intersection of art, technology and society. At its core is always the human being, their ability to shape the world and the impact of new technologies on their lives and those of future generations. On the occasion of its anniversary, the museum is expanding beyond its established exhibitions such as Understanding AI, Neurobionics, Connected Earth, the Ars Electronica Labs and the Kids Research Lab, adding three new exhibition areas. A particular highlight remains Deep Space 8K. With ultra-high-resolution imagery and interactive laser tracking, this unique 3D experience space offers immersive journeys into virtual worlds. During the Ars Electronica Festival, it once again becomes a stage for international media art.","Seit nunmehr 30 Jahren beschäftigt sich das Ars Electronica Center an der Schnittstelle zwischen Kunst, Technologie und Gesellschaft mit der Zukunft. Im Zentrum steht dabei immer der Mensch, dessen Gestaltungsspielräume und die Auswirkungen neuer Technologien auf das Leben dieser und kommender Generationen. Anlässlich des Jubiläums füllt das Museum neben den altbewährten Ausstellungen Understanding AI, Neurobionik, Connected Earth, den Ars Electronica Labs und dem Kinderforschungslabor gleich drei Areale mit neuen Ausstellungen. Ein Highlight ist und bleibt auch der Deep Space 8K. Mit hochaufgelösten Bildern und interaktivem Lasertracking bietet der einzigartige 3D-Erlebnisraum immersive Reisen in virtuellen Welten. Während des Ars Electronica Festival wird er auch dieses Jahr wieder zur Bühne für internationale Medienkunst.",,Ars Electronica Center,Ars Electronica Center,DANUBE TRIANGLE,"Ars-Electronica-Straße 1, 4040 Linz, Österreich",48.30962,14.28445,"Ars-Electronica-Straße 1, 4040 Linz",,,https://ars.electronica.art/negotiatinghumanity/en/view/ArsElectronicaCenter-34238ddb450c8161b52ecd1c41c405fa/,https://ars.electronica.art/center/,https://www.instagram.com/arselectronica/,https://www.facebook.com/arselectronica/,https://www.linkedin.com/company/arselectronica/,39138ddb450c80a4bfd5fd4b7f983eeb; 38938ddb450c816db093e78c21f4f4e3; 37a38ddb450c814abab3e9a35afa66f1; 39238ddb450c816ea67dc850c37d7b5c; 39638ddb450c81078f09f452348db25c; 39638ddb450c814b8f9bf2e1a9441977; 39638ddb450c819bbbd2eb25aeb468d4; 3a638ddb450c80c79a92f94042551085; 34a38ddb450c80418ffddbb8932a0b7a; 34a38ddb450c80cb984ac0ab4598ef15; 38838ddb450c80fcbe2ecd749e914df2,,34238ddb450c813a8aa6d570943c7a46; 34238ddb450c815e8d84d29e8376bcb0; 34238ddb450c81b4a366f6a774e81e77; 34238ddb450c8189ae58cbe249716ce3; 34238ddb450c8181b5c5e0f011589861; 34238ddb450c81548247d561daeedea8; 34238ddb450c81468114db52034f02fb; 34238ddb450c818e824adcb4493ca9a2,done,done,public,True,True,True
34238ddb450c813a8aa6d570943c7a46,34238ddb450c813a8aa6d570943c7a46,notion,Level 0,EG,Floor,,,,"Ars Electronica Center, Level 0","Ars Electronica Center, EG",DANUBE TRIANGLE,"Ars-Electronica-Straße 1, 4040 Linz, Österreich",48.30962,14.28445,"Ars-Electronica-Straße 1, 4040 Linz",,,https://ars.electronica.art/negotiatinghumanity/en/view/ArsElectronicaCenter-34238ddb450c8161b52ecd1c41c405fa/,,,,,,34238ddb450c8161b52ecd1c41c405fa,34238ddb450c817fb09ef2747f5a3dcc; 34238ddb450c81c89f5ad7fccbde8ae2; 34238ddb450c81828c44d8e9565e3ce8; 2d038ddb450c838cba8e81807193a90a; 3b138ddb450c803f8116c2d9fcad705c,done,done,public,True,True,True
34238ddb450c817fb09ef2747f5a3dcc,34238ddb450c817fb09ef2747f5a3dcc,notion,Deep Space 8K,Deep Space 8K,Room,,,,"Ars Electronica Center, Level 0, Deep Space 8K","Ars Electronica Center, EG, Deep Space 8K",DANUBE TRIANGLE,"Ars-Electronica-Straße 1, 4040 Linz, Österreich",48.30962,14.28445,"Ars-Electronica-Straße 1, 4040 Linz",,,https://ars.electronica.art/negotiatinghumanity/en/view/ArsElectronicaCenter-34238ddb450c8161b52ecd1c41c405fa/,,,,,38138ddb450c81b4ab90c39ee6e669bf; 38238ddb450c815892e9ddf89f08135b; 38338ddb450c812585ebce0f36820e8f; 38438ddb450c81a8bbd9c893e13b6d66; 38438ddb450c81c2afdaddd9e3b72fa7; 38538ddb450c8131ad88d275b9e87f00; 38538ddb450c81498229e3e77c551f1b; 38738ddb450c81b795a4d86dfc6a88d7; 38838ddb450c81329a94ddd094bc91b7; 38838ddb450c818aaacdc92459930b93; 38838ddb450c819696cee9062eab9dae; 38838ddb450c81c1a926f7b3f7c6a09a; 38b38ddb450c81ca838cc996b30cbb42; 38d38ddb450c81b1b50cff759475496a; 38e38ddb450c805d9233f94a61e5ca23; 38f38ddb450c8075ab37f052b4fd8bd0; 39038ddb450c805f97a1c108437ce7d8; 39238ddb450c814ea5f9f798db70295c; 39038ddb450c808583ede17db20b07cf; 3a638ddb450c80028db7dcee1a0c4b8a; 3a638ddb450c809bb042c0274048fa66; 3a638ddb450c80598289ed89b4a874ad; 39138ddb450c813894d6c80a2d176bcd; 38238ddb450c815fa272d74c73cd62e0; 38f38ddb450c81ac9b50d75577230360; 39738ddb450c809eb1ebc30a82ee8213; 39738ddb450c80d58e91c6e9de64cc5e; 38e38ddb450c8108937ace74543497c8; 39538ddb450c80cf95b7ca71aea39e0a; 37b38ddb450c815a9cc0ebed8dfd2628; 38e38ddb450c8121bdead6947c2afd1a; 38f38ddb450c81f7850ff2844e7bccd6; 39038ddb450c8017aa13f8d29d50a69a; 39d38ddb450c8148aa6de01eede743e2; 39d38ddb450c81878459e5d6e6336984; 3a338ddb450c8193b667deec448c483f; 3a438ddb450c8064afbaf2f7cd324cbd; 3a038ddb450c8171a61dc48994551e49; 3a438ddb450c805690e5fbeddb09084a; 3a438ddb450c8093b831d6c2812fe11a; 6e138ddb450c837097dc81e01ec469ea; 30038ddb450c8324a91681957a452f56; 34a38ddb450c80d49319c13097f6b1bc; 38e38ddb450c81ef8cbaeac975be213d; 3b138ddb450c8044a758fb3be9981c7a,34238ddb450c813a8aa6d570943c7a46,,done,done,public,True,True,True
34238ddb450c815e8d84d29e8376bcb0,34238ddb450c815e8d84d29e8376bcb0,notion,Level -3,UG -3,Floor,,,,"Ars Electronica Center, Level -3","Ars Electronica Center, UG -3",DANUBE TRIANGLE,"Ars-Electronica-Straße 1, 4040 Linz, Österreich",48.30962,14.28445,"Ars-Electronica-Straße 1, 4040 Linz",,,https://ars.electronica.art/negotiatinghumanity/en/view/ArsElectronicaCenter-34238ddb450c8161b52ecd1c41c405fa/,,,,,37c38ddb450c80f9beb5c56f547b44de; 38238ddb450c80abb897cc1a7957b56a; 38238ddb450c80d4b09fd050a234b744; 38838ddb450c8118a666fd0af73e5e86; 38b38ddb450c80778cf6e4873babe278; 0ad38ddb450c8270822a01d8ad81733d; 39c38ddb450c8107b135f97abec9b273,34238ddb450c8161b52ecd1c41c405fa,34238ddb450c8106b864f26d2f8dcd11; 34238ddb450c81c6850bd9953b617d75; 34238ddb450c8151b82bea9ba037eb76; 39238ddb450c80f98ecbf708c0f05fda; 39238ddb450c800288d3f3a06eea8390,done,done,public,True,True,True
34238ddb450c81939959c300c9dcbf08,34238ddb450c81939959c300c9dcbf08,notion,Francisco Carolinum Linz,Francisco Carolinum Linz,Building,"The Francisco Carolinum—House of Photography and Media Art—enjoys a high reputation in the field of international art discourse. With its focus on international perspectives, it is a major venue for global discourse on contemporary photography and media art. The exhibitions, which range from traditional photography to experimental media art, are known for pushing boundaries and offering innovative perspectives. During the Ars Electronica Festival 2026, the Francisco Carolinum hosts artworks from the Festival Walk as well as the Features Exhibition.",Das Francisco Carolinum – Haus für Fotografie und Medienkunst – genießt im internationalen Kunstdiskurs hohe Reputation. Mit seinem Schwerpunkt auf internationalen Positionen ist es ein bedeutender Ort für den globalen Diskurs in der zeitgenössischen Fotografie und Medienkunst. Die Ausstellungen reichen von traditioneller Fotografie bis hin zu experimenteller Medienkunst und sind für ihre Grenzüberschreitungen und innovativen Perspektiven bekannt. Während des Ars Electronica Festivals 2026 ist das Francisco Carolinum Teil des Festival Walks und zeigt Ausstellungen von Features Exhibition Partnern.,,Francisco Carolinum,Francisco Carolinum,OK QUARTER,"Museumstraße 14, 4020 Linz, Österreich",48.30603,14.29371,"Museumstraße 14, 4020 Linz",Accessibility: The elevator to the Francisco Carolinum is located at the back of the building. Please use the intercom at the doorbell to gain accessible entry.,"Barrierefreier Zugang: Der Aufzug zum Francisco Carolinum befindet sich auf der Rückseite des Gebäudes. Bitte nutze die Gegensprechanlage an der Klingel, um barrierefreien Zugang zu erhalten.",https://ars.electronica.art/negotiatinghumanity/en/view/FranciscoCarolinumLinz-34238ddb450c81939959c300c9dcbf08/,https://www.ooekultur.at/location-detail/francisco-carolinum-linz,https://www.instagram.com/fc_Linz,https://www.facebook.com/ooekultur,https://www.linkedin.com/company/o%C3%B6-landes-kultur-gmbh,39838ddb450c8108acfdd805a61f1310; 39838ddb450c813ba6f4dfb4fbefd3de; 39838ddb450c815fa13cf98f8d57a0bd; 37c38ddb450c8128baa4f207244a0ea8; 37a38ddb450c814198dec1eee5c1f025; 3a938ddb450c80e897d8d6cf37cfbf9b; 3a938ddb450c80e3a590dbc660da0b89; 3a938ddb450c80afaff4c112dd8e5b3e; 3a938ddb450c805a842fed558bb82a98; 3a938ddb450c806a9965d44a7ffe6b58; 3a438ddb450c804bb060d823a2db6a47; 34a38ddb450c80678731f3394eab291f,,38338ddb450c80858577f6de6d16caea; 38338ddb450c80f3b38cd6dd84c329f6; 38338ddb450c80f1bf26f48424dcab1a; 39938ddb450c808d8bc2d6bf4dd9ce49,done,done,public,True,True,True
34238ddb450c81909335d75307926d08,34238ddb450c81909335d75307926d08,notion,Atelierhaus Salzamt,Atelierhaus Salzamt,Building,"The Atelierhaus Salzamt is a gallery and creative space for local and international artists. This year, it once again serves as the location for the Expanded Play exhibition curated by the University of Applied Sciences Upper Austria, featuring playful and experimental works that explore the boundaries of mixed reality, spatial interaction and artificial intelligence.","Das Atelierhaus Salzamt ist Galerie und kreativer Raum für lokale und internationale Künstler*innen. Auch in diesem Jahr dient es wieder als Veranstaltungsort für die Ausstellung Expanded Play der FH Oberösterreich, die spielerische und experimentelle Werke aus den Bereichen Mixed Reality, räumlicher Interaktion und Künstlicher Intelligenz zeigt.",,Atelierhaus Salzamt,Atelierhaus Salzamt,SATELLITE LOCATIONS,"Obere Donauländestraße 15, 4020 Linz, Österreich",48.30642,14.28343,"Obere Donaulände 15, 4020 Linz",,,https://ars.electronica.art/negotiatinghumanity/en/view/AtelierhausSalzamt-34238ddb450c81909335d75307926d08/,https://www.linz.at/kultur/salzamt/index.php,https://www.instagram.com/salzamtlinz/,https://www.facebook.com/atelierhaus.salzamt/,,34a38ddb450c800f93f1e2e284d718b8; 3b238ddb450c80a18e6ae2afd2c6b1f2; 3b238ddb450c801dabedd2d8c07516cb; 3b238ddb450c80c6896bee3d1d7e1336; 3b238ddb450c8077af92cced27f9a0b0; 3b338ddb450c802f9c2cf4b8486f62de; 3b338ddb450c8084a310dc3fcbe100bd; 3b338ddb450c8067b27fc46b30c1cd38; 3b338ddb450c80518fa8e64f41722637; 3b338ddb450c8056bbc9e6a62fd41134; 3b338ddb450c80ac9bcfe6daefac8bd0; 3b338ddb450c80e4bf9cde89db35db32; 3b338ddb450c808e9f2fe5bf4066a2c1,,,done,done,public,True,True,True
34238ddb450c813fb413c2821473505e,34238ddb450c813fb413c2821473505e,notion,Sonic Lab,Sonic Lab,Room,,,,"Anton Bruckner University, Sonic Lab","Anton Bruckner Privatuniversität, Sonic Lab",SATELLITE LOCATIONS,Anton Bruckner Privatuniversität,48.31121,14.26964,"Alice-Harnoncourt-Platz 1, 4040 Linz",,,https://ars.electronica.art/negotiatinghumanity/en/view/AntonBrucknerUniversity-34238ddb450c8149b7a7ffeaa734e3e7/,,,,,38238ddb450c803db37ce76ebaf7be7e; 38238ddb450c8043b342e2f206b1f736; 38238ddb450c8045a309e7283496057c; 38238ddb450c80528618dd4d375c272d,34238ddb450c8149b7a7ffeaa734e3e7,,done,done,public,True,True,True
34238ddb450c81db8331ed81749f47d2,34238ddb450c81db8331ed81749f47d2,notion,Sky Loft,Sky Loft,Room,,,,"Ars Electronica Center, Level 3, Sky Loft","Ars Electronica Center, OG 3, Sky Loft",DANUBE TRIANGLE,"Ars-Electronica-Straße 1, 4040 Linz, Österreich",48.30962,14.28445,"Ars-Electronica-Straße 1, 4040 Linz",,,https://ars.electronica.art/negotiatinghumanity/en/view/ArsElectronicaCenter-34238ddb450c8161b52ecd1c41c405fa/,,,,,3a438ddb450c80a49529c7e9882dbc15; 3a538ddb450c80759ae5c71888dccdf3; 3a538ddb450c809ab2f7fef12a90efd6; 3a538ddb450c804b8531f6c33e30b8f2; 3a538ddb450c80b7ab10e661e2be058a; 3a538ddb450c809f97e4c5cdd67d1c72; 3a538ddb450c800fa7f9d18c353cc43f; 3a538ddb450c80c7bf1fc731ad102b48; 3a538ddb450c80778f8cc9b28ab53f58; 3a538ddb450c80a6b695d41d488e335e; 3a538ddb450c80318373ca7ff0564cbd; 3a538ddb450c80edbdd3cfc288449470; 3a538ddb450c80018090ef01a712b557; 3bb38ddb450c81698f6aeb815a7a866d,34238ddb450c81468114db52034f02fb,,done,done,public,True,True,True
34238ddb450c813fbbffff132d6d8408,34238ddb450c813fbbffff132d6d8408,notion,Lentos Kunstmuseum,Lentos Kunstmuseum,Building,"The Lentos Kunstmuseum Linz is once again showing winning projects or the Prix Ars Electronica. Every year since 1987, this exhibition has offered exciting and up-to-date insights into award-winning media art by international artists.",Das Lentos Kunstmuseum stellt auch dieses Jahr die Gewinnerprojekte des Prix Ars Electronica aus. Seit 1987 bietet diese Ausstellung jedes Jahr spannende und aktuelle Einblicke in prämierte Medienkunst internationaler Künstler*innen.,,Lentos Kunstmuseum,Lentos Kunstmuseum,DANUBE TRIANGLE,"Ernst-Koref-Promenade 1, 4020 Linz, Österreich",48.30863,14.28884,"Ernst-Koref-Promenade 1, 4020 Linz",,,https://ars.electronica.art/negotiatinghumanity/en/view/LentosKunstmuseum-34238ddb450c813fbbffff132d6d8408/,https://www.lentos.at,https://www.instagram.com/lentoslinz/,https://www.facebook.com/lentoslinz,,34a38ddb450c80b59fb5e33469d2912b; 39138ddb450c804ab2c6fb6774934b62; 39138ddb450c8052b084f91f1275b2d2; 39138ddb450c803a8818e559249f1bc3; 39138ddb450c808eaca9df1ef92f215b; 39838ddb450c8078b25ddadd9162b41b; 39838ddb450c807fb3a9d19e3cefc7ea; 39138ddb450c809d8d81dd85268614f5; 34a38ddb450c80bc80d3e52cc2e023a7; 34a38ddb450c8008a8f1f210e52d1fb0,,38338ddb450c80a2be5ee5262e2a2c1c; d9838ddb450c828293fb818fa9202fd6; 38338ddb450c804a83f1f334aaefdc84,done,done,public,True,True,True
34238ddb450c81548247d561daeedea8,34238ddb450c81548247d561daeedea8,notion,Level 2,OG 2,Floor,,,,"Ars Electronica Center, Level 2","Ars Electronica Center, OG 2",DANUBE TRIANGLE,"Ars-Electronica-Straße 1, 4040 Linz, Österreich",48.30962,14.28445,"Ars-Electronica-Straße 1, 4040 Linz",,,https://ars.electronica.art/negotiatinghumanity/en/view/ArsElectronicaCenter-34238ddb450c8161b52ecd1c41c405fa/,,,,,37c38ddb450c80b6a460c76d6bd0f71d,34238ddb450c8161b52ecd1c41c405fa,,done,done,public,True,True,True
34238ddb450c817390dccbfa74be96ba,34238ddb450c817390dccbfa74be96ba,notion,Foyer,Foyer,Room,,,,"Anton Bruckner University, Foyer","Anton Bruckner Privatuniversität, Foyer",SATELLITE LOCATIONS,Anton Bruckner Privatuniversität,48.31121,14.26964,"Alice-Harnoncourt-Platz 1, 4040 Linz",,,https://ars.electronica.art/negotiatinghumanity/en/view/AntonBrucknerUniversity-34238ddb450c8149b7a7ffeaa734e3e7/,,,,,,34238ddb450c8149b7a7ffeaa734e3e7,,done,done,public,True,True,True
34238ddb450c8189ae58cbe249716ce3,34238ddb450c8189ae58cbe249716ce3,notion,Level -1,UG -1,Floor,,,,"Ars Electronica Center, Level -1","Ars Electronica Center, UG -1",DANUBE TRIANGLE,"Ars-Electronica-Straße 1, 4040 Linz, Österreich",48.30962,14.28445,"Ars-Electronica-Straße 1, 4040 Linz",,,https://ars.electronica.art/negotiatinghumanity/en/view/ArsElectronicaCenter-34238ddb450c8161b52ecd1c41c405fa/,,,,,37c38ddb450c80faa9ecfb92da6d07d8; 37d38ddb450c808f988fed9983f5e53e; 38238ddb450c803d851cef1b05be56d2; 38238ddb450c80aba497e6b63fbc4e8a; 39838ddb450c81e29203c63479dc976e; 39738ddb450c80309d0cc9653b295675,34238ddb450c8161b52ecd1c41c405fa,34238ddb450c815e9263cf111aac5490; 34238ddb450c81fd831cee48523020b6; 3bb38ddb450c80a58e24d50606e1efad,done,done,public,True,True,True
34238ddb450c81928ccac3acfd14c095,34238ddb450c81928ccac3acfd14c095,notion,Design Center Linz,Design Center Linz,Building,"The Prix Ars Electronica Award Ceremony will once again take place at the Design Center Linz, a venue for major events, trade fairs and award presentations.","Die Prix Ars Electronica Award Ceremony findet wieder im Design Center Linz statt, einem Veranstaltungshaus für Großevents, Fachmessen und Preisverleihungen.",,Design Center Linz,Design Center Linz,SATELLITE LOCATIONS,"Europaplatz 1, 4020 Linz, Österreich",48.29901,14.30517,"Europaplatz 1, 4020 Linz",The award ceremony will be held in an exclusive setting; admission is restricted to invited guests only.,Die Preisverleihung findet im exklusiven Rahmen statt; der Zutritt ist nur geladenen Gästen gestattet.,https://ars.electronica.art/negotiatinghumanity/en/view/DesignCenterLinz-34238ddb450c81928ccac3acfd14c095/,https://www.design-center.at,https://www.instagram.com/designcenterlinz/,https://www.facebook.com/DesignCenterLinz/,https://www.linkedin.com/company/design-center-linz/,3af38ddb450c8030aef5ce4d4f0e2953,,,done,done,public,True,True,True
82e8ab9a784b0e3063f6e50c0f8f37b1,82e8ab9a784b0e3063f6e50c0f8f37b1,derived,Ground Floor,EG,Floor,,,,"University of Arts Linz, Hauptplatz 8 (West Building), Ground Floor","Kunstuniversität Linz, Hauptplatz 8 (Westgebäude), EG",DANUBE TRIANGLE,"Hauptplatz 8, 4020 Linz, Österreich",48.30655,14.28568,"Hauptplatz 8, 4020 Linz",,,https://ars.electronica.art/negotiatinghumanity/en/view/UniversityofArtsLinzHauptplatz8WestBuilding-34238ddb450c81c29974d55441962309/,,,,,,34238ddb450c81c29974d55441962309,,done,done,public,True,True,True
bcd12f4d617ffdc34013152fa1644cde,bcd12f4d617ffdc34013152fa1644cde,derived,"University of Arts Linz, Hauptplatz 6 (East Building)","Kunstuniversität Linz, Hauptplatz 6 (Ostgebäude)",Building,"Students from local and international art universities are hosted on the premises of the University of Arts Linz. Located directly at the northern end of the main square, there is plenty of space for exhibitions, conferences and workshops.","In den Räumlichkeiten der Kunstuniversität Linz sind Studierende von lokalen und internationalen Kunstuniversitäten zu Gast. Direkt am nördlichen Ende des Hauptplatzes gelegen, findet sich hier reichlich Platz für Ausstellungen, Konferenzen und Workshops.",,"University of Arts Linz, Hauptplatz 6 (East Building)","Kunstuniversität Linz, Hauptplatz 6 (Ostgebäude)",DANUBE TRIANGLE,"Hauptplatz 6, 4020 Linz, Österreich",48.30676,14.28626,"Hauptplatz 6, 4020 Linz",,,https://ars.electronica.art/negotiatinghumanity/en/view/UniversityofArtsLinzHauptplatz6EastBuilding-34238ddb450c810fbf8bfa09747f1d27/,https://www.kunstuni-linz.at,https://www.instagram.com/kunstunilinz/,https://www.facebook.com/KunstuniLinz/,https://www.linkedin.com/school/kunstunilinz/,37c38ddb450c8191b44dc8ce5bf0e5da; 37c38ddb450c80e3b98acac46fb4e09c; 37c38ddb450c80d18af8dcf8fcab9bc3; 37c38ddb450c8056ae52d5548a90b57e; 37c38ddb450c8071a7d2c07f4d6f0067; 37c38ddb450c80a4a943d1f4a8e743c8; 37c38ddb450c80579aa8e87a169d58bc; 37c38ddb450c8029ac75daeea7bf9172; 37c38ddb450c80929cc7fba06f03f3a7; 37c38ddb450c80ec8461ff87eac19174; 37c38ddb450c81be8c1ad52abeebe535; 37c38ddb450c81019db8ecc25afee454; 37c38ddb450c816b9d99cc7205821027; 37c38ddb450c8125b39ad4c539ccd015; 37c38ddb450c81b5a660e941ed02cfe9; 37c38ddb450c81f6ad7ecde9f126f1e2; 37c38ddb450c81afb783f415bbad5852; 37c38ddb450c81579907c24597d712c6; 37c38ddb450c81749f19d0940f6d7e10; 37c38ddb450c81a4a093f21061fed854; 37c38ddb450c816da7e2c017b5b44d09; 37c38ddb450c81e39efbd00320141fe1; 37c38ddb450c81d9a3f0e4aaf2f8464c; 37c38ddb450c81ef9fbff2ddc3d684ac; 37c38ddb450c8122a2f1d0dac977e5e9; 37c38ddb450c81df9346eb79d449ae9a; 37c38ddb450c8163aa99d5bf95d0e7d5; 37c38ddb450c8138a51ff1e28f9a88de; 37c38ddb450c8174945ef3d9d51115eb; 37c38ddb450c8115aac0c65ab733c309; 37c38ddb450c810bad8cc7a2cf8d5a2a; 37c38ddb450c8190a55cd95270e2a054; 37c38ddb450c8177b268ebe1d38f816c; 37c38ddb450c81a59abad5416cd4c5e8; 37c38ddb450c814d8225e9b45c4577c2; 37c38ddb450c818ab6f3e5acda2d76fb; 37c38ddb450c8156a955f998b38d7d10; 37c38ddb450c8116a9d5f7d0a0a793bf; 37c38ddb450c8136892fee4c34d08b49; 37c38ddb450c818db4bbfc88f6377471; 37c38ddb450c813fb608ca89f38cddd7; 37c38ddb450c817488abff55d17dbcd8,,34238ddb450c81b4afaef056ebf49217; 39638ddb450c8033a35bfd7015a492d1; 39c38ddb450c808eabf1c3c15c546411; 39c38ddb450c8089b548c2915399e5bd; 39c38ddb450c80dea51cedff35a105c8,done,done,public,True,True,True
34238ddb450c81a39c6bc37a7b8e561e,34238ddb450c81a39c6bc37a7b8e561e,notion,Produktionsstudio,Produktionsstudio,Room,,,,"Anton Bruckner University, Produktionsstudio","Anton Bruckner Privatuniversität, Produktionsstudio",SATELLITE LOCATIONS,Anton Bruckner Privatuniversität,48.31121,14.26964,"Alice-Harnoncourt-Platz 1, 4040 Linz",,,https://ars.electronica.art/negotiatinghumanity/en/view/AntonBrucknerUniversity-34238ddb450c8149b7a7ffeaa734e3e7/,,,,,38238ddb450c80d4b938e9a519053895,34238ddb450c8149b7a7ffeaa734e3e7,,done,done,public,True,True,True
753b445717b92a791bc1094dda3266de,753b445717b92a791bc1094dda3266de,derived,Foyer,Foyer,Room,,,,"Ars Electronica Center, Level 0, Foyer","Ars Electronica Center, EG, Foyer",DANUBE TRIANGLE,"Ars-Electronica-Straße 1, 4040 Linz, Österreich",48.30962,14.28445,"Ars-Electronica-Straße 1, 4040 Linz",,,https://ars.electronica.art/negotiatinghumanity/en/view/ArsElectronicaCenter-34238ddb450c8161b52ecd1c41c405fa/,,,,,,34238ddb450c813a8aa6d570943c7a46,,done,done,public,True,True,True
34238ddb450c8149b7a7ffeaa734e3e7,34238ddb450c8149b7a7ffeaa734e3e7,notion,Anton Bruckner University,Anton Bruckner Privatuniversität,Building,"The Bruckner University at the foot of the Pöstlingberg focuses on the fields of music, acting, and dance. During the Ars Electronica Festival, it hosts SONIC SATURDAY—a gathering of artists and researchers exploring electroacoustic music, digital art, and spatial audio through concerts, installations, and shared listening.","Die BrucknerUni am Fuße des Pöstlingbergs setzt im Studienbetrieb ihren Fokus auf die Bereiche Musik, Schauspiel und Tanz. Während des Ars Electronica Festivals wird sie zum Schauplatz von SONIC SATURDAY – einem Treffen von Künstler*innen und Forscher*innen, die elektroakustische Musik, digitale Kunst und Spatial Audio in Konzerten, Installationen und gemeinsamen Hörerfahrungen erkunden.",,Anton Bruckner University,Anton Bruckner Privatuniversität,SATELLITE LOCATIONS,Anton Bruckner Privatuniversität,48.31121,14.26964,"Alice-Harnoncourt-Platz 1, 4040 Linz",,,https://ars.electronica.art/negotiatinghumanity/en/view/AntonBrucknerUniversity-34238ddb450c8149b7a7ffeaa734e3e7/,https://www.bruckneruni.ac.at/,https://www.instagram.com/bruckneruniversity/,https://www.facebook.com/Bruckneruni/,https://www.linkedin.com/school/anton-bruckner-privatuniversit%C3%A4t,38238ddb450c80f8881dccf6abfc5734; 38238ddb450c80d097fdc3f59d06ae38,,34238ddb450c817390dccbfa74be96ba; 34238ddb450c81f5b51fd18e7737a9bf; 34238ddb450c81a39c6bc37a7b8e561e; 34238ddb450c813fb413c2821473505e; 34238ddb450c81d7b9cfe24c126f6919; 38338ddb450c800584e7d93d4881bc9f; 38338ddb450c809ca17cdb6ae66fe24d,done,done,public,True,True,True
34238ddb450c8181b5c5e0f011589861,34238ddb450c8181b5c5e0f011589861,notion,Level 1,OG 1,Floor,,,,"Ars Electronica Center, Level 1","Ars Electronica Center, OG 1",DANUBE TRIANGLE,"Ars-Electronica-Straße 1, 4040 Linz, Österreich",48.30962,14.28445,"Ars-Electronica-Straße 1, 4040 Linz",,,https://ars.electronica.art/negotiatinghumanity/en/view/ArsElectronicaCenter-34238ddb450c8161b52ecd1c41c405fa/,,,,,37c38ddb450c80509434c339bfa068e9; 38238ddb450c803f9cc3ce289943c3c8,34238ddb450c8161b52ecd1c41c405fa,34238ddb450c81ff8d79d606f0361f97; 34238ddb450c81d4866ad7268e357c21,done,done,public,True,True,True
34238ddb450c81aeac39e3da86bbcdcc,34238ddb450c81aeac39e3da86bbcdcc,notion,Donaupark,Donaupark,Outdoor,,,,Donaupark,Donaupark,SATELLITE LOCATIONS,"Museumstraße 14, 4020 Linz, Österreich",48.30963,14.29095,"Museumstraße 14, 4020 Linz",,,https://ars.electronica.art/negotiatinghumanity/en/view/Donaupark-34238ddb450c81aeac39e3da86bbcdcc/,,,,,39c38ddb450c80e3a453f8cc8e4c3753; 39c38ddb450c8007a6d2e256faa2edc9; 3ba38ddb450c807aaa85f13e25ccf6ba; 3c138ddb450c819bbe60d6038c37d4bc,,,done,done,public,True,True,True
34238ddb450c81b4a366f6a774e81e77,34238ddb450c81b4a366f6a774e81e77,notion,Maindeck,Maindeck,Outdoor,,,,"Ars Electronica Center, Maindeck","Ars Electronica Center, Maindeck",DANUBE TRIANGLE,"Ars-Electronica-Straße 1, 4040 Linz, Österreich",48.30996,14.28474,"Ars-Electronica-Straße 1, 4040 Linz",,,https://ars.electronica.art/negotiatinghumanity/en/view/ArsElectronicaCenter-34238ddb450c8161b52ecd1c41c405fa/,,,,,38e38ddb450c81aea359dd3a888c0ed5; 3a938ddb450c80648be5d80e602f4a25; 3a938ddb450c800ebb89d1f3f401a41f; 3b538ddb450c802da507e07b18355a55; 3b538ddb450c804daa62cab99039577d,34238ddb450c8161b52ecd1c41c405fa,,done,done,public,True,True,True
87a065a371ededd59565fd2979c6cf20,87a065a371ededd59565fd2979c6cf20,derived,"University of Arts Linz, Hauptplatz 8 (West Building)","Kunstuniversität Linz, Hauptplatz 8 (Westgebäude)",Building,"Students from local and international art universities are hosted on the premises of the University of Arts Linz. Located directly at the northern end of the main square, there is plenty of space for exhibitions, conferences and workshops.","In den Räumlichkeiten der Kunstuniversität Linz sind Studierende von lokalen und internationalen Kunstuniversitäten zu Gast. Direkt am nördlichen Ende des Hauptplatzes gelegen, findet sich hier reichlich Platz für Ausstellungen, Konferenzen und Workshops.",,"University of Arts Linz, Hauptplatz 8 (West Building)","Kunstuniversität Linz, Hauptplatz 8 (Westgebäude)",DANUBE TRIANGLE,"Hauptplatz 8, 4020 Linz, Österreich",48.30655,14.28568,"Hauptplatz 8, 4020 Linz",,,https://ars.electronica.art/negotiatinghumanity/en/view/UniversityofArtsLinzHauptplatz8WestBuilding-34238ddb450c81c29974d55441962309/,https://www.kunstuni-linz.at,https://www.instagram.com/kunstunilinz/,https://www.facebook.com/KunstuniLinz/,https://www.linkedin.com/school/kunstunilinz/,37638ddb450c815c83a1c38ba0d000f5; 37638ddb450c8122b76df752189b54a4; 37638ddb450c8123b59fd502af294cfd; 37638ddb450c816b9b4cfb623a90b5e2; 37638ddb450c817b8317fb26ea5aacc2; 37638ddb450c814794a2e80ae48ba4ff; 37b38ddb450c81efbe1cd9236f668184; 37b38ddb450c816194f5fdb7c9ad89a7; 37b38ddb450c81ae83aee2daf8c64532; 37b38ddb450c81e2bccef4252e9a6571; 37b38ddb450c8129a510cbe1dc769f2e; 37b38ddb450c81499808fbe6b791bd1c; 37b38ddb450c8164a014ca78625bb154; 37b38ddb450c8142a463c02c1e7803c4; 37b38ddb450c81dca50dcbec62ce9664; 37b38ddb450c8198bf39d864b8ce2396; 37b38ddb450c81058d02e2ce0a99acf3; 37b38ddb450c8175afd9d2629bd6119a; 37b38ddb450c8110a522dd415d3d3087; 37b38ddb450c817d9f89dbcd95d1114c; 37b38ddb450c8105ba03f1b3ff04ebae; 38238ddb450c8110af78ef62cc52017d; 38238ddb450c814c8b2eef5e8757151e; 38238ddb450c81948f3fe76b91224107; 38238ddb450c81589265fb41a7e55298; 38238ddb450c81ea8cdbe8c0d36bcaed; 37a38ddb450c81be9a12f8321a71f694; 37a38ddb450c814382bdcae8a3b55769; 38138ddb450c81119303f1046691c315; 38138ddb450c819a8340d714bf0ca049; 38138ddb450c81c7802cd29703e2a4f2; 38238ddb450c81dbb456d059bd1c1dba; 38138ddb450c818b9092ff5a1b9c96eb; 37238ddb450c81759550f9b4199cfd3e; 38138ddb450c81f0a56eee7a03e357c0; 38138ddb450c8127a2d1cc638e948f14; 37938ddb450c81b68ebdf68ba3f58451; 37b38ddb450c8116b812f10df294c863; 37c38ddb450c81dabda3da4c38ee734f; 37b38ddb450c81f69ca5ff4b1ff04d0b; 37238ddb450c81d5a6f8e25e97466c15; 37b38ddb450c814c9e04ca5268db3b95; 38238ddb450c8180a12dd211a3eac187; 37b38ddb450c81769949c0fb90482cbc; 37b38ddb450c8129a4c4fbb9b125432a; 38238ddb450c81dd9d16d84a9378e84a; 37b38ddb450c8147a843cf90cfcc4cc6; 37b38ddb450c81cbb1f1f969a4086715; 37b38ddb450c81c6b55ee3b6c2a24a55; 37b38ddb450c81fcbd40ee0ad1af83df; 37b38ddb450c818f8962e4d7a0896539; 37b38ddb450c811faed7fe533e081a48; 37b38ddb450c8129b0f8f02c7aedd52f; 37b38ddb450c814b8176c869324beb6e; 37838ddb450c8102b84ae7316552a6ee; 37038ddb450c8190a4c3f7ba7236f7cc; 37138ddb450c815c807fd6a472776efd; 37238ddb450c816c9aded89c05053b3a; 37138ddb450c81029923c7da2ee2644f; 37238ddb450c8131abc1e31ec9f3a9f7; 37138ddb450c81d19656d8d281daf9a6; 37d38ddb450c818fb3d5fbde83f5a1ff; 37b38ddb450c8195b659c02ab684394c; 37b38ddb450c8173b51acd3cca71a56e; 37b38ddb450c8138b803cd2af0bc6012; 37b38ddb450c8160807ef718a4aced28; 37b38ddb450c81959102ddca3a867421; 37b38ddb450c819a8fd0dea66075bf3b; 37b38ddb450c81b09d26d7a02a1296a0; 37b38ddb450c812694b7ecc1f29f19ce; 37b38ddb450c81829670c51bade3f612; 37b38ddb450c811c9438da387d7e308a; 37b38ddb450c817aaec2e6e39d40e58b; 37a38ddb450c812ca3cdf6d19918742e; 37a38ddb450c811ebcfcf902f338980d; 38a38ddb450c8144b1d9f1c12730a207; 37a38ddb450c81bd8639e1e950e34bc6; 37a38ddb450c81e8bfe1d199ba7aa53e; 37b38ddb450c81f09a51dbb6f4ca3a33; 37b38ddb450c81bc83aaec20fda7568f; 37b38ddb450c81dab7b2ea3c69732dd7; 37b38ddb450c819fbcb6e93a67d8f807; 37b38ddb450c815e9577e7891871bd60; 37c38ddb450c803496bcd6ac83b868f8; 37b38ddb450c81b4b8dee4ffff865d52; 39e38ddb450c810faf25d4be5f317215; 39e38ddb450c81039a5edd5623fbd7e4; 39e38ddb450c81178441fe16eb8078e1; 3a438ddb450c81a98c57ea43822ff5f1; 3aa38ddb450c81ab961aec43e3d7efdc; 37c38ddb450c81a2b306cce36e2838cf; 37c38ddb450c81969988f38313eea99a; 37c38ddb450c8104b5a7ded8a394fbe5; 37c38ddb450c81749a67c05686b23164; 37c38ddb450c81688126f6f3451258ca; 37c38ddb450c81d7806df71e53a69c5f; 37c38ddb450c81eab4c8fdcd9ad3116d; 37c38ddb450c81cab62ae7972240e8d5; 37c38ddb450c81b6a1c9d912130b116e; 37c38ddb450c81baaa9cee932a7f002f; 37c38ddb450c81b5b678e029ac9f8059; 37c38ddb450c81919b06c5d3f6fafc4e; 37c38ddb450c815fa754fa26dccd6bb0; 37c38ddb450c813c8913de416cd8effc; 37c38ddb450c813888b1d00f36e306f7; 37c38ddb450c814db1f5d99d871c8d4d; 37c38ddb450c8112985bda90838e7bbd; 37c38ddb450c81c8b50ef4ab68b72edb; 3d038ddb450c812ba6edde12c58f6ed3,,39c38ddb450c8017b232ca6f8129824e; 39938ddb450c80d584d4d1cc40f218a1; 34238ddb450c81ba9c11d242130ee1d0; 39c38ddb450c80688ac8fad12c39fce5; 39c38ddb450c80a8903efa7aed422e38; 39c38ddb450c807cb9adca8af947af3d; 39c38ddb450c80be95b8cc3ad1e68139,done,done,public,True,True,True
34238ddb450c81388c73f87a46369f19,34238ddb450c81388c73f87a46369f19,notion,Stadtwerkstatt,Stadtwerkstatt,Building,"Stadtwerkstatt / STWST has existed since 1979 and is the first autonomous art and cultural space in Linz. From the outset, STWST has stood for initiative, activism, subculture, and the continuous redefinition of artistic practices. Within the context of new media and media art, the initiative has a longstanding history of significant projects dating back to the 1980s. Today, Stadtwerkstatt operates across new artistic contexts and runs various media platforms, including the magazine Versorgerin, the music club, and Cafe Strom. At the intersection of art, media, critique, music, underground culture, and the hybrid spaces within the house, STWST fosters activities that are comprehensive, interdisciplinary, and driven by artistic, cultural, technological, and socially relevant aims.","Die Stadtwerkstatt / STWST besteht seit 1979 und ist das erste autonome Kunst- und Kulturhaus in Linz. Von Beginn an steht die STWST für Initiative, Aktivismus, Subkultur – und für eine Praxis, in der Kunstkontexte immer wieder neu gedacht und definiert werden. Im Kontext der Neuen Medien und Medienkunst blickt der Ort auf eine Geschichte relevanter Projekte seit den 1980er-Jahren zurück. Die Stadtwerkstatt arbeitet heute in den Bereichen New Art Contexts, betreibt Medien wie die Zeitung Versorgerin, den Musikclub sowie das Cafe Strom. Zwischen Kunst, Medien, Kritik, Musik, Untergrund und den vermischten Sphären des Hauses formieren sich Aktivitäten, die umfassend, spartenübergreifend und durch künstlerische, kulturelle, technologische und gesellschaftsrelevante Intentionen motiviert sind.",,Stadtwerkstatt,Stadtwerkstatt,DANUBE TRIANGLE,"Kirchengasse 4, 4040 Linz, Österreich",48.3101,14.28461,"Kirchengasse 4,4040 Linz",,,https://ars.electronica.art/negotiatinghumanity/en/view/Stadtwerkstatt-34238ddb450c81388c73f87a46369f19/,https://stwst.at,,https://www.facebook.com/stadtwerkstatt.stwst/,,39838ddb450c80b8a881d78d3458b576; 39838ddb450c807abba7d52050d66f4e; 39838ddb450c8094b8b7fd4a01a7e929; 3a938ddb450c803f97f5e982d365e06c; 39838ddb450c807c9aa8c78aadaa6f43,,,done,done,public,True,True,True
34238ddb450c815e9263cf111aac5490,34238ddb450c815e9263cf111aac5490,notion,Seminar Room,Seminarraum,Room,,,,"Ars Electronica Center, Level -1, Seminar Room","Ars Electronica Center, UG -1, Seminarraum",DANUBE TRIANGLE,"Ars-Electronica-Straße 1, 4040 Linz, Österreich",48.30962,14.28445,"Ars-Electronica-Straße 1, 4040 Linz",,,https://ars.electronica.art/negotiatinghumanity/en/view/ArsElectronicaCenter-34238ddb450c8161b52ecd1c41c405fa/,,,,,39e38ddb450c81dba105e4ee1ac2b004,34238ddb450c8189ae58cbe249716ce3,,done,done,public,True,True,True
34238ddb450c81828c44d8e9565e3ce8,34238ddb450c81828c44d8e9565e3ce8,notion,Ars Electronica Center Infodesk,Ars Electronica Center Infodesk,Room,,,"Program Info, Shop, Ticket Pick-Up, Ticket Sales","Ars Electronica Center, Level 0, Infodesk","Ars Electronica Center, EG, Infodesk",DANUBE TRIANGLE,"Ars-Electronica-Straße 1, 4040 Linz, Österreich",48.30962,14.28445,"Ars-Electronica-Straße 1, 4040 Linz",,,https://ars.electronica.art/negotiatinghumanity/en/view/ArsElectronicaCenter-34238ddb450c8161b52ecd1c41c405fa/,,,,,34a38ddb450c80d6b249cb3702a88dbf,34238ddb450c813a8aa6d570943c7a46,,done,done,public,True,True,True
34238ddb450c81d7b9cfe24c126f6919,34238ddb450c81d7b9cfe24c126f6919,notion,Studiobühne,Studiobühne,Room,,,,"Anton Bruckner University, Studiobühne","Anton Bruckner Privatuniversität, Studiobühne",SATELLITE LOCATIONS,Anton Bruckner Privatuniversität,48.31121,14.26964,"Alice-Harnoncourt-Platz 1, 4040 Linz",,,https://ars.electronica.art/negotiatinghumanity/en/view/AntonBrucknerUniversity-34238ddb450c8149b7a7ffeaa734e3e7/,,,,,38238ddb450c8007a6b9fc0dd8c7c598; 38238ddb450c80348ee7f7b13757e5c5; 38238ddb450c8045bf1ffbe7ab6c0460; 38238ddb450c8050a6d0e027af9c3acc; 38238ddb450c80bbb78ff7dcfaca4ecc; 38238ddb450c80d6aa3bf2da6de139d2,34238ddb450c8149b7a7ffeaa734e3e7,,done,done,public,True,True,True
34238ddb450c8156a0b2e87f10c43d2e,34238ddb450c8156a0b2e87f10c43d2e,notion,St. Mary’s Cathedral,Mariendom,Building,"Once again this year, Austria’s largest church, St. Mary’s Cathedral, will open its doors during the Ars Electronica Festival. On the very first day, the cathedral is transformed into the venue for the festival opening. Throughout the other festival days, an installation by Japanese sound artist evala is on display.","Auch in diesem Jahr öffnet die größte Kirche Österreichs, der Mariendom, während des Ars Electronica Festival ihre Tore. Bereits am ersten Tag verwandelt sich der Dom zum Schauplatz des Festival-Openings.  An den anderen Festivaltagen ist eine Installation des japanischen Sound Artist evala zu sehen.",,St. Mary’s Cathedral,Mariendom,SATELLITE LOCATIONS,Mariendom,48.30043,14.28618,"Domplatz 1, 4020 Linz",,,https://ars.electronica.art/negotiatinghumanity/en/view/St.MarysCathedral-34238ddb450c8156a0b2e87f10c43d2e/,https://www.dioezese-linz.at/mariendom,https://www.instagram.com/mariendomlinz,https://www.facebook.com/mariendomlinz,,38f38ddb450c8187a872e89a0251e1bf; 39f38ddb450c80fd97d8c84172412397; 39838ddb450c8184ae86d7537dbc71f8; 39138ddb450c81098377d9843efc9e87; 39638ddb450c8134a334f8dd3f82a9b1; 39838ddb450c81ac9ccccbc5f40540a4; 39538ddb450c817dabbefa5d7d9003fe; 34a38ddb450c80f3ac9fcf8dd7dff643; 3aa38ddb450c80b9b5c8ed16f45964a9; 3ab38ddb450c80bda186fa5ee1388ee6; 3ab38ddb450c8062a78ce5969d1a635d; 7c938ddb450c82789a648184906bd039,,34238ddb450c8143b3c4fa888f2b1fe6; 34238ddb450c81fda913f187973413b5,done,done,public,True,True,True
d25038fc3b4a7326b40124aaf0b20e5b,d25038fc3b4a7326b40124aaf0b20e5b,derived,Ground Floor,EG,Floor,,,,"University of Arts Linz, Hauptplatz 6 (East Building), Ground Floor","Kunstuniversität Linz, Hauptplatz 6 (Ostgebäude), EG",DANUBE TRIANGLE,"Hauptplatz 6, 4020 Linz, Österreich",48.30676,14.28626,"Hauptplatz 6, 4020 Linz",,,https://ars.electronica.art/negotiatinghumanity/en/view/UniversityofArtsLinzHauptplatz6EastBuilding-34238ddb450c810fbf8bfa09747f1d27/,,,,,3ae38ddb450c8027a884e9bced8ddc61; 3ae38ddb450c80718228c1d986aaf492; 3ae38ddb450c80d2b9bbdfde20cc69cf; 3ae38ddb450c80bebeaac30452d9fa0d; 3ae38ddb450c80d49d05f26229912792; 3ae38ddb450c8028bf38ff2bfa37e5b0; 3ae38ddb450c8087b338c73f6bc1e765,34238ddb450c810fbf8bfa09747f1d27,,done,done,public,True,True,True
34238ddb450c81f5b51fd18e7737a9bf,34238ddb450c81f5b51fd18e7737a9bf,notion,Kleiner Saal,Kleiner Saal,Room,,,,"Anton Bruckner University, Kleiner Saal","Anton Bruckner Privatuniversität, Kleiner Saal",SATELLITE LOCATIONS,Anton Bruckner Privatuniversität,48.31121,14.26964,"Alice-Harnoncourt-Platz 1, 4040 Linz",,,https://ars.electronica.art/negotiatinghumanity/en/view/AntonBrucknerUniversity-34238ddb450c8149b7a7ffeaa734e3e7/,,,,,,34238ddb450c8149b7a7ffeaa734e3e7,,done,done,public,True,True,True
34238ddb450c81468114db52034f02fb,34238ddb450c81468114db52034f02fb,notion,Level 3,OG 3,Floor,,,,"Ars Electronica Center, Level 3","Ars Electronica Center, OG 3",DANUBE TRIANGLE,"Ars-Electronica-Straße 1, 4040 Linz, Österreich",48.30962,14.28445,"Ars-Electronica-Straße 1, 4040 Linz",,,https://ars.electronica.art/negotiatinghumanity/en/view/ArsElectronicaCenter-34238ddb450c8161b52ecd1c41c405fa/,,,,,,34238ddb450c8161b52ecd1c41c405fa,34238ddb450c81db8331ed81749f47d2,done,done,public,True,True,True
34238ddb450c817b9154dc6462cf41fc,34238ddb450c817b9154dc6462cf41fc,notion,University of Arts Linz,Kunstuniversität Linz,Building,"Students from local and international art universities are hosted on the premises of the University of Arts Linz. Located directly at the northern end of the main square, there is plenty of space for exhibitions, conferences and workshops.","In den Räumlichkeiten der Kunstuniversität Linz sind Studierende von lokalen und internationalen Kunstuniversitäten zu Gast. Direkt am nördlichen Ende des Hauptplatzes gelegen, findet sich hier reichlich Platz für Ausstellungen, Konferenzen und Workshops.",,University of Arts Linz,Kunstuniversität Linz,DANUBE TRIANGLE,"Hauptplatz 6, 4020 Linz, Österreich",48.30658,14.28573,"Hauptplatz 6-8, 4020 Linz",,,https://ars.electronica.art/negotiatinghumanity/en/view/UniversityofArtsLinz-34238ddb450c817b9154dc6462cf41fc/,https://www.kunstuni-linz.at,https://www.instagram.com/kunstunilinz/,https://www.facebook.com/KunstuniLinz/,https://www.linkedin.com/school/kunstunilinz/,34a38ddb450c8099aa01fc4acd2346bf,,,done,done,public,True,True,True
34238ddb450c8143b3c4fa888f2b1fe6,34238ddb450c8143b3c4fa888f2b1fe6,notion,Nave,Kirchenschiff,Room,,,,"St. Mary’s Cathedral, Nave","Mariendom, Kirchenschiff",SATELLITE LOCATIONS,Mariendom,48.30025,14.286,"Domplatz 1, 4020 Linz",,,https://ars.electronica.art/negotiatinghumanity/en/view/St.MarysCathedral-34238ddb450c8156a0b2e87f10c43d2e/,,,,,,34238ddb450c8156a0b2e87f10c43d2e,,done,done,public,True,True,True
34238ddb450c81baaf9ddd0434c7205b,34238ddb450c81baaf9ddd0434c7205b,notion,OK Linz,OK Linz,Building,"The OK in Linz is a central venue for contemporary art and social discourse. Through its innovative exhibitions, the museum addresses current issues, encouraging reflection and creating space for dialogue. The OK and OK Platz have thus established themselves as a meeting place for a young, art-loving, and critically minded community—a hotspot for art, culture and social interaction.","Das OK mitten Linz ist ein zentraler Ort für zeitgenössische Kunst und gesellschaftlichen Diskurs. Mit seinen innovativen Ausstellungen greift das Museum aktuelle Themen auf, regt zum Nachdenken an und schafft Raum für Austausch. Das OK und der OK Platz haben sich als Treffpunkt für eine junge, kunstinteressierte und kritisch denkende Community etabliert, als Hotspot für Kunst, Kultur und Begegnung.",,OK Linz,OK Linz,OK QUARTER,"OK Platz, 4020 Linz, Österreich",48.30288,14.29075,"OK Platz 1, 4020 Linz",,,https://ars.electronica.art/negotiatinghumanity/en/view/OKLinz-34238ddb450c81baaf9ddd0434c7205b/,https://www.ooekultur.at/location-detail/ok-linz,https://www.instagram.com/ok_linz,https://www.facebook.com/ooekultur,https://www.linkedin.com/company/o%C3%B6-landes-kultur-gmbh,39838ddb450c8112a555d466c60b6f28; 39838ddb450c81e19f0fefcc170f709b,,38338ddb450c8012a9a7d5c91ea8980f; 38338ddb450c80f7ae5bd773db454e12; 38338ddb450c8081a52ff7fe61e40298; 3c838ddb450c80e78c61ee529590425a,done,done,public,True,True,True
34238ddb450c81fda913f187973413b5,34238ddb450c81fda913f187973413b5,notion,Domplatz,Domplatz,Outdoor,,,,"St. Mary’s Cathedral, Domplatz","Mariendom, Domplatz",SATELLITE LOCATIONS,Mariendom,48.30028,14.28672,"Domplatz 1, 4020 Linz",,,https://ars.electronica.art/negotiatinghumanity/en/view/St.MarysCathedral-34238ddb450c8156a0b2e87f10c43d2e/,,,,,,34238ddb450c8156a0b2e87f10c43d2e,,done,done,public,True,True,True
34238ddb450c8106b864f26d2f8dcd11,34238ddb450c8106b864f26d2f8dcd11,notion,Neuro-Bionics,Neuro-Bionik,Room,,,,"Ars Electronica Center, Level -3, Neuro-Bionics","Ars Electronica Center, UG -3, Neuro-Bionik",DANUBE TRIANGLE,"Ars-Electronica-Straße 1, 4040 Linz, Österreich",48.30962,14.28445,"Ars-Electronica-Straße 1, 4040 Linz",,,https://ars.electronica.art/negotiatinghumanity/en/view/ArsElectronicaCenter-34238ddb450c8161b52ecd1c41c405fa/,,,,,,34238ddb450c815e8d84d29e8376bcb0,,done,done,public,True,True,True
34238ddb450c818e824adcb4493ca9a2,34238ddb450c818e824adcb4493ca9a2,notion,Façade,Fassade,Outdoor,,,,"Ars Electronica Center, Façade","Ars Electronica Center, Façade",DANUBE TRIANGLE,"Ars-Electronica-Straße 1, 4040 Linz, Österreich",48.30988,14.28476,"Ars-Electronica-Straße 1, 4040 Linz",,,,,,,,38838ddb450c80049ff9d604c744fe53; 38838ddb450c80958e37c6c678718b2d; 38f38ddb450c80038603cef06ce04a31; 39038ddb450c8099a7f9c62e71d7ebbc,34238ddb450c8161b52ecd1c41c405fa,,not needed,not needed,hidden,False,False,True
34238ddb450c81d4866ad7268e357c21,34238ddb450c81d4866ad7268e357c21,notion,Kids Research Lab,Kinderforschungslabor,Room,,,,"Ars Electronica Center, Level 1, Kids Research Lab","Ars Electronica Center, OG 1, Kinderforschungslabor",DANUBE TRIANGLE,"Ars-Electronica-Straße 1, 4040 Linz, Österreich",48.30962,14.28445,"Ars-Electronica-Straße 1, 4040 Linz",,,https://ars.electronica.art/negotiatinghumanity/en/view/ArsElectronicaCenter-34238ddb450c8161b52ecd1c41c405fa/,,,,,,34238ddb450c8181b5c5e0f011589861,,done,done,public,True,True,True
34238ddb450c81ff8d79d606f0361f97,34238ddb450c81ff8d79d606f0361f97,notion,Connected Earth,Connected Earth,Room,,,,"Ars Electronica Center, Level 1, Connected Earth","Ars Electronica Center, OG 1, Connected Earth",DANUBE TRIANGLE,"Ars-Electronica-Straße 1, 4040 Linz, Österreich",48.30962,14.28445,"Ars-Electronica-Straße 1, 4040 Linz",,,https://ars.electronica.art/negotiatinghumanity/en/view/ArsElectronicaCenter-34238ddb450c8161b52ecd1c41c405fa/,,,,,3a438ddb450c811fb8c1df1111e31f4b,34238ddb450c8181b5c5e0f011589861,,done,done,public,True,True,True
34238ddb450c8151b82bea9ba037eb76,34238ddb450c8151b82bea9ba037eb76,notion,Ars Electronica Solutions,Ars Electronica Solutions,Room,,,,"Ars Electronica Center, Level -3, Ars Electronica Solutions","Ars Electronica Center, UG -3, Ars Electronica Solutions",DANUBE TRIANGLE,"Ars-Electronica-Straße 1, 4040 Linz, Österreich",48.30962,14.28445,"Ars-Electronica-Straße 1, 4040 Linz",,,https://ars.electronica.art/negotiatinghumanity/en/view/ArsElectronicaCenter-34238ddb450c8161b52ecd1c41c405fa/,,,,,34a38ddb450c80cd8dc1dbcc8a46c428; 34a38ddb450c80c2b413c0d8cf256367,34238ddb450c815e8d84d29e8376bcb0,,done,done,public,True,True,True
34238ddb450c81fd831cee48523020b6,34238ddb450c81fd831cee48523020b6,notion,Ars Electronica Labs,Ars Electronica Labs,Room,,,,"Ars Electronica Center, Level -1, Ars Electronica Labs","Ars Electronica Center, UG -1, Ars Electronica Labs",DANUBE TRIANGLE,"Ars-Electronica-Straße 1, 4040 Linz, Österreich",48.30962,14.28445,"Ars-Electronica-Straße 1, 4040 Linz",,,https://ars.electronica.art/negotiatinghumanity/en/view/ArsElectronicaCenter-34238ddb450c8161b52ecd1c41c405fa/,,,,,3a538ddb450c81dbb553f83cb9837133,34238ddb450c8189ae58cbe249716ce3,,done,done,public,True,True,True
34238ddb450c81348aacc66dce96a484,34238ddb450c81348aacc66dce96a484,notion,Tabakfabrik,Tabakfabrik,Building,,,,Tabakfabrik,Tabakfabrik,SATELLITE LOCATIONS,Peter-Behrens-Platz 6,48.31249,14.29942,"Peter-Behrens-Platz 6, 4020 Linz",Private events take place at this location.,An dieser Location finden geschlossene Veranstaltungen statt.,https://ars.electronica.art/negotiatinghumanity/en/view/Tabakfabrik-34238ddb450c81348aacc66dce96a484/,,,,,38238ddb450c803eb5eacb22c57ab9fd; 3cd38ddb450c8198b28fe58880e6c137,,3d038ddb450c80869719f2f69d7c17ec,done,done,public,True,True,True
34238ddb450c814d8656ffe340e022bb,34238ddb450c814d8656ffe340e022bb,notion,FIFTITU%,FIFTITU%,Building,,,,FIFTITU%,FIFTITU%,DANUBE TRIANGLE,"Domgasse 14, 4020 Linz, Österreich",48.30523,14.2877,"Domgasse 14, 4020 Linz","An event will take place in front of this location on FRI September 11, 2026.",Vor dieser Location findet am FR 11. September 2026 ein Event statt.,https://ars.electronica.art/negotiatinghumanity/en/view/FIFTITU-34238ddb450c814d8656ffe340e022bb/,https://fiftitu.at/,https://www.instagram.com/fiftitu.52,https://www.facebook.com/Fiftitu/,,3a538ddb450c80f8b76fe2886c7d527f,,,done,done,public,True,True,True
34238ddb450c81c6850bd9953b617d75,34238ddb450c81c6850bd9953b617d75,notion,Understanding AI,Understanding AI,Room,,,,"Ars Electronica Center, Level -3, Understanding AI","Ars Electronica Center, UG -3, Understanding AI",DANUBE TRIANGLE,"Ars-Electronica-Straße 1, 4040 Linz, Österreich",48.30962,14.28445,"Ars-Electronica-Straße 1, 4040 Linz",,,https://ars.electronica.art/negotiatinghumanity/en/view/ArsElectronicaCenter-34238ddb450c8161b52ecd1c41c405fa/,,,,,3b038ddb450c8034b7a7c131684e9b26,34238ddb450c815e8d84d29e8376bcb0,,done,done,public,True,True,True
34238ddb450c816d8670d11a8bcb9f86,34238ddb450c816d8670d11a8bcb9f86,notion,Moviemento,Moviemento,Building,Moviemento Linz is an independent cinema focused on arthouse films and was founded in 1990 by Verein zur Förderung kommunikativer Kinokultur. It is located in the Offenes Kulturhaus (OK) Linz.,Das Moviemento Linz ist ein Programmkino mit Schwerpunkt auf Filmkunst abseits des Mainstreams und wurde 1990 vom Verein zur Förderung kommunikativer Kinokultur gegründet. Es ist im Offenen Kulturhaus (OK) Linz beheimatet.,,Moviemento,Moviemento,OK QUARTER,"OK Platz 1, 4020 Linz, Österreich",48.30291,14.29076,"OK Platz 1, 4020 Linz","Films by Stadtwerkstatt, among others, will be shown at this location. For more program information, visit the Moviemento website.",An dieser Location werden unter anderem Filme der Stadtwerkstatt gezeigt. Weitere Programminformationen auf der Website von Moviemento.,https://ars.electronica.art/negotiatinghumanity/en/view/Moviemento-34238ddb450c816d8670d11a8bcb9f86/,https://www.moviemento.at,https://www.instagram.com/_moviemento/,,,51b38ddb450c82e9986701eddf9baf18,,,done,done,public,True,True,True
34238ddb450c819b92abdc1d7604a653,34238ddb450c819b92abdc1d7604a653,notion,Hauptplatz 23,Hauptplatz 23,Building,"Hauptplatz 23––often referred to as HP23––is a vibrant, historic multi-purpose building located at Hauptplatz in Linz. Originally a centuries-old townhouse, the 1,000-square-meter facility now operates as a creative community space, offering coworking desks, private offices, event rooms and pop-up culinary experiences. At this year’s Ars Electronica Festival, the venue will host networking events.","Hauptplatz 23 –  oft auch als HP23 bezeichnet – ist ein lebendiges, historisches Mehrzweckgebäude am Hauptplatz in Linz. Das Jahrhunderte alte Bürgerhaus dient heute auf 1.000 Quadratmetern als kreativer Gemeinschaftsraum mit Coworking-Arbeitsplätzen, privaten Büros, Veranstaltungsräumen und wechselnden kulinarischen Angeboten. Beim diesjährigen Ars Electronica Festival finden im HP23 Networking-Veranstaltungen statt.",,Hauptplatz 23,Hauptplatz 23,SATELLITE LOCATIONS,"Hauptplatz 23, 4020 Linz, Österreich",48.30482,14.28678,"Hauptplatz 23, 4020 Linz",Location for Networking Events,Location für Networking Events,https://ars.electronica.art/negotiatinghumanity/en/view/Hauptplatz23-34238ddb450c819b92abdc1d7604a653/,https://hauptplatz23.at/,https://www.instagram.com/hauptplatz23/,https://www.facebook.com/hauptplatz23/,,3a338ddb450c8099a1fee8b1cb111ae8,,,done,done,public,True,True,True
34238ddb450c81ac8432eab6e4831002,34238ddb450c81ac8432eab6e4831002,notion,Main Square Linz,Hauptplatz Linz,Outdoor,"The Main Square Linz is one of the largest medieval town squares in Europe and the historic heart of the city. During the 2026 Festival, it becomes the central hub for Flood the Zone with Courage: in the Pavilion against Indifference and around the square, visitors can take in—and take part in—activist actions, performances and interventions.","Der Linzer Hauptplatz ist eine der größten mittelalterlichen Platzanlagen Europas und das historische Zentrum der Stadt. Beim Festival 2026 wird er zum zentralen Dreh- und Angelpunkt des Programms von Flood the Zone with Courage: Im Pavilion against Indifference und rund um den Platz können aktivistische Aktionen, Performances und Interventionen erlebt und mitgestaltet werden.",,Main Square Linz,Hauptplatz Linz,DANUBE TRIANGLE,"Hauptplatz 1, 4020 Linz, Österreich",48.30549,14.28668,"Hauptplatz 1, 4020 Linz",,,https://ars.electronica.art/negotiatinghumanity/en/view/MainSquareLinz-34238ddb450c81ac8432eab6e4831002/,,,,,37b38ddb450c8103ac2ce2ef785984e8; 37b38ddb450c81869cbdf07f1245b795; 37b38ddb450c81fa8235d0c98a5d64e5; 37b38ddb450c811dbe2cf59198d2fbd1; 38138ddb450c80339a17ee6363b963c8; 37c38ddb450c81c2abf2dd51df60e2c6; 38b38ddb450c81ab9f38c93812084100; 38d38ddb450c81cd8e20fec13bfba1d4; 38d38ddb450c819299c5c9e485b6770c; 38e38ddb450c81e69beecad0d5fb7010; 38e38ddb450c8177aa45de96794106b2; 38e38ddb450c813084a3d9d2a10a080a; 38e38ddb450c812fbdeaf19f6dca8b94; 38e38ddb450c8138ab85e255de82b1bb; 39038ddb450c81dc8de9f95a702c1077; 39038ddb450c8158b6a3fd10f4d4ff0d; 39138ddb450c81549688e8455fea68f2; 39138ddb450c81659f40da3fce7bfa86; 39138ddb450c81c29dfde66337ae2140; 39738ddb450c816cbe90ff06d00c0f76; 39738ddb450c81088b6fe52306e932ad; 39438ddb450c815cb1dbd5177e1062f9; 39438ddb450c8116a82ac3c4b4e05c63; 39438ddb450c81a298bad0833a7f79af; 3a438ddb450c8054ab96c14d65da3dbb; 3a538ddb450c8042a6e2c78244bdcd22; 39f38ddb450c8186a77cd25d8dde0373; 37b38ddb450c81eb8e17e85680e8f00e; 39f38ddb450c81b0a3a3d33be28350f5; 37238ddb450c8196a207eaeef73e7995; 3a538ddb450c80c78ec0e85aaafc3f8b; 3a538ddb450c803bbd39d0e072639dc7; 39238ddb450c814d959bcb7e64564979; 3a538ddb450c80748bbbe77c402c3135; 3a938ddb450c80f68f1fcc533e3b8995; 3ab38ddb450c81f7acc9e42a1314ea54; 80538ddb450c8275b78a81401628c626; 3b438ddb450c815cbef6e4da0f7fd7a3; 3b138ddb450c805284dbfa6767090bab,,3ac38ddb450c804bb451f52839215896,done,done,public,True,True,True
34238ddb450c819fa805db5c98ceeda7,34238ddb450c819fa805db5c98ceeda7,notion,Brucknerhaus Linz,Brucknerhaus Linz,Building,"The Brucknerhaus Linz, named after the Upper Austrian composer Anton Bruckner, was opened in 1974. With its striking architecture (Kaija and Heikki Sirén) and excellent acoustics, it is one of Austria’s leading concert halls. International orchestras, ensembles and soloists regularly perform in its halls. The highlight of the programme is the annual Bruckner Festival, which takes place every autumn - this year with the motto “unendlicher Herbst”.","Das Brucknerhaus Linz, benannt nach dem oberösterreichischen Komponisten Anton Bruckner, wurde 1974 eröffnet. Mit seiner markanten Architektur (Kaija und Heikki Sirén) und hervorragenden Akustik zählt es zu den führenden Konzerthäusern Österreichs. Internationale Orchester, Ensembles und Solist*innen sind regelmäßig in seinen Sälen zu Gast. Höhepunkt im Programm ist das jährlich im Herbst stattfindende Brucknerfest, das dieses Jahr unter dem Motto “unendlicher Herbst” stattfinden wird.",,Brucknerhaus Linz,Brucknerhaus Linz,SATELLITE LOCATIONS,"Untere Donaulände 7, 4020 Linz, Österreich",48.31045,14.29306,"Untere Donaulände 7, 4020 Linz",,,https://ars.electronica.art/negotiatinghumanity/en/view/BrucknerhausLinz-34238ddb450c819fa805db5c98ceeda7/,https://www.brucknerhaus.at,https://www.instagram.com/brucknerhaus/,https://www.facebook.com/Brucknerhaus/,,39c38ddb450c8096b1a3f7ad5519cf11,,,done,done,public,True,True,True
34238ddb450c811d9acafb1be4f23432,34238ddb450c811d9acafb1be4f23432,notion,Powerplayground,Powerplayground,Building,"Verein Energiewende Linz is an Austrian non-profit association founded in 2021 by people from Linz and Upper Austria working on climate action and the energy transition. The association develops educational and participatory formats that make complex energy systems tangible and encourage practical action. Initiated in 2022, Powerplayground connects climate science, renewable technologies, maker education, training pathways and careers in the energy transition.","Der Verein Energiewende Linz wurde 2021 von engagierten Menschen aus Linz und Oberösterreich gegründet. Sie entwickeln Bildungs- und Beteiligungsformate, die komplexe Energiesysteme greifbar machen und zum konkreten Handeln anregen. Der 2022 initiierte Powerplayground verbindet Klimawissen, erneuerbare Technologien, Maker Education, Ausbildungswege und Berufsmöglichkeiten in der Energiewende.",,Powerplayground,Powerplayground,SATELLITE LOCATIONS,"Blumauerstraße 47, 4020 Linz, Österreich",48.29719,14.30033,"Blumauerstraße 47, 4020 Linz",,,https://ars.electronica.art/negotiatinghumanity/en/view/Powerplayground-34238ddb450c811d9acafb1be4f23432/,https://powerplayground.at,https://www.instagram.com/energiewendelinz/,,https://www.linkedin.com/company/verein-energiewende-linz/,39f38ddb450c81b78334f6339bbcab43,,,done,done,public,True,True,True
34238ddb450c819da74eec05a4a31a28,34238ddb450c819da74eec05a4a31a28,notion,OÖKunstverein,OÖKunstverein,Room,,,,"Ursulinenhof Linz, OÖKunstverein","Ursulinenhof Linz, OÖKunstverein",OK QUARTER,"Landstraße 31, 4020 Linz, Österreich",48.30243,14.29032,"Landstraße 31, 4020 Linz",,,https://ars.electronica.art/negotiatinghumanity/en/view/UrsulinenhofLinz-34238ddb450c80558ba4f3d8d954ada3/,https://ooekunstverein.at,,,,3ab38ddb450c8121b990ec17cc9ff823,34238ddb450c80558ba4f3d8d954ada3,,done,done,public,True,True,True
34238ddb450c805bb081fb4c0e5b20bd,34238ddb450c805bb081fb4c0e5b20bd,notion,Ursuline Church,Ursulinenkirche,Building,"Until 1968, the Ursuline Church served as the convent church of the Ursulines. Since its restoration in 1985, it has functioned as an art and concert venue. Today, it also serves as the parish church for the Forum St. Severin and offers a program for those interested in music, art and culture. During the Ars Electronica Festival 2026, the church is part of the Festival Walk.","Bis 1968 diente die Ursulinenkirche als Klosterkirche der Ursulinen. Seit ihrer Restaurierung im Jahr 1985 wird sie als Kunst- und Konzertveranstaltungsort genutzt. Heute fungiert sie zudem als Pfarrkirche des Forums St. Severin und bietet ein Programm für alle, die sich für Musik, Kunst und Kultur interessieren. Beim Ars Electronica Festival 2026 ist die Ursulinenkirche Teil des Festival Walk.",,Ursuline Church,Ursulinenkirche,OK QUARTER,"Landstraße 31, 4020 Linz, Österreich",48.30244,14.28968,"Landstraße 31, 4020 Linz",,,https://ars.electronica.art/negotiatinghumanity/en/view/UrsulineChurch-34238ddb450c805bb081fb4c0e5b20bd/,https://www.dioezese-linz.at/ursulinenkirche,,,,39738ddb450c8199a6bee8d963107d59,,,done,done,public,True,True,True
34238ddb450c80558ba4f3d8d954ada3,34238ddb450c80558ba4f3d8d954ada3,notion,Ursulinenhof Linz,Ursulinenhof Linz,Building,"The Ursulinenhof on Landstraße is a hub of the local cultural and events scene—a place steeped in history yet constantly evolving. The building houses galleries and cultural associations, as well as the Upper Austria State Art Collection with its attached “Artothek” (library of art). As a modern cultural, event and press center, the former convent features state-of-the-art conference rooms available for meetings, celebrations, symposia and conventions. During the Ars Electronica Festival 2026, Ursulinenhof is hosting the conference program, workshops and networking events, as well as part of the exhibition on the festival topic NEGOTIATING HUMANITY – FUTURE BEGINS in the attic of the building.","Der Ursulinenhof an der Landstraße ist Drehscheibe der heimischen Kultur- und Veranstaltungslandschaft – ein Ort mit Geschichte und trotzdem ständig im Wandel. Das Haus beherbergt Galerien und Kulturvereine sowie die Kunstsammlung des Landes Oberösterreich mit angeschlossener „Artothek"". Als modernes Kultur-, Veranstaltungs- und Pressezentrum verfügt das ehemalige Kloster über modern ausgestattete Konferenzräume, die für Tagungen, Feste, Symposien und Kongresse zur Verfügung stehen. Während des Ars Electronica Festivals 2026 finden im Ursulinenhof das Konferenzprogramm, Workshops und Networking-Veranstaltungen statt. Ein Teil der Ausstellung zum Festivalthema NEGOTIATING HUMANITY – FUTURE BEGINS ist außerdem im Dachgeschoß des Gebäudes zu finden.",,Ursulinenhof Linz,Ursulinenhof Linz,OK QUARTER,"Landstraße 31, 4020 Linz, Österreich",48.30226,14.29074,"Landstraße 31, 4020 Linz",,,https://ars.electronica.art/negotiatinghumanity/en/view/UrsulinenhofLinz-34238ddb450c80558ba4f3d8d954ada3/,https://www.ooekultur.at/location-detail/ursulinenhof,,https://www.facebook.com/ooekultur,,38f38ddb450c81778164c1b8b95920c4,,38338ddb450c80c0b2ebf2a68ecb9a71; 38338ddb450c80a6a3c3c7ef913cec2f; 38338ddb450c80e3b7fbcc482b296b6d; 38338ddb450c8042aed4d3d329ca3f41; 38338ddb450c80f5b7fafe65509e43de; 34238ddb450c819da74eec05a4a31a28; 3b838ddb450c80b8b3e2f45809fac0bb; 3b838ddb450c80d79475da159333f576; 3b838ddb450c80f085d2c208a8fcf7b6,done,done,public,True,True,True
34238ddb450c80c6ac36e9debcd2ac46,34238ddb450c80c6ac36e9debcd2ac46,notion,Sisters of St. Elisabeth,die elisabethinen,Building,"The convent and hospital of the Sisters of St. Elisabeth have shaped the character of the neighborhood since 1745. Located outside the city walls at the time, the Sisters of St. Elizabeth are now embedded in the diversity of the city and an integral part of life in Linz—providing medical and nursing care, as well as spiritual and cultural engagement.  At the Ars Electronica Festival 2026, the convent is part of the Festival Walk.","Das Kloster und Krankenhaus der Elisabethinen prägen seit 1745 das Erscheinungsbild des Viertels. Damals außerhalb der Stadtmauern gelegen, sind die Elisabethinen heute in die Vielfalt der Stadt eingebettet und Teil des Lebens in Linz – medizinisch-pflegerisch, spirituell und kulturell. Beim Ars Electronica Festival 2026 ist das Kloster Teil des Festival Walks.",,Sisters of St. Elisabeth,die elisabethinen,OK QUARTER,Elisabethinenkirche,48.30405,14.29407,"Bethlehemstraße 23, 4020 Linz",,,https://ars.electronica.art/negotiatinghumanity/en/view/SistersofSt.Elisabeth-34238ddb450c80c6ac36e9debcd2ac46/,https://www.die-elisabethinen.at,https://www.instagram.com/dieelisabethinen/,https://www.facebook.com/elisabethinen,https://at.linkedin.com/company/die-elisabethinen-linz-wien,3b238ddb450c81d3b508dc132eeb4078,,38338ddb450c8081bde1e65064fca369; 38338ddb450c80a3a9aff64dab8d7299; 38338ddb450c80888717f6357f291a5c; 38338ddb450c80319b8ff31cf62fd286; 39838ddb450c80fd8cc5f4259f682b0e,done,done,public,True,True,True
34238ddb450c80fabcabd7ebb8e8b6f8,34238ddb450c80fabcabd7ebb8e8b6f8,notion,BRG Fadingerstraße,BRG Fadingerstraße,Building,"For 175 years, BRG Linz Fadingerstraße has been a place of education, encounter and motion—and is celebrating its anniversary this school year. Since 1851, our school has stood for committed learning, critical thinking and lived community—in the heart of Linz and at the center of life. Today a modern educational institution with tradition, diversity and visions for the future, BRG Linz Fadingerstraße takes this anniversary school year 2025/2026 as an occasion to look back. At the same time, under the motto “Yesterday—Today—Tomorrow,” the school looks ahead with energy and purpose. At the Ars Electronica Festival 2026, the school building is part of the Festival Walk.","175 Jahre Bildung, Begegnung und Bewegung – das BRG Linz Fadingerstraße feiert in diesem Schuljahr sein Jubiläum. Seit 1851 steht die Schule für engagiertes Lernen, kritisches Denken und gelebte Gemeinschaft – im Herzen von Linz und mitten im Leben. Heute eine moderne Bildungsstätte mit Tradition, Vielfalt und Zukunftsvisionen, blickt das BRG Linz Fadingerstraße im Jubiläumsschuljahr 2025/26 zurück – und unter dem Motto “Gestern – Heute – Morgen” zugleich mit voller Kraft nach vorne. Beim Ars Electronica Festival 2026 ist das BRG Linz Fadingerstraße Teil des Festival Walks.",,BRG Fadingerstraße,BRG Fadingerstraße,OK QUARTER,"Fadingerstraße 4, 4020 Linz, Österreich",48.30435,14.2932,"Fadingerstraße 4, 4020 Linz",,,https://ars.electronica.art/negotiatinghumanity/en/view/BRGFadingerstrae-34238ddb450c80fabcabd7ebb8e8b6f8/,https://www.fadi.at,https://www.instagram.com/brgfadinger/,https://www.facebook.com/brgfadingerstrasse,,,,39838ddb450c805f8ffbdf62794a9ce2; 39838ddb450c8053a78df65f2dbc230f; 39838ddb450c801f8cccd6b2a772973d; 39838ddb450c803380ebd4766f2dd347; 3ac38ddb450c80f48582c7e4469f4d5f,done,done,public,True,True,True
34238ddb450c80ed9bf9edf137387296,34238ddb450c80ed9bf9edf137387296,notion,Nordico Stadtmuseum Linz,Nordico Stadtmuseum Linz,Building,"Typically Linz?! The Nordico Stadtmuseum offers a unique experience for those curious about the history, identity and culture of Linz. With the exhibition Made in Linz and two permanent exhibitions on the city’s history—all three can be visited during the Ars Electronica Festival 2026—Linz can be experienced from different perspectives: from local success stories to 2000 years of Linz in fast motion. Everything is possible at the Nordico.","Typisch Linz?! Das Nordico Stadtmuseum bietet ein einzigartiges Erlebnis für alle, die die Geschichte, Identität und Kultur von Linz kennenlernen möchten. Mit der Sonderausstellung Made in Linz und zwei Dauerausstellungen zur Stadtgeschichte, die auch während des Ars Electronica Festivals 2026 besucht werden können, wird Linz aus unterschiedlichen Perspektiven erlebbar – von lokalen Erfolgsgeschichten bis zu 2000 Jahren Stadtgeschichte im Zeitraffer.",,Nordico Stadtmuseum Linz,Nordico Stadtmuseum Linz,OK QUARTER,"Simon-Wiesenthal-Platz 1, 4020 Linz, Österreich",48.30406,14.29138,"Simon-Wiesenthal-Platz 1, 4020 Linz",,,https://ars.electronica.art/negotiatinghumanity/en/view/NordicoStadtmuseumLinz-34238ddb450c80ed9bf9edf137387296/,https://www.nordico.at,https://www.instagram.com/nordicolinz/,https://www.facebook.com/NordicoLinz,,38938ddb450c81e68c7ce329dd8a6718,,,done,done,public,True,True,True
89ff0da9fda005cbb587ee1779236eb6,89ff0da9fda005cbb587ee1779236eb6,derived,JKU MED Campus (MED Campus I),JKU MED Campus (MED Campus I),Building,"The JKU MED Campus of Johannes Kepler University is one of the main hubs of the Ars Electronica Festival 2026. In light of JKU’s 60th anniversary, innovative projects showcase the synergy between art and science, including the award-winning Virtual Anatomy Hall. This is also where visitors will find an INFODESK, the create your world area, the u19—create your world exhibition, parts of the Campus exhibition and screenings from the Animation Festival program.","Der JKU MED Campus der Johannes Kepler Universität ist einer der Hauptstandorte des Ars Electronica Festivals 2026. Anlässlich des 60-jährigen Jubiläums der JKU zeigen innovative Projekte die Synergie zwischen Kunst und Wissenschaft, darunter die preisgekrönte Virtual Anatomy Hall. Hier finden Besucher*innen außerdem einen INFODESK, den create your world-Bereich, die u19—create your world Exhibition, Teile der Campus Exhibition sowie Screenings aus dem Programm des Animation Festivals.","Accreditation Pick-Up, Program Info, Ticket Pick-Up",JKU MED Campus,JKU MED Campus,MED CAMPUS,"Krankenhausstraße 5, 4020 Linz, Österreich",48.30269,14.3031,"Krankenhausstraße 5, 4020 Linz",The infodesk at MED CAMPUS will be open starting at 9:30 AM during the festival.,Der Infodesk am MED CAMPUS ist während des Festivals bereits ab 9:30 geöffnet.,https://ars.electronica.art/negotiatinghumanity/en/view/JKUMEDCampusMEDCampusI-34238ddb450c8075b15efa28d82e2b65/,https://www.jku.at/campus/der-jku-campus/gebaeude/med-campus/,https://www.instagram.com/jkulinz,https://www.facebook.com/jku.edu/,https://at.linkedin.com/school/jkulinz/,38138ddb450c8096a23bf180cad6b1de; 3a338ddb450c80ffaabec63e41a24146; 34a38ddb450c80bcbd07c57332b06973; 34a38ddb450c8068a57fe12cc2f48e1a,,38338ddb450c80f7b018e160be37d844; 38338ddb450c80bdb001c493a3448546; 38338ddb450c80159a33c9abb22a56b6; 38338ddb450c808793bfd56f8fe91503; 39938ddb450c8010a5b4cad7de3d9f07,done,done,public,True,True,True
34238ddb450c809d80c0dc96ac1129e6,34238ddb450c809d80c0dc96ac1129e6,notion,Posthof Linz,Posthof – Zeitkultur am Hafen,Building,"Built in 1750 as the Linz Post Stable Master’s Office, the historic site in the harbour district was carefully revitalised as a cultural venue in 1984. Today, Posthof hosts up to 250 events per year across three indoor stages—from music, dance and theatre to cabaret and literature—attracting around 130,000 visitors. As a platform for both international acts and regional emerging artists, the venue sets thematic programme focuses—ranging from intimate small-hall settings to XXL open-air shows along the Danube promenade. During the Ars Electronica Festival 2026, Posthof will host the Nightline on Friday and the Big Concert Night on Saturday.","1750 als Linzer Poststallmeisterei errichtet, wurde das historische Areal im Hafenviertel 1984 behutsam als Kulturhaus revitalisiert. Heute vereint der Posthof auf drei Indoor-Bühnen bis zu 250 Veranstaltungen jährlich – von Musik, Tanz und Theater bis Kleinkunst und Literatur –  und erreicht damit rund 130.000 Besucher*innen. Als Plattform für internationale Acts wie regionale Nachwuchskunst setzt das Haus programmatische Schwerpunkte – vom intimen kleinen Saal bis zur XXL-Show Open-Air an der Donaulände. Während des Ars Electronica Festivals 2026 finden im Posthof am Freitag die Nightline und am Samstag die Big Concert Night statt.",,Posthof Linz,Posthof Linz,SATELLITE LOCATIONS,"Posthofstraße 43, 4020 Linz, Österreich",48.3117,14.31151,"Posthofstraße 43, 4020 Linz","On Friday, September 11, 2026, a free shuttle bus will run from the Park Inn Hotel (Hessenplatz) to the Posthof and back. https://ars.electronica.art/negotiatinghumanity/en/big-concert-night-info/#shuttlebus",Am FR 11. September 2026 fährt ein kostenloser Shuttle Bus vom Park Inn Hotel (Hessenplatz) zum Posthof und wieder zurück. https://ars.electronica.art/negotiatinghumanity/de/big-concert-night-info/#shuttlebus,https://ars.electronica.art/negotiatinghumanity/en/view/PosthofLinz-34238ddb450c809d80c0dc96ac1129e6/,https://www.posthof.at,https://www.instagram.com/posthoflinz/,https://www.facebook.com/Posthof/,,39f38ddb450c814ea5ede5f08849b7a1; 34a38ddb450c804da116ed5f38dd5186; 38f38ddb450c81a1a087ce63ca360c9b; 3a038ddb450c81b68e84e2a3c0ad3e62; 39638ddb450c8136a5b3d7f406bd92d3; 38f38ddb450c81a1bc5eeafe2b4faed6; 3a638ddb450c80528557d1a662ba1cab; 34a38ddb450c80b2a82fd47f29d8ccc4; 3a838ddb450c81d09bbae010ab072b83; 3ab38ddb450c80538391e8e4db8fb934; 3b338ddb450c806aa9a8cfda0bec4d2d,,,done,done,public,True,True,True
34238ddb450c809ab5beeb28249c21e2,34238ddb450c809ab5beeb28249c21e2,notion,OK Platz,OK Platz,Outdoor,"OK-Platz in downtown Linz was named in 2007 after the Offenes Kulturhaus (OK), which is based there. During the Ars Electronica Festival 2026, it serves as the festival’s central information hub and meeting point, home to an INFODESK for ticketing and accreditation, the PRESS DESK for media representatives and the WE GUIDE YOU mediation program. It is also the starting point of the Festival Walk, which leads visitors through the various exhibition venues showing artworks curated around this year’s theme, NEGOTIATING HUMANITY – FUTURE BEGINS.","Der OK-Platz in der Linzer Innenstadt wurde 2007 nach dem dort beheimateten Offenen Kulturhaus, kurz OK, benannt. Während des Ars Electronica Festivals 2026 dient der OK-Platz als zentrale Informationsdrehscheibe und Treffpunkt. Hier finden Besucher*innen einen INFODESK mit Ticketing und Akkreditierung, den PRESS DESK für Medienvertreter*innen und das WE GUIDE YOU-Vermittlungsprogramm. Hier startet auch der Festival Walk, der durch die verschiedenen Standorte der Ausstellung zum Thema NEGOTIATING HUMANITY – FUTURE BEGINS führt.","Accreditation Pick-Up, Press Pick-Up, Program Info, Shop, Ticket Pick-Up, Ticket Sales",OK Platz,OK Platz,OK QUARTER,"OK Platz 1, 4020 Linz, Österreich",48.30241,14.29098,"OK Platz 1, 4020 Linz",The infodesk at OK QUARTER will be open starting at 9:30 AM during the festival.,Der Infodesk am OK QUARTER ist während des Festivals bereits ab 9:30 geöffnet.,https://ars.electronica.art/negotiatinghumanity/en/view/OKPlatz-34238ddb450c809ab5beeb28249c21e2/,,,,,3b838ddb450c80f1a438ea41018d28e6; 34a38ddb450c80e59541c1e2a638adce; 3c038ddb450c808095efc5357efb47bf,,34238ddb450c80769f0af2f19c7854d8; 3a438ddb450c8025acbcf7bc9663a06e; 3c838ddb450c805e865cd5d9952a59ca,done,done,public,True,True,True
34238ddb450c80769f0af2f19c7854d8,34238ddb450c80769f0af2f19c7854d8,notion,OK QUARTER Infodesk,OK QUARTER INFODESK,Outdoor,"At the OK QUARTER INFODESK, you can purchase tickets with cash or card, collect tickets bought online at the Online Ticket Pick-Up Desk, and pick up your accreditation at the Accreditation Desk. The Shop offers books and merchandise, while the Info desk provides details on the festival program. Media representatives can collect their press accreditation at the Press Desk.",,"Accreditation Pick-Up, Press Pick-Up, Program Info, Shop, Ticket Pick-Up, Ticket Sales","OK Platz, OK QUARTER INFODESK","OK Platz, OK QUARTER INFODESK",OK QUARTER,"OK Platz 1, 4020 Linz, Österreich",48.30239,14.29115,"OK Platz 1, 4020 Linz",,,https://ars.electronica.art/negotiatinghumanity/en/view/OKPlatz-34238ddb450c809ab5beeb28249c21e2/,,,,,,34238ddb450c809ab5beeb28249c21e2,,done,done,public,True,True,True
34238ddb450c8033bec1c21f31922033,34238ddb450c8033bec1c21f31922033,notion,DANUBE TRIANGLE Infodesk,DANUBE TRIANGLE Infodesk,Room,"At the DANUBE TRIANGLE INFODESK at Hauptplatz 6 (""splace""), you can collect tickets bought online, pick up your accreditation, purchase festival publications with cashless payment, and get information about the festival program.","Am DANUBE TRIANGLE INFODESK am Hauptplatz 6 (""splace"") können online gekaufte Tickets und Akkreditierungen abgeholt sowie Festivalpublikationen bargeldlos erworben werden. Außerdem geben wir hier Auskunft zum Festivalprogramm.","Accreditation Pick-Up, Program Info, Shop, Ticket Pick-Up","splace, Hauptplatz 6, DANUBE TRIANGLE INFODESK","splace, Hauptplatz 6, DANUBE TRIANGLE INFODESK",DANUBE TRIANGLE,"Hauptplatz 6, 4020 Linz, Österreich",48.30671,14.28639,"Hauptplatz 6, 4020 Linz",,,https://ars.electronica.art/negotiatinghumanity/en/view/splace-e8238ddb450c83cf931481594c432903/,,,,,,e8238ddb450c83cf931481594c432903,,done,done,public,True,True,True
34238ddb450c803c9a4fc86c8270359d,34238ddb450c803c9a4fc86c8270359d,notion,MED CAMPUS Infodesk,MED CAMPUS Infodesk,Room,,,"Accreditation Pick-Up, Program Info, Ticket Pick-Up","JKU MED Campus, Administration Building (ADM), Infodesk","JKU MED Campus, Administrationsgebäude (ADM), Infodesk",MED CAMPUS,"Krankenhausstraße 5, 4020 Linz, Österreich",48.30274,14.30288,"Krankenhausstraße 5, 4020 Linz (black tower)",,,https://ars.electronica.art/negotiatinghumanity/en/view/JKUMEDCampusMEDCampusI-34238ddb450c8075b15efa28d82e2b65/,,,,,3a638ddb450c819aa2fec61b194dc0b0; cf038ddb450c82c0b4ea812edd385234; 3a638ddb450c813b8a8bdc46e991c994; 39138ddb450c80c5b26ce778b1990590; 3cf38ddb450c808ea723d9166ccb5931,38338ddb450c808793bfd56f8fe91503,,done,done,public,True,True,True
429352125f4f5648e3b28bcc670df3fb,429352125f4f5648e3b28bcc670df3fb,derived,Online,Online,Online,,,,Online Event,Online Event,,,,,,,,,,,,,,,,not needed,not needed,hidden,False,False,
36638ddb450c80058f00fdbd2d7e48d3,36638ddb450c80058f00fdbd2d7e48d3,notion,Theater Phönix,Theater Phönix,Building,"Founded in 1989, Theater Phönix is one of Austria’s leading independent theaters, with three performance venues. Through its ambitious artistic program, a diverse ensemble of actors and collaborations with outstanding artists, Theater Phönix has established a distinctive position in Austria’s theater landscape. Alongside innovative interpretations and adaptations of classical works and contemporary drama, the theater is deeply committed to supporting and collaborating with contemporary authors and local artists. Partnerships with cultural and educational institutions are a defining part of its artistic profile, as is its strong commitment to political independence.","Das seit 1989 bestehende Theater Phönix ist mit seinen drei Spielstätten eine der wichtigsten freien Bühnen Österreichs. Mit einem engagierten Spielplan, einem vielfältigen Schauspielensemble und starken Künstler*innen nimmt das Phönix eine markante Position in der österreichischen Theaterlandschaft ein. Neben innovativen Interpretationen und Bearbeitungen von klassischen Stoffen und Stücken sowie Gegenwartsdramatik ist die Förderung von und die Zusammenarbeit mit zeitgenössischen Autor*innen und heimischen Künstler*innen ein großes Anliegen. Kooperationen mit Kultur- und Bildungseinrichtungen prägen das künstlerische Profil ebenso wie die politische Unabhängigkeit.",,Theater Phönix,Theater Phönix,SATELLITE LOCATIONS,"Wiener Straße 25, 4020 Linz, Österreich",48.29122,14.29697,"Wiener Straße 25, 4020 Linz","An event will take place at this location on SUN September 13, 2026.",An dieser Location findet am SO 13. September 2026 ein Event statt.,https://ars.electronica.art/negotiatinghumanity/en/view/TheaterPhnix-36638ddb450c80058f00fdbd2d7e48d3/,https://www.theater-phoenix.at,https://www.instagram.com/theater.phoenix/,https://www.facebook.com/theaterphoenixlinz,,3a438ddb450c815b86c2fdf215c03054,,,done,done,public,True,True,True
36638ddb450c80588feaea943786965f,36638ddb450c80588feaea943786965f,notion,C. Bechstein Centrum Linz,C. Bechstein Centrum Linz,Building,"Klaviersalon Merta—part of the C. Bechstein family since 2018—has been a fixture of Linz’s cultural landscape for over 100 years, with a clear commitment to playing a leading role in the region’s cultural life for decades to come. At the heart of the city, it combines a showroom, piano workshop and event venue, creating a space where high-quality instruments, traditional craftsmanship and musical diversity come together. For the Ars Electronica Festival 2026, the C. Bechstein Centrum Linz becomes a stop on the Festival Walk.","Der Klaviersalon Merta – seit 2018 Teil der C. Bechstein-Familie – ist seit über 100 Jahren ein fester Bestandteil der Linzer Kulturlandschaft und hat die klare Absicht, auch in den kommenden Jahrzehnten eine tragende Rolle im kulturellen Leben der Region zu spielen. Im Herzen der Stadt vereint es Showroom, Klavierwerkstatt und Veranstaltungsort und schafft damit einen Raum, in dem hochwertige Instrumente, traditionsreiches Handwerk und musikalische Vielfalt aufeinandertreffen. Für das Ars Electronica Festival 2026 verwandelt sich das C. Bechstein Centrum Linz in eine Station des Festival Walks.",,C. Bechstein Centrum Linz,C. Bechstein Centrum Linz,OK QUARTER,"Bethlehemstraße 24, 4020 Linz, Österreich",48.30384,14.29201,"Bethlehemstraße 24, 4020 Linz",,,https://ars.electronica.art/negotiatinghumanity/en/view/C.BechsteinCentrumLinz-36638ddb450c80588feaea943786965f/,https://www.bechstein.com/centren/linz/startseite/,https://www.instagram.com/bechstein.official,https://www.facebook.com/bechstein.official/,https://www.linkedin.com/company/c-bechstein-pianoforte/,3a338ddb450c80c599dff86fc1090c64; 3a338ddb450c80b88eb8e146faecdb5b; 3a338ddb450c80dc9c4eefd462906fe7; 3ad38ddb450c80fc9fdcd83bbaef7b4b; 3ad38ddb450c80cc8211fa426095c5d9; 3ad38ddb450c80be8390f23b808b2d3e; 3ad38ddb450c80988124c82f76e3115f; 3ad38ddb450c800ea88bfaff193bd3f5; 3ad38ddb450c8093a31bd1abc6f2edf5; 3ad38ddb450c8009a14ae38967a5304b; 3ad38ddb450c80d788f8c0e7128489f3; 3b238ddb450c804ba348d76e96e8e557,,,done,done,public,True,True,True
36638ddb450c803bb505c06dadf7e9a1,36638ddb450c803bb505c06dadf7e9a1,notion,Catholic Private University Linz,Katholische Privat-Universität Linz,Building,"The Catholic Private University Linz is a forward-looking institution, building on a long tradition of research and teaching in theology, philosophy and art studies. Accredited in 2000 as Austria’s first private university, it promotes critical thinking and independent inquiry in both teaching and learning, equipping students to engage with the challenges of our time. The oldest of Linz’s “Higher Schools” is part of the Festival Walk at the Ars Electronica Festival 2026.","Die Katholische Privat-Universität Linz ist eine zukunftsorientierte Einrichtung, die auf einer langen Tradition theologischer, philosophischer und kunstwissenschaftlicher Forschung und Lehre aufbaut. In Studium und Lehre fördert die 2000 als erste Privatuniversität Österreichs akkreditierte Institution kritisches Denken und selbstständiges Hinterfragen als Antwort auf die Herausforderungen unserer Zeit. Die älteste der “Hohen Schulen” von Linz ist Teil des Festival Walk des Ars Electronica Festival 2026.",,Catholic Private University Linz,Katholische Privat-Universität Linz,OK QUARTER,"Bethlehemstraße 20, 4020 Linz, Österreich",48.30384,14.29144,"Bethlehemstraße 20, 4020 Linz",,,https://ars.electronica.art/negotiatinghumanity/en/view/CatholicPrivateUniversityLinz-36638ddb450c803bb505c06dadf7e9a1/,https://ku-linz.at,https://www.instagram.com/ku_linz_/,https://www.facebook.com/KatholischePrivatUniLinz/,,39d38ddb450c813695e2ccebb9cca6ef; 38538ddb450c8153b230e1635b0b9b58,,38338ddb450c80cf899fc26a3d1c2dd5; 38338ddb450c802aa388c2b4153c55e2; 39f38ddb450c80ee8f24c7f61d4a5c4c; 3a338ddb450c80458fccd80715baf32b; 3ac38ddb450c8025906ded8a809b459d; 3ac38ddb450c801bb854cb6f69840c29,done,done,public,True,True,True
2d038ddb450c838cba8e81807193a90a,2d038ddb450c838cba8e81807193a90a,notion,Meeting Point: Foyer,Treffpunkt: Foyer,Room,,,,"Ars Electronica Center, Level 0, Foyer","Ars Electronica Center, EG, Foyer",DANUBE TRIANGLE,"Ars-Electronica-Straße 1, 4040 Linz, Österreich",48.30962,14.28445,"Ars-Electronica-Straße 1, 4040 Linz",,,https://ars.electronica.art/negotiatinghumanity/en/view/ArsElectronicaCenter-34238ddb450c8161b52ecd1c41c405fa/,,,,,,34238ddb450c813a8aa6d570943c7a46,,done,done,public,True,True,True
38338ddb450c80c0b2ebf2a68ecb9a71,38338ddb450c80c0b2ebf2a68ecb9a71,notion,Attic,Dachboden,Room,,,,"Ursulinenhof Linz, Attic","Ursulinenhof Linz, Dachboden",OK QUARTER,"Landstraße 31, 4020 Linz, Österreich",48.30226,14.29074,"Landstraße 31, 4020 Linz",not wheelchair-accessible,nicht rollstuhlgerecht,https://ars.electronica.art/negotiatinghumanity/en/view/Attic-38338ddb450c80c0b2ebf2a68ecb9a71/,,,,,38638ddb450c81b1b219d502e09179f0; 38a38ddb450c81e3b68ee3eb94f3cd8c; 38f38ddb450c81aca236f0e4ef957bae; 39438ddb450c8138bc15db805c18820f; 39538ddb450c81d5a96de371715b0437; 39d38ddb450c8146ac57dbcbd4b97583; 3a938ddb450c81e7b64bd6fb784dd948; 46538ddb450c82f09844019031627a02; 39f38ddb450c81029789d5dc2654f8ef; 38338ddb450c80b394f8d7c836a5ba35; 3ab38ddb450c81dba8d0e31ad9989da5,34238ddb450c80558ba4f3d8d954ada3,,done,done,public,True,True,True
38338ddb450c80a6a3c3c7ef913cec2f,38338ddb450c80a6a3c3c7ef913cec2f,notion,Presseclub,Presseclub,Room,,,,"Ursulinenhof Linz, Press club","Ursulinenhof Linz, Presseclub",OK QUARTER,"Landstraße 31, 4020 Linz, Österreich",48.30243,14.29032,"Landstraße 31, 4020 Linz",,,https://ars.electronica.art/negotiatinghumanity/en/view/UrsulinenhofLinz-34238ddb450c80558ba4f3d8d954ada3/,,,,,,34238ddb450c80558ba4f3d8d954ada3,,done,done,public,True,True,True
38338ddb450c80e3b7fbcc482b296b6d,38338ddb450c80e3b7fbcc482b296b6d,notion,Gewölbesaal,Gewölbesaal,Room,,,,"Ursulinenhof Linz, Gewölbesaal","Ursulinenhof Linz, Gewölbesaal",OK QUARTER,"Landstraße 31, 4020 Linz, Österreich",48.30226,14.29074,"Landstraße 31, 4020 Linz",,,https://ars.electronica.art/negotiatinghumanity/en/view/UrsulinenhofLinz-34238ddb450c80558ba4f3d8d954ada3/,,,,,38f38ddb450c8163a6bdc48188c053a1; 39d38ddb450c81b08be0dddee46f5f9d; 39d38ddb450c816e99baddbfaebe5e60; 39e38ddb450c816c8432e7e6ef61cfe9; 39e38ddb450c81ef89b7df7bfa6d03d3; 39e38ddb450c81378393f625df96e919; 39e38ddb450c815d8dd8ea481fb6dcce; 39e38ddb450c8153b14ee79762dcd0dc; 39e38ddb450c8110b1f6d0ebd709d8b3; 39f38ddb450c81b5a2e1e4b478396502; 3a038ddb450c81f9bdbddec916b1cdbd; 39738ddb450c81a9a4d8f12333452e5b; 3a338ddb450c8152b070dba10c23ca88,34238ddb450c80558ba4f3d8d954ada3,,done,done,public,True,True,True
38338ddb450c8042aed4d3d329ca3f41,38338ddb450c8042aed4d3d329ca3f41,notion,Foyer,Foyer,Room,,,,"Ursulinenhof Linz, Foyer","Ursulinenhof Linz, Foyer",OK QUARTER,"Landstraße 31, 4020 Linz, Österreich",48.30226,14.29074,"Landstraße 31, 4020 Linz",,,https://ars.electronica.art/negotiatinghumanity/en/view/UrsulinenhofLinz-34238ddb450c80558ba4f3d8d954ada3/,,,,,,34238ddb450c80558ba4f3d8d954ada3,,done,done,public,True,True,True
38338ddb450c80f5b7fafe65509e43de,38338ddb450c80f5b7fafe65509e43de,notion,Ursulinensaal,Ursulinensaal,Room,,,,"Ursulinenhof Linz, Ursulinensaal","Ursulinenhof Linz, Ursulinensaal",OK QUARTER,"Landstraße 31, 4020 Linz, Österreich",48.30226,14.29074,"Landstraße 31, 4020 Linz",,,https://ars.electronica.art/negotiatinghumanity/en/view/UrsulinenhofLinz-34238ddb450c80558ba4f3d8d954ada3/,,,,,39c38ddb450c808e8579db789c15d23d; 39c38ddb450c80ecbaa6d9879d685a7b; 39c38ddb450c80ee829afdbad8110e40; 39c38ddb450c80329f00f61c3443fa03; 39c38ddb450c80e0a8b3ea747d2b746a; 39e38ddb450c8021bd37fbfda2a07f16; 39e38ddb450c8008901cf2ff42901a96; 39e38ddb450c8007891fcde9a06e286a; 39e38ddb450c8072882ac0e7bda641b7; 39e38ddb450c80feba27d9e95aca0206; 39e38ddb450c80bba772f6aef0523f69; 39e38ddb450c8090af5ecc0acad9db17; 39e38ddb450c80f49144c6abade7c1d9; 39e38ddb450c8044a5b8f76d2418da14; 39f38ddb450c80e99c24e062da148da2; 39f38ddb450c80439b73fdbac4651c29; 39f38ddb450c8041854ec259733437a0; 39f38ddb450c80ffa6e5eabb322014c2; 39f38ddb450c800f8a4ce0734192a4ea; 39f38ddb450c80dc9532c7ceba0f8b23; 3a338ddb450c8063bd12ee537b93e522; 3a338ddb450c802b8b18ef6d7ce8177e; 3a338ddb450c80e7bf78dde1f3e8cbaf; 3a338ddb450c8027ae20ed2bcf3149a9; 3a338ddb450c808caaf3d5f38b4fdb73; 3a338ddb450c80719142d6035b0c3e9b; 3a338ddb450c805baf61ce7e02fd9073; 3a338ddb450c80419c52ca6af6074875; 3a338ddb450c80ac87f0f49bb1d7d535; 3a338ddb450c803e958de06f9706be3a; 39e38ddb450c80ca8ceed46e5723b081; 38438ddb450c81afb3dccf425c941afc; 3a338ddb450c8048a231c049d7b67a38; 3c038ddb450c80e9b2e4ee367321d60b; 3c038ddb450c8020a5daca787e1312e2; 3c038ddb450c8077ad0dda04c756c6a6; 3c038ddb450c8043a213d3f9aac68089; 3c038ddb450c8061bacee5e1730dce4a; 3c038ddb450c801c9bb5c124d173a99c; 3c038ddb450c800cb571fc796e52a599; 3c038ddb450c80828c04dee3aff39e98; 3c038ddb450c809f8ebffd7564771649; 3c038ddb450c80feaf4fde2b1098acf8; 3c038ddb450c80b18938ee9b24da9dec; 3c038ddb450c800c9cb9c37d6a074d64; 3c038ddb450c80d79faece8f81a628e7; 3c038ddb450c802e8639e98971177d72; 3c738ddb450c80e292b5fc372fb28016; 3cd38ddb450c8041a157e933fd983447,34238ddb450c80558ba4f3d8d954ada3,,done,done,public,True,True,True
38338ddb450c8012a9a7d5c91ea8980f,38338ddb450c8012a9a7d5c91ea8980f,notion,OK-DECK,OK-DECK,Room,,,,"OK Linz, OK-DECK","OK Linz, OK-DECK",OK QUARTER,"OK Platz, 4020 Linz, Österreich",48.30286,14.29061,"OK Platz 1, 4020 Linz",,,https://ars.electronica.art/negotiatinghumanity/en/view/OKLinz-34238ddb450c81baaf9ddd0434c7205b/,,,,,38238ddb450c80ee8786d87f7e9c8fc4; 3a338ddb450c80f88e3dcdf5761f5e7d; 3a338ddb450c80a1a55ec9a5594a91a9; 3a338ddb450c80ad9e5cd0e303c9c33b; 3a338ddb450c8075a20fd7cb71e93b30,34238ddb450c81baaf9ddd0434c7205b,,done,done,public,True,True,True
38338ddb450c80f7ae5bd773db454e12,38338ddb450c80f7ae5bd773db454e12,notion,Freideck,Freideck,Room,,,,"OK Linz, Freideck","OK Linz, Freideck",OK QUARTER,"OK Platz, 4020 Linz, Österreich",48.30286,14.29061,"OK Platz 1, 4020 Linz",,,https://ars.electronica.art/negotiatinghumanity/en/view/OKLinz-34238ddb450c81baaf9ddd0434c7205b/,,,,,,34238ddb450c81baaf9ddd0434c7205b,,done,done,public,True,True,True
38338ddb450c8081a52ff7fe61e40298,38338ddb450c8081a52ff7fe61e40298,notion,voestalpine OPEN SPACE,voestalpine OPEN SPACE,Room,,,,"OK Linz, voestalpine OPEN SPACE","OK Linz, voestalpine OPEN SPACE",OK QUARTER,"OK Platz, 4020 Linz, Österreich",48.30286,14.29061,"OK Platz 1, 4020 Linz",,,https://ars.electronica.art/negotiatinghumanity/en/view/OKLinz-34238ddb450c81baaf9ddd0434c7205b/,,,,,39138ddb450c808ab26ad5f825c9679c; 39138ddb450c80ad865afe26c0a44540; 39138ddb450c805b8e4edc2207c55387; 39138ddb450c804abf9fc043ea1c25a0; 39038ddb450c81749ca5c8947f44f2a4; 39138ddb450c808b8311f9051f5d5332; 39138ddb450c80b39c11c0f58a6f5bd1; 3a038ddb450c815189a3db7931ae4841; 3a338ddb450c80549ac9f4a2889cedfc; 39138ddb450c807396f7f8fbd3d93f63; 39538ddb450c8151a165dad2bba851d0; 39138ddb450c8073b753e773e921f840; 39138ddb450c80a198bbd22e698dd3cc; 3a538ddb450c81f58ae1f5d343fbcee1; 39e38ddb450c8158b115e6161a27d623; 39138ddb450c80db926cdd2baf7b37e2; 3b338ddb450c818ab4fee7a6ae501faf; 3b338ddb450c813885a3ffbae99c5d35; 3b338ddb450c81578464dea3cc8895d6,34238ddb450c81baaf9ddd0434c7205b,,done,done,public,True,True,True
38338ddb450c80858577f6de6d16caea,38338ddb450c80858577f6de6d16caea,notion,Level 0,EG,Floor,,,,"Francisco Carolinum, Level 0","Francisco Carolinum, EG",OK QUARTER,"Museumstraße 14, 4020 Linz, Österreich",48.30603,14.29371,"Museumstraße 14, 4020 Linz",,,https://ars.electronica.art/negotiatinghumanity/en/view/FranciscoCarolinumLinz-34238ddb450c81939959c300c9dcbf08/,,,,,39138ddb450c81178bf7da8c0f89b83a; 39538ddb450c81bfabb7e0243be0cc61; 39338ddb450c8199b6abfe56a66edf93; 39638ddb450c812d8050dcf97f828d90; 3a438ddb450c8128b29ced964e56832b; 39738ddb450c812297c1e540d7d02aae,34238ddb450c81939959c300c9dcbf08,3ad38ddb450c8097a854d5bcd0f23a3e,done,done,public,True,True,True
38338ddb450c80f3b38cd6dd84c329f6,38338ddb450c80f3b38cd6dd84c329f6,notion,Level 1,OG 1,Floor,,,,"Francisco Carolinum, Level 1","Francisco Carolinum, OG 1",OK QUARTER,"Museumstraße 14, 4020 Linz, Österreich",48.30603,14.29371,"Museumstraße 14, 4020 Linz",,,https://ars.electronica.art/negotiatinghumanity/en/view/FranciscoCarolinumLinz-34238ddb450c81939959c300c9dcbf08/,,,,,,34238ddb450c81939959c300c9dcbf08,,done,done,public,True,True,True
38338ddb450c80f1bf26f48424dcab1a,38338ddb450c80f1bf26f48424dcab1a,notion,Level 2,OG 2,Floor,,,,"Francisco Carolinum, Level 2","Francisco Carolinum, OG 2",OK QUARTER,"Museumstraße 14, 4020 Linz, Österreich",48.30603,14.29371,"Museumstraße 14, 4020 Linz",,,https://ars.electronica.art/negotiatinghumanity/en/view/FranciscoCarolinumLinz-34238ddb450c81939959c300c9dcbf08/,,,,,37938ddb450c81ad9359d7e19cdd9ea1; 37a38ddb450c812e97b4dd416a77e283; 37a38ddb450c81aca91aec87b6089124; 38638ddb450c819c8ba7cfc7e53aff87; 38c38ddb450c81aab650d6e4b4acccd4; 38c38ddb450c81558b17f0135a765464; 38c38ddb450c816c8424e0a1cb97b39a; 37b38ddb450c81669b58fc617691c5d7; 37a38ddb450c81c3a2b8eb28220c924b; 37a38ddb450c814195a6d734e13b6349; 37a38ddb450c815da236cdf331323546; 37a38ddb450c81ed964bc3188d264644; 39f38ddb450c818b88d6cc6267264a26; 39d38ddb450c81298726f1f0989d1dd6; 38138ddb450c8182b1bfffa11ce35911,34238ddb450c81939959c300c9dcbf08,,done,done,public,True,True,True
38338ddb450c80cf899fc26a3d1c2dd5,38338ddb450c80cf899fc26a3d1c2dd5,notion,Foyer,Foyer,Floor,,,,"Catholic Private University Linz, Foyer","Katholische Privat-Universität Linz, Foyer",OK QUARTER,"Bethlehemstraße 20, 4020 Linz, Österreich",48.30384,14.29144,"Bethlehemstraße 20, 4020 Linz",,,https://ars.electronica.art/negotiatinghumanity/en/view/CatholicPrivateUniversityLinz-36638ddb450c803bb505c06dadf7e9a1/,,,,,39638ddb450c81c4b190efa0ff7c73a0,36638ddb450c803bb505c06dadf7e9a1,,done,done,public,True,True,True
38338ddb450c802aa388c2b4153c55e2,38338ddb450c802aa388c2b4153c55e2,notion,Lecture Hall 2,Hörsaal 2,Room,,,,"Catholic Private University Linz, Lecture Hall 2","Katholische Privat-Universität Linz, Hörsaal 2",OK QUARTER,"Bethlehemstraße 20, 4020 Linz, Österreich",48.30384,14.29144,"Bethlehemstraße 20, 4020 Linz",,,https://ars.electronica.art/negotiatinghumanity/en/view/CatholicPrivateUniversityLinz-36638ddb450c803bb505c06dadf7e9a1/,,,,,,36638ddb450c803bb505c06dadf7e9a1,,done,done,public,True,True,True
38338ddb450c8081bde1e65064fca369,38338ddb450c8081bde1e65064fca369,notion,Sisters of St. Elizabeth Church,Elisabethinen-Kirche,Room,,,,"Sisters of St. Elizabeth, Sisters of St. Elizabeth Church","die elisabethinen, Elisabethinen-Kirche",OK QUARTER,Elisabethinenkirche,48.30405,14.29407,"Bethlehemstraße 23, 4020 Linz",,,https://ars.electronica.art/negotiatinghumanity/en/view/SistersofSt.Elisabeth-34238ddb450c80c6ac36e9debcd2ac46/,,,,,39938ddb450c81fc8930d09b0a2ec08e,34238ddb450c80c6ac36e9debcd2ac46,,done,done,public,True,True,True
38338ddb450c80a3a9aff64dab8d7299,38338ddb450c80a3a9aff64dab8d7299,notion,Festsaal,Festsaal,Room,,,,"Sisters of St. Elizabeth,  Festsaal","die elisabethinen, Festsaal",OK QUARTER,Elisabethinenkirche,48.30405,14.29407,"Bethlehemstraße 23, 4020 Linz",,,https://ars.electronica.art/negotiatinghumanity/en/view/SistersofSt.Elisabeth-34238ddb450c80c6ac36e9debcd2ac46/,,,,,38c38ddb450c81949c1ecdc95cace360; 39838ddb450c81c29085e296ccfc05bb,34238ddb450c80c6ac36e9debcd2ac46,,done,done,public,True,True,True
38338ddb450c80888717f6357f291a5c,38338ddb450c80888717f6357f291a5c,notion,Palmenhalle,Palmenhalle,Room,,,,"Sisters of St. Elizabeth,  Palmenhalle","die elisabethinen, Palmenhalle",OK QUARTER,Elisabethinenkirche,48.30405,14.29407,"Bethlehemstraße 23, 4020 Linz",,,https://ars.electronica.art/negotiatinghumanity/en/view/SistersofSt.Elisabeth-34238ddb450c80c6ac36e9debcd2ac46/,,,,,38b38ddb450c8123adb9e450242d00bf; 3a738ddb450c8170a7e9da48ac5eae64,34238ddb450c80c6ac36e9debcd2ac46,,done,done,public,True,True,True
38338ddb450c80319b8ff31cf62fd286,38338ddb450c80319b8ff31cf62fd286,notion,Sonnenhof,Sonnenhof,Outdoor,,,,"Sisters of St. Elizabeth, Sonnenhof","die elisabethinen, Sonnenhof",OK QUARTER,Elisabethinenkirche,48.30459,14.29389,"Bethlehemstraße 23, 4020 Linz",,,https://ars.electronica.art/negotiatinghumanity/en/view/SistersofSt.Elisabeth-34238ddb450c80c6ac36e9debcd2ac46/,,,,,39838ddb450c811abbb7f7dfa824c778; 38a38ddb450c81579dbdc1a1f31b9ff9,34238ddb450c80c6ac36e9debcd2ac46,,done,done,public,True,True,True
9bae8c6ba597b4f19fa92bb5371fa4fa,9bae8c6ba597b4f19fa92bb5371fa4fa,derived,Library Building (BIB),Bibliotheksgebäude (BIB),Building,,,,"JKU MED Campus, Library Building (BIB)","JKU MED Campus, Bibliotheksgebäude (BIB)",MED CAMPUS,,48.30288,14.30323,"Krankenhausstraße 5, 4020 Linz",,,https://ars.electronica.art/negotiatinghumanity/en/view/JKUMEDCampusMEDCampusI-34238ddb450c8075b15efa28d82e2b65/,,,,,,34238ddb450c8075b15efa28d82e2b65,38338ddb450c80ecb84af9021510bfb5; 38338ddb450c80ad87dac8ec9a01ad79,done,done,public,True,True,True
cb9b60120adf25a05aa8329cc5c767f9,cb9b60120adf25a05aa8329cc5c767f9,derived,Level 0,EG,Floor,,,,"JKU MED Campus, Library Building (BIB), Level 0","JKU MED Campus, Bibliotheksgebäude (BIB), EG",MED CAMPUS,,48.30288,14.30323,"Krankenhausstraße 5, 4020 Linz",,,https://ars.electronica.art/negotiatinghumanity/en/view/JKUMEDCampusMEDCampusI-34238ddb450c8075b15efa28d82e2b65/,,,,,38438ddb450c815a91aac30837379922; 38f38ddb450c813abe2dc0b605dcf201; 38b38ddb450c8157a430cf5460770999,38338ddb450c80f7b018e160be37d844,,done,done,public,True,True,True
b9204cf2bef044d88eadf1d4c9add741,b9204cf2bef044d88eadf1d4c9add741,derived,Level 1,1. Stock,Floor,,,,"JKU MED Campus, Library Building (BIB), Level 1","JKU MED Campus, Bibliotheksgebäude (BIB), 1. Stock",MED CAMPUS,,48.30288,14.30323,"Krankenhausstraße 5, 4020 Linz",,,https://ars.electronica.art/negotiatinghumanity/en/view/JKUMEDCampusMEDCampusI-34238ddb450c8075b15efa28d82e2b65/,,,,,38438ddb450c8088a7e9c0bf0b7405b2; 38438ddb450c81929738f94f9b92fcac; 38a38ddb450c813a93e0cf639ecebc97; 38e38ddb450c8125a76ff11af80990d0; 39538ddb450c81f6bf8fe92e59481254; 38a38ddb450c81edbd07c65e9b1942ef; 38938ddb450c8199bc4ce4191209e6b2; 38a38ddb450c81f0bda7c9f201789c1e; 38938ddb450c8175864ff5f2101b96f2; 38838ddb450c81828fc2e7746ea187bb; 38938ddb450c818ba520fff203e7e27c; 38a38ddb450c81aab9dffb601ae7227a; 38a38ddb450c810cafe8da0654b7569f; 38b38ddb450c81c69303ecd8741c767f; 38d38ddb450c815ab56cd0b384bb53e5; 39238ddb450c8186bdead4740548293a; 39438ddb450c8149afe4d24e20173c49; 38f38ddb450c8104a9eeca744aa23951; 38d38ddb450c818bb3c0c48bf7cca804,38338ddb450c80f7b018e160be37d844,,done,done,public,True,True,True
4b778639b9e3c7670e4f667bcdb243bc,4b778639b9e3c7670e4f667bcdb243bc,derived,Teaching Building (LEH),Lehrgebäude (LEH),Building,,,,"JKU MED Campus, Teaching Building (LEH)","JKU MED Campus, Lehrgebäude (LEH)",MED CAMPUS,"Krankenhausstraße 5, 4020 Linz, Österreich",48.30272,14.30387,"Krankenhausstraße 5, 4020 Linz",,,https://ars.electronica.art/negotiatinghumanity/en/view/JKUMEDCampusMEDCampusI-34238ddb450c8075b15efa28d82e2b65/,,,,,,34238ddb450c8075b15efa28d82e2b65,38338ddb450c8084b285d07f3f979b54; 38338ddb450c8085af08d41c175807b5,done,done,public,True,True,True
e4754cbac34cb044b8d27100c66d1d83,e4754cbac34cb044b8d27100c66d1d83,derived,Level 0,EG,Floor,,,,"JKU MED Campus, Teaching Building (LEH), Level 0","JKU MED Campus, Lehrgebäude (LEH), EG",MED CAMPUS,,48.30272,14.30387,"Krankenhausstraße 5, 4020 Linz",,,https://ars.electronica.art/negotiatinghumanity/en/view/JKUMEDCampusMEDCampusI-34238ddb450c8075b15efa28d82e2b65/,,,,,38238ddb450c811994dbe058f9a51b03; 38138ddb450c81eb8bcdf39d30f610b5; 3a538ddb450c8017a27cf49cbaabc515; 39f38ddb450c81488ec9eb68e9702ef8,38338ddb450c80bdb001c493a3448546,39938ddb450c80eba3eadf35abf79d8d; 39938ddb450c80739720e5b94341ce7a,done,done,public,True,True,True
c53c561a17bc195cecac6938b979f8a3,c53c561a17bc195cecac6938b979f8a3,derived,Level 1,1. Stock,Floor,,,,"JKU MED Campus, Teaching Building (LEH), Level 1","JKU MED Campus, Lehrgebäude (LEH), 1. Stock",MED CAMPUS,,48.30272,14.30387,"Krankenhausstraße 5, 4020 Linz",,,https://ars.electronica.art/negotiatinghumanity/en/view/JKUMEDCampusMEDCampusI-34238ddb450c8075b15efa28d82e2b65/,,,,,37a38ddb450c81c0ac6cc9384dd61083; 37a38ddb450c81ca919ada6ae453385a; 37a38ddb450c811cb0aaf5c233309585; 37a38ddb450c81368f97f63f47f2ba60; 37a38ddb450c811c9d3ccbf8e0a51e2b; 37a38ddb450c81f19555d7f1921e58b1; 37a38ddb450c817ead2dc73084d9e6f8; 37a38ddb450c81889fffee840f2e17ec; 37a38ddb450c8160bb02d72bfde6b997; 37a38ddb450c81fa9269d292f6113fd2; 37a38ddb450c8114baafd887c320fba7; 37a38ddb450c8192ad82f8a9fdcb7fc4; 37a38ddb450c8171bebcf9b2d33d10ce; 37b38ddb450c81afa580f01ab46c0642; 37b38ddb450c8192965afef027c8d89b; 37b38ddb450c819cac0cc3059e30bbf4; 37b38ddb450c81eea623c03b91aa95df; 37b38ddb450c81de9c5fc6ae4307afb8; 37938ddb450c81f1a44fca338fcb14e0; 37938ddb450c8151a0d0e17f2c4adb86; 37a38ddb450c81f38e3ee820ce679951; 37a38ddb450c818db5eddc2a104799f6; 37a38ddb450c8137a904d5f1e1525d67; 37a38ddb450c811c9a4ec0092087506c; 37c38ddb450c81e1a7b4cd9821be771f; 37c38ddb450c8162a761e634a807c618; 37c38ddb450c817c9510ddae4fee0a97; 37c38ddb450c81a18f77f7566c524632; 37c38ddb450c81e8b52bfe08abf3915f; 37c38ddb450c81f19914e2dfd013b4ca; 38e38ddb450c81e8a03be43d3d886efe; 39138ddb450c8136a8d4c9698211ea02; 39138ddb450c81fc8f17eec2fcaf754f; 39138ddb450c81df82a5c08c29a51858; 39238ddb450c816c9190d21f16df80aa; 39238ddb450c81a496e2f6d6c00fea99; 37b38ddb450c81f3b0f0e03383de65db; 37b38ddb450c8145ab9bdc8927af0df8; 37b38ddb450c8101be35f266e80dbb37; 37b38ddb450c81e8ae56e524ee4cc3ae; 37b38ddb450c817386dcc356adc84dd1; 37b38ddb450c81e19bfde1f04a8dbfa1; 38738ddb450c81c3a411cea04c85d15a; 39538ddb450c810e99e9c6be3088c1c8; 38238ddb450c81848692e3a3563ce544; 3a638ddb450c8131a483d737de892f46; 3ab38ddb450c81a9bb4dd9e12f77560e; 37a38ddb450c810d9a9de311347fe612; 37a38ddb450c81f395b0e304b26d57bd; 37a38ddb450c81919998ceac1370092d; 37a38ddb450c81a3b91ef26277ec3ef6; 37a38ddb450c81a7aea6fb9b3314fbf6,38338ddb450c80bdb001c493a3448546,,done,done,public,True,True,True
60abc42d7fe5efa3718cad07cec2c558,60abc42d7fe5efa3718cad07cec2c558,derived,Laboratory Building (LAB),Laborgebäude (LAB),Building,,,,"JKU MED Campus, Laboratory Building (LAB)","JKU MED Campus, Laborgebäude (LAB)",MED CAMPUS,,48.30254,14.30337,"Krankenhausstraße 5, 4020 Linz",,,https://ars.electronica.art/negotiatinghumanity/en/view/JKUMEDCampusMEDCampusI-34238ddb450c8075b15efa28d82e2b65/,,,,,,34238ddb450c8075b15efa28d82e2b65,38338ddb450c801c8224e8e99f60f62e; 38338ddb450c80fc9afccc31405e21b7,done,done,public,True,True,True
0aef0c6adc32bbf0a1aeee649dd7b9e7,0aef0c6adc32bbf0a1aeee649dd7b9e7,derived,Level 0,EG,Floor,,,,"JKU MED Campus, Laboratory Building (LAB), Level 0","JKU MED Campus, Laborgebäude (LAB), EG",MED CAMPUS,,48.30254,14.30337,"Krankenhausstraße 5, 4020 Linz",,,https://ars.electronica.art/negotiatinghumanity/en/view/JKUMEDCampusMEDCampusI-34238ddb450c8075b15efa28d82e2b65/,,,,,37c38ddb450c81be9ce8f66dd69e8359,38338ddb450c80159a33c9abb22a56b6,,done,done,public,True,True,True
e2de038a139080a85cfdc47c1ddc4c07,e2de038a139080a85cfdc47c1ddc4c07,derived,Level 1,1. Stock,Floor,,,,"JKU MED Campus, Laboratory Building (LAB), Level 1","JKU MED Campus, Laborgebäude (LAB), 1. Stock",MED CAMPUS,,48.30254,14.30337,"Krankenhausstraße 5, 4020 Linz",,,https://ars.electronica.art/negotiatinghumanity/en/view/JKUMEDCampusMEDCampusI-34238ddb450c8075b15efa28d82e2b65/,,,,,36c38ddb450c8104bb34d1fa0d35e09e; 37a38ddb450c81af8650e32a3f67db9b; 37b38ddb450c81e4b22dc26e13fdf425; 37b38ddb450c817197e3dbce6d7143ce; 37b38ddb450c8137a5f2d724654bfec3; 37b38ddb450c81e29ee2d7944034f77c; 37b38ddb450c815ab3edcd34f054105c; 38b38ddb450c8167b6d1c693f46c23da; 38738ddb450c81aebb31d403869a0289; 38e38ddb450c81108315f8265bdea61d; 38838ddb450c817a9d62c89594139fc7; 39138ddb450c8182bbdeef5d43827e16; 39538ddb450c81ecad69ff3d8d67cdda; 38838ddb450c812ebe8bc3edbd7480e8; 38e38ddb450c813fb61cf19ba69e41af; 3a738ddb450c81698729c804e3fc5c05; 38438ddb450c81dab8d3e08a896769ff; 37b38ddb450c81e7b77eed14187e07b0; 37b38ddb450c81ba9f1debfec6c05d84,38338ddb450c80159a33c9abb22a56b6,39938ddb450c80dca659d97e2b0a200b,done,done,public,True,True,True
23426795ac31de2badbfd9bf35d7de10,23426795ac31de2badbfd9bf35d7de10,derived,Administration Building (ADM),Administrationsgebäude (ADM),Building,,,,"JKU MED Campus, Administration Building (ADM)","JKU MED Campus, Administrationsgebäude (ADM)",MED CAMPUS,Spar,48.30274,14.30288,"Krankenhausstraße 5, 4020 Linz",,,https://ars.electronica.art/negotiatinghumanity/en/view/JKUMEDCampusMEDCampusI-34238ddb450c8075b15efa28d82e2b65/,,,,,39838ddb450c81ffa137eb23eae89c83,34238ddb450c8075b15efa28d82e2b65,34238ddb450c803c9a4fc86c8270359d; 39838ddb450c801fb4b3efcf0b93c0cf,done,done,public,True,True,True
38338ddb450c80a2be5ee5262e2a2c1c,38338ddb450c80a2be5ee5262e2a2c1c,notion,Level -1,UG 1,Floor,,,,"Lentos Kunstmuseum, Level -1","Lentos Kunstmuseum, UG 1",DANUBE TRIANGLE,"Ernst-Koref-Promenade 1, 4020 Linz, Österreich",48.30863,14.28884,"Ernst-Koref-Promenade 1, 4020 Linz",,,https://ars.electronica.art/negotiatinghumanity/en/view/LentosKunstmuseum-34238ddb450c813fbbffff132d6d8408/,,,,,39138ddb450c81f7a684d4e6111a0e12; 39e38ddb450c80dab706e4972cbad79c,34238ddb450c813fbbffff132d6d8408,,done,done,public,True,True,True
38338ddb450c809baadffd14de571f67,38338ddb450c809baadffd14de571f67,notion,Auditorium,Auditorium,Room,,,,"Lentos Kunstmuseum, Level 0, Auditorium","Lentos Kunstmuseum, EG, Auditorium",DANUBE TRIANGLE,"Ernst-Koref-Promenade 1, 4020 Linz, Österreich",48.30863,14.28884,"Ernst-Koref-Promenade 1, 4020 Linz",,,https://ars.electronica.art/negotiatinghumanity/en/view/LentosKunstmuseum-34238ddb450c813fbbffff132d6d8408/,,,,,39638ddb450c818a9119ebe49538e40f,d9838ddb450c828293fb818fa9202fd6,,done,done,public,True,True,True
d9838ddb450c828293fb818fa9202fd6,d9838ddb450c828293fb818fa9202fd6,notion,Level 0,EG,Floor,,,,"Lentos Kunstmuseum, Level 0","Lentos Kunstmuseum, EG",DANUBE TRIANGLE,"Ernst-Koref-Promenade 1, 4020 Linz, Österreich",48.30863,14.28884,"Ernst-Koref-Promenade 1, 4020 Linz",,,https://ars.electronica.art/negotiatinghumanity/en/view/LentosKunstmuseum-34238ddb450c813fbbffff132d6d8408/,,,,,39538ddb450c811e94c2fb100285dfea; 38e38ddb450c815bb5cdc954a78d503b,34238ddb450c813fbbffff132d6d8408,38338ddb450c809baadffd14de571f67,done,done,public,True,True,True
38338ddb450c804a83f1f334aaefdc84,38338ddb450c804a83f1f334aaefdc84,notion,Open space,Freifläche,Outdoor,,,,"Lentos Kunstmuseum, Open space","Lentos Kunstmuseum, Freifläche",DANUBE TRIANGLE,"Ernst-Koref-Promenade 1, 4020 Linz, Österreich",48.30847,14.28866,"Ernst-Koref-Promenade 1, 4020 Linz",,,https://ars.electronica.art/negotiatinghumanity/en/view/LentosKunstmuseum-34238ddb450c813fbbffff132d6d8408/,,,,,39438ddb450c81c08484f792653c9a49,34238ddb450c813fbbffff132d6d8408,,done,done,public,True,True,True
38338ddb450c800584e7d93d4881bc9f,38338ddb450c800584e7d93d4881bc9f,notion,Room 301,Raum 301,Room,,,,"Anton Bruckner University, Room 301","Anton Bruckner Privatuniversität, Raum 301",SATELLITE LOCATIONS,Anton Bruckner Privatuniversität,48.31121,14.26964,"Alice-Harnoncourt-Platz 1, 4040 Linz",,,https://ars.electronica.art/negotiatinghumanity/en/view/AntonBrucknerUniversity-34238ddb450c8149b7a7ffeaa734e3e7/,,,,,38238ddb450c805ea363dc10366d58f8,34238ddb450c8149b7a7ffeaa734e3e7,,done,done,public,True,True,True
38338ddb450c809ca17cdb6ae66fe24d,38338ddb450c809ca17cdb6ae66fe24d,notion,Garden,Garten,Outdoor,,,,"Anton Bruckner University, Garden","Anton Bruckner Privatuniversität, Garten",SATELLITE LOCATIONS,Anton Bruckner Privatuniversität,48.31121,14.26964,"Alice-Harnoncourt-Platz 1, 4040 Linz",,,https://ars.electronica.art/negotiatinghumanity/en/view/AntonBrucknerUniversity-34238ddb450c8149b7a7ffeaa734e3e7/,,,,,38238ddb450c80bfaa3dddadb25ad1c9,34238ddb450c8149b7a7ffeaa734e3e7,,done,done,public,True,True,True
39238ddb450c80f98ecbf708c0f05fda,39238ddb450c80f98ecbf708c0f05fda,notion,Open Futurelab,Open Futurelab,Room,,,,"Ars Electronica Center, Level -3, Open Futurelab","Ars Electronica Center, UG -3, Open Futurelab",DANUBE TRIANGLE,"Ars-Electronica-Straße 1, 4040 Linz, Österreich",48.30962,14.28445,"Ars-Electronica-Straße 1, 4040 Linz",,,https://ars.electronica.art/negotiatinghumanity/en/view/ArsElectronicaCenter-34238ddb450c8161b52ecd1c41c405fa/,,,,,39038ddb450c8107b262f06afe5f9191; 39938ddb450c81fcacbcfbe65d24d91d; 34a38ddb450c80eb87d7e2feb36ce9b0; 3a038ddb450c8105a8b0eb17c4d0ebb3; 3a538ddb450c81faa521f18b1adb2f27; 3a538ddb450c80e4bc19d778b32f6d74; 3a038ddb450c81119129c97b5ed0b6c6; 3a538ddb450c80e2ab62c6b9d025fbe4; 3a038ddb450c81e6a270ff829f0cf542; 3a038ddb450c811db32ce1a1977aabb4; 3a038ddb450c81118843d6f3d09d2a5a; 3a038ddb450c815b93c4e2cc25c7e8a0; 3a038ddb450c81999163f10a54cdcaa0; 39f38ddb450c813eb76bc02ea17bdca3; 3a538ddb450c8152bf30ee7910c366dd; 3a038ddb450c802baff1c23e87712439; 3a538ddb450c804dbad4ee79b9e55359; 3a638ddb450c8027a9d1d0de7f175fdf; 3a638ddb450c8192a848ea2800a717b7; 3a038ddb450c8170834ad2726a4eb549; 3a638ddb450c81e4b043cbe71e2d8825; 9cf38ddb450c823aae1d01c98286819a; 3ad38ddb450c81e9bcafd94adabd3eb1; 3c338ddb450c8057b76ec293df4daa7e,34238ddb450c815e8d84d29e8376bcb0,,done,done,public,True,True,True
39238ddb450c800288d3f3a06eea8390,39238ddb450c800288d3f3a06eea8390,notion,Hello Worlds!,Hello Worlds!,Room,,,,"Ars Electronica Center, Level -3, Hello Worlds!","Ars Electronica Center, UG -3, Hello Worlds!",DANUBE TRIANGLE,"Ars-Electronica-Straße 1, 4040 Linz, Österreich",48.30962,14.28445,"Ars-Electronica-Straße 1, 4040 Linz",,,https://ars.electronica.art/negotiatinghumanity/en/view/ArsElectronicaCenter-34238ddb450c8161b52ecd1c41c405fa/,,,,,38238ddb450c80c9bdc2e6c2b570d674,34238ddb450c815e8d84d29e8376bcb0,,done,done,public,True,True,True
39638ddb450c8033a35bfd7015a492d1,39638ddb450c8033a35bfd7015a492d1,notion,Campus Welcome Desk,Campus Welcome Desk,Room,,,,"University of Arts Linz, Hauptplatz 6 (East Building), Campus Welcome Desk","Kunstuniversität Linz, Hauptplatz 6 (Ostgebäude), Campus Welcome Desk",DANUBE TRIANGLE,"Hauptplatz 6, 4020 Linz, Österreich",48.30676,14.28626,"Hauptplatz 6, 4020 Linz",,,https://ars.electronica.art/negotiatinghumanity/en/view/UniversityofArtsLinzHauptplatz6EastBuilding-34238ddb450c810fbf8bfa09747f1d27/,,,,,39238ddb450c81fabebcd9f6e35041ec; 3a438ddb450c8043b39af722552ef085,34238ddb450c810fbf8bfa09747f1d27,,done,done,public,True,True,True
e8238ddb450c83cf931481594c432903,e8238ddb450c83cf931481594c432903,notion,splace,splace,Building,"At the DANUBE TRIANGLE INFODESK at Hauptplatz 6 (""splace""), you can collect tickets bought online, pick up your accreditation, purchase festival publications with cashless payment, and get information about the festival program.","Am DANUBE TRIANGLE INFODESK am Hauptplatz 6 (""splace"") können online gekaufte Tickets und Akkreditierungen abgeholt sowie Festivalpublikationen bargeldlos erworben werden. Außerdem geben wir hier Auskunft zum Festivalprogramm.",,splace,splace,DANUBE TRIANGLE,"Hauptplatz 6, 4020 Linz, Österreich",48.30671,14.28639,"Hauptplatz 6, 4020 Linz",The infodesk at splace (DANUBE TRIANGLE) will be open starting at 9:30 AM during the festival.,Der Infodesk im splace (DANUBE TRIANGLE) ist während des Festivals bereits ab 9:30 geöffnet.,https://ars.electronica.art/negotiatinghumanity/en/view/splace-e8238ddb450c83cf931481594c432903/,https://www.kunstuni-linz.at/aktuelles/ausstellungswesen/splace-am-hauptplatz,https://www.instagram.com/kunstunilinz/,https://www.facebook.com/KunstuniLinz/,https://www.linkedin.com/school/kunstunilinz/,3ad38ddb450c811bb9ddd38417594800; 2f038ddb450c8366b3ac010417133dce; 3ad38ddb450c8112af0bc1f863a616a5; 3ac38ddb450c81358883f5c2b6d4d6d4,,34238ddb450c8033bec1c21f31922033,done,done,public,True,True,True
39738ddb450c80bea5b7d8d6df5d3c70,39738ddb450c80bea5b7d8d6df5d3c70,notion,galerie wuensch aircube,galerie wuensch aircube,Building,"galerie wuensch aircube is dedicated to constructive concrete art and outsider art. Originally focused on contemporary Latin American art, the gallery has evolved through its aircube artist-in-residence program into a platform for artistic practices that challenge established modes of perception and value. During the Ars Electronica Festival 2026, galerie wuensch will show REGENERATING WITH THE INVISIBLE, an exhibition by the international art collective h.o (hdoto).","Die galerie wuensch aircube widmet sich der konstruktiv-konkreten Kunst und der Outsider Art. Ursprünglich auf zeitgenössische lateinamerikanische Kunst spezialisiert, hat sich die Galerie durch das Artist-in-Residence-Programm aircube zu einer Plattform für künstlerische Praktiken entwickelt, die etablierte Wahrnehmungsformen und Wertvorstellungen hinterfragen. Während des Ars Electronica Festival 2026 wird die Ausstellung REGENERATING WITH THE INVISIBLE des internationalen Kunstkollektivs h.o (hdoto) gezeigt.",,galerie wuensch aircube,galerie wuensch aircube,SATELLITE LOCATIONS,"Volksfeststraße 36, 4020 Linz, Österreich",48.30231,14.29946,"Volksfeststraße 36, 4020 Linz",,,https://ars.electronica.art/negotiatinghumanity/en/view/galeriewuenschaircube-39738ddb450c80bea5b7d8d6df5d3c70/,https://www.aircube.at,https://www.instagram.com/h.o_sense_the_invisible/,,,39038ddb450c819bb7f9c06dd9960746,,,done,done,public,True,True,True
39838ddb450c801fb4b3efcf0b93c0cf,39838ddb450c801fb4b3efcf0b93c0cf,notion,JKU medLOFT,JKU medLOFT,Room,,,,"JKU MED Campus, Administration Building (ADM), JKU medLOFT (9th floor)","JKU MED Campus, Administrationsgebäude (ADM), JKU medLOFT, 9. Stock",MED CAMPUS,"Krankenhausstraße 5, 4020 Linz, Österreich",48.30274,14.30288,"Krankenhausstraße 5, 4020 Linz",,,https://ars.electronica.art/negotiatinghumanity/en/view/JKUMEDCampusMEDCampusI-34238ddb450c8075b15efa28d82e2b65/,,,,,39538ddb450c810ba965c4a0e378835c; 39838ddb450c80948176e6172575df9c; 3a338ddb450c8137b49bf90134b4640e,38338ddb450c808793bfd56f8fe91503,,done,done,public,True,True,True
39838ddb450c80fd8cc5f4259f682b0e,39838ddb450c80fd8cc5f4259f682b0e,notion,Convent Garden,Konventgarten,Outdoor,,,,"Sisters of St. Elizabeth,  Convent Garden","die elisabethinen, Konventgarten",OK QUARTER,Elisabethinenkirche,48.30431,14.29444,"Bethlehemstraße 23, 4020 Linz",,,https://ars.electronica.art/negotiatinghumanity/en/view/SistersofSt.Elisabeth-34238ddb450c80c6ac36e9debcd2ac46/,,,,,39638ddb450c81818de3e0a9e20f3610,34238ddb450c80c6ac36e9debcd2ac46,,done,done,public,True,True,True
39838ddb450c8070b384f79807bba311,39838ddb450c8070b384f79807bba311,notion,Seminary Church,Priesterseminarkirche,Building,"The Seminary Church, located just off Linz's Landstraße, traces its origins to the Teutonic Order's settlement in Linz and was built between 1718 and 1725 to designs by Johann Lucas von Hildebrandt. The domed central-plan building impresses with Baroque ceiling stuccowork by Paolo d'Allio and a high altar painting by Martino Altomonte. Since 1804, the building complex has housed the Priesterseminar. During the festival, the Seminary Church hosts Qwen Stefani Against Techfascism, a project addressing the tech-authoritarian infrastructures that increasingly condition our everyday lives.","Die Priesterseminarkirche unweit der Linzer Landstraße geht auf die Niederlassung des Deutschen Ordens in Linz zurück und wurde 1718–1725 nach Entwürfen von Johann Lucas von Hildebrandt errichtet. Der kuppelgewölbte Zentralbau beeindruckt mit barockem Deckenstuck von Paolo d'Allio und dem Hochaltarbild von Martino Altomonte. Seit 1804 beherbergt der Gebäudekomplex das Priesterseminar. Während des Festivals ist die Priesterseminarkirche Schauplatz von Qwen Stefani Against Techfascism, einem Projekt, das sich mit den techautoritären Infrastrukturen auseinandersetzt, die zunehmend unseren Alltag prägen.",,Seminary Church,Priesterseminarkirche,OK QUARTER,"Harrachstraße 7, 4020 Linz, Österreich",48.30285,14.2932,"Harrachstraße 7, 4020 Linz",,,https://ars.electronica.art/negotiatinghumanity/en/view/SeminaryChurch-39838ddb450c8070b384f79807bba311/,https://www.priester-werden.at/,,,,39a38ddb450c813ab64cfa42b2dcc425,,3a338ddb450c807090f2e802e87ab1ae,done,done,public,True,True,True
959fa197d5c7bc9569ca5109003e136a,959fa197d5c7bc9569ca5109003e136a,derived,Elisabethinengarten (Residential Park),Elisabethinengarten (Residential Park),Outdoor,,,,Elisabethinengarten (Residential Park),Elisabethinengarten (Residential Park),OK QUARTER,"Harrachstraße 15, 4020 Linz, Österreich",48.30302,14.29454,"Harrachstraße 15, 4020 Linz",,,https://ars.electronica.art/negotiatinghumanity/en/view/ElisabethinengartenResidentialPark-39838ddb450c80a78ef2dd8d43f5aa81/,https://wohnen.die-elisabethinen.at/generationenwohnen/wohnen-am-elisabethgarten,,,,39d38ddb450c8161a927fa9fe6c0bcce; 38038ddb450c81119265da26c0b37b56; 3ba38ddb450c8080b016f7b44630390a,,,done,done,public,True,True,True
39838ddb450c805f8ffbdf62794a9ce2,39838ddb450c805f8ffbdf62794a9ce2,notion,Aula,Aula,Room,,,,"BRG Fadingerstraße, Aula","BRG Fadingerstraße, Aula",OK QUARTER,"Fadingerstraße 4, 4020 Linz, Österreich",48.30435,14.2932,"Fadingerstraße 4, 4020 Linz",,,https://ars.electronica.art/negotiatinghumanity/en/view/BRGFadingerstrae-34238ddb450c80fabcabd7ebb8e8b6f8/,,,,,39738ddb450c8157b7a9eb297f68703b,34238ddb450c80fabcabd7ebb8e8b6f8,,done,done,public,True,True,True
39838ddb450c8053a78df65f2dbc230f,39838ddb450c8053a78df65f2dbc230f,notion,Old Gym,Alter Turnsaal,Room,,,,"BRG Fadingerstraße, Old gym","BRG Fadingerstraße, Alter Turnsaal",OK QUARTER,"Fadingerstraße 4, 4020 Linz, Österreich",48.3047,14.29273,"Fadingerstraße 4, 4020 Linz",,,https://ars.electronica.art/negotiatinghumanity/en/view/BRGFadingerstrae-34238ddb450c80fabcabd7ebb8e8b6f8/,,,,,39738ddb450c818e98f4c9107a9e2916,34238ddb450c80fabcabd7ebb8e8b6f8,,done,done,public,True,True,True
39838ddb450c801f8cccd6b2a772973d,39838ddb450c801f8cccd6b2a772973d,notion,New Gym,Neuer Turnsaal,Room,,,,"BRG Fadingerstraße, New Gym","BRG Fadingerstraße, Neuer Turnsaal",OK QUARTER,"Fadingerstraße 4, 4020 Linz, Österreich",48.30454,14.29232,"Fadingerstraße 4, 4020 Linz",,,https://ars.electronica.art/negotiatinghumanity/en/view/BRGFadingerstrae-34238ddb450c80fabcabd7ebb8e8b6f8/,,,,,39038ddb450c817886d9fcd75be38abf,34238ddb450c80fabcabd7ebb8e8b6f8,,done,done,public,True,True,True
39838ddb450c803380ebd4766f2dd347,39838ddb450c803380ebd4766f2dd347,notion,Schoolyard,Schulhof,Outdoor,,,,"BRG Fadingerstraße, Schoolyard","BRG Fadingerstraße, Schulhof",OK QUARTER,"Fadingerstraße 4, 4020 Linz, Österreich",48.30452,14.29276,"Fadingerstraße 4, 4020 Linz",,,https://ars.electronica.art/negotiatinghumanity/en/view/BRGFadingerstrae-34238ddb450c80fabcabd7ebb8e8b6f8/,,,,,38238ddb450c811382fdcb2cf16c8e20,34238ddb450c80fabcabd7ebb8e8b6f8,,done,done,public,True,True,True
e113f2a2905c12a81681a7d4bd6166b9,e113f2a2905c12a81681a7d4bd6166b9,derived,Courtyard,Innenhof HP8,Outdoor,,,,"University of Arts Linz, Hauptplatz 8 (West Building), Courtyard","Kunstuniversität Linz, Hauptplatz 8 (Westgebäude), Innenhof",DANUBE TRIANGLE,"Hauptplatz 8, 4020 Linz, Österreich",48.30636,14.28548,"Hauptplatz 8, 4020 Linz",,,https://ars.electronica.art/negotiatinghumanity/en/view/UniversityofArtsLinzHauptplatz8WestBuilding-34238ddb450c81c29974d55441962309/,,,,,37b38ddb450c814e88f6c1dffb653c17; 39738ddb450c81af9c94eb06c5647033; 39538ddb450c819a966cf91ddfa22fb5; 39c38ddb450c8192a2a0e73ad66f764f,34238ddb450c81c29974d55441962309,,done,done,public,True,True,True
39938ddb450c80258e94f2802fc21936,39938ddb450c80258e94f2802fc21936,notion,PopUp Store,PopUp Store,Building,"The PopUp Store at Linz’s Main Square is a central platform provided by the Department of Economy and Innovation of the City of Linz. It offers start-ups, companies, associations, initiatives, organisations and creatives from the fields of art and culture the opportunity to showcase innovative projects. Located in the heart of the city, the space becomes a showcase for technology, art, fashion, education, sustainability and new ideas. A place for encounters, exchange and inspiration—making Linz innovations accessible to everyone. During the Festival the collective vvvv will host various workshops.","Der PopUp Store am Linzer Hauptplatz ist eine zentrale Bühne der Abteilung Wirtschaft und Innovation des Magistrats Linz. Er bietet Start-ups, Unternehmen, Vereinen, Initiativen, Organisationen sowie Kunst- und Kulturschaffenden Raum, um innovative Projekte sichtbar zu machen. Mitten im Herzen der Stadt wird der Store zum Schaufenster für Technik, Kunst, Mode, Bildung, Nachhaltigkeit und neue Ideen. Ein Ort für Begegnung, Austausch und Inspiration – der Linzer Innovationen erlebbar macht.  Während des Festivals veranstaltet hier das Kollektiv vvvv zahlreiche Workshops.",,PopUp Store,PopUp Store,DANUBE TRIANGLE,"Pfarrgasse 1, 4020 Linz, Österreich",48.30555,14.28739,"Pfarrgasse 1, 4020 Linz",,,https://ars.electronica.art/negotiatinghumanity/en/view/PopUpStore-39938ddb450c80258e94f2802fc21936/,https://partizipation.linz.at/de-AT/projects/popup-store-2026,,,,3a838ddb450c81d39acadf12fbdb148f; 3a838ddb450c81f396ddfbb621ddeaa0; 3a838ddb450c816c85dbd8ba658d933d; 3a838ddb450c8145a55bc3a79dfd6046; 3a838ddb450c81c59d98ff44c33d4c4b; 3a838ddb450c814694adda1fb5f190a1,,,done,done,public,True,True,True
39938ddb450c808d8bc2d6bf4dd9ce49,39938ddb450c808d8bc2d6bf4dd9ce49,notion,Park,Park,Outdoor,,,,"Francisco Carolinum, Park","Francisco Carolinum, Park",OK QUARTER,"Museumstraße 14, 4020 Linz, Österreich",48.3058,14.29332,"Museumstraße 14, 4020 Linz",,,https://ars.electronica.art/negotiatinghumanity/en/view/FranciscoCarolinumLinz-34238ddb450c81939959c300c9dcbf08/,,,,,37a38ddb450c81dba99fd76d813af131; 39f38ddb450c813194bfccfae0cc78c5,34238ddb450c81939959c300c9dcbf08,,done,done,public,True,True,True
39938ddb450c80219d8aeb6acdc9fffa,39938ddb450c80219d8aeb6acdc9fffa,notion,Damen & Herrenstraße DH5,Damen & Herrenstraße DH5,Building,"The DH5 serves as a bridge between the people who live and work in this community—along with their needs—and the cultural and social environment. Its cultural and social programs expand the reach of many people and initiatives, creating a dynamic that promotes diversity in the spirit of a liberal, open and feminist society. During the Ars Electronica Festival 2026, projects from the Ars Electronica Features Exhibition will be on display at DH5.","Das DH5 ist Bindeglied zwischen den an einem Ort arbeitenden und lebenden Menschen mit ihren Bedürfnissen und dem kulturellen und sozialen Umfeld. Das kulturelle und soziale Angebot erweitert den Wirkungsradius vieler Menschen und Initiativen. Dadurch entsteht eine Dynamik, die Vielfalt im Sinne einer liberalen, offenen und feministischen Gesellschaft fördert. Während des Ars Electronica Festival 2026 werden im DH5 Projekte aus der Ars Electronica Features Exhibition zu sehen sein.",,Damen & Herrenstraße DH5,Damen & Herrenstraße DH5,SATELLITE LOCATIONS,"Herrenstraße 5, 4020 Linz, Österreich",48.30312,14.28625,"Herrenstraße 5, 4020 Linz",,,https://ars.electronica.art/negotiatinghumanity/en/view/DamenHerrenstraeDH5-39938ddb450c80219d8aeb6acdc9fffa/,https://www.dh5.space/,https://www.instagram.com/dh5_damen_und_herren/,https://www.facebook.com/damenundherrenstrasse,,38a38ddb450c8133b6daef7a40155be8; 38a38ddb450c81649522fd2366f737ab; 38a38ddb450c81288fc2d08734ac989d; 38a38ddb450c816191fee0a75c9e36c3; 38a38ddb450c81508151e7935b5bd811; 38a38ddb450c81a8856df2a8d543ac71; 38a38ddb450c813ea287c375fad21e80; 38a38ddb450c81189230cb26d6a201d4; 38a38ddb450c81969f0bce8fc40bc527,,,done,done,public,True,True,True
39938ddb450c80a78a05f49357c9818f,39938ddb450c80a78a05f49357c9818f,notion,Klimaoase Linz-Lustenau,Klimaoase Linz-Lustenau,Outdoor,"Amid Linz’s industrial district, on the western part of the Hollaberer estate, lies the Klimaoase Linz-Lustenau. Its new use as a climate garden has transformed the site into a valuable green space. The Klimaoase thus stands as both a testament to Linz’s history and a living space for engaging with soil and climate protection. A soil trail, a natural micro forest and an open-air classroom make the importance of soil and climate protection tangible, bringing visitors closer to the site’s environmental history.","Inmitten des Linzer Industriegebiets, auf dem westlichen Teil des Hollaberer-Anwesens, liegt die Klimaoase Linz-Lustenau. Durch die Neunutzung als Klimaschutzgarten ist hier ein wertvoller Grünraum entstanden – und die Fläche konnte so vor weiterer Versiegelung bewahrt werden. Die Klimaoase ist damit nicht nur ein Zeugnis der Linzer Geschichte, sondern auch ein lebendiger Ort der Auseinandersetzung mit Boden- und Klimaschutz. Ein Bodenlehrpfad, ein naturbelassener Mikrowald sowie ein offenes Klassenzimmer machen die Bedeutung von Boden- und Klimaschutz erfahrbar und bringen dir die Umweltgeschichte des Standorts näher.",,Klimaoase Linz-Lustenau,Klimaoase Linz-Lustenau,SATELLITE LOCATIONS,"Estermannstraße 11, 4020 Linz, Österreich",48.30503,14.32196,"Estermannstraße 11, 4020 Linz",Access is only possible during events.,Ein Zugang ist nur im Rahmen von Veranstaltungen möglich.,https://ars.electronica.art/negotiatinghumanity/en/view/KlimaoaseLinz-Lustenau-39938ddb450c80a78a05f49357c9818f/,https://klimaoase.at,https://www.instagram.com/klimaoase/,https://www.facebook.com/schwemmland,,39038ddb450c81d3a68ad8b7b43b02a9; 39c38ddb450c80c191e5cf14f3c88e3d,,,done,done,public,True,True,True
656e5d43a2f1187947a9c79d710cf5a2,656e5d43a2f1187947a9c79d710cf5a2,derived,Landstraße,Landstraße,Outdoor,"Landstraße, together with its side streets and alleyways, is the vibrant heart of Linz. Cultural institutions, shops and service businesses shape the cityscape, as does its architectural diversity: Historic façades stand alongside contemporary architecture, reflecting the close interplay between tradition and modernity. As the setting for numerous events—including a range of performances taking place this year as part of the Ars Electronica Festival—Landstraße is a central hub of urban life in Linz.","Die Landstraße mit ihren Seiten- und Nebengassen ist das pulsierende Herz von Linz. Kultureinrichtungen, Geschäfte und Dienstleistungsbetriebe prägen das Stadtbild ebenso wie die architektonische Vielfalt: Historische Fassaden begegnen moderner Architektur und machen sichtbar, wie eng Tradition und Gegenwart hier miteinander verwoben sind. Als Schauplatz zahlreicher Veranstaltungen – in diesem Jahr auch zahlreicher Performances im Rahmen des Ars Electronica Festival – ist die Landstraße ein zentraler Ort des Linzer Stadtlebens.",,Landstraße,Landstraße,SATELLITE LOCATIONS,"Landstraße 15, 4020 Linz, Österreich",48.30192,14.28998,"Landstraße, 4020 Linz",,,https://ars.electronica.art/negotiatinghumanity/en/view/Landstrae-39938ddb450c80c487f5f463490dbcc6/,https://www.linztourismus.at/freizeit/linz-entdecken/aktivitaeten/shopping/einkaufsstrassen,,,,,,,done,done,public,True,True,True
39938ddb450c80eba3eadf35abf79d8d,39938ddb450c80eba3eadf35abf79d8d,notion,Lecture Hall 1,Lecture Hall 1,Room,,,,"JKU MED Campus, Teaching Building (LEH), Level 0, Lecture Hall 1","JKU MED Campus, Lehrgebäude (LEH), EG, Lecture Hall 1",MED CAMPUS,,48.30272,14.30387,"Krankenhausstraße 5, 4020 Linz",,,https://ars.electronica.art/negotiatinghumanity/en/view/JKUMEDCampusMEDCampusI-34238ddb450c8075b15efa28d82e2b65/,,,,,38438ddb450c80bf90daebfed8347fba; 38438ddb450c80eaa3d9f25264ac733c; 3a638ddb450c8073b3eae2d4ea59810c; 39938ddb450c80edb03ee42e81cb38f7,38338ddb450c8084b285d07f3f979b54,,done,done,public,True,True,True
39938ddb450c80739720e5b94341ce7a,39938ddb450c80739720e5b94341ce7a,notion,Lecture Hall 2,Lecture Hall 2,Room,,,,"JKU MED Campus, Teaching Building (LEH), Level 0, Lecture Hall 2","JKU MED Campus, Lehrgebäude (LEH), EG, Lecture Hall 2",MED CAMPUS,,48.30272,14.30387,"Krankenhausstraße 5, 4020 Linz",,,https://ars.electronica.art/negotiatinghumanity/en/view/JKUMEDCampusMEDCampusI-34238ddb450c8075b15efa28d82e2b65/,,,,,38238ddb450c81b0a777e893ee4bc703; dec38ddb450c832fb6d901f9e7afa93c,38338ddb450c8084b285d07f3f979b54,,done,done,public,True,True,True
39938ddb450c8010a5b4cad7de3d9f07,39938ddb450c8010a5b4cad7de3d9f07,notion,Plaza,Plaza,Outdoor,,,,"JKU MED Campus, Plaza","JKU MED Campus, Plaza",MED CAMPUS,"Krankenhausstraße 5, 4020 Linz, Österreich",48.30277,14.30317,"Krankenhausstraße 5, 4020 Linz",,,https://ars.electronica.art/negotiatinghumanity/en/view/JKUMEDCampusMEDCampusI-34238ddb450c8075b15efa28d82e2b65/,,,,,38f38ddb450c807c8442f7a76532c68f; 38738ddb450c808baf37ce97e8bd246e; 3a738ddb450c802b8dbfe3224df28ed1; 3a538ddb450c8000aedfd9c199be6b5b; 3b938ddb450c81d689c8c063a3d14ea9; 3c738ddb450c800fae73f0ee20da5bdb,34238ddb450c8075b15efa28d82e2b65,,done,done,public,True,True,True
39938ddb450c8078b1a1c69bd90aa43c,39938ddb450c8078b1a1c69bd90aa43c,notion,Underpass Ars Electronica Center / Rudolfstraße,Unterführung Ars Electronica Center / Rudolfstraße,Outdoor,,,,Underpass Ars Electronica Center / Rudolfstraße,Unterführung Ars Electronica Center,SATELLITE LOCATIONS,"Hauptstraße 2, 4040 Linz, Österreich",48.30968,14.28382,"Hauptstraße 2, 4040 Linz",,,https://ars.electronica.art/negotiatinghumanity/en/view/UnderpassArsElectronicaCenterRudolfstrae-39938ddb450c8078b1a1c69bd90aa43c/,,,,,38438ddb450c81f09ee2d375d245352c,,,done,done,public,True,True,True
39938ddb450c80dca659d97e2b0a200b,39938ddb450c80dca659d97e2b0a200b,notion,JKU medSPACE,JKU medSPACE,Room,,,,"JKU MED Campus, Laboratory Building (LAB), Level 1, JKU medSPACE","JKU MED Campus, Laborgebäude (LAB), 1. Stock, JKU medSPACE",MED CAMPUS,,48.30254,14.30337,"Krankenhausstraße 5, 4020 Linz",,,https://ars.electronica.art/negotiatinghumanity/en/view/JKUMEDCampusMEDCampusI-34238ddb450c8075b15efa28d82e2b65/,,,,,38438ddb450c81019a2fd35026208863; 34a38ddb450c80d7a079c91c2986cedb; 39938ddb450c80f49c55d81e4d0dc25b; 39938ddb450c8079978eee12b2bd374e; 39938ddb450c806d854ff84c6958c049; 39938ddb450c80de8d88e975adbe98e3; 39938ddb450c801e9f63e32bd6137963; 39938ddb450c80ef8414c66523c31119; 39938ddb450c805fa16bc26f87c6891d; 39938ddb450c806bbd83eea681586950; 39938ddb450c80b289f1fef9e6c5184d; 3a438ddb450c81d9b7b8fa811d7474e1; 3a638ddb450c80f8b35efeb57b787f35; 3a638ddb450c81aaa4eccd92b3ea9676; 39938ddb450c809faaf0f2ae80d986e5,38338ddb450c80fc9afccc31405e21b7,,done,done,public,True,True,True
39c38ddb450c80d4ae36e0dbe7864ee2,39c38ddb450c80d4ae36e0dbe7864ee2,notion,bb15,bb15,Building,"bb15 is an independent artist-run-space and curatorial collective active in the Linz art scene since 2009. As an open space for artists, bb15 develops exhibitions, performances, and cultural events, fostering experimental approaches. During the Festival, residency output from the STARTS Aqua Motion Framework residency is presented at BB15.","bb15 ist ein unabhängiger artist-run-space und ein Kurator*innen-Kollektiv, das seit 2009 in der Linzer Kunstszene aktiv ist. Als offener Raum für Künstler*innen unterstützt bb15 experimentelle Ansätze und entwickelt Ausstellungen, Performances und kulturelle Veranstaltungen. Während des Festivals wird das Ergebnis der  STARTS Aqua Motion Residency präsentiert.",,bb15,bb15,SATELLITE LOCATIONS,"Hafnerstraße 4, 4020 Linz, Österreich",48.3004,14.28513,"Hafnerstraße 4, 4020 Linz",,,https://ars.electronica.art/negotiatinghumanity/en/view/bb15-39c38ddb450c80d4ae36e0dbe7864ee2/,https://bb15.at,https://www.instagram.com/bb15_artspace/,https://www.facebook.com/bb15.linz/,,39e38ddb450c8113ab44ce7765f7d1d1; 39e38ddb450c8161ae08e55f1c7b5b31,,,done,done,public,True,True,True
39c38ddb450c808eabf1c3c15c546411,39c38ddb450c808eabf1c3c15c546411,notion,Underground B1,Underground B1,Floor,,,,"University of Arts Linz, Hauptplatz 6 (East Building), Underground B1","Kunstuniversität Linz, Hauptplatz 6 (Ostgebäude), B1",DANUBE TRIANGLE,"Hauptplatz 6, 4020 Linz, Österreich",48.30676,14.28626,"Hauptplatz 6, 4020 Linz",,,https://ars.electronica.art/negotiatinghumanity/en/view/UniversityofArtsLinzHauptplatz6EastBuilding-34238ddb450c810fbf8bfa09747f1d27/,,,,,,34238ddb450c810fbf8bfa09747f1d27,,done,done,public,True,True,True
39c38ddb450c8017b232ca6f8129824e,39c38ddb450c8017b232ca6f8129824e,notion,First Floor,1OG,Floor,,,,"University of Arts Linz, Hauptplatz 8 (West Building), First Floor","Kunstuniversität Linz, Hauptplatz 8 (Westgebäude), 1G",DANUBE TRIANGLE,"Hauptplatz 8, 4020 Linz, Österreich",48.30655,14.28568,"Hauptplatz 8, 4020 Linz",,,https://ars.electronica.art/negotiatinghumanity/en/view/UniversityofArtsLinzHauptplatz8WestBuilding-34238ddb450c81c29974d55441962309/,,,,,,34238ddb450c81c29974d55441962309,,done,done,public,True,True,True
39c38ddb450c80688ac8fad12c39fce5,39c38ddb450c80688ac8fad12c39fce5,notion,Second Floor,2OG,Floor,,,,"University of Arts Linz, Hauptplatz 8 (West Building), Second Floor","Kunstuniversität Linz, Hauptplatz 8 (Westgebäude), 2G",DANUBE TRIANGLE,"Hauptplatz 8, 4020 Linz, Österreich",48.30655,14.28568,"Hauptplatz 8, 4020 Linz",,,https://ars.electronica.art/negotiatinghumanity/en/view/UniversityofArtsLinzHauptplatz8WestBuilding-34238ddb450c81c29974d55441962309/,,,,,,34238ddb450c81c29974d55441962309,,done,done,public,True,True,True
39c38ddb450c80a8903efa7aed422e38,39c38ddb450c80a8903efa7aed422e38,notion,Third Floor,3OG,Floor,,,,"University of Arts Linz, Hauptplatz 8 (West Building), Third Floor","Kunstuniversität Linz, Hauptplatz 8 (Westgebäude), 3G",DANUBE TRIANGLE,"Hauptplatz 8, 4020 Linz, Österreich",48.30655,14.28568,"Hauptplatz 8, 4020 Linz",,,https://ars.electronica.art/negotiatinghumanity/en/view/UniversityofArtsLinzHauptplatz8WestBuilding-34238ddb450c81c29974d55441962309/,,,,,37c38ddb450c81888ba3d3d2e972873b,34238ddb450c81c29974d55441962309,,done,done,public,True,True,True
39c38ddb450c807cb9adca8af947af3d,39c38ddb450c807cb9adca8af947af3d,notion,Fourth Floor,4OG,Floor,,,,"University of Arts Linz, Hauptplatz 8 (West Building), Fourth  Floor","Kunstuniversität Linz, Hauptplatz 8 (Westgebäude), 4G",DANUBE TRIANGLE,"Hauptplatz 8, 4020 Linz, Österreich",48.30655,14.28568,"Hauptplatz 8, 4020 Linz",,,https://ars.electronica.art/negotiatinghumanity/en/view/UniversityofArtsLinzHauptplatz8WestBuilding-34238ddb450c81c29974d55441962309/,,,,,,34238ddb450c81c29974d55441962309,,done,done,public,True,True,True
39c38ddb450c80be95b8cc3ad1e68139,39c38ddb450c80be95b8cc3ad1e68139,notion,Top Floor,5OG,Floor,,,,"University of Arts Linz, Hauptplatz 8 (West Building), Top Floor","Kunstuniversität Linz, Hauptplatz 8 (Westgebäude), 5G",DANUBE TRIANGLE,"Hauptplatz 8, 4020 Linz, Österreich",48.30655,14.28568,"Hauptplatz 8, 4020 Linz",,,https://ars.electronica.art/negotiatinghumanity/en/view/UniversityofArtsLinzHauptplatz8WestBuilding-34238ddb450c81c29974d55441962309/,,,,,,34238ddb450c81c29974d55441962309,,done,done,public,True,True,True
44fec0a58b3311bb72ccc71fe1319ace,44fec0a58b3311bb72ccc71fe1319ace,derived,Rooftop Lecture Hall (East),Hörsaal auf dem Dach (Ost),Floor,,,,"University of Arts Linz, Hauptplatz 6 (East Building), Top Floor","Kunstuniversität Linz, Hauptplatz 6 (Ostgebäude), 5G",DANUBE TRIANGLE,"Hauptplatz 6, 4020 Linz, Österreich",48.30676,14.28626,"Hauptplatz 6, 4020 Linz",,,https://ars.electronica.art/negotiatinghumanity/en/view/UniversityofArtsLinzHauptplatz6EastBuilding-34238ddb450c810fbf8bfa09747f1d27/,,,,,3ab38ddb450c8198a99dc0b104744b3c; 3a638ddb450c816496a2dc366302aef5,34238ddb450c810fbf8bfa09747f1d27,,done,done,public,True,True,True
39c38ddb450c80dea51cedff35a105c8,39c38ddb450c80dea51cedff35a105c8,notion,Courtyard Hauptplatz 6,Innenhof HP6,Outdoor,,,,"University of Arts Linz, Hauptplatz 6 (East Building), Courtyard","Kunstuniversität Linz, Hauptplatz 6 (Ostgebäude), Innenhof",DANUBE TRIANGLE,"Hauptplatz 6, 4020 Linz, Österreich",48.30678,14.28673,"Hauptplatz 6, 4020 Linz",,,https://ars.electronica.art/negotiatinghumanity/en/view/UniversityofArtsLinzHauptplatz6EastBuilding-34238ddb450c810fbf8bfa09747f1d27/,,,,,37c38ddb450c81cf964edc379a5dfea0; 7dc38ddb450c8337bd9081d2a9cd86ce; 72c38ddb450c83b1b1e3813a85e3eb9d; aea38ddb450c826ea7f5013984d156e3; 3f838ddb450c82dcad40011a7b1ef73a; 0f138ddb450c83a5b1ab01f689a9a87f; 47538ddb450c83cab97c01c15f363677; c3538ddb450c8307bb84016e74f77038; 38938ddb450c83ee9a2381d6861f2bc4; 9ec38ddb450c830983758128d78bd227; d7b38ddb450c8381b5fc811269022252; f5038ddb450c82cc85b0012032f48726; 83e38ddb450c8218ba6e81e66c2c7c95; 24b38ddb450c8256bd71011dc0e577a4; 9fd38ddb450c83ad8325013616163a15; 2ed38ddb450c8390964801c535f273fb; 79b38ddb450c83f59fb681e272410528; 84a38ddb450c836e87e6010c2284002e; a9338ddb450c8352822d81a707462bc4; 38f38ddb450c8159a221f08679717744; 38f38ddb450c81338dd9e69e3c840592; 38f38ddb450c8146989fde998476ed90; 38f38ddb450c8177ab38e4b1af292b05; 38f38ddb450c81d587b0f5630ab3fcca; 38f38ddb450c814c8b53ee81d0355c64,34238ddb450c810fbf8bfa09747f1d27,,done,done,public,True,True,True
67f8ee24355109faab345e16e313c64b,67f8ee24355109faab345e16e313c64b,derived,"University of Arts Linz, Domgasse 1","Kunstuniversität Linz, Domgasse 1",Building,,,,"University of Arts Linz, Domgasse 1","Kunstuniversität Linz, Domgasse 1",DANUBE TRIANGLE,"Domgasse 1, 4020 Linz, Österreich",48.30561,14.2888,"Domgasse 1, 4020 Linz",,,https://ars.electronica.art/negotiatinghumanity/en/view/UniversityofArtsLinzDomgasse1-39c38ddb450c805b833bf71f1bfdf71d/,https://www.kunstuni-linz.at,https://www.instagram.com/kunstunilinz/,https://www.facebook.com/KunstuniLinz/,https://www.linkedin.com/school/kunstunilinz/,37c38ddb450c8010bdeaeea85dcb3b2d; 37c38ddb450c815e9017fd302c869080; 37c38ddb450c81df976dce7ce3640280; 37c38ddb450c8186970fdc0e8cb09971; 37c38ddb450c81e8aacbd21a192d321b; 37c38ddb450c811889cffdfa224a7d06; 37c38ddb450c81f481b0cc04d666f02c; 37c38ddb450c81839a41cac22e78f6a1; 37c38ddb450c8143a02fdf4eac22dc47; 37c38ddb450c8158a7efd22b1bc79035; 37c38ddb450c81418133fca68eba71cb; 37c38ddb450c810cb355ca971dff8b33; 37c38ddb450c8141ae77cc60d79c7385; 38238ddb450c80f3859acdba4dc855d5; 37c38ddb450c81e08913f73575fd7ba7; 37c38ddb450c81df9964e9691121af59; 37c38ddb450c819ab00ece67e06da083; 37c38ddb450c81179adcd633a2ce3c79; 37c38ddb450c81c294f6ce4cdd9ccfdc; 37c38ddb450c819cb0f3dab71d34305d; db938ddb450c83c4ac538176bf4192dd,,3ab38ddb450c80719143d98564a1f762; 3ab38ddb450c807fb254c2158d569b5e,done,done,public,True,True,True
39f38ddb450c80ee8f24c7f61d4a5c4c,39f38ddb450c80ee8f24c7f61d4a5c4c,notion,Linz Diocesan Library,Diözesanbibliothek Linz,Room,,,,"Catholic Private University Linz, Linz Diocesan Library","Katholische Privat-Universität Linz, Diözesanbibliothek",OK QUARTER,"Bethlehemstraße 20, 4020 Linz, Österreich",48.30384,14.29144,"Bethlehemstraße 20, 4020 Linz",,,https://ars.electronica.art/negotiatinghumanity/en/view/CatholicPrivateUniversityLinz-36638ddb450c803bb505c06dadf7e9a1/,,,,,3a538ddb450c81fba4fef0567a849723; 39338ddb450c810ca82cc22747b9c0c2,36638ddb450c803bb505c06dadf7e9a1,,done,done,public,True,True,True
3a338ddb450c807090f2e802e87ab1ae,3a338ddb450c807090f2e802e87ab1ae,notion,Alley,Allee,Outdoor,,,,"Seminary Church, Alley","Priesterseminarkirche, Allee",OK QUARTER,"Harrachstraße 7, 4020 Linz, Österreich",48.30268,14.29275,"Harrachstraße 7, 4020 Linz",,,https://ars.electronica.art/negotiatinghumanity/en/view/SeminaryChurch-39838ddb450c8070b384f79807bba311/,,,,,38938ddb450c81449c72ced8f34d5e9a; 39738ddb450c81ef960bf6172d92f2aa,39838ddb450c8070b384f79807bba311,,done,done,public,True,True,True
3a338ddb450c80458fccd80715baf32b,3a338ddb450c80458fccd80715baf32b,notion,Courtyard,Innenhof,Outdoor,,,,"Catholic Private University Linz, Courtyard","Katholische Privat-Universität Linz, Innenhof",OK QUARTER,"Bethlehemstraße 20, 4020 Linz, Österreich",48.30338,14.29179,"Bethlehemstraße 20, 4020 Linz",,,https://ars.electronica.art/negotiatinghumanity/en/view/CatholicPrivateUniversityLinz-36638ddb450c803bb505c06dadf7e9a1/,,,,,3a638ddb450c813f80b9d442a695ce2d; 3a538ddb450c81539ebcfafd0173fea9; 3a538ddb450c81fb9082cea8161fdb76; 39038ddb450c81d190d4c17b9c5597ef,36638ddb450c803bb505c06dadf7e9a1,,done,done,public,True,True,True
3a438ddb450c8025acbcf7bc9663a06e,3a438ddb450c8025acbcf7bc9663a06e,notion,WE GUIDE YOU Meeting Point,WE GUIDE YOU Meeting Point,Outdoor,,,,"OK Platz, WE GUIDE YOU Meeting Point","OK Platz, WE GUIDE YOU Meeting Point",OK QUARTER,"OK Platz 1, 4020 Linz, Österreich",48.30231,14.29098,"OK Platz 1, 4020 Linz",,,https://ars.electronica.art/negotiatinghumanity/en/view/OKPlatz-34238ddb450c809ab5beeb28249c21e2/,,,,,3a538ddb450c815ab48dcf98c8f1f5bb; 19138ddb450c824ba1fc012899fb469a; 39c38ddb450c805ab52ddb607d9a503a; 39c38ddb450c80c295b7edef2533d8eb; ae438ddb450c83c1998981764e7f6f81; 3a038ddb450c81968a8adf47639794a6; 3a438ddb450c80b6bd73ce9df6780e40; 40838ddb450c82f0904c8102b2498028; 91438ddb450c83eca2140150915dd53b; d0f38ddb450c830db8b8816298fd921d; 39538ddb450c804cb40efcf4008dd0f2; 39538ddb450c804487b4d97d74b94fc8; 3a438ddb450c8033af88eee97df23cc3; 3ae38ddb450c8064a99fd5812df57c06,34238ddb450c809ab5beeb28249c21e2,,done,done,public,True,True,True
3ab38ddb450c80719143d98564a1f762,3ab38ddb450c80719143d98564a1f762,notion,Audimax,Audimax,Room,,,,"University of Arts Linz, Domgasse 1, Audimax","Kunstuniversität Linz, Domgasse 1, Audimax",DANUBE TRIANGLE,"Domgasse 1, 4020 Linz, Österreich",48.30561,14.2888,"Domgasse 1, 4020 Linz",,,https://ars.electronica.art/negotiatinghumanity/en/view/UniversityofArtsLinzDomgasse1-39c38ddb450c805b833bf71f1bfdf71d/,,,,,,39c38ddb450c805b833bf71f1bfdf71d,,done,done,public,True,True,True
875a6b56095d1638a42af7b4ded16589,875a6b56095d1638a42af7b4ded16589,derived,Courtyard,Hof,Outdoor,,,,"University of Arts Linz, Domgasse 1, Courtyard","Kunstuniversität Linz, Domgasse 1, Innenhof",DANUBE TRIANGLE,"Domgasse 1, 4020 Linz, Österreich",48.30576,14.28909,"Domgasse 1, 4020 Linz",,,https://ars.electronica.art/negotiatinghumanity/en/view/UniversityofArtsLinzDomgasse1-39c38ddb450c805b833bf71f1bfdf71d/,,,,,,39c38ddb450c805b833bf71f1bfdf71d,,done,done,public,True,True,True
3ac38ddb450c80a39a6ad035615adcd3,3ac38ddb450c80a39a6ad035615adcd3,notion,Linzerie,Linzerie,Building,,.,,Linzerie,Linzerie,SATELLITE LOCATIONS,"Landstraße 12, 4020 Linz, Österreich",48.30368,14.28832,"Landstraße 12, 4020 Linz",,,https://ars.electronica.art/negotiatinghumanity/en/view/Linzerie-3ac38ddb450c80a39a6ad035615adcd3/,https://www.linzerie.at,https://www.instagram.com/linzerie.at/,,,39638ddb450c81ecbf6dcfe0c08669b2,,,done,done,public,True,True,True
3ac38ddb450c8025906ded8a809b459d,3ac38ddb450c8025906ded8a809b459d,notion,Lecture Hall 1,,Room,,,,"Catholic Private University Linz, Lecture Hall 1","Katholische Privat-Universität Linz, Hörsaal 1",OK QUARTER,"Bethlehemstraße 20, 4020 Linz, Österreich",48.30384,14.29144,"Bethlehemstraße 20, 4020 Linz",,,https://ars.electronica.art/negotiatinghumanity/en/view/CatholicPrivateUniversityLinz-36638ddb450c803bb505c06dadf7e9a1/,,,,,39838ddb450c81b0931ee838bd5d6102,36638ddb450c803bb505c06dadf7e9a1,,done,done,public,True,True,True
3ac38ddb450c801bb854cb6f69840c29,3ac38ddb450c801bb854cb6f69840c29,notion,Lecture Hall 3,,Room,,,,"Catholic Private University Linz, Lecture Hall 3","Katholische Privat-Universität Linz, Hörsaal 3",OK QUARTER,"Bethlehemstraße 20, 4020 Linz, Österreich",48.30384,14.29144,"Bethlehemstraße 20, 4020 Linz",,,https://ars.electronica.art/negotiatinghumanity/en/view/CatholicPrivateUniversityLinz-36638ddb450c803bb505c06dadf7e9a1/,,,,,,36638ddb450c803bb505c06dadf7e9a1,,done,done,public,True,True,True
3ac38ddb450c804bb451f52839215896,3ac38ddb450c804bb451f52839215896,notion,Hauptplatz 11,Hauptplatz 11,Outdoor,,,,"Main Square Linz, Hauptplatz 11","Hauptplatz Linz, Hauptplatz 11",SATELLITE LOCATIONS,,,,,"Public performance on Friday, September 11, 2026.",Performance im öffentlichen Raum am FR 11. September 2026.,,,,,,3a238ddb450c8181b372cef14fb5fd53,34238ddb450c81ac8432eab6e4831002,,pending,pending,hidden,False,False,
3ac38ddb450c80f48582c7e4469f4d5f,3ac38ddb450c80f48582c7e4469f4d5f,notion,Equipment Storage,Equipment Storage,Room,,,,"BRG Fadingerstraße, Equipment Storage","BRG Fadingerstraße, Equipment Storage",OK QUARTER,"Fadingerstraße 4, 4020 Linz, Österreich",48.30435,14.2932,"Fadingerstraße 4, 4020 Linz",,,https://ars.electronica.art/negotiatinghumanity/en/view/BRGFadingerstrae-34238ddb450c80fabcabd7ebb8e8b6f8/,,,,,39838ddb450c81f7acccd7bd52ebd478,34238ddb450c80fabcabd7ebb8e8b6f8,,done,done,public,True,True,True
1929b2f4374eac5634aa1742c9ed07ed,1929b2f4374eac5634aa1742c9ed07ed,derived,Foyer,Foyer,Room,,,,"Francisco Carolinum, Level 0, Foyer","Francisco Carolinum, EG, Foyer",OK QUARTER,,,,"Museumstraße 14, 4020 Linz",,,https://ars.electronica.art/negotiatinghumanity/en/view/FranciscoCarolinumLinz-34238ddb450c81939959c300c9dcbf08/,,,,,3ac38ddb450c81f49c3cce9808b7590d,38338ddb450c80858577f6de6d16caea,,done,done,public,True,True,
3b138ddb450c803f8116c2d9fcad705c,3b138ddb450c803f8116c2d9fcad705c,notion,Meeting Point: Guided Tours & Workshops Desk,Treffpunkt: Führungen & Workshops Desk,Room,,,,"Ars Electronica Center, Level 0, Guided Tours & Workshops Desk","Ars Electronica Center, EG, Führungen & Workshops Desk",DANUBE TRIANGLE,"Ars-Electronica-Straße 1, 4040 Linz, Österreich",48.30962,14.28445,"Ars-Electronica-Straße 1, 4040 Linz",,,https://ars.electronica.art/negotiatinghumanity/en/view/ArsElectronicaCenter-34238ddb450c8161b52ecd1c41c405fa/,,,,,3a538ddb450c80c2a39be7d7fc616ec4; 57838ddb450c836199a1014a64eadb52; c3738ddb450c83379f3201d3aa0c858f; 37c38ddb450c80eb81ffe889890cceeb; 56638ddb450c830c9e7281cf5b59a977; 3a038ddb450c81a082addecc3a0f5031; 3a338ddb450c80698910f64de93e6eb5; cac38ddb450c8308900581cf0003eb4d; 3a338ddb450c8015916fddd390a45faf; 3a338ddb450c80d68298e184dddcad9c,34238ddb450c813a8aa6d570943c7a46,,done,done,public,True,True,True
3b838ddb450c80b8b3e2f45809fac0bb,3b838ddb450c80b8b3e2f45809fac0bb,notion,dieKUNSTSAMMLUNG,dieKUNSTSAMMLUNG,Room,,,,"Ursulinenhof Linz, dieKUNSTSAMMLUNG","Ursulinenhof Linz, dieKUNSTSAMMLUNG",OK QUARTER,"Landstraße 31, 4020 Linz, Österreich",48.30243,14.29032,"Landstraße 31, 4020 Linz",,,https://ars.electronica.art/negotiatinghumanity/en/view/UrsulinenhofLinz-34238ddb450c80558ba4f3d8d954ada3/,https://www.diekunstsammlung.at,,,,3ae38ddb450c801681f4f221826202f4,34238ddb450c80558ba4f3d8d954ada3,,done,done,public,True,True,True
3b838ddb450c80d79475da159333f576,3b838ddb450c80d79475da159333f576,notion,DIE KUNSTSCHAFFENDEN,DIE KUNSTSCHAFFENDEN,Room,,,,"Ursulinenhof Linz, DIE KUNSTSCHAFFENDEN","Ursulinenhof Linz, DIE KUNSTSCHAFFENDEN",OK QUARTER,"Landstraße 31, 4020 Linz, Österreich",48.30243,14.29032,"Landstraße 31, 4020 Linz",,,https://ars.electronica.art/negotiatinghumanity/en/view/UrsulinenhofLinz-34238ddb450c80558ba4f3d8d954ada3/,https://www.diekunstschaffenden.at,,,,3aa38ddb450c81b48fa2f3681fa17fc8,34238ddb450c80558ba4f3d8d954ada3,,done,done,public,True,True,True
3b838ddb450c80f085d2c208a8fcf7b6,3b838ddb450c80f085d2c208a8fcf7b6,notion,ZÜLOW Gruppe,ZÜLOW Gruppe,Room,,,,"Ursulinenhof Linz, ZÜLOW Gruppe","Ursulinenhof Linz, ZÜLOW Gruppe",OK QUARTER,"Landstraße 31, 4020 Linz, Österreich",48.30243,14.29032,"Landstraße 31, 4020 Linz",,,https://ars.electronica.art/negotiatinghumanity/en/view/UrsulinenhofLinz-34238ddb450c80558ba4f3d8d954ada3/,,,,,3a438ddb450c81fc8cc3c1523e2d1cd1,34238ddb450c80558ba4f3d8d954ada3,,done,done,public,True,True,True
3bb38ddb450c8048b251c19ffd45f823,3bb38ddb450c8048b251c19ffd45f823,notion,Priesterseminar,Priesterseminar,Building,,.,,Priesterseminar,Priesterseminar,OK QUARTER,"Harrachstraße 5, 4020 Linz, Österreich",48.30258,14.29172,"Harrachstraße 5, 4020 Linz",,,https://ars.electronica.art/negotiatinghumanity/en/view/Priesterseminar-3bb38ddb450c8048b251c19ffd45f823/,https://www.priester-werden.at/,,,,39238ddb450c81778e68f149a18a95f3; 38d38ddb450c81a2b031e5c2db6d7e50; 39738ddb450c80f2ae0ee1d0be79bdc5; 3a638ddb450c8018a53dcd7313f98207,,,done,done,public,True,True,True
3bb38ddb450c8079a0b3df24f92ffd20,3bb38ddb450c8079a0b3df24f92ffd20,notion,IT:U Digital City Studio Linz,IT:U Digital City Studio Linz,Building,"The Digital City Studio envisions a world where everyone can understand, critically assess and actively shape the digital transformations affecting society and the planet. Through inclusive, interactive learning and participatory storytelling, the initiative between IT:U and the City of Linz makes complex topics such as Artificial Intelligence, climate change, environmental sustainability and social media accessible and relevant to everyday life. The Digital City Studio’s mission is to foster digital literacy, ethical awareness, critical thinking and creative problem-solving, empowering people to use technology responsibly and build fairer, more inclusive and sustainable futures.","Das Digital City Studio verfolgt die Vision einer Welt, in der alle Menschen die digitalen Transformationen, die Gesellschaft und Planet betreffen, verstehen, kritisch einordnen und aktiv mitgestalten können. Durch inklusives, interaktives Lernen und partizipatives Storytelling macht die gemeinsame Initiative von IT:U und der Stadt Linz komplexe Themen wie Künstliche Intelligenz, Klimawandel, ökologische Nachhaltigkeit und Social Media zugänglich und alltagsrelevant. Die Mission des Digital City Studio ist es, digitale Kompetenz, ethisches Bewusstsein, kritisches Denken und kreative Problemlösungsfähigkeit zu fördern. So können Menschen Technologie verantwortungsvoll nutzen und gerechtere, inklusivere und nachhaltigere Zukünfte gestalten.",,IT:U Digital City Studio Linz,IT:U Digital City Studio Linz,DANUBE TRIANGLE,"Pfarrgasse 9, 4020 Linz, Österreich",48.30572,14.28795,"Pfarrgasse 9, 4020 Linz",,,https://ars.electronica.art/negotiatinghumanity/en/view/ITUDigitalCityStudioLinz-3bb38ddb450c8079a0b3df24f92ffd20/,https://it-u.at/de/digitalstadtstudio/,https://www.instagram.com/itu.austria/,https://www.facebook.com/profile.php?id=61558733545881,https://www.linkedin.com/company/interdisciplinary-transformation-university-austria/,3b438ddb450c81e6ae40dcb811744d8b; 3b538ddb450c815fa706c5e5677bf1fe; 3c938ddb450c818497d2cf790bed767e; 3c938ddb450c8166a785d92546995ff8; 3c938ddb450c816dad1ae9763533b9df,,,done,done,public,True,True,True
3bb38ddb450c80a58e24d50606e1efad,3bb38ddb450c80a58e24d50606e1efad,notion,Second Body Lab,Second Body Lab,Room,,,,"Ars Electronica Center, Level -1, Second Body Lab","Ars Electronica Center, UG -1, Second Body Lab",DANUBE TRIANGLE,,48.30962,14.28445,"Ars-Electronica-Straße 1, 4040 Linz",,,https://ars.electronica.art/negotiatinghumanity/en/view/ArsElectronicaCenter-34238ddb450c8161b52ecd1c41c405fa/,,,,,,34238ddb450c8189ae58cbe249716ce3,,done,done,public,True,True,True
3c338ddb450c801881bbd9ff6008b900,3c338ddb450c801881bbd9ff6008b900,notion,Hotel Schwarzer Bär,Hotel Schwarzer Bär,Building,,,,Hotel Schwarzer Bär,Hotel Schwarzer Bär,SATELLITE LOCATIONS,"Herrenstraße 11, 4020 Linz, Österreich",48.30275,14.28634,"Herrenstraße 11, 4020 Linz",,,https://ars.electronica.art/negotiatinghumanity/en/view/HotelSchwarzerBr-3c338ddb450c801881bbd9ff6008b900/,https://linz-hotel.at,,https://www.facebook.com/schwarzerbaer,,3ae38ddb450c811d949ccd0539e3d2a0,,,done,done,public,True,True,True
3c838ddb450c805e865cd5d9952a59ca,3c838ddb450c805e865cd5d9952a59ca,notion,Pressdesk,,,,,,,,,,,,,,,,,,,,,34238ddb450c809ab5beeb28249c21e2,,pending,pending,hidden,False,False,
3c838ddb450c80e78c61ee529590425a,3c838ddb450c80e78c61ee529590425a,notion,Interviewraum OK,Interviewraum OK,Room,,,,,,OK QUARTER,,,,,,,,,,,,,34238ddb450c81baaf9ddd0434c7205b,,pending,pending,hidden,False,False,
3cd38ddb450c8043b4e1d42cadd0eedf,3cd38ddb450c8043b4e1d42cadd0eedf,notion,Landhaus,Landhaus,Outdoor,,,,Landhaus,Landhaus,SATELLITE LOCATIONS,,48.30376,14.28559,"Promenade (Landhausbrücke), 4020 Linz",Meeting point for an event,Treffpunkt einer Veranstaltung,https://ars.electronica.art/negotiatinghumanity/en/view/Landhaus-3cd38ddb450c8043b4e1d42cadd0eedf/,,,,,3cb38ddb450c80ab9590c73e8593ee1e,,,done,done,public,True,True,True
3d038ddb450c80869719f2f69d7c17ec,3d038ddb450c80869719f2f69d7c17ec,notion,Grand Garage,Grand Garage,Room,,,,"Tabakfabrik, Grand Garage","Tabakfabrik, Grand Garage",SATELLITE LOCATIONS,"Peter-Behrens-Platz 6, 4020 Linz, Österreich",48.3125,14.29941,"Peter-Behrens-Platz 6, 4020 Linz",,,https://ars.electronica.art/negotiatinghumanity/en/view/Tabakfabrik-34238ddb450c81348aacc66dce96a484/,https://grandgarage.eu,https://www.instagram.com/grandgaragelinz/,https://www.facebook.com/grandgaragelinz,https://www.linkedin.com/company/grandgaragelinz/,3a438ddb450c80d2acdadd5ac59b75f7,34238ddb450c81348aacc66dce96a484,,done,done,public,True,True,True
cf54c5b4d51d58aad9cf7b067476e863,cf54c5b4d51d58aad9cf7b067476e863,derived,Bus stop toward Posthof,Bushaltestelle Richtung Posthof,Outdoor,"A free shuttle service will run between downtown Linz and the Posthof on FRI September 11, 2026. The ride takes about 15 minutes and will take you comfortably directly to the event and then back to downtown. The pick-up location is in front of the Park Inn by Radisson Linz (Hessenplatz).",Ein kostenloser Shuttle-Service verbindet am FR 11. September 2026 das Linzer Stadtzentrum mit dem Posthof. Die Fahrt dauert ca. 15 Minuten und bringt dich bequem direkt zur Veranstaltung und anschließend wieder zurück ins Stadtzentrum. Die Einstiegsstelle ist vor dem Hotel Park Inn by Radisson Linz (Hessenplatz).,,"Park Inn by Radisson Linz, Bus stop","Park Inn by Radisson Linz, Bushaltestelle",SATELLITE LOCATIONS,Park Inn by Radisson Linz,48.3002,14.2936,"Hessenplatz 16–18, 4020 Linz",https://ars.electronica.art/negotiatinghumanity/en/big-concert-night-info/#shuttlebus,https://ars.electronica.art/negotiatinghumanity/de/big-concert-night-info/#shuttlebus,https://ars.electronica.art/negotiatinghumanity/en/view/BusstoptowardPosthof-3d138ddb450c80db800fd3ef20ad1329/,https://ars.electronica.art/negotiatinghumanity/en/big-concert-night-info/#shuttlebus,,,,,,,done,done,public,True,True,True
